symbol,ex_date,ratio_new,ratio_old,factor,price_ratio,vol_gate_day,vol_gate_persist,price_dev
AACIW,2025-06-24,13,30,0.433333,0.433,1.1899,0.0707,0.00077
AACIW,2025-07-25,11,16,0.6875,0.688437,0.3323,0.3385,0.001363
AACT+,2025-03-10,29,20,1.45,1.447409,0.7826,1.6957,0.001789
AAON,2023-08-17,40,27,1.481481,1.487824,2.0251,1.6383,0.004272
ABEO,2022-07-05,1,22,0.045455,0.044665,0.2971,0.116,0.017522
ABNY,2025-12-02,1,5,0.2,0.200225,0.0103,0.1538,0.001123
ABP,2025-11-03,1,30,0.033333,0.033488,0.1303,0.0469,0.004627
ABTC,2026-07-06,1,14,0.071429,0.071793,0.263,0.3453,0.005085
ABTS,2025-03-10,1,14,0.071429,0.071038,0.9392,0.4423,0.005479
ACAHW,2022-05-19,19,30,0.633333,0.632941,0.4413,0.353,0.000619
ACB,2024-02-20,7,64,0.109375,0.108911,0.2066,0.3152,0.004255
ACET,2025-12-30,3,50,0.06,0.060603,0.1377,0.1113,0.010007
ACII,2025-09-26,13,32,0.40625,0.405318,1.3607,0.2145,0.002296
ACII+,2022-05-09,19,13,1.461538,1.462445,0.6667,2.0,0.00062
ACON,2024-01-04,3,40,0.075,0.074586,1.1512,0.6121,0.00554
ACON,2025-03-28,1,27,0.037037,0.037143,0.168,0.0788,0.002853
ACONW,2022-05-24,12,7,1.714286,1.711194,2.2417,0.8953,0.001805
ACONW,2022-06-14,19,32,0.59375,0.595238,0.5195,0.9101,0.002503
ACONW,2022-07-15,5,3,1.666667,1.666667,1.5248,1.2706,0.0
ACONW,2022-08-01,31,64,0.484375,0.485714,0.0018,0.7273,0.002761
ACOR,2023-06-05,1,17,0.058824,0.058824,0.1656,0.1566,0.0
ACRO+,2022-05-17,7,10,0.7,0.709062,0.5573,0.3997,0.012863
ACRO+,2022-09-14,5,11,0.454545,0.455373,1.7778,0.5556,0.00182
ACRS,2023-11-13,5,1,5.0,5.005263,29.031,5.3563,0.001052
ACRX,2022-10-26,2,31,0.064516,0.064463,0.6734,0.4702,0.000831
ACST,2023-07-10,2,11,0.181818,0.181185,2.4736,0.5692,0.00349
ACXP,2025-08-05,1,20,0.05,0.049658,0.1266,0.1293,0.006873
ACY,2022-01-10,17,4,4.25,4.235808,2.3393,2.7765,0.003345
ADAP,2024-10-31,20,29,0.689655,0.689901,0.7562,0.3827,0.000356
ADIL,2023-08-07,1,26,0.038462,0.038397,0.5027,0.454,0.001671
ADIL,2026-02-06,1,25,0.04,0.039474,0.7362,0.4149,0.013245
ADN,2024-05-14,1,30,0.033333,0.032857,0.2176,0.0423,0.014389
ADRA+,2022-05-12,10,7,1.428571,1.428232,1.0,1.0,0.000238
ADSEW,2023-08-03,25,16,1.5625,1.560303,0.9664,1.9898,0.001407
ADV,2026-03-27,3,70,0.042857,0.042656,0.1906,0.1844,0.004697
ADVM,2024-03-21,2,19,0.105263,0.105411,0.1504,0.1045,0.001404
ADXN,2023-10-23,1,20,0.05,0.050707,4.055,0.3284,0.014033
AEHAW,2022-05-10,23,16,1.4375,1.433478,1.1204,0.747,0.002802
AEHAW,2022-05-19,17,11,1.545455,1.546278,1.402,1.2,0.000533
AEHL,2023-09-18,7,65,0.107692,0.108433,0.6089,0.3217,0.006857
AEHL,2026-03-05,2,13,0.153846,0.153614,0.7384,0.5411,0.001507
AEHL,2026-08-10,2,29,0.068966,0.069283,1.7845,0.4334,0.004586
AEI,2022-12-28,1,20,0.05,0.050201,0.4024,0.1244,0.004005
AEMD,2023-10-05,3,26,0.115385,0.11523,0.7638,0.3018,0.001342
AEMD,2025-06-09,8,65,0.123077,0.123826,2.0466,0.7247,0.006066
AEMD,2025-10-20,3,31,0.096774,0.097121,0.2394,0.1793,0.003582
AEVA,2024-03-19,6,31,0.193548,0.196393,0.546,0.6943,0.014589
AEVAW,2026-01-13,7,10,0.7,0.700719,0.3454,0.7979,0.001026
AEY,2023-11-16,2,25,0.08,0.07934,0.8263,0.36,0.008285
AEZS,2022-07-21,1,23,0.043478,0.043553,0.3381,0.21,0.001716
AFAQW,2022-05-16,16,25,0.64,0.64,0.3689,0.3653,0.0
AFAQW,2022-05-24,2,3,0.666667,0.667071,0.5725,0.851,0.000606
AFMD,2024-03-11,3,29,0.103448,0.101997,0.3644,0.1661,0.014132
AFRIW,2024-06-14,6,17,0.352941,0.353108,0.7924,0.3069,0.000473
AFTR+,2023-06-02,2,3,0.666667,0.668667,0.939,0.4695,0.002996
AGBA,2024-10-02,25,13,1.923077,1.92437,2.1891,1.6588,0.000672
AGEN,2024-04-12,1,20,0.05,0.050223,0.2322,0.2842,0.004454
AGFY,2022-10-18,7,80,0.0875,0.087794,0.1516,0.2091,0.003359
AGFY,2023-07-05,1,20,0.05,0.049448,0.2377,0.1136,0.011111
AGFY,2024-10-08,1,14,0.071429,0.072698,1.2252,0.4252,0.017622
AGL,2026-03-31,1,26,0.038462,0.038226,0.1657,0.293,0.006145
AGLE,2023-09-08,1,23,0.043478,0.04443,2.7988,0.5313,0.021665
AGRI,2025-07-28,3,29,0.103448,0.10195,0.2309,0.332,0.01459
AGRX,2022-04-27,3,100,0.03,0.030164,0.1099,0.0513,0.005464
AGRX,2023-04-11,1,50,0.02,0.021739,0.6399,0.184,0.083361
AHI,2023-06-30,7,18,0.388889,0.388406,0.3291,0.2765,0.001243
AHT,2024-10-28,2,21,0.095238,0.09485,0.9133,0.1939,0.004083
AIBD,2026-07-15,1,10,0.1,0.098436,0.0969,0.0944,0.015763
AIFA,2026-06-12,5,32,0.15625,0.155844,0.5785,0.6304,0.002601
AIFU,2025-05-21,9,80,0.1125,0.113333,0.205,0.0618,0.00738
AIFU,2026-06-16,1,18,0.055556,0.054775,0.7006,0.3638,0.01415
AIHS,2022-04-06,1,9,0.111111,0.111063,1.7989,0.2904,0.000435
AIKI,2022-06-07,3,25,0.12,0.119005,1.5433,0.2109,0.00833
AIMD,2025-06-30,13,70,0.185714,0.185634,0.5178,0.2878,0.000431
AIMDW,2023-08-18,29,18,1.611111,1.61,1.7797,0.7262,0.00069
AIMDW,2025-01-13,17,12,1.416667,1.416667,1.2396,0.7538,0.0
AIMDW,2025-09-12,17,12,1.416667,1.416667,1.5346,1.2056,0.0
AIRE,2026-04-30,1,24,0.041667,0.041134,0.4594,0.2642,0.012866
AIRI,2022-10-18,7,65,0.107692,0.108258,8.2959,0.3799,0.005236
AIXI,2026-05-11,3,65,0.046154,0.046311,0.1142,0.0435,0.003409
AIYY,2025-12-02,1,10,0.1,0.099895,0.027,0.0719,0.001052
AKAN,2023-03-09,3,28,0.107143,0.106429,0.3257,0.1724,0.006689
AKAN,2026-04-13,16,65,0.246154,0.245659,0.8083,0.8011,0.002013
AKICW,2022-06-16,64,11,5.818182,5.81019,324.5481,1.0842,0.001375
AKTX,2023-08-17,2,35,0.057143,0.056848,1.1638,0.1387,0.005165
AKTX,2026-03-31,1,40,0.025,0.025549,0.0286,0.1186,0.021709
ALBT,2023-01-05,3,29,0.103448,0.104045,0.9866,0.5078,0.005751
ALBT,2024-10-28,2,31,0.064516,0.065125,0.9004,0.2037,0.009388
ALCYW,2025-10-28,2,3,0.666667,0.668195,0.6069,0.3448,0.00229
ALF,2024-08-01,1,80,0.0125,0.012517,0.0017,0.0025,0.001398
ALGS,2024-08-19,3,80,0.0375,0.037962,0.1798,0.0783,0.012248
ALIT,2026-07-01,1,21,0.047619,0.048422,0.285,0.0971,0.016711
ALLK,2021-12-22,17,2,8.5,8.439,86.0343,10.5959,0.007202
ALPP,2023-05-15,13,100,0.13,0.129683,0.3031,0.2629,0.002439
ALRN,2022-11-11,1,19,0.052632,0.051511,0.1101,0.1347,0.021516
ALSAR,2024-05-20,2,5,0.4,0.396736,0.0842,0.1754,0.008194
ALSAR,2024-05-24,11,30,0.366667,0.367062,0.0222,0.0421,0.001078
ALTM,2024-01-04,19,2,9.5,9.44697,150.6948,66.4501,0.005598
ALTS,2024-07-15,16,1,16.0,16.061224,255.64,206.12,0.003819
ALTUW,2022-05-27,29,17,1.705882,1.70396,0.8963,1.495,0.001127
ALUR,2025-01-03,1,24,0.041667,0.042202,0.3797,0.3734,0.012758
ALUR+,2024-02-28,11,16,0.6875,0.6875,0.8,0.4,0.0
ALVOW,2022-10-24,21,32,0.65625,0.66121,0.4892,0.3265,0.007529
ALVOW,2026-05-27,2,5,0.4,0.400533,0.0007,0.6509,0.001333
ALVR,2025-01-16,1,23,0.043478,0.043923,0.2301,0.1591,0.010175
ALZN,2023-10-31,1,14,0.071429,0.07125,0.7069,0.2089,0.002503
ALZN,2024-07-16,3,25,0.12,0.119088,0.7856,0.3611,0.007627
AMC,2023-08-24,1,10,0.1,0.10051,0.4451,0.4159,0.005089
AMCIW,2022-02-04,28,17,1.647059,1.645625,2.0921,0.8452,0.000871
AMCIW,2022-05-19,31,21,1.47619,1.47802,1.5556,0.6778,0.001239
AMCIW,2022-11-10,16,23,0.695652,0.695909,0.8644,0.4567,0.000369
AMCR,2026-01-15,1,5,0.2,0.19903,0.3342,0.5785,0.004861
AMDD,2026-07-15,3,29,0.103448,0.101927,0.525,0.2489,0.014811
AMDY,2025-12-08,1,5,0.2,0.199695,0.0876,0.0425,0.001527
AMIX,2026-06-24,1,20,0.05,0.049744,1.1753,0.3928,0.005141
AMOD,2026-06-15,1,40,0.025,0.025075,0.3727,0.2518,0.003014
AMPE,2023-09-12,1,20,0.05,0.04902,0.6536,0.3483,0.019803
AMPGW,2022-09-20,7,5,1.4,1.4025,1.8757,1.8028,0.001784
AMPGW,2023-01-18,7,10,0.7,0.70122,0.3259,1.0234,0.001741
AMPGW,2023-08-31,29,19,1.526316,1.526585,0.7782,0.8368,0.000176
AMPGW,2023-09-11,31,22,1.409091,1.407279,0.8368,0.8452,0.001287
AMPI+,2022-05-13,17,12,1.416667,1.415652,1.3899,1.7253,0.000716
AMPI+,2022-08-23,7,10,0.7,0.712758,0.8,0.6125,0.018062
AMPI+,2022-09-01,31,22,1.409091,1.408521,1.1667,1.9048,0.000404
AMPX+,2025-02-21,13,32,0.40625,0.405882,1.1407,0.3802,0.000905
AMRK,2022-06-07,2,1,2.0,1.970857,1.7797,1.2008,0.014679
AMRN,2025-04-11,1,21,0.047619,0.048739,0.1798,0.0641,0.023255
AMST,2023-02-22,1,12,0.083333,0.084025,0.3398,0.1547,0.008266
AMWL,2024-07-11,1,18,0.055556,0.054248,0.0804,0.0749,0.023811
AMZE,2025-06-13,1,24,0.041667,0.041332,0.5725,0.7523,0.008073
AMZN,2022-06-06,20,1,20.0,19.620563,19.4465,13.9596,0.019154
ANET,2021-11-18,4,1,4.0,3.978672,4.4288,3.759,0.005346
ANET,2024-12-04,4,1,4.0,3.991579,2.5876,3.3105,0.002107
ANGH,2025-08-04,3,31,0.096774,0.096742,0.1135,0.0353,0.000333
ANGI,2025-03-24,2,19,0.105263,0.104651,0.2391,0.2989,0.005831
ANPC,2022-11-04,1,50,0.02,0.0206,0.7047,0.2226,0.029559
ANY,2023-06-29,11,80,0.1375,0.137168,1.9838,0.2158,0.002416
ANY,2026-02-10,1,10,0.1,0.100059,1.0932,0.5388,0.000588
APCXW,2023-03-30,29,20,1.45,1.448276,1.0478,1.5744,0.00119
APCXW,2024-01-05,9,13,0.692308,0.693878,0.4268,0.508,0.002265
APCXW,2024-09-13,7,15,0.466667,0.466667,7.9117,0.128,0.0
APDN,2024-04-25,2,35,0.057143,0.056874,1.1993,0.6513,0.004724
APDN,2025-06-02,2,31,0.064516,0.063842,0.4283,0.2933,0.010507
APLZ,2026-06-03,13,64,0.203125,0.20316,0.0641,0.1964,0.000174
APM,2023-01-23,1,9,0.111111,0.111538,1.0718,0.5874,0.003839
APOP,2021-09-24,18,65,0.276923,0.276625,0.4464,0.9474,0.001076
APPX,2026-03-10,1,3,0.333333,0.332496,0.1746,0.132,0.002514
APRE,2023-02-14,4,65,0.061538,0.061161,0.6634,0.3959,0.006148
APRN,2023-06-08,3,35,0.085714,0.085235,0.4701,0.7776,0.005609
APTO,2023-06-06,2,29,0.068966,0.068254,0.3189,0.2983,0.010371
APTO,2025-02-26,2,65,0.030769,0.030752,0.0776,0.0201,0.000557
APVO,2024-03-06,1,40,0.025,0.024838,0.2543,0.6485,0.006497
APVO,2024-12-04,3,100,0.03,0.029774,0.1077,0.0623,0.007566
APVO,2025-05-27,1,21,0.047619,0.048619,0.2665,0.1337,0.020777
APVO,2025-12-30,3,50,0.06,0.060241,0.2366,0.2454,0.004008
AQB,2023-10-16,3,50,0.06,0.060501,0.3094,0.2569,0.008323
AQMS,2024-08-05,28,11,2.545455,2.533926,3.4039,3.042,0.004539
AQMS,2024-11-05,1,19,0.052632,0.05307,0.1341,0.118,0.008299
AQMS,2025-08-04,1,10,0.1,0.099923,0.2758,0.1649,0.00077
AQUNR,2022-10-25,19,1,19.0,19.0,0.074,1.1505,0.0
ARBB,2025-06-02,7,100,0.07,0.07,0.1508,0.1256,0.0
ARBEW,2022-09-23,20,29,0.689655,0.690141,0.6913,0.7692,0.000704
ARBEW,2023-08-28,25,17,1.470588,1.469754,1.3541,0.7323,0.000568
ARCX,2025-12-02,1,5,0.2,0.196769,0.2036,0.2024,0.016287
AREB,2025-10-03,1,16,0.0625,0.062309,0.5227,0.317,0.003059
AREB,2026-02-02,1,20,0.05,0.051145,1.4061,0.8999,0.022646
ARKB,2025-06-16,50,17,2.941176,2.942561,1.4172,2.2358,0.000471
ARQQ,2024-09-25,1,23,0.043478,0.043972,0.6456,0.3981,0.011289
ARQQW,2025-09-30,21,32,0.65625,0.658154,0.4342,0.9935,0.002897
ARR,2023-10-02,6,29,0.206897,0.205387,0.9815,0.4285,0.007322
ARTL,2025-06-13,9,50,0.18,0.180556,0.9393,0.3042,0.003082
ARTLW,2021-10-05,7,5,1.4,1.401981,0.718,1.1029,0.001414
ARVL,2023-04-14,1,50,0.02,0.020221,0.1098,0.1015,0.010969
ARVR,2022-06-23,32,65,0.492308,0.49489,3.6364,0.9091,0.005231
ASAQ+,2022-09-01,27,19,1.421053,1.423077,1.3143,0.7429,0.001423
ASBP,2026-05-11,1,35,0.028571,0.026868,0.0663,0.1152,0.061459
ASLN,2023-03-13,11,50,0.22,0.220969,0.1864,0.1783,0.004395
ASLN,2024-07-03,2,15,0.133333,0.13439,0.4266,0.1611,0.007896
ASMB,2024-02-12,3,35,0.085714,0.085811,0.0759,0.0526,0.001132
ASNS,2025-11-18,3,28,0.107143,0.10625,0.269,0.1515,0.008368
ASPAW,2022-07-27,7,10,0.7,0.715274,0.8628,1.0354,0.021586
ASPS,2025-05-28,3,22,0.136364,0.135274,0.2932,0.1477,0.008023
ASRT,2025-12-26,2,27,0.074074,0.073322,0.6312,0.762,0.010202
ASST,2026-02-06,1,20,0.05,0.050526,0.2005,0.1084,0.010471
ASTC,2022-12-05,3,80,0.0375,0.037624,0.1353,0.1177,0.003292
ASTR,2023-09-14,2,25,0.08,0.079778,0.4538,0.2461,0.002782
ATA+,2022-02-09,23,13,1.769231,1.771922,0.9886,1.4286,0.00152
ATA+,2022-02-18,32,21,1.52381,1.518481,0.8026,0.7384,0.003503
ATAX,2022-04-04,11,32,0.34375,0.344,0.2913,0.4047,0.000727
ATCH,2025-01-02,1,35,0.028571,0.02678,2.4123,0.5176,0.064734
ATER,2024-03-22,1,12,0.083333,0.083882,0.3838,0.1613,0.006557
ATHA,2025-09-18,1,10,0.1,0.1,0.3929,0.3472,0.0
ATHE,2023-01-09,2,19,0.105263,0.105543,0.5502,0.3226,0.00265
ATHX,2022-08-29,3,80,0.0375,0.037604,0.1411,0.0727,0.002758
ATIP,2023-06-15,1,40,0.025,0.023459,0.3967,0.1502,0.063614
ATMVR,2024-11-22,32,23,1.391304,1.390299,2.0379,1.4218,0.000723
ATMVR,2025-01-27,7,10,0.7,0.713258,0.9368,0.8421,0.018763
ATNF,2024-02-28,1,19,0.052632,0.053784,0.3988,0.2272,0.021656
ATNX,2023-02-15,1,20,0.05,0.050872,0.1541,0.1196,0.017291
ATOS,2026-02-02,2,29,0.068966,0.069369,0.2448,0.2781,0.005831
ATRA,2024-06-20,1,26,0.038462,0.038771,0.1371,0.1682,0.008008
ATXG,2023-06-30,3,29,0.103448,0.102769,11.0663,0.6863,0.006586
ATXG,2026-03-30,2,31,0.064516,0.065406,0.1505,0.1155,0.013699
ATXI,2024-04-26,1,70,0.014286,0.013767,0.2948,0.2246,0.03697
AUID,2023-07-10,1,8,0.125,0.125307,1.188,0.2087,0.00245
AUID,2023-08-21,17,11,1.545455,1.54359,0.9185,1.3505,0.001207
AUMN,2023-06-09,1,21,0.047619,0.047619,0.1997,0.0866,0.0
AURE,2026-02-19,3,31,0.096774,0.098131,0.147,0.6848,0.013921
AUUD,2024-02-27,1,24,0.041667,0.04204,0.2081,0.0865,0.008915
AUUD,2025-03-31,2,31,0.064516,0.064867,0.3361,0.2803,0.005428
AUUD,2026-04-01,9,70,0.128571,0.128142,1.1082,0.7061,0.003349
AUUDW,2022-05-17,16,23,0.695652,0.695652,0.4657,0.9825,0.0
AUVI,2023-05-31,6,31,0.193548,0.195722,0.1479,0.0914,0.011167
AVCT,2022-10-03,1,18,0.055556,0.056156,0.0786,0.038,0.010753
AVGO,2024-07-15,10,1,10.0,9.981863,6.2239,9.8127,0.001815
AVGR,2022-03-15,1,40,0.025,0.026619,1.2303,0.2923,0.062738
AVTE,2024-06-17,35,3,11.666667,11.690476,33.8285,6.7849,0.002039
AVTX,2022-07-08,2,25,0.08,0.080082,0.6061,0.1458,0.001026
AVX,2026-06-15,2,25,0.08,0.079486,0.2208,0.1297,0.006449
AVXX,2026-03-23,1,3,0.333333,0.335223,0.0808,0.0778,0.005652
AWH,2023-05-12,1,15,0.066667,0.067368,0.4283,0.2035,0.010471
AWP,2026-02-09,27,80,0.3375,0.336473,0.4813,0.5031,0.003049
AXDX,2023-07-12,3,29,0.103448,0.101851,2.2745,0.5917,0.015562
AXLA,2023-09-19,1,26,0.038462,0.038667,0.0175,0.026,0.005319
AXTU,2026-08-24,1,9,0.111111,0.111498,0.0456,0.043,0.003478
AYRO,2023-09-18,3,23,0.130435,0.13136,1.2062,0.45,0.007068
AYRO,2025-06-26,2,31,0.064516,0.065495,0.5959,0.5743,0.015062
AYTU,2023-01-06,1,21,0.047619,0.048027,0.446,0.2268,0.008539
AZI,2026-03-23,1,10,0.1,0.099967,0.2198,0.0399,0.000328
AZN,2026-02-02,32,65,0.492308,0.489474,0.2909,0.2535,0.005773
AZRX,2021-09-13,3,29,0.103448,0.102113,0.7677,0.5329,0.012995
AZTR,2024-07-01,1,26,0.038462,0.038112,0.1002,0.025,0.009132
AZUL,2026-06-01,1,28,0.035714,0.036359,0.0227,0.0285,0.017897
BACK,2023-09-08,3,80,0.0375,0.037931,1.5663,0.3451,0.011429
BAIG,2026-05-05,3,31,0.096774,0.09813,0.0791,0.0706,0.013909
BAOS,2022-05-25,7,20,0.35,0.349123,0.5902,0.3333,0.002509
BARK,2026-04-01,1,20,0.05,0.04938,0.1749,0.1756,0.012482
BBGI,2024-09-24,1,19,0.052632,0.051702,0.1802,0.2156,0.017817
BBIG,2023-05-11,1,22,0.045455,0.045246,0.1921,0.0954,0.004601
BBLG,2023-06-07,1,29,0.034483,0.034161,1.1634,0.5619,0.00936
BBLG,2023-12-20,3,25,0.12,0.121182,1.7523,0.4809,0.0098
BBLGW,2024-10-17,30,1,30.0,29.813253,0.0476,36.7619,0.006244
BBLGW,2024-10-21,16,3,5.333333,5.301205,38.6,26.1,0.006042
BBLGW,2025-12-17,10,7,1.428571,1.426624,1.2733,1.1133,0.001364
BBLGW,2026-01-02,10,7,1.428571,1.428571,1.7463,0.791,0.0
BBLGW,2026-05-14,17,28,0.607143,0.605303,0.4,0.8,0.003036
BBLN,2022-12-16,1,25,0.04,0.040757,0.6334,0.1483,0.018759
BBSI,2024-06-24,4,1,4.0,4.020105,6.1619,4.3493,0.005014
BBU,2022-03-15,23,16,1.4375,1.43684,2.0082,1.9023,0.000459
BCAB,2026-04-06,1,50,0.02,0.019954,0.1692,0.1236,0.002303
BCAN,2024-08-26,4,65,0.061538,0.060777,0.4711,0.2695,0.012449
BCDA,2024-05-30,7,100,0.07,0.069536,0.2109,0.1128,0.006646
BCLI,2024-10-01,1,14,0.071429,0.072254,0.2066,0.2488,0.011494
BCSAW,2024-04-26,31,64,0.484375,0.487496,1.6169,0.4133,0.006422
BCTX,2025-08-25,1,10,0.1,0.101439,1.2959,0.4821,0.014287
BDRX,2024-10-04,1,23,0.043478,0.043636,0.3394,0.1895,0.00363
BDRX,2025-07-31,11,100,0.11,0.10981,0.7396,0.1594,0.001728
BDSX,2025-09-15,1,20,0.05,0.049853,0.0663,0.0565,0.002938
BENF,2025-12-15,13,100,0.13,0.129645,1.3264,0.5821,0.002734
BERZ,2024-03-25,3,31,0.096774,0.097561,0.1566,0.0701,0.008097
BERZ,2026-02-24,1,20,0.05,0.049298,0.0347,0.0593,0.014144
BEST,2022-05-20,19,80,0.2375,0.237288,2.1847,0.3978,0.000892
BEST,2023-04-04,1,4,0.25,0.250556,0.9762,0.3013,0.00222
BETR,2024-08-19,1,50,0.02,0.01994,0.0476,0.0994,0.003011
BEZ,2026-06-03,1,10,0.1,0.098452,0.0247,0.018,0.015601
BFRI,2023-07-05,1,20,0.05,0.05,0.5855,0.0791,0.0
BFRIW,2022-12-30,3,2,1.5,1.499419,2.2832,1.0397,0.000388
BHACW,2022-03-11,23,14,1.642857,1.6425,0.7979,1.0638,0.000217
BHAT,2022-05-27,7,64,0.109375,0.10903,2.2874,0.1297,0.003161
BHG,2023-05-22,1,80,0.0125,0.012121,0.3977,0.2035,0.030772
BHIL,2024-07-19,3,100,0.03,0.029459,0.1121,0.0266,0.018213
BIAF,2025-09-19,1,31,0.032258,0.03276,0.1322,0.1205,0.01544
BIAF,2026-08-24,2,29,0.068966,0.069194,0.2639,0.1886,0.003313
BIAFW,2022-11-08,32,21,1.52381,1.520913,0.7679,1.6719,0.001903
BIAFW,2023-01-12,13,8,1.625,1.625,1.5208,1.278,0.0
BIMI,2022-02-03,2,9,0.222222,0.223356,4.2262,0.7726,0.00509
BIOL,2022-04-29,1,19,0.052632,0.051318,0.68,0.1662,0.025267
BIOR,2023-01-03,1,24,0.041667,0.041307,0.2322,0.2364,0.00867
BIOR,2024-10-18,7,65,0.107692,0.108481,2.9256,0.6052,0.007299
BIOTW,2022-01-26,13,9,1.444444,1.446018,1.5513,0.8199,0.001089
BIPC,2022-06-13,23,16,1.4375,1.438958,1.6859,1.6808,0.001014
BIRD,2024-09-05,1,19,0.052632,0.05131,0.4274,0.2623,0.025436
BITI,2024-11-07,1,5,0.2,0.196896,0.0426,0.5385,0.015641
BITS,2022-12-20,1,4,0.25,0.249231,0.044,0.2622,0.003082
BIVI,2024-08-06,1,9,0.111111,0.111157,0.4282,0.2597,0.00041
BIVI,2025-07-07,1,10,0.1,0.099182,0.6699,0.2525,0.008214
BIYA,2025-12-30,1,24,0.041667,0.041575,0.57,0.1816,0.002191
BJDX,2024-06-20,7,64,0.109375,0.109215,0.12,0.3709,0.001464
BJDX,2026-01-29,19,80,0.2375,0.236901,8.8677,0.968,0.002527
BKCH,2022-12-20,1,4,0.25,0.251488,0.1244,0.2214,0.005935
BKDT,2024-02-23,5,12,0.416667,0.417766,0.5464,0.2568,0.002634
BKKT,2024-04-29,1,24,0.041667,0.040992,0.1256,0.3283,0.016314
BKKT+,2024-07-12,21,32,0.65625,0.65625,0.9547,0.7733,0.0
BKLC,2026-07-20,3,1,3.0,2.986268,3.3185,2.2615,0.004588
BKMC,2026-07-21,3,1,3.0,3.003482,3.2,1.376,0.00116
BKNG,2026-04-06,25,1,25.0,25.251506,27.7439,23.6349,0.01001
BKSY,2024-09-09,4,29,0.137931,0.137781,0.5294,0.4906,0.001086
BKSY+,2025-02-25,17,25,0.68,0.679288,0.9162,0.8827,0.001048
BKT,2022-10-18,1,3,0.333333,0.332494,0.0185,0.5454,0.002522
BKTI,2023-04-24,7,30,0.233333,0.232694,2.9274,0.6414,0.002744
BKYI,2023-12-21,1,17,0.058824,0.058366,0.4147,0.1075,0.007813
BKYI,2026-04-30,1,8,0.125,0.126667,1.2107,0.2383,0.013245
BKYI,2026-07-08,12,25,0.48,0.479624,4.1708,0.2926,0.000784
BLEUW,2022-05-10,32,19,1.684211,1.6796,1.375,1.5,0.002741
BLEUW,2022-05-16,32,21,1.52381,1.515152,1.1685,0.779,0.005698
BLEUW,2022-06-01,16,11,1.454545,1.456875,1.4918,1.8673,0.0016
BLPH,2023-06-05,5,1,5.0,4.971831,96.0433,12.6049,0.00565
BLRX,2025-01-30,1,40,0.025,0.023587,0.132,0.0429,0.058182
BLUE,2024-12-13,1,21,0.047619,0.048062,0.1386,0.2967,0.009259
BMGL,2026-06-22,3,35,0.085714,0.084749,0.2412,0.1153,0.011322
BMNG,2026-05-05,1,20,0.05,0.048804,0.0329,0.0398,0.024214
BMNU,2026-07-13,3,29,0.103448,0.101853,0.2374,0.3707,0.015543
BMRA,2025-04-21,2,15,0.133333,0.133144,0.2179,0.3286,0.001417
BN,2025-10-10,28,19,1.473684,1.474348,1.623,1.4895,0.00045
BNAI,2025-12-12,3,29,0.103448,0.103613,0.1008,0.2895,0.001592
BNAIW,2024-07-29,32,17,1.882353,1.882353,2.3513,1.7863,0.0
BNDD,2025-09-12,3,25,0.12,0.120556,1.07,0.1,0.004623
BNGO,2023-08-07,2,19,0.105263,0.105242,0.2789,0.4207,0.0002
BNGO,2025-01-27,1,64,0.015625,0.01756,0.1527,0.0766,0.116768
BNIXR,2024-07-22,16,11,1.454545,1.454545,1.1564,0.6657,0.0
BNIXW,2022-03-16,23,16,1.4375,1.434244,1.8357,1.7483,0.002267
BNKD,2024-04-29,13,64,0.203125,0.203352,0.0018,0.1537,0.001119
BNKK,2025-12-11,1,28,0.035714,0.036336,0.1498,0.0747,0.017267
BNR,2024-05-15,3,31,0.096774,0.096089,0.1641,0.2777,0.007105
BNRG,2023-12-04,7,64,0.109375,0.109655,1.0782,0.1814,0.002558
BNRG,2025-06-20,5,26,0.192308,0.19204,1.0129,0.2373,0.001393
BNTC,2023-07-26,1,17,0.058824,0.058989,22.6111,0.3685,0.002805
BNZI,2025-07-08,3,29,0.103448,0.101916,0.6469,0.3979,0.014926
BNZI,2026-05-08,1,21,0.047619,0.048666,0.2164,0.2105,0.02174
BOAC+,2023-03-06,7,10,0.7,0.711239,0.5,0.75,0.015928
BODY,2023-11-22,1,40,0.025,0.025423,2.1355,0.1142,0.016795
BOIL,2023-06-23,1,19,0.052632,0.051587,0.2131,0.1088,0.020053
BOIL,2024-11-07,13,64,0.203125,0.202199,0.2274,0.1991,0.004569
BOIL,2026-05-28,1,2,0.5,0.5,0.7009,0.2924,0.0
BOLT,2025-06-09,1,20,0.05,0.049135,0.1588,0.1434,0.017456
BON,2024-04-11,3,25,0.12,0.121277,1.775,0.8231,0.010587
BOXL,2023-06-15,9,70,0.128571,0.126792,0.7096,0.3993,0.013939
BOXL,2025-02-18,3,17,0.176471,0.176,0.8585,0.4755,0.00267
BPTS,2023-03-30,8,65,0.123077,0.121988,2.4597,0.0783,0.008887
BQ,2023-08-21,6,23,0.26087,0.260784,1.6521,0.2961,0.000327
BQ,2025-01-21,4,35,0.114286,0.113897,3.6158,0.9759,0.003407
BRACR,2023-01-19,13,32,0.40625,0.404,2.1608,0.7525,0.005554
BRAI,2026-04-29,11,4,2.75,2.747017,4.1353,2.702,0.001085
BRCC,2026-08-24,3,29,0.103448,0.102545,0.8586,0.3564,0.008774
BRDS,2023-05-19,1,28,0.035714,0.035966,0.5237,0.1357,0.00701
BREA,2025-06-26,3,29,0.103448,0.10337,0.3081,0.0662,0.000753
BREZR,2026-06-11,7,24,0.291667,0.291667,26.7324,0.1255,0.0
BREZW,2023-06-13,2,3,0.666667,0.670496,0.8741,0.7966,0.005727
BREZW,2023-10-30,7,10,0.7,0.7,1.0741,1.037,0.0
BREZW,2024-01-04,11,7,1.571429,1.572327,1.0149,0.8048,0.000572
BRKHW,2026-07-14,9,25,0.36,0.36,0.9258,0.0665,0.0
BRKL,2026-07-09,23,50,0.46,0.460192,0.0,0.0013,0.000417
BRLIR,2023-03-06,29,18,1.611111,1.605622,1.2429,1.3571,0.003413
BRNS,2024-04-19,13,21,0.619048,0.617647,0.2992,0.303,0.002265
BRQS,2022-06-27,1,12,0.083333,0.084491,0.2251,0.1759,0.013797
BRSH,2023-08-01,1,23,0.043478,0.043608,1.2966,0.7024,0.002973
BRSHW,2022-10-06,7,23,0.304348,0.30303,0.0028,0.0083,0.004338
BRSHW,2022-10-12,5,19,0.263158,0.264375,0.2526,0.4211,0.004614
BSAQ+,2023-06-26,13,8,1.625,1.621622,2.0,0.914,0.002081
BSGM,2024-02-02,2,19,0.105263,0.105634,0.5176,0.6316,0.003515
BSLK,2025-04-22,1,20,0.05,0.050598,2.3863,0.3324,0.011881
BTAI,2025-02-10,1,15,0.066667,0.066667,0.1536,0.0914,0.0
BTB,2022-12-15,1,14,0.071429,0.071429,0.135,0.1175,0.0
BTC,2024-11-20,6,31,0.193548,0.194889,0.023,0.0621,0.006902
BTCM,2022-12-23,3,29,0.103448,0.102595,0.5196,0.2384,0.008286
BTCY,2023-07-03,13,80,0.1625,0.162028,0.4578,0.4732,0.00291
BTF,2026-01-26,6,29,0.206897,0.205458,0.2671,0.3912,0.006977
BTFL,2026-03-20,12,23,0.521739,0.520879,0.4797,0.5912,0.00165
BTM,2026-02-23,3,20,0.15,0.149382,0.4675,0.3582,0.004126
BTMDW,2022-11-11,22,15,1.466667,1.466459,0.9065,1.0803,0.000142
BTMDW,2022-12-01,2,3,0.666667,0.66474,1.0105,0.5398,0.002894
BTTR,2024-03-21,1,31,0.032258,0.031903,0.0465,0.0943,0.011071
BTX,2025-02-20,2,65,0.030769,0.03096,0.397,0.7283,0.006173
BULG,2026-04-24,1,19,0.052632,0.051508,0.061,0.0288,0.02157
BULZ,2022-10-31,1,10,0.1,0.100596,0.045,0.0929,0.005941
BULZ,2026-02-24,10,1,10.0,9.989562,6.9428,5.5785,0.001044
BVC,2026-01-05,1,10,0.1,0.099766,1.2886,0.0939,0.002341
BVXV,2022-11-25,1,9,0.111111,0.111741,1.8498,0.6137,0.005655
BWAQR,2022-07-12,12,25,0.48,0.480192,3.3333,0.2222,0.0004
BWAY,2026-03-04,2,1,2.0,1.996555,2.2922,1.6384,0.001724
BWCAW,2022-11-28,27,19,1.421053,1.424107,1.7292,1.6295,0.002147
BWET,2024-09-23,13,27,0.481481,0.481208,0.4179,0.2687,0.000568
BXRX,2022-02-16,1,25,0.04,0.040359,0.9027,0.3064,0.008929
BXRX,2022-12-01,1,50,0.02,0.021716,0.9217,0.6004,0.08233
BYAH,2026-08-06,9,70,0.128571,0.127868,32.698,0.8176,0.005484
BYN+,2023-10-06,19,13,1.461538,1.459293,0.6623,1.6556,0.001537
BYND,2026-08-14,1,31,0.032258,0.032589,0.2315,0.2151,0.010211
BZFDW,2022-10-06,2,3,0.666667,0.669835,0.4516,0.8172,0.004741
BZQ,2025-11-20,32,65,0.492308,0.492429,0.2137,0.098,0.000246
BZQ,2026-05-28,32,65,0.492308,0.490951,0.0373,0.0358,0.002759
CALA,2022-06-15,2,29,0.068966,0.069307,0.2561,0.1889,0.004944
CAMP,2024-02-02,1,20,0.05,0.051193,0.2197,0.9435,0.023573
CAMP,2024-10-11,1,32,0.03125,0.031272,4.6756,0.4076,0.000717
CANF,2023-01-09,6,65,0.092308,0.092853,0.0339,0.716,0.005886
CANF,2026-01-05,1,21,0.047619,0.048286,0.0683,0.0476,0.013903
CANG,2025-11-17,17,11,1.545455,1.547619,1.1817,1.632,0.0014
CANG,2026-07-21,3,29,0.103448,0.101771,0.826,0.2762,0.016342
CANO,2023-11-03,1,80,0.0125,0.012,0.2605,0.1733,0.040822
CARA,2024-12-31,1,11,0.090909,0.091026,0.1408,0.0636,0.001281
CARD,2024-03-27,32,19,1.684211,1.682596,1.3333,2.0,0.000959
CAS,2025-01-22,11,28,0.392857,0.393987,16.1034,0.0544,0.002871
CASI,2022-06-02,1,10,0.1,0.101149,1.5957,0.3753,0.011429
CATX,2024-06-17,1,10,0.1,0.098901,0.3964,0.3253,0.01105
CBIO,2025-06-16,1,31,0.032258,0.03208,0.1048,0.105,0.005546
CCAIW,2022-06-14,3,8,0.375,0.376607,0.6922,0.2687,0.004276
CCG,2026-07-20,1,35,0.028571,0.028725,0.0986,0.1346,0.005358
CCHH,2026-07-13,7,65,0.107692,0.107955,4.0631,0.6061,0.002432
CCNC,2022-11-09,1,28,0.035714,0.036046,0.3853,0.1283,0.009238
CCUP,2026-08-24,3,29,0.103448,0.101824,0.0181,0.0089,0.015829
CDIO,2025-05-13,1,31,0.032258,0.03277,0.3118,0.4129,0.015732
CDLX,2026-06-08,3,29,0.103448,0.102007,1.7934,0.7039,0.014033
CDT,2025-05-20,1,14,0.071429,0.071154,0.235,0.2692,0.003854
CDT,2025-10-13,7,64,0.109375,0.10875,0.1737,0.1368,0.005731
CDT,2026-07-20,3,29,0.103448,0.10303,0.5581,0.2798,0.004049
CDTX,2024-04-24,1,19,0.052632,0.053659,0.6043,0.3391,0.019324
CEAD,2024-06-07,7,80,0.0875,0.088076,1.9954,0.2506,0.00656
CELH,2023-11-15,50,17,2.941176,2.940026,3.3653,2.2068,0.000391
CELU,2024-02-29,1,10,0.1,0.100286,0.8095,0.5095,0.002853
CENN,2023-12-08,7,64,0.109375,0.108784,0.3566,0.1778,0.00542
CETUR,2023-06-28,40,27,1.481481,1.4885,1.1957,2.1739,0.004726
CETX,2023-01-25,3,100,0.03,0.029907,0.4367,0.8976,0.00312
CETX,2024-11-26,1,35,0.028571,0.027358,0.6516,0.4062,0.04338
CETX,2025-09-29,1,15,0.066667,0.066416,0.6868,0.1836,0.003761
CETX,2026-06-05,2,19,0.105263,0.105949,1.8382,0.5376,0.006496
CETY,2025-10-06,2,25,0.08,0.079602,0.4376,0.2699,0.00499
CGC,2023-12-20,1,10,0.1,0.1006,0.2231,0.2891,0.005982
CGTL,2026-07-07,1,14,0.071429,0.071353,0.124,0.1203,0.001065
CHDN,2023-05-22,2,1,2.0,1.992455,2.1522,1.9059,0.00378
CHIR,2022-12-20,11,35,0.314286,0.314027,0.0017,0.1681,0.000824
CHNR,2023-04-03,19,80,0.2375,0.236805,13.5366,0.5427,0.002933
CHPT,2025-07-28,2,31,0.064516,0.065481,0.556,0.2868,0.014841
CHR,2023-11-27,1,10,0.1,0.09867,0.2916,0.1036,0.013387
CIEX,2026-08-04,7,11,0.636364,0.63569,0.8439,0.8945,0.001059
CIGL,2026-07-21,70,19,3.684211,3.685185,5.5966,1.8895,0.000265
CIIGW,2022-04-26,17,12,1.416667,1.418069,0.854,1.8804,0.000989
CIIGW,2022-05-18,3,2,1.5,1.50375,0.9311,1.9863,0.002497
CIIT,2026-03-20,1,7,0.142857,0.141765,0.7315,0.1519,0.007676
CIIT,2026-07-20,3,31,0.096774,0.096552,0.2342,0.418,0.002301
CIM,2024-05-22,12,35,0.342857,0.341511,0.7122,0.8556,0.003934
CIRC,2026-07-02,50,1,50.0,53.56701,8520.0656,6715.4426,0.06891
CISS,2025-01-02,25,64,0.390625,0.390699,1.4739,0.9904,0.00019
CISS,2026-04-27,9,64,0.140625,0.141724,1.1411,0.9548,0.007786
CJET,2024-07-08,1,25,0.04,0.039295,0.3759,0.2544,0.017772
CJJD,2024-03-01,4,65,0.061538,0.061374,0.2093,0.2087,0.002675
CKPT,2022-12-06,1,10,0.1,0.101215,1.3948,0.3616,0.012073
CLBR+,2023-05-02,32,23,1.391304,1.395,1.632,1.6,0.002653
CLBR+,2024-01-22,15,22,0.681818,0.682286,0.4051,0.8987,0.000685
CLBR+,2024-09-13,32,23,1.391304,1.392036,1.0,1.0,0.000526
CLDI,2024-07-15,2,19,0.105263,0.105762,0.2801,0.4234,0.004724
CLDI,2025-08-05,3,35,0.085714,0.085881,0.2745,0.1778,0.001939
CLEU,2024-01-19,1,11,0.090909,0.091351,0.2948,0.503,0.004853
CLIK,2025-10-10,1,28,0.035714,0.036103,0.2522,0.2799,0.010831
CLIM,2026-03-13,13,32,0.40625,0.405253,3.1008,0.124,0.002458
CLIP,2024-06-17,1,4,0.25,0.25005,0.033,0.1005,0.000199
CLIR,2026-03-16,3,28,0.107143,0.106538,0.0913,0.18,0.005666
CLMB,2026-03-23,4,1,4.0,4.018839,4.8175,2.7593,0.004699
CLNN,2024-07-11,1,18,0.055556,0.054669,1.0346,0.1803,0.016082
CLRB,2022-07-22,6,65,0.092308,0.092593,2.6438,0.312,0.003082
CLRB,2025-06-24,1,28,0.035714,0.036345,0.0636,0.1469,0.017499
CLRO,2025-06-10,5,64,0.078125,0.078306,0.4271,0.167,0.002314
CLSD,2025-09-15,7,65,0.107692,0.107993,0.6273,0.196,0.002789
CLSN,2022-03-01,2,27,0.074074,0.073009,1.304,0.3973,0.014485
CLVR,2023-08-25,1,27,0.037037,0.036667,0.5167,0.2587,0.01005
CLXT,2023-04-25,3,29,0.103448,0.102532,0.6074,0.4343,0.008896
CM,2022-05-16,2,1,2.0,1.992495,1.915,2.1628,0.003759
CMAX,2024-02-01,1,26,0.038462,0.038791,0.3432,0.2853,0.008532
CMCAW,2022-05-04,7,5,1.4,1.402778,0.656,1.558,0.001982
CMCT,2025-01-06,6,65,0.092308,0.092391,0.2769,0.138,0.000905
CMCT,2025-04-15,1,26,0.038462,0.039218,0.1732,0.2586,0.019466
CMCT,2026-04-20,3,31,0.096774,0.096203,0.0707,0.0908,0.005919
CMG,2024-06-26,50,1,50.0,50.378321,52.8372,39.5494,0.007538
CMND,2026-05-21,2,19,0.105263,0.105584,0.707,0.446,0.003047
CMPOW,2023-12-01,14,9,1.555556,1.553819,0.8057,0.8162,0.001117
CNBS,2025-02-21,1,12,0.083333,0.084286,0.0067,0.1443,0.011364
CNCKW,2025-05-19,7,10,0.7,0.717391,0.5873,0.4302,0.024541
CNET,2023-01-20,2,9,0.222222,0.222772,1.6326,0.1723,0.002472
CNEY,2025-05-19,1,25,0.04,0.040112,0.1012,0.0241,0.002795
CNF,2023-11-08,19,29,0.655172,0.654545,0.4039,0.3902,0.000957
CNF,2025-09-05,3,29,0.103448,0.103491,15.9614,0.5506,0.000417
CNQ,2024-06-11,31,16,1.9375,1.948612,2.2183,2.8867,0.005719
CNR,2025-01-15,1,4,0.25,0.248889,0.5099,0.8553,0.004454
CNSP,2024-06-05,1,50,0.02,0.022121,0.4094,0.1133,0.100805
CNSP,2025-07-22,3,35,0.085714,0.084922,1.276,0.5304,0.00929
CNTQW,2022-08-23,7,10,0.7,0.714286,0.49,0.8047,0.020203
CNXA,2023-09-25,1,35,0.028571,0.027814,0.0258,0.0332,0.026852
COCP,2022-10-11,6,65,0.092308,0.092469,1.1851,0.3189,0.001742
CODX,2026-01-02,1,30,0.033333,0.033386,0.0674,0.0625,0.001583
COE,2022-12-15,17,65,0.261538,0.261725,1.6627,0.4379,0.000712
COEP,2024-12-31,1,19,0.052632,0.053448,1.6618,0.3186,0.015398
COHR,2022-09-08,80,13,6.153846,6.17123,1.5647,3.0089,0.002821
COKE,2025-05-27,19,2,9.5,9.524917,13.8455,12.6701,0.002619
COLAR,2025-05-28,16,35,0.457143,0.457429,0.0036,0.0088,0.000625
COLAR,2026-08-24,17,80,0.2125,0.212766,32.5651,0.4176,0.001251
CONI,2025-08-15,1,20,0.05,0.050061,0.0355,0.0638,0.001215
CONY,2025-12-02,1,10,0.1,0.10059,0.1792,0.0553,0.005887
COOK,2026-03-18,1,50,0.02,0.021212,0.0896,0.0553,0.058841
COOL,2024-03-01,32,21,1.52381,1.519563,1.0,1.18,0.002791
CORS+,2022-12-30,10,29,0.344828,0.345185,0.1073,0.2114,0.001035
CORZW,2026-03-31,31,22,1.409091,1.41,1.0256,0.8901,0.000645
COSM,2022-12-16,1,24,0.041667,0.0411,4.932,0.3644,0.013693
COYY,2026-06-02,9,50,0.18,0.180218,0.6803,0.415,0.001208
CPHC,2024-04-05,14,9,1.555556,1.55693,1.1576,0.9854,0.000883
CPHI,2025-04-15,3,35,0.085714,0.085302,4.5394,0.8806,0.004821
CPRT,2022-11-04,50,27,1.851852,1.851568,1.7984,2.3961,0.000154
CPRT,2023-08-22,2,1,2.0,1.978266,2.208,2.0495,0.010927
CPSR,2025-03-03,13,40,0.325,0.325084,0.0617,0.0071,0.000258
CPTN,2023-09-22,3,29,0.103448,0.102057,0.118,0.0772,0.013545
CRBP,2023-02-14,1,31,0.032258,0.032787,0.3586,0.0865,0.016261
CRCA,2026-02-26,3,32,0.09375,0.094386,0.1503,0.1455,0.006758
CRCG,2026-05-05,1,10,0.1,0.099194,0.2036,0.1885,0.008089
CRDU,2026-03-10,23,70,0.328571,0.328542,0.0729,0.1347,8.9e-05
CRE,2026-02-13,9,80,0.1125,0.113,0.3961,0.4882,0.004435
CRECW,2022-06-08,32,65,0.492308,0.492611,0.6395,0.8163,0.000616
CREG,2025-07-18,2,19,0.105263,0.104468,1.5225,0.1467,0.007582
CREG,2026-06-16,6,65,0.092308,0.092857,1.5527,0.7002,0.005935
CREX,2023-03-27,5,14,0.357143,0.356811,0.6003,0.2301,0.00093
CRGOW,2023-06-26,31,70,0.442857,0.443143,1.1068,0.1594,0.000645
CRIS,2023-09-29,1,19,0.052632,0.052656,0.6117,0.1759,0.000465
CRIS,2026-07-06,1,17,0.058824,0.058317,0.0953,0.0753,0.008651
CRMX,2026-03-10,21,64,0.328125,0.32786,0.9055,0.188,0.000809
CRSH,2025-12-02,1,10,0.1,0.100504,0.0047,0.0244,0.005031
CRVL,2024-12-26,13,5,2.6,2.597015,2.5168,2.0992,0.001149
CRWD,2026-07-02,31,8,3.875,3.870549,2.9417,2.6052,0.001149
CRWG,2026-05-05,1,10,0.1,0.100344,0.0368,0.1084,0.003436
CRWU,2026-08-24,3,28,0.107143,0.106245,0.0075,0.0049,0.008418
CRZNW,2021-12-07,13,9,1.444444,1.442857,1.1133,1.5833,0.0011
CSAI,2026-07-31,1,28,0.035714,0.03598,0.1014,0.4184,0.007405
CSPI,2024-03-21,25,13,1.923077,1.921088,1.9513,1.1436,0.001035
CSSEP,2024-03-19,3,2,1.5,1.511628,1.2608,1.1348,0.007722
CSTA+,2022-05-10,65,32,2.03125,2.038204,2.0997,1.8373,0.003418
CTAS,2024-09-12,4,1,4.0,3.99165,3.8923,3.2146,0.00209
CTCX,2023-11-27,25,16,1.5625,1.56229,1.3326,1.2592,0.000135
CTHR,2024-05-17,1,10,0.1,0.098667,0.7739,0.3293,0.013423
CTK,2022-05-09,2,21,0.095238,0.094876,1.1456,0.0887,0.003809
CTNT,2024-10-24,1,15,0.066667,0.067276,0.4584,0.2256,0.009096
CTOS+,2022-05-03,29,20,1.45,1.447368,2.0,1.0,0.001817
CTOS+,2022-07-19,7,11,0.636364,0.636667,0.3012,0.3042,0.000476
CTOS+,2022-08-09,17,28,0.607143,0.605969,0.3042,0.3012,0.001936
CTOS+,2023-08-30,30,17,1.764706,1.763,1.8667,2.632,0.000967
CTRM,2024-03-27,3,29,0.103448,0.102041,1.0454,0.3655,0.013699
CTXR,2024-11-26,1,25,0.04,0.039658,0.5286,0.07,0.008584
CUBWW,2026-03-31,10,7,1.428571,1.427552,1.2286,1.4822,0.000714
CUE,2026-04-24,1,30,0.033333,0.033103,0.0704,0.2655,0.006939
CUEN,2023-03-24,2,25,0.08,0.080769,1.0925,0.2557,0.009569
CUENW,2021-12-20,10,7,1.428571,1.427184,0.8848,0.9209,0.000971
CURX,2026-08-20,1,19,0.052632,0.0523,1.0887,0.4018,0.006313
CVKD,2024-08-20,2,29,0.068966,0.068804,0.6097,0.142,0.00234
CWBR,2022-09-23,1,23,0.043478,0.043988,0.7382,0.0759,0.011662
CWD,2025-05-02,1,20,0.05,0.049217,0.0578,0.1532,0.015784
CWEB,2022-05-31,9,100,0.09,0.089518,0.4604,0.5728,0.005367
CWVX,2025-12-02,1,5,0.2,0.197183,0.1189,0.0833,0.014185
CYBN,2024-09-19,1,35,0.028571,0.02809,0.528,0.3669,0.016998
CYCC,2025-05-12,4,65,0.061538,0.061778,0.0982,0.0931,0.003881
CYCC,2025-07-07,1,18,0.055556,0.056171,10.3623,0.4174,0.011012
CYCN,2023-05-16,1,21,0.047619,0.047694,6.5737,0.9422,0.001578
CYCU,2025-10-27,1,30,0.033333,0.033194,0.0875,0.0776,0.004184
CYRN,2022-02-09,1,20,0.05,0.050667,2.259,0.2508,0.013245
CYTHW,2024-11-18,18,11,1.636364,1.636364,1.5936,1.5538,0.0
CYTO,2022-10-25,1,20,0.05,0.0505,8.2181,0.7583,0.00995
CYTO,2023-12-13,2,35,0.057143,0.057831,0.0571,0.0184,0.011976
CZOO,2023-02-09,1,17,0.058824,0.058319,0.1673,0.0913,0.008617
CZOO,2023-12-06,1,80,0.0125,0.011364,0.2874,0.1714,0.09531
DARE,2024-07-01,3,31,0.096774,0.096953,0.852,0.2293,0.001845
DATS,2023-09-20,1,10,0.1,0.1,0.5978,0.2696,0.0
DATSW,2025-04-04,28,15,1.866667,1.869565,1.4967,1.9273,0.001552
DAVE,2023-01-06,3,100,0.03,0.029883,0.1286,0.0878,0.003904
DAVEW,2026-02-06,16,25,0.64,0.64,0.294,0.7138,0.0
DAVEW,2026-08-06,19,13,1.461538,1.461847,0.978,1.5261,0.000211
DBD,2023-08-14,1,100,0.01,0.010571,0.6424,0.1104,0.055513
DBGI,2025-08-20,17,80,0.2125,0.213283,0.4157,0.1231,0.00368
DBGI,2026-07-24,1,35,0.028571,0.027385,0.5688,0.3974,0.04242
DBGIW,2022-01-07,17,12,1.416667,1.416667,1.5003,1.5096,0.0
DBGIW,2022-02-08,8,5,1.6,1.60098,1.4652,0.7224,0.000613
DBGIW,2022-05-20,7,10,0.7,0.717144,0.5284,0.3347,0.024196
DBGIW,2024-01-23,10,7,1.428571,1.427059,0.9081,0.6486,0.001059
DBGIW,2024-05-28,16,23,0.695652,0.695652,0.3265,0.3359,0.0
DBRG,2022-08-23,7,29,0.241379,0.240767,1.2317,0.973,0.002541
DBVT,2024-11-29,1,5,0.2,0.199367,2.2631,0.5486,0.00317
DC+,2023-04-13,2,3,0.666667,0.664706,0.419,0.4038,0.002946
DCOY,2026-03-09,9,100,0.09,0.089615,0.682,0.2857,0.004289
DCX,2026-01-22,1,13,0.076923,0.076467,0.6394,0.6654,0.005949
DD,2026-06-24,8,25,0.32,0.320362,0.3871,0.4094,0.00113
DEA,2025-04-28,31,80,0.3875,0.387886,0.3609,0.3806,0.000996
DECK,2024-09-17,65,11,5.909091,5.92991,2.4055,5.3131,0.003517
DEVS,2025-08-08,1,9,0.111111,0.11157,0.146,0.127,0.004124
DFDV,2025-05-21,20,3,6.666667,6.614955,18.5921,10.1409,0.007787
DFFN,2022-04-19,1,35,0.028571,0.027244,4.4938,0.7315,0.04757
DFLI,2024-11-22,4,31,0.129032,0.129085,0.9999,0.1507,0.000408
DFLI,2025-12-18,3,31,0.096774,0.097209,0.2758,0.2055,0.004486
DGLY,2023-02-08,1,20,0.05,0.050777,0.578,0.4062,0.015424
DGNX,2025-09-09,8,1,8.0,8.012346,15.6005,17.0945,0.001542
DGNX,2026-04-28,11,100,0.11,0.109974,0.4845,0.2979,0.000238
DHAI,2025-10-20,1,30,0.033333,0.033602,0.1222,0.1282,0.008032
DHHCW,2022-05-06,7,5,1.4,1.401818,1.3131,0.6441,0.001298
DHHCW,2022-05-13,16,23,0.695652,0.696203,0.8837,0.5055,0.000791
DIG,2022-05-27,65,16,4.0625,4.031893,4.1513,1.725,0.007563
DIPS,2025-12-02,3,29,0.103448,0.102165,0.0849,0.0045,0.012478
DISTW,2023-07-27,32,21,1.52381,1.513031,1.529,2.0858,0.007099
DJTU,2026-07-13,1,10,0.1,0.10097,0.0486,0.1031,0.009653
DKI,2026-05-11,2,31,0.064516,0.06515,0.165,0.0868,0.009774
DKNX,2026-03-20,6,29,0.206897,0.205855,0.2212,0.7789,0.005047
DLLL,2026-06-26,25,3,8.333333,8.260344,2.871,7.8577,0.008797
DLN,2021-12-23,2,1,2.0,1.988687,1.4802,0.9261,0.005673
DM,2024-06-11,1,10,0.1,0.09998,0.7464,0.6311,0.000204
DNA,2024-08-20,1,40,0.025,0.024858,0.335,0.1662,0.005681
DNMR,2024-11-13,1,31,0.032258,0.032403,1.3643,0.5456,0.004471
DOGZ,2023-11-07,1,18,0.055556,0.055187,1.2806,0.2129,0.006659
DOMA,2023-06-30,3,80,0.0375,0.037632,0.2403,0.1292,0.003517
DOYU,2024-03-28,11,100,0.11,0.109792,0.8273,0.1135,0.00189
DPRO,2024-09-05,1,28,0.035714,0.036173,0.6866,0.2424,0.01277
DPST,2023-06-05,3,31,0.096774,0.096349,0.1969,0.1601,0.004401
DRAY,2025-07-15,13,64,0.203125,0.202582,1.636,0.818,0.002677
DRIO,2025-08-28,1,20,0.05,0.050342,0.2155,0.0765,0.006825
DRIP,2022-03-28,1,10,0.1,0.099297,0.3288,0.7558,0.007055
DRIP,2026-07-15,1,10,0.1,0.099783,0.0363,0.0248,0.002174
DRMA,2024-05-16,7,100,0.07,0.069652,1.1404,0.8958,0.004989
DRMA,2025-08-01,1,10,0.1,0.098428,0.8607,0.4085,0.015846
DRMAW,2022-03-07,5,8,0.625,0.625387,0.2979,0.7914,0.000619
DRMY,2026-07-22,27,19,1.421053,1.421948,1.8124,1.399,0.00063
DRRX,2022-12-06,2,19,0.105263,0.105691,0.7148,0.3203,0.004057
DRV,2021-10-25,1,10,0.1,0.099709,0.0518,0.0383,0.002912
DS-C,2022-12-14,22,15,1.466667,1.468493,2.0049,1.4599,0.001245
DSGR,2023-09-01,2,1,2.0,1.9804,1.5324,2.5941,0.009848
DSS,2024-01-05,1,19,0.052632,0.051605,0.12,0.0701,0.019699
DSY,2026-02-23,1,19,0.052632,0.052529,0.6542,0.1897,0.001943
DTD,2021-12-23,2,1,2.0,1.990476,1.7741,1.3826,0.004773
DTIL,2024-02-14,1,28,0.035714,0.035333,0.4221,0.1368,0.010742
DTOCW,2022-07-01,27,40,0.675,0.672229,0.7304,0.6891,0.004114
DTRTW,2022-12-14,32,21,1.52381,1.522509,1.0811,1.769,0.000854
DTSS,2024-01-23,1,14,0.071429,0.071908,1.8785,0.2343,0.006688
DTSTW,2024-02-21,8,23,0.347826,0.347187,8.9235,0.0688,0.001838
DUG,2022-01-13,1,5,0.2,0.200768,0.0812,0.147,0.003834
DUG,2024-11-07,16,65,0.246154,0.246648,0.2367,0.2998,0.002006
DULL,2026-02-24,1,50,0.02,0.019011,0.007,0.0205,0.050693
DUO,2022-06-07,1,12,0.083333,0.081783,0.3184,0.4068,0.018784
DUO,2023-08-04,1,15,0.066667,0.065621,0.6392,0.1419,0.015814
DUO,2025-06-09,2,31,0.064516,0.064867,0.3391,0.1857,0.005419
DUOG,2026-05-05,5,64,0.078125,0.07853,0.3723,0.3166,0.005166
DUST,2024-11-04,1,10,0.1,0.101558,0.0371,0.1392,0.01546
DUST,2026-03-05,3,31,0.096774,0.096834,0.0296,0.0178,0.000621
DWIN+,2022-06-27,23,12,1.916667,1.913087,1.1356,0.8833,0.001869
DXCM,2022-06-13,65,16,4.0625,4.0433,3.7275,4.29,0.004737
DXF,2023-07-25,6,65,0.092308,0.092202,3.1323,0.686,0.001142
DXST,2026-03-16,1,24,0.041667,0.041057,0.062,0.006,0.014732
DYNT,2023-02-02,1,5,0.2,0.198625,7.0177,0.7982,0.006899
EAF,2025-08-29,2,19,0.105263,0.105155,0.0852,0.3424,0.001031
EAR,2023-01-18,3,64,0.046875,0.047099,0.2292,0.2736,0.004767
EBON,2022-11-22,1,26,0.038462,0.039146,0.8271,0.2764,0.017637
ECDA,2025-09-18,1,40,0.025,0.025692,0.1174,0.1266,0.027316
ECOR,2023-02-15,2,29,0.068966,0.06804,0.9975,0.158,0.013515
EDBL,2025-03-03,1,24,0.041667,0.042033,0.1608,0.0332,0.008753
EDBL,2026-02-03,3,31,0.096774,0.098027,17.3371,0.782,0.012859
EDBLW,2022-08-29,11,17,0.647059,0.647887,0.6086,0.5618,0.00128
EDHL,2026-02-09,1,14,0.071429,0.072591,0.8546,0.4075,0.016146
EDU,2022-04-08,1,10,0.1,0.10151,0.457,0.3889,0.014988
EDUT,2022-12-20,1,3,0.333333,0.33125,0.0595,0.38,0.00627
EDZ,2025-09-29,3,29,0.103448,0.103448,0.0643,0.0921,0.0
EEIQ,2026-02-17,1,15,0.066667,0.066384,4.3021,0.3819,0.004253
EEV,2025-11-20,32,65,0.492308,0.491367,0.2111,0.2613,0.001914
EFAX,2023-01-18,31,16,1.9375,1.95385,3.0,2.0,0.008403
EFOI,2023-06-20,7,50,0.14,0.139543,0.6099,0.2752,0.003267
EFSH,2024-01-08,1,5,0.2,0.201128,1.625,0.1685,0.005623
EFSH,2024-07-08,3,22,0.136364,0.135294,0.1988,0.431,0.007874
EFTR,2024-01-12,1,25,0.04,0.0407,0.0881,0.0653,0.017356
EFTRW,2022-03-16,11,16,0.6875,0.687188,0.493,0.4684,0.000455
EFZ,2026-05-28,1,2,0.5,0.500857,0.3717,0.7435,0.001712
EGIO,2024-03-01,1,35,0.028571,0.02838,0.3216,0.2006,0.006722
EHGO,2026-04-20,2,35,0.057143,0.057521,0.0182,0.0629,0.006602
EIGR,2024-01-08,1,32,0.03125,0.031325,0.0498,0.0301,0.002407
EJH,2024-02-14,4,21,0.190476,0.190444,0.1267,0.4981,0.000167
EKSO,2025-06-02,1,15,0.066667,0.067446,0.0764,0.0324,0.011619
ELAB,2025-03-10,9,70,0.128571,0.127796,0.8238,0.4466,0.006049
ELAB,2025-09-02,8,25,0.32,0.319767,0.5384,0.2196,0.000727
ELAB,2026-03-10,2,13,0.153846,0.153109,2.7295,0.4966,0.004801
ELAB,2026-08-21,7,65,0.107692,0.107818,0.9088,0.368,0.001165
ELIQ+,2023-08-24,12,19,0.631579,0.631117,0.5655,0.7319,0.000732
ELME,2026-01-08,24,5,4.8,4.815278,13.0208,4.6459,0.003178
ELPW,2025-12-26,2,31,0.064516,0.06439,0.2692,0.2248,0.001953
ELPW,2026-08-10,1,50,0.02,0.020488,0.027,0.0341,0.024098
ELWS,2024-05-16,1,5,0.2,0.201367,0.9319,0.3885,0.00681
EMBK,2022-08-17,3,50,0.06,0.059542,0.1539,0.1061,0.007663
EMKR,2024-04-02,3,29,0.103448,0.102024,0.4512,0.4994,0.013862
ENG,2023-12-01,3,26,0.115385,0.115385,0.5107,0.1774,0.0
ENGNW,2024-08-20,2,3,0.666667,0.669677,0.3953,0.9128,0.004506
ENJYW,2021-11-17,10,7,1.428571,1.43143,1.0696,0.8188,0.001999
ENLV,2026-07-09,7,100,0.07,0.069504,0.1547,0.3,0.007107
ENSC,2022-10-28,1,18,0.055556,0.054744,0.3629,0.1269,0.014717
ENSC,2023-03-31,3,35,0.085714,0.0856,0.2345,0.5114,0.001334
ENSC,2024-12-06,2,27,0.074074,0.073121,0.2315,0.1766,0.012947
ENSV,2023-03-13,13,9,1.444444,1.441525,1.1817,1.0213,0.002023
ENTO,2025-08-18,1,3,0.333333,0.333333,1.0503,0.3745,0.0
ENVB,2022-07-15,1,50,0.02,0.020188,0.2361,0.099,0.009355
ENVB,2025-10-28,2,23,0.086957,0.086786,0.2704,0.1752,0.001966
EOSEW,2026-08-04,22,65,0.338462,0.338501,0.1905,0.0691,0.000117
EOSU,2026-04-15,1,28,0.035714,0.035889,0.2175,0.0901,0.004894
EPV,2024-11-07,6,29,0.206897,0.206366,1.8508,0.3908,0.002567
EQC,2024-12-09,35,3,11.666667,11.662857,15.9119,1.9775,0.000327
EQRXW,2023-03-14,10,7,1.428571,1.425662,0.8051,1.1253,0.002039
EQRXW,2023-03-15,10,7,1.428571,1.429739,1.742,0.9296,0.000817
ERNA,2025-06-12,1,15,0.066667,0.066946,0.371,0.131,0.004175
ERY,2022-05-31,1,10,0.1,0.101625,1.1952,0.6719,0.016118
ESGC,2022-02-08,1,25,0.04,0.04,0.1861,0.1047,0.0
ESSC,2025-10-01,7,25,0.28,0.280056,0.0064,0.0013,0.0002
ETAO,2024-03-26,1,18,0.055556,0.05486,0.0976,0.0764,0.012595
ETH,2024-11-20,1,10,0.1,0.099117,0.0128,0.025,0.008865
ETHD,2025-11-20,3,31,0.096774,0.097404,0.0269,0.0383,0.006484
ETHT,2025-06-12,21,100,0.21,0.209996,0.1646,0.1999,2e-05
ETHU,2025-04-09,1,21,0.047619,0.048506,0.064,0.0449,0.018451
ETHZ,2025-10-20,1,10,0.1,0.099412,0.1207,0.3612,0.0059
ETQ,2025-10-29,1,20,0.05,0.049435,0.1516,0.1595,0.011355
ETR,2024-12-13,2,1,2.0,1.975522,2.5361,2.6291,0.012314
EUDA,2026-03-23,1,20,0.05,0.049945,0.1176,0.0953,0.001092
EUDAW,2024-07-18,22,15,1.466667,1.466667,1.3064,0.9804,0.0
EVAV,2023-06-05,3,31,0.096774,0.097219,0.039,0.0749,0.00459
EVAX,2025-01-14,1,5,0.2,0.200188,1.2944,0.909,0.000941
EVEX+,2024-11-21,7,23,0.304348,0.305556,3.3113,0.6623,0.00396
EVFM,2022-05-06,5,64,0.078125,0.078,0.2628,0.1551,0.001601
EVGN,2024-07-25,11,80,0.1375,0.137625,0.6946,0.3288,0.00091
EVGOW,2023-10-30,8,5,1.6,1.600526,1.0478,0.7364,0.000329
EVLO,2023-06-30,1,21,0.047619,0.047824,0.0544,0.0103,0.004288
EVLVW,2021-09-17,40,27,1.481481,1.488189,1.7847,2.2347,0.004517
EVOJW,2022-03-11,23,14,1.642857,1.643182,1.5556,1.5194,0.000198
EVOJW,2023-01-27,7,10,0.7,0.709534,0.364,1.0236,0.013529
EVOK,2022-05-23,4,27,0.148148,0.146199,0.465,0.0554,0.013245
EVOK,2024-08-01,3,31,0.096774,0.096219,4.207,0.4584,0.005751
EVPF,2026-03-11,3,2,1.5,1.506017,1.6552,1.1917,0.004003
EVTL,2024-09-23,3,32,0.09375,0.093734,0.6047,0.4089,0.000168
EVTV,2025-08-08,3,31,0.096774,0.096813,0.5623,0.082,0.000403
EVX,2025-02-06,100,21,4.761905,4.773656,18.0,18.8824,0.002465
EWV,2024-11-07,9,35,0.257143,0.256787,0.0343,0.2371,0.001385
EXLS,2023-08-02,5,1,5.0,4.96243,5.7642,3.545,0.007542
EXPR,2023-08-31,1,19,0.052632,0.052587,0.2265,0.5201,0.000852
EYEG,2023-12-13,1,18,0.055556,0.055398,0.0011,0.0,0.002845
EYES,2022-08-19,8,21,0.380952,0.381551,2.2784,0.3862,0.001571
EYES,2026-05-06,17,100,0.17,0.169849,0.0069,0.0003,0.00089
EZRA,2026-05-18,1,40,0.025,0.025519,0.0918,0.1543,0.020535
FACA+,2022-07-21,23,16,1.4375,1.437167,0.905,1.81,0.000232
FAMI,2023-09-25,13,80,0.1625,0.162941,0.5871,0.2071,0.002711
FAMI,2025-03-17,3,35,0.085714,0.086207,0.0809,0.0306,0.005731
FAST,2025-05-22,2,1,2.0,2.01423,1.6466,1.5408,0.00709
FATH,2023-09-29,1,20,0.05,0.049696,0.6263,0.0672,0.006099
FATPW,2022-05-13,3,2,1.5,1.497918,1.6,1.132,0.001389
FAX,2024-09-09,1,6,0.166667,0.16737,0.1698,0.0663,0.004213
FAZ,2025-09-29,1,10,0.1,0.100649,0.0646,0.2094,0.006473
FBDC,2025-08-04,1,5,0.2,0.200283,0.0578,0.0578,0.001413
FBIO,2023-10-10,2,27,0.074074,0.074119,0.4372,0.4226,0.000609
FBL,2024-03-13,5,1,5.0,4.996444,10.1469,3.5365,0.000711
FBRX,2024-08-28,1,25,0.04,0.039683,0.0445,0.0245,0.007968
FCEL,2024-11-11,1,27,0.037037,0.036765,0.0804,0.1452,0.00738
FCUV,2025-01-31,3,31,0.096774,0.098143,4.4961,0.3384,0.014048
FCUV,2026-02-09,3,29,0.103448,0.104022,10.9513,0.5779,0.005527
FEAM,2025-02-18,1,22,0.045455,0.045065,0.4104,0.1941,0.008618
FEDU,2022-06-21,1,20,0.05,0.051163,2.2532,0.002,0.02299
FEMY,2026-06-08,1,20,0.05,0.050676,0.2916,0.1896,0.013423
FFIE,2023-08-28,1,70,0.014286,0.014282,0.087,0.0537,0.000268
FFIE,2024-08-19,1,40,0.025,0.025079,0.2419,0.6648,0.00317
FGEN,2025-06-17,1,25,0.04,0.03997,0.3324,0.2215,0.000754
FGI,2025-07-31,1,5,0.2,0.2,4.1463,0.8437,0.0
FGMC,2025-02-11,31,64,0.484375,0.486869,61.4362,0.774,0.005135
FGNX,2026-02-13,1,5,0.2,0.201413,0.2323,0.1766,0.007042
FIAT,2025-12-02,1,10,0.1,0.101227,0.0519,0.0597,0.012195
FIEE,2025-07-10,50,1,50.0,54.682065,11265.5,2668.875,0.089513
FIGG,2026-05-05,1,20,0.05,0.048804,0.0642,0.0945,0.02422
FINMW,2022-06-10,20,13,1.538462,1.537279,1.1852,1.9739,0.000769
FISV,2025-11-11,29,16,1.8125,1.814422,1.1424,0.9593,0.00106
FIXX,2026-08-19,1,15,0.066667,0.066453,0.0003,0.0001,0.003203
FLAG,2025-06-20,8,27,0.296296,0.296512,0.0043,0.0003,0.000726
FLGC,2023-06-09,1,18,0.055556,0.056287,0.2554,0.2327,0.013088
FLGC,2025-08-04,1,35,0.028571,0.029095,0.259,0.1018,0.018157
FLJ,2023-12-07,1,35,0.028571,0.027297,0.2608,0.0904,0.045643
FLNT,2024-04-12,6,31,0.193548,0.196,0.8346,0.5966,0.012587
FLXN,2025-08-07,4,11,0.363636,0.363961,0.0005,0.0001,0.000893
FLYD,2024-03-27,3,29,0.103448,0.102085,0.625,0.3312,0.013265
FLYD,2026-02-26,3,25,0.12,0.120813,0.0051,0.2744,0.006749
FLYE,2025-11-04,1,18,0.055556,0.055811,0.4369,0.0465,0.004589
FNDA,2024-10-11,2,1,2.0,1.995906,1.2868,1.8057,0.002049
FNDX,2024-10-11,35,12,2.916667,2.92635,1.9002,2.9904,0.003315
FNGD,2021-12-06,1,21,0.047619,0.048605,0.2485,0.2907,0.020495
FNGD,2024-03-25,3,31,0.096774,0.098093,0.2483,0.1938,0.01354
FNGD,2026-02-09,1,10,0.1,0.100092,0.0041,0.0239,0.000915
FNGG,2023-02-13,1,10,0.1,0.099692,0.0383,0.0964,0.003083
FNGU,2022-10-31,7,65,0.107692,0.107675,0.0472,0.1012,0.000157
FNGU,2025-06-24,24,1,24.0,23.826503,4.5984,3.2343,0.007255
FOA,2024-07-26,3,31,0.096774,0.096607,0.0302,0.2178,0.001732
FOXO,2025-07-28,11,21,0.52381,0.523651,0.3513,0.2799,0.000302
FOXXW,2024-10-30,2,5,0.4,0.398725,2.4005,0.2403,0.003192
FREEW,2023-01-25,17,10,1.7,1.699524,2.5812,1.2186,0.00028
FRES,2024-07-10,9,80,0.1125,0.111831,1.0765,0.5739,0.005965
FRGT,2023-03-24,3,31,0.096774,0.096474,1.39,0.2918,0.003107
FRGT,2024-02-05,7,64,0.109375,0.109132,0.2033,0.2405,0.00222
FRGT,2025-05-27,7,26,0.269231,0.268333,0.4858,0.3914,0.003339
FRGT,2025-12-15,3,14,0.214286,0.213732,0.9043,0.4002,0.002588
FRLN,2023-05-12,2,31,0.064516,0.065263,0.4139,0.4465,0.011512
FRPH,2024-04-15,31,16,1.9375,1.959304,2.4176,2.3994,0.011191
FRSX,2023-04-21,1,6,0.166667,0.166667,0.3017,0.8239,0.0
FRSX,2025-08-25,2,15,0.133333,0.133065,0.5787,0.3949,0.002018
FRSX,2026-02-26,21,65,0.323077,0.323984,2.3334,0.305,0.002803
FRWAW,2022-01-27,3,2,1.5,1.4995,1.8305,1.046,0.000333
FSHPR,2025-12-01,7,10,0.7,0.7,0.5353,0.5471,0.0
FSHPR,2026-02-18,7,5,1.4,1.4,0.8852,1.082,0.0
FSNB+,2022-04-27,25,18,1.388889,1.39,1.476,1.476,0.0008
FSSIW,2022-05-25,2,3,0.666667,0.667774,0.3044,0.4164,0.00166
FTCI,2024-12-02,1,10,0.1,0.100313,0.6677,0.546,0.00313
FTEL,2025-09-23,2,31,0.064516,0.065278,29.2424,0.8212,0.011736
FTEL,2026-01-08,3,26,0.115385,0.116216,0.2928,0.1396,0.007181
FTFT,2023-02-01,17,80,0.2125,0.213333,1.5452,0.3062,0.003914
FTFT,2025-04-04,2,19,0.105263,0.105194,1.4051,0.4073,0.000659
FTFT,2026-01-20,7,26,0.269231,0.268273,1.7509,0.5251,0.003563
FTFT,2026-07-13,9,40,0.225,0.223744,1.313,0.5152,0.005597
FTK,2023-09-26,1,5,0.2,0.197814,0.7306,0.111,0.010989
FTNT,2022-06-23,29,6,4.833333,4.827414,3.8375,3.7963,0.001225
FUBO,2026-03-24,1,11,0.090909,0.09106,0.8953,0.7204,0.001654
FUV,2022-11-30,1,18,0.055556,0.055707,0.3054,0.3242,0.002714
FWBI,2022-08-26,1,32,0.03125,0.031178,0.3826,0.4775,0.002308
FWBI,2023-01-18,3,22,0.136364,0.135556,0.5299,0.3647,0.005944
FWBI,2023-12-18,1,22,0.045455,0.044534,2.2969,0.5544,0.020451
FXP,2025-11-20,32,65,0.492308,0.496135,0.2932,0.31,0.007744
GACQW,2022-06-01,16,11,1.454545,1.455556,1.184,1.7101,0.000694
GAMCW,2022-05-09,32,23,1.391304,1.394781,0.8662,0.7614,0.002495
GAME,2026-08-24,13,100,0.13,0.129813,0.634,0.2892,0.001439
GBIO,2025-07-22,2,19,0.105263,0.104489,0.3289,0.2159,0.007379
GBRGR,2022-11-21,21,13,1.615385,1.61435,0.9012,0.9259,0.000641
GCBC,2023-03-24,5,3,1.666667,1.659259,2.0353,0.9449,0.004454
GCMGW,2025-10-09,23,16,1.4375,1.43461,1.7969,0.8921,0.002013
GCTK,2024-05-20,5,24,0.208333,0.209153,0.3315,0.33,0.003928
GCTS+,2024-04-05,31,80,0.3875,0.38766,0.6875,0.0441,0.000412
GDEV,2024-08-29,4,35,0.114286,0.1139,0.4695,0.3789,0.003384
GDHG,2025-05-09,1,30,0.033333,0.033021,0.1866,0.145,0.00941
GDHG,2025-08-28,1,18,0.055556,0.055632,1.7087,0.1017,0.001381
GDXD,2024-04-29,1,10,0.1,0.101619,0.0941,0.2207,0.016065
GDXD,2025-10-22,1,22,0.045455,0.045193,0.1159,0.0896,0.005779
GDXD,2026-02-09,3,29,0.103448,0.104185,0.0419,0.0345,0.007099
GDXU,2022-10-31,3,28,0.107143,0.10661,0.0982,0.1984,0.004988
GECC,2022-02-28,5,27,0.185185,0.185,0.5051,0.4042,0.001001
GEHI,2023-11-01,22,13,1.692308,1.690771,1.5679,1.6098,0.000909
GEMG,2026-04-24,1,20,0.05,0.050918,0.0627,0.0461,0.018197
GENE,2023-12-14,6,31,0.193548,0.196416,3.9472,0.8201,0.014706
GENI+,2022-04-07,23,16,1.4375,1.44,0.6637,1.1576,0.001738
GENI+,2022-11-03,7,10,0.7,0.698679,0.6667,0.3333,0.001889
GEVX,2026-06-03,65,22,2.954545,2.950417,4.0382,2.4618,0.001398
GFAI,2023-02-10,1,40,0.025,0.023181,0.0385,0.0184,0.075554
GFAIW,2023-06-09,27,40,0.675,0.675676,0.3472,0.7633,0.001001
GFAIW,2023-07-27,27,19,1.421053,1.423429,0.7677,0.647,0.001671
GFOR+,2022-01-27,14,9,1.555556,1.556584,1.0,2.0,0.000661
GFOR+,2023-02-06,21,31,0.677419,0.677143,0.3615,0.7527,0.000408
GFR^,2026-08-25,4,27,0.148148,0.147913,2.6304,0.9162,0.001588
GGAAW,2022-10-06,2,3,0.666667,0.663306,0.6069,0.8883,0.005054
GGLS,2026-07-15,1,10,0.1,0.099703,0.1696,0.0875,0.002973
GGR,2025-10-06,1,19,0.052632,0.051845,0.1713,0.1604,0.015051
GHACW,2022-03-10,6,17,0.352941,0.352359,0.3426,0.5,0.001651
GHIXW,2023-04-05,29,17,1.705882,1.704292,0.8771,1.1136,0.000933
GHSI,2023-01-09,1,50,0.02,0.020522,0.3911,0.1168,0.025752
GIBO,2026-06-29,1,25,0.04,0.040064,0.0257,0.9694,0.001601
GIPR,2026-07-10,1,11,0.090909,0.090671,0.5207,0.1711,0.002621
GIPRW,2023-06-15,19,13,1.461538,1.462667,0.8307,1.4403,0.000772
GLACR,2024-04-23,13,9,1.444444,1.441176,1.8762,0.7505,0.002265
GLBL,2024-09-23,15,31,0.483871,0.483333,0.1487,0.8081,0.001112
GLDI,2022-09-27,1,20,0.05,0.049552,0.0358,0.1173,0.008998
GLEEW,2022-05-16,7,10,0.7,0.713471,0.3641,0.3281,0.019061
GLG,2022-08-17,21,100,0.21,0.209917,1.1896,0.5676,0.000397
GLHAW,2022-07-01,9,32,0.28125,0.282326,4.8681,0.1081,0.003817
GLL,2025-06-13,15,29,0.517241,0.517527,0.5069,0.542,0.000552
GLL,2025-11-20,1,2,0.5,0.500342,0.4815,0.5701,0.000683
GLLIR,2024-10-28,20,29,0.689655,0.689474,0.4622,0.3852,0.000263
GLMD,2023-05-15,1,14,0.071429,0.072398,1.5926,0.4355,0.013483
GLMD,2024-08-30,2,19,0.105263,0.105634,0.7941,0.2045,0.003515
GLTO,2024-08-30,1,24,0.041667,0.041792,2.5246,0.5249,0.003012
GMBLW,2022-03-21,2,3,0.666667,0.669482,0.7745,0.6723,0.004214
GMBLW,2022-04-19,11,17,0.647059,0.647599,0.5303,0.6972,0.000835
GMEX,2026-05-01,3,26,0.115385,0.116309,0.3867,0.3708,0.00798
GMEX,2026-07-02,1,9,0.111111,0.111142,1.0475,0.9251,0.000279
GMM,2024-11-26,2,29,0.068966,0.068358,0.2635,0.126,0.008845
GMRE,2025-09-22,6,31,0.193548,0.195207,0.7431,0.5991,0.008534
GMVD,2022-11-21,3,100,0.03,0.029619,1.96,0.4932,0.012787
GMVDW,2022-07-15,10,7,1.428571,1.428571,1.994,1.072,0.0
GNLN,2022-08-10,1,19,0.052632,0.052724,0.2251,0.1763,0.001757
GNLN,2026-04-06,1,8,0.125,0.125412,0.3464,0.6203,0.003292
GNOM,2025-09-02,1,4,0.25,0.251785,0.3863,0.1179,0.007114
GNPX,2024-02-02,1,35,0.028571,0.027217,0.5136,0.5718,0.048556
GNPX,2025-10-21,1,40,0.025,0.022436,0.0263,0.0575,0.108227
GNPX,2026-07-16,1,22,0.045455,0.044565,0.1859,0.1316,0.019759
GNS,2024-08-16,1,12,0.083333,0.08284,0.4297,0.1242,0.005935
GNTA,2023-03-29,7,17,0.411765,0.411032,0.2038,0.0341,0.001781
GNUS,2023-02-13,1,10,0.1,0.101598,1.1819,0.3962,0.015855
GOCO,2022-11-18,1,16,0.0625,0.062366,0.3443,0.3032,0.002153
GOEV,2025-01-21,40,9,4.444444,4.470199,7.2587,1.7899,0.005778
GOGL,2026-06-26,13,40,0.325,0.32623,0.0013,0.0009,0.003776
GOOG,2022-07-18,20,1,20.0,19.777719,17.9017,17.5125,0.011176
GOOGL,2022-07-18,20,1,20.0,19.805722,19.9206,18.2858,0.009761
GORV,2025-07-14,1,27,0.037037,0.037152,0.1183,0.0486,0.003091
GOVX,2024-01-31,3,40,0.075,0.074566,1.1367,0.5902,0.005797
GOVX,2026-01-12,1,21,0.047619,0.047647,0.1954,0.0725,0.000588
GOVZ,2026-05-05,1,4,0.25,0.25,0.2389,0.1653,0.0
GP,2025-09-08,3,29,0.103448,0.101913,40.2393,0.8324,0.014952
GPL,2022-07-25,2,19,0.105263,0.106139,0.1969,0.0988,0.008282
GPUS,2024-11-25,3,100,0.03,0.030168,0.2988,0.2798,0.005587
GRAF+,2025-04-16,7,11,0.636364,0.637273,0.5642,0.5642,0.001428
GREE,2023-05-16,1,10,0.1,0.098874,0.7108,0.2043,0.011328
GRI,2025-02-24,4,65,0.061538,0.061554,0.2566,0.1334,0.000257
GRI,2026-01-26,1,27,0.037037,0.036547,0.2801,0.4094,0.013319
GRML,2026-08-24,1,50,0.02,0.020441,0.1213,0.8532,0.021804
GRNQ,2022-07-28,2,25,0.08,0.080904,0.2081,0.2319,0.011236
GRNQ,2026-08-06,1,9,0.111111,0.111111,6.6015,0.5863,0.0
GROMW,2023-04-06,23,50,0.46,0.459843,0.0104,0.0157,0.000342
GROMW,2023-07-17,19,32,0.59375,0.593827,0.7789,0.6456,0.00013
GROMW,2024-03-15,9,64,0.140625,0.141628,0.3207,0.1435,0.007106
GROY+,2022-05-20,16,23,0.695652,0.696553,0.3636,0.3636,0.001294
GRRR,2024-04-15,2,19,0.105263,0.106052,0.4843,0.341,0.007463
GSAT,2025-02-11,1,17,0.058824,0.05854,0.7104,0.4099,0.004828
GSQD+,2022-08-30,31,16,1.9375,1.956768,1.8182,0.9818,0.009896
GSRMR,2022-10-17,13,19,0.684211,0.684211,0.4444,0.8889,0.0
GSUN,2024-04-19,4,35,0.114286,0.11435,0.5589,0.5312,0.00056
GTBP,2024-02-05,1,29,0.034483,0.033906,0.1809,0.1071,0.01686
GTE,2023-05-05,3,31,0.096774,0.097871,1.167,0.7963,0.011266
GTH,2023-10-26,22,65,0.338462,0.339181,0.1804,0.1417,0.002124
GTPAW,2022-08-10,7,10,0.7,0.717681,0.5933,0.5855,0.024945
GURE,2025-10-27,1,10,0.1,0.101336,0.2021,0.1615,0.01327
GV,2024-05-29,1,16,0.0625,0.063488,0.4145,0.111,0.015683
GWH,2024-08-26,7,100,0.07,0.070221,0.2155,0.2958,0.003153
GWIIW,2022-04-11,2,3,0.666667,0.663028,0.9543,0.4743,0.005473
GWIIW,2022-05-31,3,2,1.5,1.499167,0.9176,0.6944,0.000556
GWIIW,2022-09-27,14,25,0.56,0.56,0.4036,0.3231,0.0
GXAI,2024-03-08,7,80,0.0875,0.088458,0.1682,0.2665,0.010887
HALL,2023-01-03,7,65,0.107692,0.107784,0.2095,0.1475,0.000855
HAO,2025-01-27,1,25,0.04,0.040471,0.3585,0.1715,0.011696
HAO,2026-08-14,3,65,0.046154,0.04651,0.9177,0.2244,0.007693
HARP,2023-09-05,7,64,0.109375,0.108603,0.9261,0.4683,0.007086
HBIO,2026-03-16,3,28,0.107143,0.106567,0.4155,0.3272,0.005394
HCAI,2026-04-13,1,27,0.037037,0.036463,0.0538,0.0689,0.015614
HCDI,2023-03-06,1,19,0.052632,0.053059,0.282,0.2475,0.008085
HCNEW,2022-09-14,50,29,1.724138,1.725076,1.1336,1.4818,0.000544
HCNEW,2023-01-30,25,14,1.785714,1.783122,2.6037,1.2654,0.001453
HCTI,2023-05-26,3,29,0.103448,0.104331,5.3288,0.7367,0.008494
HCTI,2026-02-10,1,64,0.015625,0.016502,0.0851,0.0404,0.054595
HCWB,2025-04-11,1,35,0.028571,0.027211,0.0638,0.1105,0.04879
HCWB,2026-06-30,13,80,0.1625,0.16451,0.2907,0.2261,0.012294
HDB,2025-09-08,31,16,1.9375,1.966165,0.9202,1.1663,0.014687
HDRO,2024-10-07,3,23,0.130435,0.13027,0.0157,0.2165,0.001262
HDV,2026-04-29,64,13,4.923077,4.914656,6.4838,8.0041,0.001712
HEAL,2025-09-02,29,80,0.3625,0.362758,1.9854,0.4403,0.000711
HEPA,2023-05-11,1,19,0.052632,0.053838,0.7157,0.4588,0.022672
HERZ,2026-02-09,7,64,0.109375,0.108732,0.2176,0.1392,0.005893
HEXO,2022-12-19,1,12,0.083333,0.082649,0.7103,0.1723,0.008246
HHGCW,2022-05-11,11,26,0.423077,0.423872,3.6382,0.1818,0.001878
HIBS,2023-08-28,11,100,0.11,0.109968,0.2616,0.1056,0.000288
HIBS,2026-03-05,3,29,0.103448,0.102075,0.0242,0.0099,0.013361
HIMZ,2026-03-19,1,13,0.076923,0.077007,0.0446,0.0377,0.001094
HIPO,2022-09-30,1,24,0.041667,0.041953,0.371,0.1355,0.006856
HIVE,2022-05-24,4,13,0.307692,0.308244,0.4145,0.4507,0.001791
HKIT,2026-07-06,1,24,0.041667,0.041162,0.2346,0.0407,0.01218
HLGN,2023-09-01,3,100,0.03,0.029839,0.1536,0.0794,0.005391
HLLY+,2025-12-05,19,13,1.461538,1.460415,1.5873,2.1164,0.000769
HLVX,2024-07-08,35,4,8.75,8.732919,74.6625,8.689,0.001954
HOFV,2022-12-27,1,26,0.038462,0.039126,0.7493,0.2361,0.017141
HOLO,2024-10-09,1,20,0.05,0.049465,1.173,0.0941,0.010765
HOLO,2025-04-21,1,40,0.025,0.02513,0.1498,0.1624,0.005195
HOOK,2024-07-10,3,29,0.103448,0.102041,0.281,0.1,0.013699
HOOX,2025-12-09,70,17,4.117647,4.090513,4.0437,3.3422,0.006611
HOOX,2026-03-19,6,17,0.352941,0.352268,0.2014,0.1974,0.001911
HPLTW,2022-06-03,22,15,1.466667,1.464812,1.7791,1.4397,0.001265
HPP,2025-12-02,2,15,0.133333,0.133244,0.2892,0.1876,0.000673
HSCS,2024-05-17,1,100,0.01,0.010572,0.3186,0.0918,0.055648
HSDT,2023-08-17,1,50,0.02,0.019106,3.2892,0.3326,0.045722
HSDT,2025-05-02,5,64,0.078125,0.077635,4.6606,0.7152,0.006288
HSDT,2025-07-01,1,50,0.02,0.020856,0.0744,0.0272,0.041919
HSTO,2022-06-03,1,18,0.055556,0.056041,0.2943,0.164,0.008697
HTAQ+,2022-02-03,31,21,1.47619,1.477636,1.2138,1.6858,0.000979
HTCO,2025-08-08,1,25,0.04,0.039513,0.4625,0.0812,0.012246
HTCR,2026-04-06,3,65,0.046154,0.046036,0.5839,0.3376,0.002561
HTGM,2022-12-21,1,10,0.1,0.1,1.4074,0.3718,0.0
HTOO,2025-07-14,1,31,0.032258,0.032,1.1966,0.1482,0.008032
HUBC,2023-12-15,2,23,0.086957,0.087111,0.1564,0.066,0.001776
HUBC,2025-03-31,4,35,0.114286,0.114706,0.3028,0.2172,0.00367
HUBC,2026-01-16,1,14,0.071429,0.070889,0.1561,0.1573,0.007584
HUBC,2026-04-20,1,50,0.02,0.020264,0.0282,0.0358,0.013129
HUBC,2026-06-08,3,64,0.046875,0.04712,0.0686,0.0169,0.005222
HUMAW,2024-01-31,7,10,0.7,0.714286,0.5301,0.6312,0.020203
HWH,2025-02-24,3,16,0.1875,0.186809,2.2714,0.552,0.003695
HYAC+,2024-08-28,29,18,1.611111,1.610714,0.8,0.8,0.000246
HYDR,2024-06-17,6,29,0.206897,0.205955,2.2455,0.329,0.00456
HYFM,2025-02-13,3,29,0.103448,0.103519,1.8242,0.2997,0.000679
HYMB,2023-01-12,2,1,2.0,1.993281,1.1899,0.9868,0.003365
HYMC,2023-11-15,3,31,0.096774,0.096335,0.321,0.1484,0.004548
HZON+,2022-08-17,11,28,0.392857,0.393856,0.3111,0.2963,0.002539
IAF,2025-10-23,1,3,0.333333,0.331633,0.3387,0.9667,0.005115
IBER+,2022-05-31,15,23,0.652174,0.651699,0.6637,0.6659,0.000728
IBG,2026-01-30,13,64,0.203125,0.202406,1.1109,0.807,0.003547
IBIO,2022-10-10,3,70,0.042857,0.043163,0.1064,0.054,0.007103
IBKR,2025-06-18,35,9,3.888889,3.935842,4.5567,4.3547,0.012001
ICCM,2026-06-04,1,30,0.033333,0.033311,0.1267,0.1965,0.000658
ICCT,2024-12-23,3,65,0.046154,0.046,0.1536,0.0546,0.003339
ICLK,2022-11-14,3,31,0.096774,0.097958,0.3765,0.1337,0.012162
ICU,2024-06-10,1,24,0.041667,0.042216,0.7822,0.3612,0.013088
ICU,2026-01-05,7,64,0.109375,0.109095,0.2704,0.2461,0.002566
IDAI,2023-03-23,21,100,0.21,0.209848,2.5249,0.3074,0.000725
IDAI,2025-01-06,7,100,0.07,0.07,0.1451,0.0274,0.0
IDEX,2022-06-10,32,23,1.391304,1.393529,0.8593,0.977,0.001598
IESC,2026-08-24,64,31,2.064516,2.063464,1.342,2.0629,0.00051
IFBD,2023-11-20,1,18,0.055556,0.054891,0.5522,0.1165,0.012029
IFBD,2024-03-04,3,23,0.130435,0.131439,0.1355,0.1614,0.007667
IGM,2024-03-07,65,11,5.909091,5.944567,7.1336,8.7077,0.005986
IGV,2024-03-07,5,1,5.0,4.963647,3.0381,4.3671,0.007297
IHF,2024-03-07,5,1,5.0,4.966692,5.6931,5.19,0.006684
IINNW,2023-02-13,11,16,0.6875,0.687831,0.7947,0.3365,0.000481
IIVI,2023-02-23,3,14,0.214286,0.214052,0.0003,0.0045,0.001089
IJH,2024-02-22,64,13,4.923077,4.95134,2.3414,2.8326,0.005725
ILAG,2025-12-30,3,35,0.085714,0.085661,2.2766,0.2204,0.000625
IMCC,2022-11-17,4,35,0.114286,0.114618,2.5071,0.4995,0.002903
IMCC,2024-07-12,5,28,0.178571,0.178218,0.7551,0.3378,0.001982
IMCC,2026-08-27,1,30,0.033333,0.033522,0.4507,0.1063,0.005656
IMG,2025-12-05,1,20,0.05,0.049364,0.5698,0.3217,0.012809
IMNN,2025-07-25,1,15,0.066667,0.066773,0.1917,0.1354,0.001599
IMPP,2023-04-28,1,15,0.066667,0.067381,0.1741,0.2346,0.010657
IMRA,2025-04-04,9,65,0.138462,0.138281,0.0008,0.0078,0.001302
IMRNW,2022-03-02,31,64,0.484375,0.486131,9.0666,0.4278,0.003619
IMTE,2023-10-17,3,29,0.103448,0.102116,1.8287,0.9077,0.012958
IMUX,2026-04-27,1,10,0.1,0.099262,0.1401,0.1963,0.007405
INAB,2025-06-06,1,30,0.033333,0.033708,0.2383,0.0815,0.011173
INAQW,2023-05-05,11,25,0.44,0.44,1.4086,0.9579,0.0
INBS,2023-02-10,1,21,0.047619,0.047445,0.2107,0.0706,0.003656
INBS,2024-01-29,7,100,0.07,0.06993,2.0311,0.5032,0.001
INDP,2025-06-27,1,25,0.04,0.040816,0.0296,0.0269,0.020203
INLF,2026-04-06,1,17,0.058824,0.059038,0.0828,0.1341,0.003647
INM,2024-11-14,1,20,0.05,0.0503,0.788,0.1743,0.005978
INMD,2021-10-01,2,1,2.0,1.999373,1.5873,1.5908,0.000314
INO,2024-01-25,9,100,0.09,0.090333,0.1861,0.1142,0.003691
INPX,2022-10-07,1,70,0.014286,0.014268,0.3598,0.1447,0.001252
INSG,2024-01-24,3,29,0.103448,0.102632,0.8341,0.2308,0.007926
INTEW,2022-05-31,26,17,1.529412,1.530979,1.5385,1.0769,0.001024
INTJ,2026-02-17,1,19,0.052632,0.052121,0.2656,0.2667,0.009744
INTL,2024-04-15,5,12,0.416667,0.416853,4.8246,0.5213,0.000448
INTS,2026-02-19,1,25,0.04,0.03961,0.3954,0.2361,0.009788
INTW,2026-06-26,25,3,8.333333,8.242383,4.2213,5.2636,0.010974
INTZ,2024-03-25,1,19,0.052632,0.053859,0.2956,0.2286,0.02305
INUV,2025-06-10,3,29,0.103448,0.101748,1.4485,0.2306,0.016572
INV,2025-02-20,25,16,1.5625,1.564286,1.1244,1.056,0.001142
IONM,2023-03-06,1,19,0.052632,0.051693,1.8689,0.5754,0.018001
IONM,2024-07-09,3,50,0.06,0.059592,0.0453,0.0607,0.006819
IONX,2025-12-09,2,1,2.0,1.985374,1.5313,2.2344,0.00734
IONX,2026-03-19,1,3,0.333333,0.331736,0.1729,0.3385,0.004803
IONZ,2025-12-09,13,80,0.1625,0.163106,0.1539,0.1746,0.003721
IOTR,2025-11-10,3,31,0.096774,0.097304,2.0211,0.6252,0.005457
IPDN,2025-03-13,1,10,0.1,0.098446,1.0028,0.491,0.015666
IPST,2025-11-05,1,20,0.05,0.051019,0.7441,0.3438,0.020182
IPST,2026-04-23,1,21,0.047619,0.047458,0.1465,0.0789,0.003396
IPVF+,2023-03-23,21,13,1.615385,1.618961,2.0628,1.0529,0.002211
IPW,2025-10-27,1,28,0.035714,0.035531,0.1697,0.1495,0.005141
IPW,2026-05-22,2,17,0.117647,0.117783,0.3265,0.3825,0.001156
IPW,2026-08-07,1,9,0.111111,0.111765,0.7389,0.6152,0.005865
IQMDW,2022-05-27,9,19,0.473684,0.473667,1.1258,0.8805,3.7e-05
IQMDW,2022-07-21,31,65,0.476923,0.477273,15.5416,0.7064,0.000733
IRBA,2023-04-19,2,5,0.4,0.3987,2.0,0.15,0.003256
IRE,2026-03-20,9,35,0.257143,0.253761,0.0684,0.1115,0.013238
IREX,2026-03-10,7,22,0.318182,0.318976,0.826,0.3991,0.002493
IREZ,2026-07-21,11,31,0.354839,0.354559,0.1146,0.2534,0.00079
ISPC,2026-04-28,1,40,0.025,0.024051,0.0155,0.0834,0.038704
ISPO,2023-10-17,1,18,0.055556,0.055405,0.2932,0.149,0.002706
ISRG,2021-10-05,80,27,2.962963,2.959538,2.8293,2.5479,0.001157
ITP,2022-07-08,4,29,0.137931,0.137857,0.3151,0.1399,0.000536
ITRM,2022-08-18,1,14,0.071429,0.071818,0.2139,0.1057,0.00544
IVDA,2024-09-17,11,80,0.1375,0.137029,0.91,0.6079,0.003434
IVDAW,2022-06-03,29,14,2.071429,2.070713,2.1306,1.9313,0.000345
IVDAW,2025-02-26,2,3,0.666667,0.666667,0.7604,0.5522,0.0
IVDAW,2025-11-06,23,15,1.533333,1.531469,2.1094,0.9525,0.001217
IVDAW,2025-12-12,19,13,1.461538,1.458462,1.2374,1.1323,0.002107
IVDAW,2026-06-15,40,21,1.904762,1.904762,2.1655,2.0218,0.0
IVF,2026-03-27,13,64,0.203125,0.203264,1.646,0.4381,0.000684
IVP,2025-01-27,1,25,0.04,0.039797,0.3534,0.1087,0.005098
IVR,2022-06-06,8,65,0.123077,0.123762,1.492,0.9288,0.005554
IWF,2026-04-29,4,1,4.0,4.005046,2.8625,5.3744,0.001261
IWFL,2024-08-29,27,40,0.675,0.671146,0.68,0.3333,0.005725
IWML,2022-06-30,5,3,1.666667,1.661866,2.1277,1.4184,0.002885
IWML,2024-05-09,20,13,1.538462,1.540212,1.2077,1.8937,0.001137
IX,2025-02-28,27,5,5.4,5.39557,10.8304,8.4652,0.000821
IXHL,2026-02-27,1,29,0.034483,0.0348,0.2676,0.2099,0.009158
IYH,2024-03-07,5,1,5.0,4.968187,3.734,7.5183,0.006383
IZEA,2023-06-16,6,23,0.26087,0.261194,6.2521,0.7499,0.001243
JAGX,2021-09-08,1,4,0.25,0.251323,1.2727,0.7704,0.005277
JAGX,2024-05-23,1,64,0.015625,0.01668,0.0504,0.0744,0.065319
JAGX,2025-03-24,1,29,0.034483,0.034783,0.3163,0.1211,0.008658
JATT+,2022-03-23,31,22,1.409091,1.408214,2.0,2.0,0.000622
JATT+,2023-01-31,7,10,0.7,0.698873,0.7273,0.6182,0.001612
JBDI,2026-06-30,31,64,0.484375,0.484848,27.5165,0.575,0.000977
JCSE,2023-10-16,7,19,0.368421,0.368509,0.623,0.4149,0.000238
JDST,2024-07-01,3,29,0.103448,0.101825,0.4604,0.3745,0.015817
JDST,2026-03-05,1,21,0.047619,0.047752,0.1492,0.0866,0.002785
JDZG,2025-06-24,8,65,0.123077,0.121698,0.8937,0.1882,0.011266
JDZG,2026-06-01,3,29,0.103448,0.102596,0.0098,0.3585,0.008275
JEM,2026-04-13,1,20,0.05,0.049409,0.2427,0.2307,0.011889
JEM,2026-07-14,1,14,0.071429,0.071595,0.0354,0.0189,0.002329
JEPY,2024-08-01,1,3,0.333333,0.332283,0.619,0.8515,0.003157
JFBR,2024-11-20,1,13,0.076923,0.0762,0.452,0.4414,0.009444
JFBR,2025-06-16,1,16,0.0625,0.062635,0.2895,0.2419,0.002157
JFBR,2026-02-17,9,100,0.09,0.088889,0.5101,0.2052,0.012423
JFBRW,2022-12-27,13,9,1.444444,1.442778,1.047,1.4297,0.001155
JFBRW,2023-03-20,22,15,1.466667,1.464545,2.0764,1.4958,0.001447
JFU,2023-01-18,1,19,0.052632,0.051576,0.337,0.1738,0.020261
JG,2023-12-11,1,19,0.052632,0.052461,0.3527,0.6769,0.003251
JGGCR,2022-05-13,7,11,0.636364,0.636364,0.4815,0.4266,0.0
JL,2024-12-10,3,28,0.107143,0.106212,4.515,0.4651,0.00873
JMACW,2022-05-11,10,7,1.428571,1.429731,1.8,1.77,0.000812
JNVR,2024-12-30,3,26,0.115385,0.115174,3.6828,0.6646,0.00183
JOBX,2026-03-10,22,65,0.338462,0.338095,0.3785,0.2117,0.001083
JSPR,2024-01-04,3,28,0.107143,0.106984,0.1321,0.0632,0.001487
JSPRW,2022-03-02,5,8,0.625,0.625163,0.3222,0.3628,0.00026
JSPRW,2024-12-04,3,2,1.5,1.507538,1.4286,1.3605,0.005013
JTAIZ,2023-10-30,13,9,1.444444,1.443243,1.9255,1.8567,0.000832
JTAIZ,2024-02-09,27,19,1.421053,1.423265,0.7914,1.6978,0.001556
JUN+,2022-12-02,19,13,1.461538,1.458234,0.8739,0.8587,0.002264
JWEL,2023-10-27,7,100,0.07,0.070248,2.6683,0.7236,0.003536
JWSM+,2024-05-08,31,20,1.55,1.55083,1.3333,2.01,0.000535
JWSM+,2024-05-30,10,7,1.428571,1.428571,0.796,1.99,0.0
JYD,2025-10-13,1,50,0.02,0.020066,0.2656,0.1353,0.003295
JZ,2026-07-06,3,100,0.03,0.029429,0.4932,0.1859,0.019231
JZXN,2024-07-03,7,80,0.0875,0.088539,1.019,0.9475,0.011801
JZXN,2025-12-11,3,100,0.03,0.030185,2.1606,0.8145,0.006163
KAHC+,2022-07-06,16,11,1.454545,1.454949,1.4286,1.1905,0.000278
KALA,2022-10-21,1,50,0.02,0.0193,1.101,0.1337,0.035627
KAVL,2024-01-25,1,20,0.05,0.049505,0.7152,0.6521,0.00995
KBNTW,2022-05-04,15,22,0.681818,0.682273,1.0,1.05,0.000666
KBNTW,2022-06-22,1,2,0.5,0.501812,0.3922,0.3922,0.003617
KIDZ,2026-06-08,1,10,0.1,0.100311,0.0821,0.1191,0.003106
KIDZ,2026-08-13,2,27,0.074074,0.074447,0.1123,0.1772,0.005027
KITT,2025-09-05,8,65,0.123077,0.121956,0.3517,0.2283,0.009153
KITT,2026-04-21,8,65,0.123077,0.123616,0.3762,0.4435,0.004373
KLAC,2026-06-12,10,1,10.0,10.102542,7.3095,12.1296,0.010202
KLIP,2025-01-02,27,80,0.3375,0.337598,2.231,0.8789,0.000289
KNTK,2022-06-09,31,16,1.9375,1.960855,2.1172,2.5166,0.011982
KOLD,2022-01-14,4,21,0.190476,0.191118,0.0402,0.1429,0.003362
KOLD,2022-05-26,1,4,0.25,0.248529,0.5472,0.5968,0.0059
KORU,2025-02-10,1,10,0.1,0.098461,0.1324,0.0631,0.015512
KORU,2026-07-15,21,1,21.0,20.626909,29.6634,18.3791,0.017926
KPLT,2023-07-28,1,22,0.045455,0.045398,3.9521,0.1903,0.001251
KPRX,2022-09-27,1,50,0.02,0.022282,0.2471,0.0576,0.10803
KPRX,2024-06-11,2,17,0.117647,0.118395,0.5883,0.7769,0.006335
KPTI,2025-02-26,1,15,0.066667,0.067244,0.3593,0.2324,0.00862
KRBP,2023-03-13,3,70,0.042857,0.042904,0.0868,0.0898,0.001094
KRKR,2024-10-03,1,20,0.05,0.05,0.1613,0.1042,0.0
KROP,2025-09-02,12,35,0.342857,0.342693,0.1962,0.8642,0.000479
KSCP,2024-09-16,1,50,0.02,0.020469,0.3963,0.2814,0.023198
KTTA,2024-01-02,3,70,0.042857,0.042675,0.1782,0.0621,0.004266
KULR,2025-06-23,1,8,0.125,0.126453,0.2661,0.6154,0.011561
KUST,2026-04-22,5,26,0.192308,0.191415,2.0506,0.3014,0.004651
KWESW,2023-09-14,2,3,0.666667,0.664943,0.9662,0.4831,0.002589
KXIN,2023-09-15,2,31,0.064516,0.065183,0.0923,0.0291,0.010279
KXIN,2024-10-25,1,50,0.02,0.018222,0.1126,0.028,0.09309
KXIN,2025-12-01,1,29,0.034483,0.035083,0.8193,0.1645,0.017267
KXIN,2026-03-13,2,27,0.074074,0.072934,0.1749,0.2754,0.015509
KZIA,2024-10-28,8,65,0.123077,0.122884,0.6041,0.2153,0.001567
KZIA,2025-04-17,17,80,0.2125,0.212192,5.1123,0.8449,0.00145
KZR,2024-10-30,3,29,0.103448,0.103967,0.6112,0.4617,0.005003
LABD,2025-09-29,1,10,0.1,0.100768,0.1227,0.3998,0.00765
LABP,2022-12-28,7,10,0.7,0.704167,0.8648,0.8032,0.005935
LABP,2023-05-26,2,25,0.08,0.079104,7.2841,0.7299,0.011266
LABU,2023-12-04,1,20,0.05,0.04994,0.1589,0.1204,0.001193
LABX,2026-03-10,13,40,0.325,0.32622,0.2962,0.2928,0.003745
LABX,2026-07-21,27,5,5.4,5.39472,2.6162,3.065,0.000978
LAIX,2022-03-04,2,27,0.074074,0.073333,0.9045,0.2055,0.01005
LATGW,2022-11-09,25,4,6.25,6.25,4.346,4.36,0.0
LAXXR,2022-05-17,7,5,1.4,1.398881,2.0689,0.7183,0.0008
LAZR,2024-11-21,3,40,0.075,0.074796,0.1546,0.1373,0.002727
LCAAW,2022-05-16,19,8,2.375,2.373219,2.8381,1.5238,0.00075
LCAHW,2023-01-25,25,16,1.5625,1.566588,0.7038,0.7611,0.002613
LCAP,2025-04-01,29,65,0.446154,0.445525,0.0887,0.0106,0.001412
LCFY,2022-12-08,1,17,0.058824,0.0588,3.0351,0.0857,0.0004
LCFYW,2022-12-12,9,80,0.1125,0.112903,0.0143,0.4343,0.003578
LCFYW,2022-12-30,15,31,0.483871,0.483589,4.8564,0.1008,0.000584
LCFYW,2023-05-10,23,16,1.4375,1.436823,1.8682,2.0141,0.000471
LCFYW,2025-02-20,80,17,4.705882,4.692308,37.9333,7.8095,0.002889
LCFYW,2025-07-08,13,35,0.371429,0.372381,0.0377,0.4906,0.002561
LCFYW,2025-07-15,17,25,0.68,0.679542,0.4262,1.0492,0.000673
LCI,2023-02-07,7,27,0.259259,0.259237,0.3549,0.7192,8.6e-05
LCID,2025-09-02,1,10,0.1,0.101015,0.4121,0.4313,0.010101
LCW+,2022-05-26,10,7,1.428571,1.4325,1.0,2.0,0.002746
LEGAW,2022-08-31,16,25,0.64,0.639269,0.3509,0.3509,0.001142
LEGT+,2025-03-27,13,19,0.684211,0.683043,0.3733,0.3333,0.001707
LESL,2025-09-29,1,20,0.05,0.0508,0.1221,0.2703,0.015873
LEV+A,2024-06-13,25,17,1.470588,1.470588,0.995,1.1592,0.0
LEXX,2026-08-03,5,64,0.078125,0.078417,0.8759,0.5418,0.003732
LEXXW,2023-01-23,13,19,0.684211,0.685,0.6723,0.4,0.001153
LEXXW,2023-05-31,16,35,0.457143,0.456621,2.221,0.6803,0.001142
LFAE,2025-02-11,1,10,0.1,0.100539,0.01,0.02,0.005377
LFAW,2025-02-13,1,11,0.090909,0.09089,2.3333,0.3333,0.000214
LFLY,2023-09-12,2,29,0.068966,0.068349,0.1004,0.0585,0.008978
LFLYW,2022-08-30,10,7,1.428571,1.425,1.5865,1.289,0.002503
LFWD,2024-03-15,4,27,0.148148,0.146829,0.4386,0.2022,0.008942
LFWD,2026-02-24,7,80,0.0875,0.08742,0.2479,0.2428,0.000914
LGCB,2025-04-07,1,12,0.083333,0.083832,2.3652,0.9374,0.00597
LGHL,2025-11-26,7,80,0.0875,0.087824,0.5621,0.3776,0.0037
LGHL,2026-07-14,3,29,0.103448,0.102727,103.1302,0.9712,0.006994
LGL+,2025-01-24,13,23,0.565217,0.564516,0.72,0.5867,0.001241
LGMK,2023-04-24,1,18,0.055556,0.054195,0.1925,0.3043,0.024796
LGVN,2024-03-27,5,26,0.192308,0.191436,0.4111,0.8798,0.004541
LGVN,2026-08-27,1,10,0.1,0.099901,0.274,0.1698,0.000995
LHC+,2022-05-03,25,17,1.470588,1.469596,1.0,1.0,0.000675
LHSW,2026-06-22,1,16,0.0625,0.062895,0.64,0.5973,0.006296
LIAB,2025-02-13,1,10,0.1,0.099872,0.4988,0.0549,0.001284
LIAX,2025-03-05,3,28,0.107143,0.106713,0.0007,0.0667,0.004022
LIBYW,2022-04-11,16,25,0.64,0.6404,0.3952,0.7871,0.000625
LICY,2024-06-04,1,7,0.142857,0.142962,0.2249,0.3116,0.000733
LIDR,2023-12-27,1,23,0.043478,0.043796,1.8246,0.1175,0.00728
LIFW,2023-10-13,1,23,0.043478,0.043885,0.1633,0.0297,0.009315
LIMN,2026-08-21,1,50,0.02,0.018543,0.0402,0.0436,0.07562
LIONU,2023-03-02,23,16,1.4375,1.43587,0.7851,1.6992,0.001135
LIPO,2024-11-08,9,64,0.140625,0.140755,6.5764,0.7121,0.000922
LIQT,2023-05-26,1,7,0.142857,0.141892,1.2208,0.4752,0.00678
LITB,2024-09-05,11,70,0.157143,0.157333,0.4048,0.3292,0.001211
LITM,2025-05-02,1,12,0.083333,0.083815,0.2647,0.168,0.005764
LITTW,2022-05-13,32,65,0.492308,0.494134,2.053,0.2466,0.003704
LIXT,2023-06-05,3,32,0.09375,0.093662,1.2078,0.2979,0.000939
LIZI,2023-09-20,3,29,0.103448,0.103294,1.188,0.1392,0.001491
LKCO,2023-03-22,1,28,0.035714,0.036237,0.2336,0.2122,0.014528
LLAP+,2023-10-27,5,3,1.666667,1.669634,0.7843,0.7843,0.001779
LMDXW,2022-08-31,1,2,0.5,0.502355,0.2569,0.3764,0.004699
LMFA,2024-03-12,12,65,0.184615,0.18328,0.5562,0.3304,0.007261
LMFA,2026-07-13,1,25,0.04,0.039727,0.2594,0.1424,0.006842
LMNL,2023-02-01,2,19,0.105263,0.105,2.5192,0.3526,0.002503
LNAI,2026-05-22,8,65,0.123077,0.122976,0.2517,0.3857,0.000824
LNZA,2025-08-19,1,100,0.01,0.010242,0.1703,0.0348,0.02392
LOCL,2023-06-15,2,25,0.08,0.079821,0.4156,0.6367,0.002239
LODE,2025-02-25,9,80,0.1125,0.112568,0.3406,0.4076,0.000605
LOTWW,2024-12-27,27,40,0.675,0.672,0.304,0.9149,0.004454
LOTWW,2024-12-30,11,7,1.571429,1.574307,1.2158,0.9119,0.00183
LOTWW,2024-12-31,7,10,0.7,0.711468,0.9119,0.9149,0.01625
LPCN,2023-05-12,7,100,0.07,0.07066,0.5174,0.3657,0.00939
LPCN,2026-04-02,23,5,4.6,4.61194,36.0494,10.0859,0.002592
LPSN,2025-10-13,2,27,0.074074,0.073345,0.1172,0.1696,0.009888
LPTX,2023-06-21,1,10,0.1,0.100385,0.6134,0.4487,0.003839
LRCU,2026-03-10,29,10,2.9,2.897091,2.9345,1.6442,0.001004
LRCX,2024-10-03,10,1,10.0,10.108765,4.9968,5.4056,0.010818
LRHC,2025-07-07,1,100,0.01,0.0092,0.7568,0.1137,0.083348
LRHC,2026-04-20,1,12,0.083333,0.083129,0.5589,0.2836,0.002455
LSDI,2024-02-26,1,10,0.1,0.100489,0.2023,0.1014,0.004877
LTCHW,2022-06-22,27,17,1.588235,1.587217,1.8902,0.7252,0.000641
LTL,2025-11-21,65,16,4.0625,4.037152,0.5614,1.4035,0.006259
LTRY,2023-08-10,1,19,0.052632,0.052811,0.2622,0.2074,0.003409
LU,2023-12-15,17,65,0.261538,0.261223,0.3283,0.4186,0.001208
LUCY,2024-07-18,2,35,0.057143,0.056456,0.3258,0.1027,0.012085
LUCYW,2022-11-17,7,10,0.7,0.715385,0.3989,0.7114,0.02174
LUCYW,2023-02-14,23,16,1.4375,1.43949,0.9357,1.8068,0.001384
LUXAW,2022-03-23,2,3,0.666667,0.664,0.6493,0.4767,0.004008
LUXAW,2022-06-17,5,3,1.666667,1.666667,0.9753,1.4122,0.0
LVLU,2025-07-07,2,29,0.068966,0.068966,0.2075,0.1513,0.0
LVO,2025-09-26,1,10,0.1,0.100756,0.4212,0.1477,0.007527
LWACW,2025-10-27,23,16,1.4375,1.436,1.1897,0.6795,0.001044
LXEH,2024-01-03,32,65,0.492308,0.495283,0.8825,0.208,0.006025
LXEH,2024-09-30,3,32,0.09375,0.093103,8.0142,0.8786,0.00692
LXEH,2026-04-20,1,9,0.111111,0.111342,0.0786,0.1659,0.002078
LXP,2025-11-11,3,16,0.1875,0.188046,0.3663,0.3598,0.002908
LYEL,2025-06-02,1,20,0.05,0.050023,0.7206,0.5284,0.000458
LYRA,2024-05-06,70,13,5.384615,5.373333,107.8097,8.1497,0.002097
MACIW,2025-01-21,7,10,0.7,0.717391,0.9194,0.5714,0.024541
MAGA,2024-03-25,31,21,1.47619,1.477868,1.7755,0.6939,0.001136
MAGS,2023-11-09,1,8,0.125,0.12452,0.03,0.1205,0.003849
MARK,2022-12-22,9,100,0.09,0.090278,0.2192,0.2613,0.003082
MASK,2026-03-16,3,70,0.042857,0.042263,1.0477,0.896,0.01396
MBAI,2026-08-13,4,27,0.148148,0.147321,0.7406,0.3326,0.005596
MBI,2023-12-26,19,9,2.111111,2.112613,3.0516,1.0876,0.000711
MBIO,2023-04-04,7,100,0.07,0.069937,0.5985,0.7134,0.000895
MBIO,2025-01-16,1,50,0.02,0.020435,0.0324,0.0231,0.021506
MBRX,2024-03-22,5,64,0.078125,0.079016,0.8391,0.5436,0.011342
MBRX,2025-12-01,1,24,0.041667,0.041538,0.631,0.2484,0.003082
MCAA,2024-06-12,13,8,1.625,1.627846,2.271,0.8991,0.00175
MCACR,2022-08-24,32,65,0.492308,0.495455,0.2029,0.2459,0.006372
MCAER,2022-06-10,2,3,0.666667,0.666667,0.4641,0.6329,0.0
MCAFR,2023-03-10,3,2,1.5,1.494477,0.7748,0.678,0.003689
MCAFR,2024-02-23,10,7,1.428571,1.427784,0.7691,0.9199,0.000551
MCGAW,2026-03-04,32,23,1.391304,1.390244,1.0637,0.8719,0.000762
MCHP,2021-10-13,2,1,2.0,1.979893,2.0784,1.1085,0.010104
MCLDW,2022-07-15,20,13,1.538462,1.54,1.4957,1.1368,0.001
MCRB,2025-04-22,1,20,0.05,0.050432,0.2272,0.1095,0.008611
MCVT,2026-03-25,9,35,0.257143,0.2556,0.0001,0.0088,0.006018
MDCXW,2026-04-28,11,28,0.392857,0.393827,0.3043,0.0158,0.002466
MDCXW,2026-07-31,20,31,0.645161,0.645833,0.3488,0.6105,0.001041
MDGSW,2022-06-29,14,25,0.56,0.560909,0.5946,0.6378,0.001622
MDVL,2023-08-01,1,50,0.02,0.021277,1.2737,0.3807,0.061875
MDWD,2022-12-20,1,7,0.142857,0.143939,0.8164,0.6357,0.007547
ME,2024-10-16,2,35,0.057143,0.057532,0.1611,0.1477,0.006785
MEGL,2025-02-18,2,7,0.285714,0.285086,2.0942,0.9159,0.002202
MEIP,2023-04-17,1,19,0.052632,0.052196,0.1359,0.0863,0.008317
MESO,2024-01-10,10,19,0.526316,0.527638,0.4066,0.3897,0.002509
METX,2023-08-24,1,18,0.055556,0.055344,1.4476,0.5237,0.003811
MEXX,2023-08-28,65,14,4.642857,4.651834,1.0769,10.5128,0.001932
MFA,2022-04-05,17,65,0.261538,0.261794,0.9455,0.8205,0.000977
MFI,2025-07-10,13,80,0.1625,0.162072,0.1988,0.2588,0.002635
MGK,2026-04-21,5,1,5.0,5.052737,5.9222,9.2634,0.010492
MGOL,2024-07-18,9,80,0.1125,0.112434,0.6115,0.4971,0.00059
MGRX,2024-10-16,1,14,0.071429,0.072314,0.1733,0.2814,0.01232
MHUA,2025-11-24,1,100,0.01,0.010169,0.1192,0.0674,0.01676
MI,2024-04-12,1,35,0.028571,0.02729,2.537,0.2185,0.045897
MI,2026-05-18,1,80,0.0125,0.012299,1.1252,0.0541,0.016217
MIC,2021-10-08,80,7,11.428571,11.420168,22.3384,1.1333,0.000736
MIC,2026-06-26,12,65,0.184615,0.184435,0.005,0.0219,0.000975
MIGI,2023-02-09,5,31,0.16129,0.161047,0.1626,0.1922,0.001513
MIGI,2025-11-21,3,65,0.046154,0.046218,0.3918,0.3942,0.001382
MIMI,2026-05-06,1,10,0.1,0.099886,0.5638,0.7738,0.001137
MIMO+A,2022-06-13,18,1,18.0,18.181818,0.1429,4.2857,0.01005
MIMO+B,2022-08-30,23,80,0.2875,0.288732,0.1905,0.254,0.004277
MIND,2023-10-16,2,19,0.105263,0.105324,2.9112,0.3109,0.000579
MINM,2025-06-02,29,70,0.414286,0.414516,20.2213,0.7634,0.000556
MITAW,2022-03-15,2,3,0.666667,0.665333,0.5383,0.7769,0.002003
MJ,2025-02-21,1,12,0.083333,0.084005,0.3395,0.3987,0.008026
MKDW,2026-01-26,1,32,0.03125,0.031691,0.2548,0.3654,0.014012
MKFG+,2023-03-21,20,13,1.538462,1.538462,1.6457,1.1429,0.0
MKLYR,2025-10-10,27,65,0.415385,0.415205,0.1625,0.5298,0.000433
MKTW,2025-04-03,1,19,0.052632,0.05383,0.163,0.1034,0.022519
ML,2023-04-25,1,29,0.034483,0.03418,1.8917,0.3925,0.008828
MLEC,2025-05-14,1,10,0.1,0.101613,0.281,0.0725,0.016
MLEC,2026-01-05,1,14,0.071429,0.071566,0.7735,0.2617,0.001926
MLGO,2024-03-22,7,65,0.107692,0.1075,4.7342,0.8035,0.001787
MLGO,2024-12-13,2,31,0.064516,0.064455,0.7561,0.1445,0.000948
MLGO,2025-07-18,1,25,0.04,0.040034,0.1207,0.0658,0.000846
MLTX,2025-09-29,29,6,4.833333,4.846154,55.7956,12.978,0.002649
MNDR,2025-03-10,11,65,0.169231,0.16913,0.4293,0.1189,0.000593
MNDR,2026-06-29,4,23,0.173913,0.173639,2.1743,0.3597,0.001576
MNMD,2022-08-29,2,27,0.074074,0.074234,0.0918,0.1355,0.002158
MNPR,2024-08-13,14,65,0.215385,0.215534,1.1338,0.2965,0.000693
MNST,2023-03-28,2,1,2.0,1.971805,1.3948,2.0224,0.014198
MNST,2026-08-11,31,16,1.9375,1.965176,1.6777,1.6296,0.014183
MNTN+,2022-04-27,16,23,0.695652,0.695652,0.8571,0.381,0.0
MNTS,2023-08-24,1,50,0.02,0.021641,0.5935,0.1767,0.078863
MNTS,2024-12-13,1,15,0.066667,0.066107,0.3016,0.9587,0.008428
MNTS,2025-12-18,1,18,0.055556,0.055678,0.1687,0.2842,0.002199
MOBBW,2023-05-25,17,28,0.607143,0.607049,0.9327,0.6009,0.000155
MOBQW,2022-03-01,10,23,0.434783,0.434846,0.08,0.3314,0.000145
MOBX,2026-04-07,3,31,0.096774,0.097514,0.3772,0.1561,0.007617
MODD,2026-03-31,1,30,0.033333,0.033729,0.6055,0.0664,0.011805
MOGO,2023-08-10,13,30,0.433333,0.433765,16.7775,0.7764,0.000995
MOGO,2023-08-14,12,31,0.387097,0.38674,1.83,0.4641,0.000921
MOGU,2022-03-28,2,23,0.086957,0.087043,0.1423,0.1396,0.000997
MOTS,2022-07-26,1,22,0.045455,0.045303,1.0583,0.4211,0.003332
MOTS,2023-11-02,2,27,0.074074,0.073546,0.0799,0.0571,0.007158
MOVE,2025-10-10,2,21,0.095238,0.095522,1.5025,0.2431,0.002981
MPACR,2022-03-28,8,13,0.615385,0.617139,0.5456,0.4517,0.002847
MPACR,2022-05-12,19,13,1.461538,1.46135,1.4828,1.4836,0.000129
MPACR,2022-07-01,20,11,1.818182,1.818182,2.454,1.6687,0.0
MPACR,2022-12-05,13,9,1.444444,1.446343,1.2927,1.1415,0.001314
MPL,2026-03-20,10,29,0.344828,0.344394,0.1743,0.1611,0.001259
MPLN,2024-09-23,1,35,0.028571,0.027614,0.4098,0.1673,0.034074
MPLN+,2022-08-30,10,7,1.428571,1.431373,0.6667,1.9333,0.001959
MQ,2026-07-01,16,65,0.246154,0.247549,0.2914,0.3585,0.005652
MRAL,2026-05-01,3,29,0.103448,0.102804,0.1008,0.1135,0.00625
MRBK,2023-03-21,23,12,1.916667,1.913448,1.3778,2.1607,0.001681
MREO,2025-12-29,20,3,6.666667,6.6,38.5487,11.0513,0.01005
MRIN,2024-04-15,5,29,0.172414,0.172727,1.5044,0.7039,0.001817
MRKR,2023-01-27,3,32,0.09375,0.094425,0.2728,0.3901,0.007174
MRNY,2025-12-01,3,29,0.103448,0.102529,0.7658,0.0668,0.008926
MRSN,2025-07-28,1,25,0.04,0.040789,0.1481,0.1514,0.019545
MSAI,2026-04-13,1,35,0.028571,0.026897,0.1128,0.0841,0.060409
MSOX,2024-11-26,1,20,0.05,0.04936,0.2588,0.1559,0.012877
MSPR,2024-12-09,13,29,0.448276,0.447531,1.9965,0.8433,0.001663
MSS,2026-04-24,3,31,0.096774,0.096891,0.4982,0.2725,0.001204
MST,2025-12-09,9,35,0.257143,0.254079,0.3112,0.2521,0.011986
MST,2026-03-23,13,80,0.1625,0.162075,0.2067,0.0621,0.002617
MSTP,2026-05-01,1,21,0.047619,0.04852,0.0351,0.0041,0.018748
MSTR,2024-08-08,19,2,9.5,9.43024,8.4419,6.2674,0.00737
MSTU,2024-12-16,100,11,9.090909,9.054414,7.1456,8.0698,0.004023
MSTU,2025-12-03,3,31,0.096774,0.097222,0.1572,0.1161,0.004619
MSTU,2026-08-24,3,29,0.103448,0.103524,0.3037,0.1006,0.000734
MSTX,2026-03-19,3,28,0.107143,0.107234,0.1172,0.102,0.000851
MSTY,2025-12-08,1,5,0.2,0.197625,0.2762,0.1867,0.011946
MSTZ,2024-12-16,2,35,0.057143,0.056465,0.1315,0.0368,0.011932
MTC,2022-07-13,6,65,0.092308,0.092832,0.6518,0.2529,0.005662
MTC,2024-12-18,1,8,0.125,0.12642,0.6544,0.2156,0.0113
MTEM,2023-08-14,7,100,0.07,0.070446,0.1134,0.1121,0.006351
MTP,2022-09-26,1,4,0.25,0.253133,0.2735,0.1458,0.012454
MTUL,2024-09-26,2,7,0.285714,0.285552,0.0217,0.7174,0.000569
MTYY,2026-06-02,5,28,0.178571,0.1779,0.2703,0.1019,0.003767
MUD,2026-03-10,1,10,0.1,0.099,0.038,0.0375,0.01005
MULL,2026-06-26,26,1,26.0,25.594771,24.7122,30.1077,0.015708
MULN,2023-08-11,1,10,0.1,0.101273,0.1488,0.3307,0.012647
MULN,2024-09-17,1,100,0.01,0.010435,0.0543,0.0578,0.04256
MULN,2025-02-18,1,50,0.02,0.017818,0.0747,0.2082,0.115513
MUU,2026-07-15,20,1,20.0,19.816913,17.0663,18.2246,0.009197
MUX,2022-07-28,3,29,0.103448,0.102145,0.2853,0.2046,0.01268
MVIS,2026-08-03,2,31,0.064516,0.064634,0.3651,0.2683,0.001828
MVSTW,2025-10-16,40,27,1.481481,1.483333,1.6287,0.9526,0.001249
MWG,2026-02-23,3,29,0.103448,0.101778,0.1282,0.0357,0.01628
MYGN,2023-04-04,7,10,0.7,0.709745,0.7185,0.8948,0.013825
MYMD,2024-02-15,1,29,0.034483,0.035027,0.1356,0.0648,0.015673
MYNZ,2024-12-03,1,40,0.025,0.025641,0.075,0.0417,0.025318
MYSZ,2022-12-09,3,70,0.042857,0.042975,5.0503,0.8133,0.002746
MYSZ,2024-04-23,4,27,0.148148,0.148541,3.5847,0.8453,0.002649
NAAS,2024-06-13,1,19,0.052632,0.051724,0.153,0.126,0.017392
NAKA,2026-05-22,1,35,0.028571,0.026867,0.203,0.515,0.061513
NAKD,2021-12-22,2,29,0.068966,0.068732,0.3949,0.3815,0.003392
NAMI,2026-06-25,1,28,0.035714,0.036018,0.3115,0.066,0.008473
NAOV,2025-08-12,1,10,0.1,0.098768,0.5829,0.3508,0.012398
NBIZ,2026-06-03,2,19,0.105263,0.104545,0.133,0.157,0.006842
NBIZ,2026-07-21,11,31,0.354839,0.354375,0.4007,0.5369,0.001308
NBRV,2022-09-16,3,80,0.0375,0.037489,3.8245,0.556,0.000289
NBSTW,2022-03-04,5,8,0.625,0.625329,0.4363,0.6108,0.000526
NBSTW,2022-04-06,11,17,0.647059,0.64642,0.9337,0.4908,0.000988
NBSTW,2023-06-07,7,10,0.7,0.70035,0.8276,0.3448,0.0005
NBY,2026-02-23,13,70,0.185714,0.185489,0.8449,0.4701,0.001214
NCACW,2022-03-17,5,12,0.416667,0.41717,0.9565,0.1739,0.001208
NCACW,2022-06-27,5,3,1.666667,1.666667,0.8408,1.676,0.0
NCEW,2025-11-14,2,15,0.133333,0.131961,0.7121,0.1114,0.010347
NCL,2025-10-08,1,8,0.125,0.125877,0.5313,0.0969,0.006991
NCNA,2024-04-16,3,65,0.046154,0.046204,0.4797,0.4549,0.001094
NCT,2026-04-02,3,80,0.0375,0.037879,3.4218,0.3291,0.01005
NCTY,2023-10-02,9,70,0.128571,0.127061,0.9036,0.909,0.011818
NCV,2025-02-10,1,4,0.25,0.253381,1.0086,0.5875,0.013433
NCZ,2025-02-10,1,4,0.25,0.25,0.1271,0.5409,0.0
NDAQ,2022-08-29,11,4,2.75,2.739394,2.7489,3.1304,0.003864
NDLS,2026-02-18,3,22,0.136364,0.136146,0.9332,0.3139,0.001601
NDRA,2022-12-09,1,17,0.058824,0.058489,0.363,0.5402,0.005708
NDRA,2024-11-07,1,35,0.028571,0.026872,0.1433,0.04,0.061304
NEBX,2026-06-03,80,27,2.962963,2.9802,2.0235,4.2451,0.005801
NEGG,2025-04-07,1,20,0.05,0.050839,0.2854,0.1722,0.016632
NEOVW,2023-07-11,28,65,0.430769,0.430952,1.4309,0.837,0.000424
NEOVW,2024-02-27,3,2,1.5,1.496674,1.2696,0.9857,0.00222
NEPT,2022-06-13,1,23,0.043478,0.044304,0.193,0.1137,0.018822
NEPT,2023-09-08,1,40,0.025,0.024051,0.2858,0.194,0.038715
NESR,2024-10-22,7,27,0.259259,0.259113,0.8986,0.2393,0.000563
NESRW,2022-06-15,7,10,0.7,0.717643,0.7877,0.6564,0.024892
NESRW,2022-06-29,7,10,0.7,0.71447,0.9899,0.8732,0.02046
NETC+,2023-02-14,13,35,0.371429,0.371747,18.4956,0.6667,0.000858
NEW,2022-01-31,3,25,0.12,0.120127,0.2723,0.4406,0.001054
NEXI,2023-10-19,1,24,0.041667,0.041685,0.7083,0.1934,0.000443
NFLX,2025-11-17,10,1,10.0,9.929659,6.8848,12.5404,0.007059
NFYS,2024-03-25,3,2,1.5,1.494382,1.6967,1.1144,0.003752
NGC+,2022-08-18,13,28,0.464286,0.464809,0.7968,0.9562,0.001126
NGC+,2022-08-24,7,10,0.7,0.701152,0.9562,0.9562,0.001645
NHICW,2022-07-12,20,29,0.689655,0.689655,0.3992,0.7146,0.0
NINE,2026-03-31,1,50,0.02,0.021644,0.2179,0.0965,0.078999
NIPG,2026-07-06,1,30,0.033333,0.033333,0.2634,0.1066,0.0
NISN,2023-05-18,1,10,0.1,0.099978,0.5207,0.339,0.000217
NITO,2025-09-22,1,35,0.028571,0.027237,0.1686,0.7722,0.047818
NIVF,2025-02-11,1,21,0.047619,0.048291,0.4635,0.5749,0.014004
NIVF,2025-08-04,3,16,0.1875,0.187349,6.3519,0.4257,0.000807
NIVF,2025-12-01,1,5,0.2,0.200994,1.7162,0.9517,0.004958
NIVF,2026-03-16,1,5,0.2,0.19864,1.544,0.7488,0.006821
NIVF,2026-07-06,7,20,0.35,0.349231,3.5241,0.5391,0.0022
NKLA,2024-06-25,1,27,0.037037,0.036428,0.1457,0.3172,0.016586
NKTR,2025-06-09,2,31,0.064516,0.06412,0.708,0.4818,0.00616
NLSP,2024-09-27,1,40,0.025,0.023514,0.5704,0.0857,0.061279
NLSPW,2022-06-17,2,3,0.666667,0.66963,0.4472,0.4657,0.004435
NLY,2022-09-26,1,4,0.25,0.25,0.5347,0.4278,0.0
NMTC,2026-04-16,17,100,0.17,0.170138,0.299,0.234,0.000811
NMTR,2022-10-18,1,18,0.055556,0.055043,0.473,0.2547,0.009265
NOACW,2022-02-24,29,16,1.8125,1.8125,1.6083,1.1028,0.0
NOBL,2026-05-28,2,1,2.0,2.007067,1.4959,2.0557,0.003527
NOEMR,2025-04-29,13,30,0.433333,0.433185,0.0168,0.3697,0.000342
NORW,2021-11-01,8,17,0.470588,0.471275,0.1019,0.3073,0.001458
NOTE,2025-09-02,3,35,0.085714,0.084535,0.9912,0.565,0.013848
NOVVR,2022-03-04,11,27,0.407407,0.407143,0.2325,0.6055,0.00065
NOW,2025-12-18,64,13,4.923077,4.95443,10.5125,9.0853,0.006348
NRBO,2023-12-21,4,29,0.137931,0.13785,0.4031,0.6514,0.000589
NRDY,2026-08-19,2,31,0.064516,0.064886,0.0824,0.0642,0.005714
NRDY+,2022-06-02,32,65,0.492308,0.488368,0.0011,0.2596,0.008035
NRGD,2022-04-11,1,50,0.02,0.0199,0.7646,0.044,0.005013
NRGD,2022-12-02,1,10,0.1,0.099726,0.1016,0.078,0.002743
NRSNW,2022-01-25,18,11,1.636364,1.638807,2.485,0.8283,0.001492
NRSNW,2022-11-22,7,10,0.7,0.7,0.5174,0.8071,0.0
NRSNW,2023-10-05,16,11,1.454545,1.454545,1.5686,1.3662,0.0
NRXP,2024-04-02,7,64,0.109375,0.108661,0.2297,0.2782,0.006549
NRXPW,2022-10-24,40,27,1.481481,1.484254,2.1667,0.76,0.00187
NSTD+,2022-04-21,7,10,0.7,0.703215,0.3306,0.6612,0.004582
NSTD+,2022-08-25,64,31,2.064516,2.063809,1.2,2.0,0.000343
NTEST,2024-06-26,28,17,1.647059,1.645342,1.1905,0.9048,0.001043
NTRBW,2026-07-31,7,5,1.4,1.4,1.0675,0.842,0.0
NTWOW,2025-05-19,13,21,0.619048,0.617544,0.301,0.5132,0.002432
NTWOW,2026-02-20,7,10,0.7,0.705882,0.8247,0.8219,0.008368
NUKK,2024-10-24,3,25,0.12,0.121212,8.9888,0.3492,0.01005
NURO,2023-11-22,3,23,0.130435,0.130618,0.3341,0.3707,0.001404
NUTX,2024-07-03,3,29,0.103448,0.10302,0.1606,0.4852,0.004153
NUVB+,2022-08-01,26,17,1.529412,1.528462,2.0,2.0,0.000621
NUVB+,2024-07-11,2,3,0.666667,0.665027,0.5393,0.8989,0.002462
NUVB+,2024-12-30,7,5,1.4,1.39944,0.6667,1.3333,0.0004
NUVB+,2025-12-01,7,5,1.4,1.4,1.5773,0.6667,0.0
NUVB+,2025-12-19,7,10,0.7,0.714286,0.3565,0.7166,0.020203
NUWE,2022-12-12,1,100,0.01,0.009635,0.024,0.019,0.03714
NUWE,2024-06-28,1,32,0.03125,0.031624,0.7258,0.2369,0.011888
NUWE,2025-07-07,1,40,0.025,0.024319,0.0828,0.0915,0.027617
NUZE,2022-12-29,1,35,0.028571,0.0282,0.2959,0.4747,0.013085
NVA,2025-10-29,5,1,5.0,4.98527,3.4005,3.0669,0.00295
NVCN,2022-04-29,1,24,0.041667,0.041443,1.4766,0.3258,0.005386
NVCT,2024-04-17,40,27,1.481481,1.483051,1.3274,1.2152,0.001059
NVD,2024-11-04,1,25,0.04,0.04,0.2847,0.1836,0.0
NVDA,2024-06-10,10,1,10.0,9.994209,5.941,6.3032,0.000579
NVDD,2025-09-29,1,10,0.1,0.101082,0.0968,0.1859,0.010763
NVDL,2024-03-13,6,1,6.0,5.959556,4.1683,4.807,0.006764
NVDL,2026-06-26,80,27,2.962963,2.977297,1.9837,3.018,0.004826
NVDQ,2024-07-16,1,3,0.333333,0.331512,0.2938,0.5447,0.005479
NVDS,2024-04-03,5,23,0.217391,0.216667,0.0952,0.2333,0.003339
NVDS,2025-10-21,1,3,0.333333,0.332745,0.0152,0.0513,0.001765
NVDX,2024-07-16,10,1,10.0,9.947572,2.4635,7.7657,0.005257
NVEE,2024-10-11,4,1,4.0,3.990862,4.0941,3.1435,0.002287
NVIV,2022-04-27,1,22,0.045455,0.045635,0.2678,0.1251,0.00396
NVNI,2025-10-06,3,32,0.09375,0.09375,0.1084,0.0698,0.0
NVNO,2026-01-20,1,35,0.028571,0.026851,0.2282,0.2406,0.062088
NVNOW,2022-03-10,3,2,1.5,1.499167,0.8677,1.7354,0.000555
NVO,2023-09-20,2,1,2.0,2.002775,2.6614,1.0526,0.001387
NVOS,2023-11-07,3,29,0.103448,0.101833,0.5459,0.3057,0.015734
NVOX,2025-12-09,9,70,0.128571,0.128052,0.0204,0.0776,0.004047
NVVE,2025-12-15,1,40,0.025,0.024409,0.1272,0.0665,0.023912
NVX,2026-08-27,1,10,0.1,0.098889,0.339,0.6738,0.011173
NXGLW,2023-03-14,13,7,1.857143,1.861233,1.4028,0.9684,0.0022
NXLIW,2024-08-16,29,19,1.526316,1.525553,0.9025,2.1652,0.0005
NXLIW,2025-03-10,11,17,0.647059,0.647059,0.3951,0.5429,0.0
NXPL,2026-04-13,1,10,0.1,0.099495,0.2366,0.1861,0.005065
NXPLW,2022-06-06,17,40,0.425,0.424637,0.0595,0.6766,0.000855
NXPLW,2022-06-22,21,80,0.2625,0.262295,0.164,0.205,0.000781
NXPLW,2025-06-17,25,16,1.5625,1.5625,1.1525,2.0904,0.0
NXTC,2025-07-14,9,100,0.09,0.089749,0.6362,0.2934,0.002787
NXTD,2021-10-18,1,10,0.1,0.100829,0.5146,0.1824,0.008253
NXTP,2023-01-06,1,18,0.055556,0.055263,0.3462,0.5331,0.005277
NXU,2023-05-15,70,3,23.333333,23.529412,38.0602,1.3867,0.008368
NXU,2025-03-31,1,19,0.052632,0.053763,0.1035,0.1375,0.021277
NYC,2023-01-12,1,8,0.125,0.124269,0.6957,0.1315,0.005865
NYMT,2023-03-09,9,35,0.257143,0.256111,0.787,0.8223,0.004023
OABIW,2025-05-30,2,3,0.666667,0.666667,0.4636,0.4727,0.0
OABIW,2025-06-30,5,3,1.666667,1.675332,1.4698,0.9302,0.005186
OARK,2025-12-02,1,5,0.2,0.197895,0.0016,0.016,0.010582
OBLG,2023-01-04,2,25,0.08,0.081064,7.6458,0.2319,0.01321
OBSV,2022-07-27,26,5,5.2,5.193548,46.5118,14.8778,0.001241
OBT,2025-01-13,20,11,1.818182,1.818276,1.3514,1.819,5.2e-05
OCFT,2022-12-12,3,29,0.103448,0.103008,0.2614,0.2695,0.004264
OCG,2023-10-18,9,32,0.28125,0.283019,1.4915,0.2442,0.00627
OCG,2026-04-27,7,23,0.304348,0.305871,18.0829,0.5971,0.004991
OCTO,2024-08-16,6,31,0.193548,0.194375,2.3834,0.5455,0.004262
OCX,2023-07-25,1,23,0.043478,0.043499,0.3251,0.3367,0.000473
ODC,2025-01-06,19,10,1.9,1.900647,1.4088,1.6444,0.00034
ODVWW,2023-07-05,32,1,32.0,31.657377,18.2,914.2,0.010765
ODVWZ,2023-11-22,15,28,0.535714,0.534591,0.7492,0.4906,0.002099
OESX,2025-08-22,3,28,0.107143,0.106973,0.9279,0.6907,0.001589
OFAL,2026-07-31,3,29,0.103448,0.102136,0.2637,0.3169,0.012767
OGEN,2023-01-23,1,50,0.02,0.018134,0.6074,0.0407,0.097942
OGI,2023-07-07,21,80,0.2625,0.262416,0.4231,0.8384,0.00032
OILD,2022-12-02,1,10,0.1,0.09843,0.0927,0.1713,0.015822
OILD,2026-02-24,1,10,0.1,0.099363,0.0501,0.1677,0.00639
OKLS,2026-03-23,1,3,0.333333,0.3348,0.0746,0.127,0.004391
OLB,2024-05-06,3,32,0.09375,0.094179,0.8925,0.5537,0.004563
OLMA,2025-04-11,7,10,0.7,0.698,0.822,0.5794,0.002861
OLOX,2026-05-08,3,29,0.103448,0.103184,1.7439,0.3602,0.002559
OM,2025-03-20,1,14,0.071429,0.070925,0.8138,0.3091,0.007069
OMH,2025-03-10,1,10,0.1,0.101606,0.589,0.2467,0.015937
OMIC,2024-06-26,1,30,0.033333,0.033054,0.2559,0.3087,0.008408
ONCS,2022-11-09,3,50,0.06,0.06,0.2615,0.7413,0.0
ONCT,2024-01-08,1,20,0.05,0.05105,0.1124,0.066,0.020776
ONE,2022-01-24,1,21,0.047619,0.047826,0.2089,0.0076,0.004338
ONON,2022-09-29,16,31,0.516129,0.513998,0.7094,0.7429,0.004138
ONTX,2026-06-25,2,65,0.030769,0.030705,0.0568,0.076,0.002081
ONVO,2025-03-21,2,23,0.086957,0.086667,1.6736,0.2922,0.003339
OPAD,2023-06-13,2,29,0.068966,0.068146,0.2885,0.2253,0.011957
OPAD,2026-06-09,4,35,0.114286,0.114319,0.231,0.143,0.000294
OPAD+,2022-10-03,16,11,1.454545,1.454545,0.8889,0.6667,0.0
OPEX,2026-03-10,1,3,0.333333,0.331581,0.0645,0.5092,0.005271
OPFI+,2023-12-14,7,10,0.7,0.7,0.3183,0.6765,0.0
OPGN,2023-01-05,1,19,0.052632,0.051656,0.253,0.1579,0.018705
OPGN,2024-05-20,7,64,0.109375,0.109264,0.998,0.7092,0.001019
OPTN,2024-12-31,2,31,0.064516,0.064873,0.4681,0.0923,0.005523
ORCX,2026-03-20,9,26,0.346154,0.346827,0.1086,0.1482,0.001942
ORGN,2026-03-20,1,30,0.033333,0.033435,0.2778,0.0885,0.003035
ORGS,2024-09-25,3,29,0.103448,0.1043,0.4547,0.336,0.008202
ORIAW,2022-03-14,14,27,0.518519,0.518571,0.3606,0.3019,0.000102
ORIAW,2022-09-12,3,2,1.5,1.5,0.7833,1.1111,0.0
ORIAW,2022-12-22,7,5,1.4,1.396471,1.0486,0.7999,0.002524
ORIAW,2022-12-23,7,10,0.7,0.710417,0.8748,0.7587,0.014771
ORLY,2025-06-10,100,7,14.285714,14.193956,16.5151,14.2377,0.006444
ORTX,2023-03-10,3,31,0.096774,0.097804,0.2432,0.1266,0.010589
OSAAW,2023-05-30,8,5,1.6,1.597403,1.3319,1.5538,0.001625
OSCX,2026-03-23,1,4,0.25,0.251011,0.2947,0.6601,0.004034
OST,2024-12-31,3,32,0.09375,0.093496,1.4996,0.4199,0.002714
OTAI^,2026-08-12,13,21,0.619048,0.618312,0.7763,0.7593,0.001189
OTLK,2024-03-14,1,17,0.058824,0.059137,0.3864,0.2818,0.005316
OTLY,2025-02-18,1,19,0.052632,0.051367,0.1193,0.1696,0.024322
OTMO,2023-08-04,1,15,0.066667,0.067053,1.3747,0.0984,0.005773
OTRK,2023-07-28,2,11,0.181818,0.182869,1.5366,0.514,0.005764
OTRK,2024-09-23,7,100,0.07,0.070707,6.1565,0.8602,0.010045
OUST,2023-04-21,2,23,0.086957,0.086644,0.1301,0.1771,0.003595
OUST+,2022-10-17,21,31,0.677419,0.677583,0.7017,0.4557,0.000242
OWLT,2023-07-10,2,27,0.074074,0.072985,0.3353,0.0498,0.014815
OXBRW,2025-06-24,31,19,1.631579,1.633333,1.87,1.0,0.001075
OXLC,2025-09-08,6,29,0.206897,0.205448,0.4956,0.4206,0.007024
PACI+,2022-05-24,16,31,0.516129,0.513875,0.6667,0.3333,0.004378
PAFOR,2022-06-02,27,40,0.675,0.671337,0.5024,0.5179,0.005442
PALI,2024-04-08,1,15,0.066667,0.066202,4.468,0.9201,0.006993
PALL,2026-05-18,5,1,5.0,4.990287,8.3098,2.6597,0.001944
PAQCW,2022-05-16,17,12,1.416667,1.416077,0.9827,0.6938,0.000417
PASG,2025-07-14,3,64,0.046875,0.047205,0.4113,0.3413,0.007015
PATK,2024-12-16,13,9,1.444444,1.441693,1.9317,1.9972,0.001906
PAVM,2023-12-07,1,12,0.083333,0.082752,0.308,0.157,0.007004
PAVM,2026-01-02,1,26,0.038462,0.038095,0.1723,0.199,0.009569
PAVMW,2022-01-06,9,13,0.692308,0.692135,0.7037,0.3819,0.00025
PAVS,2026-03-31,1,13,0.076923,0.077163,1.2464,0.0433,0.00312
PBL,2025-05-06,3,2,1.5,1.506909,0.7657,1.1429,0.004595
PBLA,2024-01-18,1,20,0.05,0.050576,0.314,0.8084,0.011463
PBM,2026-02-02,2,15,0.133333,0.134404,21.6728,0.4108,0.007995
PBTS,2023-09-22,9,80,0.1125,0.112487,1.9134,0.83,0.000115
PCAR,2023-02-08,3,2,1.5,1.495,1.3205,1.1485,0.003339
PCI,2025-08-07,13,32,0.40625,0.406151,0.0,0.0003,0.000244
PCLA,2026-01-26,1,29,0.034483,0.0344,0.2058,0.0974,0.002403
PCSA,2025-12-17,1,29,0.034483,0.035045,56.506,0.8646,0.016167
PCTTW,2025-12-18,10,19,0.526316,0.527778,0.6556,0.2784,0.002774
PDYNW,2025-11-05,32,21,1.52381,1.516692,1.1315,1.2812,0.004682
PEARW,2021-12-09,9,28,0.321429,0.321839,11.4314,0.2749,0.001276
PED,2026-03-13,1,21,0.047619,0.048642,0.094,0.1283,0.021251
PEGY,2024-10-17,1,50,0.02,0.02,0.3508,0.1669,0.0
PEI,2022-06-16,1,18,0.055556,0.055872,3.4315,0.6499,0.005686
PETWW,2022-12-21,25,16,1.5625,1.566667,1.2012,1.5824,0.002663
PFDRW,2022-10-28,20,13,1.538462,1.540522,1.7647,2.2353,0.001339
PFSA,2026-07-07,3,80,0.0375,0.037719,0.3379,0.2955,0.005831
PGY,2024-03-08,1,11,0.090909,0.09146,0.4948,0.4973,0.006039
PHGE,2024-08-26,3,26,0.115385,0.115299,0.5485,0.4607,0.000741
PHGE,2025-11-25,1,19,0.052632,0.053383,0.1933,0.089,0.014179
PHGE=,2023-11-27,9,14,0.642857,0.642857,0.32,0.5,0.0
PHGE=,2024-03-06,1,4,0.25,0.253247,22.3206,0.6969,0.012903
PHGE=,2024-05-09,7,5,1.4,1.397849,1.7,1.14,0.001537
PHGE=,2024-05-22,28,65,0.430769,0.430804,3.6242,0.3356,8.1e-05
PHICW,2022-03-25,21,31,0.677419,0.677083,0.8023,0.4585,0.000496
PHIO,2023-01-26,1,12,0.083333,0.08355,2.6916,0.4751,0.002597
PHUN,2024-02-27,1,50,0.02,0.022217,0.0726,0.0942,0.10512
PICC+,2022-06-15,29,65,0.446154,0.446735,0.1999,0.2399,0.001303
PIII,2025-04-14,1,50,0.02,0.02024,0.1702,0.0414,0.011944
PIPR,2026-03-24,4,1,4.0,3.974654,3.4319,2.4747,0.006357
PIRS,2024-04-23,1,80,0.0125,0.012578,0.2551,0.1115,0.006225
PIXY,2022-09-01,1,80,0.0125,0.013215,3.9263,0.8198,0.055615
PIXY,2023-10-16,1,23,0.043478,0.043854,0.0966,0.0567,0.008598
PLAG,2024-06-03,2,17,0.117647,0.117284,3.1466,0.0332,0.003091
PLTZ,2025-12-09,16,65,0.246154,0.247394,0.0799,0.2955,0.005024
PLUR,2024-04-01,8,65,0.123077,0.12335,0.2697,0.3846,0.002216
PMAX,2026-04-17,3,32,0.09375,0.093766,0.2956,0.1862,0.000173
PME,2022-12-22,7,10,0.7,0.7,1.0773,0.422,0.0
PMN,2025-11-28,1,23,0.043478,0.043219,0.189,0.0845,0.005979
PMVC+,2022-03-15,13,9,1.444444,1.445614,1.487,0.7435,0.000809
PN,2026-04-13,1,19,0.052632,0.052011,0.139,0.2929,0.011855
PNQI,2023-07-17,29,6,4.833333,4.840509,3.1854,5.5177,0.001484
POAI,2023-04-24,4,65,0.061538,0.061429,0.0495,0.1232,0.001787
POAI,2025-09-30,2,31,0.064516,0.065574,0.8156,0.3031,0.016261
POLA,2024-11-19,4,27,0.148148,0.147101,1.0218,0.3361,0.00709
POND+,2022-10-10,2,1,2.0,1.97479,2.0,1.25,0.012685
PONX,2026-07-21,13,64,0.203125,0.20306,1.3975,0.742,0.000321
POTX,2022-06-13,6,29,0.206897,0.205674,0.6026,0.3524,0.005928
POWL,2026-04-06,50,17,2.941176,2.945899,2.3636,3.3858,0.001605
POWRW,2022-06-23,32,19,1.684211,1.680851,1.0737,2.1053,0.001997
PPBT,2024-09-17,1,20,0.05,0.049813,0.4816,0.2169,0.003748
PPBT,2026-03-02,2,21,0.095238,0.095598,0.6721,0.4608,0.003774
PPEM,2026-02-20,29,20,1.45,1.450239,2.0,1.1667,0.000165
PPHPR,2022-05-11,20,29,0.689655,0.690449,0.5625,1.0063,0.00115
PPLT,2026-05-18,10,1,10.0,10.00559,7.5805,5.0807,0.000559
PPYAW,2022-04-11,27,65,0.415385,0.415742,0.0035,0.0125,0.00086
PRAX,2023-11-29,2,27,0.074074,0.073026,0.288,0.2124,0.014246
PRE,2023-11-14,1,14,0.071429,0.071525,0.9965,0.3067,0.001346
PRENW,2022-09-15,2,3,0.666667,0.662,0.804,0.8891,0.007025
PRF,2023-07-17,5,1,5.0,5.007275,7.117,5.009,0.001454
PRFX,2024-09-09,2,11,0.181818,0.181818,0.88,0.9511,0.0
PRFZ,2023-07-17,5,1,5.0,4.992386,2.4386,4.404,0.001524
PROCW,2022-03-28,23,40,0.575,0.575054,0.2681,0.4907,9.4e-05
PRPC+,2022-06-23,8,5,1.6,1.6,1.1228,0.7797,0.0
PRPL,2026-07-20,3,70,0.042857,0.04275,0.2437,0.1103,0.002512
PRPO,2023-09-22,1,19,0.052632,0.051961,0.3492,0.1243,0.012827
PRSO,2024-01-03,1,35,0.028571,0.027093,0.1199,0.0461,0.053116
PRTS,2026-05-26,3,29,0.103448,0.1037,0.2333,0.1278,0.00243
PSCE,2023-07-17,1,5,0.2,0.200694,0.1893,0.6339,0.003465
PSCT,2023-07-17,3,1,3.0,2.990649,2.7755,1.8918,0.003122
PSFE,2022-12-13,7,80,0.0875,0.087365,0.4293,0.6179,0.001548
PSFE+,2022-05-13,27,40,0.675,0.675428,0.6226,0.4504,0.000634
PSHG,2022-11-15,1,15,0.066667,0.065762,0.2889,0.2432,0.013659
PSI,2023-07-17,3,1,3.0,3.013261,2.5108,3.3088,0.004411
PSIL,2024-09-10,3,28,0.107143,0.106329,0.3214,0.2567,0.007624
PSJ,2023-07-17,80,27,2.962963,2.961812,1.9874,1.521,0.000389
PSNY,2025-12-09,1,29,0.034483,0.034061,0.1245,0.3659,0.012318
PSNYW,2025-12-09,1,19,0.052632,0.052446,0.3973,0.1779,0.003528
PSP,2023-07-17,1,5,0.2,0.200873,1.5609,0.3177,0.004357
PSQH,2026-07-13,1,15,0.066667,0.0673,0.5604,0.2847,0.009448
PSQH+,2025-09-25,40,27,1.481481,1.488806,1.3285,1.4493,0.004932
PSTV,2023-05-01,2,29,0.068966,0.067853,0.2668,0.1711,0.016257
PSTV,2026-04-02,1,24,0.041667,0.041053,0.2398,0.4362,0.014847
PT,2022-05-16,1,4,0.25,0.248619,2.7735,0.1241,0.00554
PTE,2022-05-17,1,24,0.041667,0.041353,0.2786,0.131,0.007562
PTH,2023-07-17,3,1,3.0,3.006202,1.9604,1.4057,0.002065
PTIR,2025-07-09,15,1,15.0,14.946332,7.562,12.3363,0.003584
PTIX,2023-03-23,13,40,0.325,0.325175,3.5247,0.9789,0.000538
PTIX,2025-05-05,7,100,0.07,0.070254,1.1683,0.7453,0.003622
PTLE,2026-02-27,1,70,0.014286,0.013986,0.2363,0.0608,0.02122
PTN,2022-08-31,1,24,0.041667,0.04167,0.4882,0.2452,9.2e-05
PTPI,2022-12-01,7,65,0.107692,0.108432,1.9934,0.3976,0.006849
PTWOU,2024-06-04,7,5,1.4,1.395892,1.2931,0.7222,0.002939
PULM,2022-03-01,1,19,0.052632,0.052362,0.5532,0.5671,0.005134
PW,2026-06-03,3,32,0.09375,0.093363,0.6939,0.9776,0.004133
PXDT,2024-09-26,31,80,0.3875,0.388034,2.7656,0.3566,0.001378
PXJ,2023-07-17,1,5,0.2,0.19963,0.2152,0.3082,0.00185
PXLW,2025-06-09,6,65,0.092308,0.092058,0.5589,0.4018,0.002711
PXMD,2023-10-31,3,50,0.06,0.059803,0.1473,0.1206,0.003286
PXSAW,2024-12-06,11,16,0.6875,0.687283,0.4452,0.7492,0.000316
PYPY,2025-12-08,13,64,0.203125,0.201583,0.0252,0.041,0.007621
QBTZ,2026-03-23,9,25,0.36,0.360543,0.1373,0.0955,0.001506
QH,2026-05-29,1,64,0.015625,0.015632,4.494,0.0563,0.00045
QID,2024-04-10,1,5,0.2,0.200221,1.2313,0.8402,0.001107
QK,2022-03-07,17,80,0.2125,0.213333,1.7259,0.9515,0.003914
QLD,2025-11-20,2,1,2.0,1.998995,2.6487,2.165,0.000503
QLGN,2022-11-23,4,35,0.114286,0.113907,0.5019,0.2246,0.003317
QLGN,2024-11-05,1,50,0.02,0.021681,0.0883,0.0317,0.080697
QMCO,2024-08-27,1,18,0.055556,0.054962,0.1474,0.0857,0.010748
QNCX,2026-04-13,2,23,0.086957,0.086496,0.1076,0.0974,0.005306
QNCX,2026-06-30,1,20,0.05,0.049232,0.4028,0.2201,0.015479
QNRX,2025-04-09,1,35,0.028571,0.028612,0.1636,0.0797,0.00143
QPUX,2026-03-23,27,80,0.3375,0.335418,0.1407,0.2314,0.006188
QQQY,2024-08-01,22,65,0.338462,0.338974,1.7943,0.6396,0.001514
QSEAR,2026-02-03,20,31,0.645161,0.645484,0.3243,0.2929,0.0005
QSEAR,2026-07-29,11,16,0.6875,0.686328,0.3311,0.3311,0.001706
QSU,2026-03-20,11,65,0.169231,0.168658,3.2364,0.5537,0.003392
QTEKW,2022-02-18,6,19,0.315789,0.316316,0.7375,0.2333,0.001665
QTI,2026-01-28,1,22,0.045455,0.04492,2.6552,0.2478,0.01183
QTT,2021-12-10,3,25,0.12,0.119253,0.5249,0.2059,0.006246
QUBX,2025-12-02,1,5,0.2,0.197943,0.0134,0.0641,0.010341
QVCGA,2025-05-23,1,50,0.02,0.020747,0.0665,0.0898,0.036664
RAAS,2023-03-15,12,35,0.342857,0.341463,1.2516,0.2384,0.004073
RAIN,2023-05-22,64,13,4.923077,4.92,99.3171,13.2051,0.000625
RAIN,2025-01-02,2,19,0.105263,0.105217,3.424,0.1469,0.000435
RAPT,2025-06-17,1,8,0.125,0.126691,0.298,0.4538,0.013439
RAY,2025-11-07,3,50,0.06,0.059561,0.1852,0.0595,0.007341
RAYA,2026-04-20,1,10,0.1,0.100438,0.0579,0.0782,0.004367
RBOT,2024-06-13,1,31,0.032258,0.031831,0.3787,0.2481,0.013313
RBOT+,2023-05-16,7,10,0.7,0.704634,0.4444,0.4444,0.006598
RBT,2023-09-27,2,17,0.117647,0.118222,0.1719,0.1062,0.004877
RCACW,2022-06-03,11,25,0.44,0.440176,0.2685,0.2711,0.0004
RCD,2024-12-19,26,5,5.2,5.19479,5.0107,5.9532,0.001003
RCKTW,2023-06-14,13,28,0.464286,0.464313,1.6034,0.1537,5.8e-05
RCRT,2023-08-25,2,29,0.068966,0.068627,0.2153,0.1,0.004914
RCRTW,2021-11-29,31,22,1.409091,1.407407,1.3148,1.4162,0.001195
RDACU,2026-02-10,8,21,0.380952,0.381,0.0011,0.0011,0.000125
RDHL,2023-03-23,1,40,0.025,0.025434,0.0888,0.0464,0.017192
RDHL,2024-08-20,1,25,0.04,0.040014,0.178,0.3191,0.00034
RDUS,2023-09-01,9,29,0.310345,0.310811,0.116,0.1983,0.0015
RDW+,2021-11-15,50,31,1.612903,1.613497,0.8469,1.6506,0.000368
RDY,2024-11-05,100,21,4.761905,4.770645,4.5323,3.5614,0.001834
REAX,2026-08-25,7,65,0.107692,0.108264,0.5523,0.408,0.005299
REBN,2024-01-22,13,80,0.1625,0.162362,1.9847,0.5904,0.000852
REE,2023-10-18,1,25,0.04,0.040407,0.2038,0.1926,0.010123
RELI,2023-02-23,2,27,0.074074,0.072848,0.7371,0.3386,0.016695
RELI,2024-07-01,2,21,0.095238,0.095382,0.178,0.0345,0.001514
RELIW,2022-10-12,7,5,1.4,1.398601,0.8799,0.9423,0.001
RELIW,2023-01-18,29,11,2.636364,2.637704,2.4437,2.7491,0.000508
RELL,2025-04-10,32,23,1.391304,1.39087,2.0002,1.4875,0.000312
RENN,2022-12-22,29,3,9.666667,9.714286,14.7755,1.8465,0.004914
RENT,2024-04-03,3,65,0.046154,0.04611,0.2125,0.2926,0.000961
RETL,2021-10-25,64,13,4.923077,4.937209,4.2953,3.0075,0.002867
RETO,2025-03-07,7,65,0.107692,0.107655,0.0703,0.0382,0.000348
RETO,2025-11-03,5,26,0.192308,0.19188,0.4953,0.4537,0.002227
RETO,2026-05-18,17,64,0.265625,0.265877,1.0023,0.5224,0.000947
REVB,2023-02-01,1,40,0.025,0.025855,0.1945,0.3476,0.033624
REVB,2025-01-28,2,31,0.064516,0.065531,1.0166,0.6327,0.015613
REVB,2025-07-07,23,70,0.328571,0.330435,1.3099,0.5614,0.005655
REVB,2026-01-28,5,22,0.227273,0.227818,1.0276,0.4298,0.002397
REX,2022-08-08,23,8,2.875,2.879951,2.2765,4.0136,0.001721
REX,2025-09-16,2,1,2.0,2.001963,2.3857,1.5252,0.000981
RFG,2023-07-17,5,1,5.0,5.034457,25.8286,38.5714,0.006868
RGC,2025-06-16,30,1,30.0,29.985007,352.719,138.5214,0.0005
RGLS,2022-06-29,9,70,0.128571,0.127562,0.1648,0.121,0.007878
RGS,2023-11-29,1,18,0.055556,0.055195,0.3083,0.2208,0.006515
RGTU,2025-10-21,70,23,3.043478,3.031643,1.6522,4.451,0.003896
RGTU,2026-03-10,13,40,0.325,0.326124,0.0231,0.0464,0.003452
RGTX,2025-12-09,65,16,4.0625,4.044517,3.486,4.0486,0.004436
RGTX,2026-03-19,7,26,0.269231,0.268389,0.1197,0.1619,0.003133
RHE-A,2024-02-27,7,16,0.4375,0.4375,0.0048,0.4785,0.0
RIBBR,2025-03-31,5,14,0.357143,0.357845,0.1565,0.0363,0.001965
RIBT,2022-08-26,11,100,0.11,0.109825,0.3549,0.2916,0.001596
RIDE,2023-05-24,3,40,0.075,0.075171,0.3954,0.1577,0.002272
RIGL,2024-06-27,1,10,0.1,0.101266,0.7137,0.3594,0.012579
RIOX,2026-03-19,7,20,0.35,0.351217,0.1135,0.1058,0.003471
RKLZ,2026-03-23,3,25,0.12,0.121236,0.1282,0.0535,0.010246
RLMD,2022-10-13,64,15,4.266667,4.266667,26.1635,3.8812,0.0
RLYB,2026-02-06,2,15,0.133333,0.132898,0.8864,0.0832,0.003273
RMED,2022-10-03,1,50,0.02,0.018614,0.091,0.1679,0.071799
RMTI,2022-05-13,7,50,0.14,0.140191,1.6661,0.4763,0.001364
RMTI,2026-07-01,11,100,0.11,0.109824,0.0958,0.173,0.001606
RNA,2026-02-27,13,2,6.5,6.555856,4.5343,1.1065,0.008556
RNAC,2024-04-05,1,27,0.037037,0.036646,0.5143,0.2575,0.010627
RNAZ,2023-05-23,3,64,0.046875,0.046667,2.4104,0.2905,0.004454
RNAZ,2024-12-04,1,31,0.032258,0.031771,0.3938,0.1019,0.015201
RNAZ,2025-05-15,1,30,0.033333,0.033684,0.1071,0.1256,0.010471
RNRG,2025-09-02,17,50,0.34,0.341235,3.718,0.0746,0.003627
ROIVW,2022-05-25,2,3,0.666667,0.664746,0.5726,1.0312,0.002886
ROOT,2022-08-15,1,19,0.052632,0.053235,0.3632,0.309,0.011399
ROSEW,2022-07-13,17,12,1.416667,1.416667,1.3333,0.8333,0.0
RPG,2023-07-17,5,1,5.0,5.006854,2.5525,3.5553,0.00137
RPGL,2026-05-28,1,40,0.025,0.024407,0.1315,0.0564,0.024001
RPHM,2023-12-14,80,13,6.153846,6.150794,39.4571,3.2919,0.000496
RPT,2025-12-31,9,50,0.18,0.180667,0.2265,0.1433,0.003697
RRAC+,2022-10-11,7,10,0.7,0.714286,0.75,0.375,0.020203
RSLS,2022-12-23,1,50,0.02,0.021722,0.8228,0.2306,0.082581
RSLS,2024-09-23,1,64,0.015625,0.016949,12.89,0.2297,0.081346
RSLS,2025-05-09,1,25,0.04,0.039866,0.3046,0.0452,0.003359
RSPH,2023-07-17,10,1,10.0,10.022483,33.8182,56.5227,0.002246
RSPM,2023-07-17,5,1,5.0,5.000919,4.698,3.047,0.000184
RSPN,2023-07-17,5,1,5.0,4.996857,2.4014,1.876,0.000629
RSPS,2023-07-17,5,1,5.0,5.016168,2.5618,5.0556,0.003228
RSPT,2023-07-17,10,1,10.0,9.980287,6.9681,16.5043,0.001973
RSVRW,2025-02-05,13,9,1.444444,1.442308,0.835,1.0338,0.00148
RSVRW,2026-05-06,32,23,1.391304,1.392573,0.8772,2.0351,0.000911
RTACW,2026-04-08,16,11,1.454545,1.457234,2.0339,0.7416,0.001847
RTC,2024-06-10,3,14,0.214286,0.21371,1.3898,0.7233,0.002692
RUBI,2025-12-02,2,65,0.030769,0.030579,0.0997,0.1233,0.0062
RUBI,2026-04-09,2,21,0.095238,0.095714,0.6199,0.2305,0.004988
RUBI,2026-06-26,1,27,0.037037,0.037016,0.0908,0.0262,0.000565
RVI,2021-10-29,23,5,4.6,4.611205,131.8382,5.2605,0.002433
RVMDW,2024-12-10,40,23,1.73913,1.742424,0.8173,0.852,0.001892
RVPH,2026-03-09,1,19,0.052632,0.051813,0.3753,0.2483,0.015675
RVPHW,2022-06-21,31,50,0.62,0.619797,0.7841,0.6359,0.000328
RVSN,2023-11-15,4,25,0.16,0.160057,2.2273,0.6728,0.000357
RVYL,2023-09-07,8,65,0.123077,0.123003,3.3041,0.7283,0.000599
RVYL,2023-10-27,10,7,1.428571,1.425,2.1091,1.0935,0.002503
RVYL,2026-01-02,1,32,0.03125,0.031308,0.2367,0.0727,0.001867
RYAAY,2024-09-30,29,12,2.416667,2.418026,1.8448,1.8051,0.000562
RYDE,2026-03-19,10,7,1.428571,1.426076,1.266,0.9079,0.001749
SABA,2024-06-24,1,2,0.5,0.500981,0.307,0.499,0.00196
SABS,2024-01-05,3,29,0.103448,0.103477,0.5706,0.3855,0.000276
SAIH,2025-03-17,7,100,0.07,0.069676,0.2734,0.1059,0.004637
SAITW,2022-10-05,14,25,0.56,0.559194,0.7828,0.3607,0.00144
SAITW,2023-04-26,7,25,0.28,0.279333,6.1575,0.7971,0.002384
SANW,2024-10-18,1,19,0.052632,0.053429,0.3571,0.5762,0.015029
SARK,2024-11-27,6,17,0.352941,0.352033,0.3234,0.4702,0.002578
SASI,2023-09-22,1,19,0.052632,0.052255,0.6729,0.3275,0.007188
SATX+A,2022-12-14,7,5,1.4,1.4,1.5336,1.6138,0.0
SBET,2025-05-06,9,100,0.09,0.088889,1.0669,0.6025,0.012423
SBEV+,2022-10-21,29,20,1.45,1.451613,0.8575,0.7018,0.001112
SBEV+,2022-11-16,7,10,0.7,0.70025,0.36,0.3618,0.000357
SBFM,2024-08-08,1,18,0.055556,0.056196,0.4832,0.2937,0.011456
SBFM,2026-06-01,2,21,0.095238,0.094727,0.0688,0.0629,0.005386
SBFMW,2023-02-21,31,20,1.55,1.55,1.3302,1.19,0.0
SBIT,2025-06-12,6,31,0.193548,0.193503,0.1134,0.1385,0.000235
SBM,2022-01-18,4,19,0.210526,0.210265,0.1199,0.2071,0.001244
SBS,2026-05-07,19,4,4.75,4.747851,2.2056,2.823,0.000453
SBTU,2026-08-24,2,21,0.095238,0.095068,0.0604,0.1634,0.001791
SBXD+,2026-01-30,31,70,0.442857,0.443223,0.04,0.01,0.000825
SCAQW,2022-08-25,32,21,1.52381,1.521383,0.8915,1.4859,0.001594
SCHA,2022-03-11,31,16,1.9375,1.94893,0.9334,2.0121,0.005882
SCHD,2024-10-11,3,1,3.0,2.996464,2.0497,1.5618,0.001179
SCHG,2022-03-11,31,16,1.9375,1.95435,2.6697,0.9852,0.008659
SCHG,2024-10-11,4,1,4.0,3.990534,2.7844,3.3689,0.002369
SCHI,2024-10-11,2,1,2.0,1.99978,2.0076,3.0938,0.00011
SCHJ,2024-10-11,2,1,2.0,1.997156,1.1421,0.915,0.001423
SCHK,2024-10-11,2,1,2.0,1.995683,2.5281,1.0674,0.002161
SCHX,2024-10-11,80,27,2.962963,2.963478,3.7771,2.5068,0.000174
SCLX,2025-04-15,1,35,0.028571,0.028134,0.1161,0.1878,0.015417
SCMAW,2022-06-02,31,22,1.409091,1.405,0.663,1.5691,0.002907
SCMAW,2022-07-29,5,8,0.625,0.625,0.4087,0.8173,0.0
SCMB,2024-10-11,2,1,2.0,2.0,0.9129,1.8808,0.0
SCO,2022-05-26,13,64,0.203125,0.203351,0.5735,0.6469,0.001114
SCO,2026-05-28,1,4,0.25,0.251481,0.2303,0.1747,0.005908
SCOBW,2022-06-30,26,15,1.733333,1.733333,1.5967,0.8897,0.0
SCOR,2023-12-20,1,20,0.05,0.050349,0.088,0.1244,0.006947
SCWO,2025-12-26,1,10,0.1,0.1,0.2136,0.2312,0.0
SCYX,2026-06-01,9,70,0.128571,0.128182,0.3541,0.2111,0.003035
SDACW,2022-04-29,10,7,1.428571,1.428571,1.6141,1.4741,0.0
SDACW,2022-05-05,10,7,1.428571,1.432895,1.1661,1.2711,0.003022
SDACW,2022-05-06,29,19,1.526316,1.525573,1.136,0.9929,0.000487
SDACW,2022-05-12,25,17,1.470588,1.472018,1.2109,0.8432,0.000972
SDAWW,2023-05-26,11,31,0.354839,0.354545,0.834,0.4504,0.000827
SDAWW,2023-05-31,11,28,0.392857,0.395506,4.3849,0.2388,0.006719
SDEM,2022-12-20,23,70,0.328571,0.330406,0.2544,0.5771,0.005567
SDIG,2023-05-16,2,19,0.105263,0.105181,0.3392,0.3327,0.000785
SDIV,2022-12-20,1,3,0.333333,0.335409,0.5766,0.6261,0.006207
SDOT,2024-10-18,11,100,0.11,0.109933,1.8928,0.902,0.000606
SDOT,2025-09-15,7,65,0.107692,0.107887,0.2247,0.1796,0.001805
SDOT,2026-05-27,1,20,0.05,0.050514,0.1617,0.6979,0.010222
SDOW,2024-11-07,1,4,0.25,0.250053,0.1749,0.4002,0.000211
SDS,2025-11-20,13,64,0.203125,0.202978,0.4309,0.7364,0.000724
SDST,2025-09-08,3,29,0.103448,0.103333,0.2507,0.4846,0.001112
SDSTW,2024-12-10,11,25,0.44,0.439867,5.9933,0.1697,0.000302
SEAC,2023-05-23,1,18,0.055556,0.054282,0.9818,0.1902,0.023189
SEAT,2025-08-06,1,19,0.052632,0.051948,0.8996,0.3036,0.013072
SEATW,2024-05-21,3,2,1.5,1.507937,1.9332,1.415,0.005277
SEATW,2024-08-14,21,32,0.65625,0.659855,0.4938,0.665,0.005479
SEDA+,2022-03-29,31,16,1.9375,1.9396,1.1667,1.0,0.001083
SEDA+,2022-09-30,12,7,1.714286,1.714405,1.0667,1.1667,7e-05
SEEL,2024-05-16,1,8,0.125,0.124458,0.376,0.6189,0.004343
SEEL,2024-09-27,1,17,0.058824,0.0594,2.8132,0.5197,0.009752
SEF,2024-11-07,1,4,0.25,0.248086,0.5286,0.1581,0.007685
SEGG,2026-08-03,2,13,0.153846,0.15449,0.5016,0.3309,0.004179
SENS,2025-10-20,1,20,0.05,0.051078,0.291,0.2867,0.021325
SEPAU,2024-04-04,7,5,1.4,1.404103,1.284,0.8272,0.002926
SER,2025-04-14,2,5,0.4,0.4,0.0472,0.3006,0.0
SERA,2025-09-05,9,13,0.692308,0.691176,0.8787,0.7068,0.001635
SES,2025-02-26,21,31,0.677419,0.677165,0.9694,0.9977,0.000375
SES+,2025-01-06,12,19,0.631579,0.632353,0.3628,0.3938,0.001225
SETH,2025-11-20,1,4,0.25,0.253324,0.1452,0.1892,0.013209
SEZL,2025-03-31,64,15,4.266667,4.263558,9.9669,7.2994,0.000729
SF,2026-02-27,3,2,1.5,1.503064,1.7005,0.8426,0.002041
SFBS,2026-08-21,2,1,2.0,2.006667,1.7873,1.725,0.003328
SFET,2022-11-08,3,29,0.103448,0.104306,1.2705,0.3658,0.008253
SFLO,2026-05-18,3,2,1.5,1.49811,1.474,2.0004,0.001261
SFT,2023-03-08,3,31,0.096774,0.097778,0.4401,0.2295,0.010317
SFY,2024-10-02,13,64,0.203125,0.202707,0.0828,0.2349,0.002062
SGBX,2024-05-02,3,65,0.046154,0.046473,17.7451,0.8364,0.006896
SGBX,2025-09-08,1,65,0.015385,0.015131,0.0829,0.031,0.016617
SGD,2024-10-08,1,20,0.05,0.051239,0.3304,0.3297,0.024484
SGLY,2024-02-12,7,64,0.109375,0.108825,2.016,0.4862,0.005042
SGLY,2026-07-27,7,100,0.07,0.070684,0.1651,0.4588,0.009727
SGN,2024-11-18,1,40,0.025,0.025286,0.0503,0.0057,0.011364
SGTX,2023-05-23,5,64,0.078125,0.078864,1.396,0.2968,0.009419
SH,2024-11-07,1,4,0.25,0.250828,0.2699,0.2474,0.003307
SHACW,2022-04-29,16,23,0.695652,0.694269,0.5011,0.3945,0.00199
SHFS,2025-03-24,1,20,0.05,0.048822,0.2573,0.1341,0.023851
SHIP,2023-02-16,3,29,0.103448,0.102515,0.203,0.1999,0.009067
SHNY,2026-02-24,31,3,10.333333,10.203951,5.2766,9.859,0.0126
SHOP,2022-06-29,10,1,10.0,9.919378,10.6885,6.2714,0.008095
SHOT,2026-07-17,1,25,0.04,0.040818,0.0063,0.0,0.020248
SHPH,2024-08-13,1,7,0.142857,0.144766,1.0733,0.4412,0.013276
SHPH,2025-06-16,1,27,0.037037,0.036542,0.0965,0.1679,0.013462
SHPH,2026-06-11,3,29,0.103448,0.101808,0.3443,0.5705,0.015983
SHQAW,2022-05-02,17,12,1.416667,1.417062,1.9061,1.9061,0.000279
SHQAW,2022-05-18,22,13,1.692308,1.691538,2.2447,0.8649,0.000455
SHQAW,2022-05-24,15,32,0.46875,0.468485,0.8956,0.3568,0.000566
SI,2025-07-31,2,25,0.08,0.080026,1.7582,0.3668,0.00032
SIC,2026-08-17,9,31,0.290323,0.290381,0.0139,0.0001,0.0002
SIEN,2023-01-23,1,10,0.1,0.099952,1.1307,0.5991,0.000476
SIJ,2026-05-28,31,64,0.484375,0.487818,0.6021,0.2937,0.007084
SILO,2026-06-03,7,100,0.07,0.06952,0.3352,0.1159,0.006881
SINV,2022-06-22,25,2,12.5,12.564356,141.47,4.45,0.005135
SISI,2024-11-12,23,100,0.23,0.230196,0.5937,0.1492,0.000852
SISI,2025-08-11,1,50,0.02,0.01933,0.0279,0.0132,0.034059
SITC,2024-08-19,6,25,0.24,0.240376,0.4125,0.4196,0.001564
SKGRW,2022-12-16,1,7,0.142857,0.141842,0.1846,0.1615,0.007131
SKIL,2023-10-02,1,20,0.05,0.05077,0.3815,0.2592,0.015285
SKLZ,2023-06-26,1,20,0.05,0.051115,0.1928,0.1119,0.022048
SKM,2021-12-27,27,17,1.588235,1.588601,2.14,1.8336,0.00023
SKYA,2026-05-28,28,5,5.6,5.595628,16.006,33.7488,0.000781
SKYAW,2022-03-11,10,7,1.428571,1.428163,0.8933,0.9,0.000286
SKYE,2026-08-24,3,25,0.12,0.120221,0.3249,0.2531,0.001842
SKYQ,2026-03-16,8,65,0.123077,0.122143,0.3884,0.0661,0.007618
SLAC+,2022-10-06,8,5,1.6,1.596697,1.3158,0.7895,0.002067
SLAI,2026-07-06,3,20,0.15,0.150574,0.6706,0.053,0.003822
SLAMW,2024-02-26,3,2,1.5,1.5,1.9027,2.0234,0.0
SLDB,2022-10-28,2,27,0.074074,0.072835,0.9245,0.1772,0.016868
SLDPW,2022-12-22,10,7,1.428571,1.429574,1.0544,1.5831,0.000702
SLDPW,2026-01-02,13,20,0.65,0.649358,0.4929,0.7052,0.000988
SLE,2025-06-23,1,40,0.025,0.025943,0.1044,0.0336,0.037041
SLE,2026-01-23,1,12,0.083333,0.084263,38.1541,0.6422,0.011095
SLGCW,2022-09-13,24,17,1.411765,1.412574,1.2723,1.0988,0.000573
SLGL,2025-05-05,3,29,0.103448,0.104286,1.7736,0.5164,0.008063
SLMT,2026-05-14,2,21,0.095238,0.095159,1.4468,0.6949,0.000835
SLNH,2023-10-16,1,21,0.047619,0.048,0.2421,0.2579,0.007968
SLNO,2022-08-26,3,40,0.075,0.074906,0.8842,0.239,0.001259
SLON,2026-05-28,6,29,0.206897,0.20614,0.0206,0.2646,0.003662
SLRX,2025-08-18,2,29,0.068966,0.0692,0.6587,0.1118,0.003394
SLVO,2022-09-27,1,20,0.05,0.049867,0.234,0.2199,0.00267
SLVRW,2023-01-30,30,19,1.578947,1.577143,1.4094,0.9906,0.001144
SLVRW,2023-02-10,11,7,1.571429,1.573463,0.7933,1.5346,0.001294
SLXN,2024-10-03,40,27,1.481481,1.484421,1.0338,1.495,0.001982
SLXN,2024-11-29,3,25,0.12,0.121387,0.4273,0.2201,0.011488
SLXN,2026-05-29,3,31,0.096774,0.097338,0.1253,0.0918,0.005809
SMAP,2024-10-24,5,17,0.294118,0.294306,0.0187,0.0187,0.000641
SMCC,2026-06-30,17,70,0.242857,0.24424,0.1331,0.0101,0.005676
SMCI,2024-10-01,10,1,10.0,9.876898,6.3717,6.4175,0.012387
SMCL,2026-05-01,1,20,0.05,0.049606,0.0774,0.0173,0.007909
SMCX,2024-11-18,4,65,0.061538,0.06133,0.3683,0.4226,0.0034
SMCZ,2025-12-09,8,65,0.123077,0.123155,0.0279,0.0256,0.000634
SMFL,2024-04-22,2,15,0.133333,0.132964,5.1212,0.3539,0.002774
SMFRW,2022-06-14,28,17,1.647059,1.655157,1.6325,0.9855,0.004905
SMFRW,2022-09-06,31,22,1.409091,1.405263,1.0887,1.6833,0.00272
SMH,2023-05-05,2,1,2.0,1.989465,1.4963,1.4652,0.005281
SMIHW,2022-05-11,8,5,1.6,1.596962,0.9175,1.4016,0.001901
SMSI,2024-04-11,3,22,0.136364,0.136784,0.7033,0.2644,0.003079
SMST,2025-05-23,3,64,0.046875,0.047187,0.0808,0.1324,0.006633
SMTK,2026-08-21,1,50,0.02,0.019747,0.1448,0.1734,0.012727
SMU,2025-12-02,1,5,0.2,0.199894,0.0458,0.146,0.000532
SMU,2026-03-10,21,64,0.328125,0.327473,0.459,0.2748,0.00199
SMUP,2026-04-08,1,30,0.033333,0.033649,0.1054,0.1313,0.009419
SMX,2023-08-21,1,22,0.045455,0.045625,0.1314,0.0617,0.003743
SMX,2025-01-15,1,24,0.041667,0.041667,0.0449,0.0926,0.0
SMX,2025-08-07,3,19,0.157895,0.158487,0.1538,0.2026,0.003746
SMX,2025-10-23,3,31,0.096774,0.096693,0.296,0.6631,0.000837
SMX,2025-11-18,1,8,0.125,0.125,0.4678,0.3428,0.0
SMX,2026-02-17,6,29,0.206897,0.205905,0.131,0.1004,0.004806
SMX,2026-05-11,1,19,0.052632,0.051504,0.1478,0.1403,0.021655
SMX,2026-06-01,28,65,0.430769,0.430798,0.2874,0.4203,6.7e-05
SMXT,2026-08-13,1,12,0.083333,0.082073,0.3155,0.2296,0.015234
SNCE,2023-12-08,1,19,0.052632,0.051689,0.3882,0.1882,0.018073
SNCR,2023-12-11,3,25,0.12,0.119048,0.5931,0.6449,0.007968
SNDQ,2026-07-21,4,35,0.114286,0.113603,0.1747,0.1124,0.005989
SNES,2022-11-16,3,19,0.157895,0.15812,4.3066,0.6116,0.001423
SNES,2023-11-17,9,100,0.09,0.090233,2.6479,0.2161,0.002581
SNES,2024-07-25,3,32,0.09375,0.094092,2.5311,0.9875,0.00364
SNEX,2023-11-27,40,27,1.481481,1.486948,1.3155,1.902,0.003683
SNGX,2024-06-06,2,27,0.074074,0.074187,0.606,0.4078,0.001518
SNOA,2024-08-30,1,19,0.052632,0.053586,0.2205,0.0675,0.017975
SNPX,2024-04-05,1,21,0.047619,0.048554,0.4614,0.3796,0.019448
SNPX,2025-11-13,7,22,0.318182,0.318033,0.002,0.0018,0.000468
SNSE,2025-06-17,1,19,0.052632,0.053891,0.1737,0.2227,0.02364
SNTG,2022-08-11,3,13,0.230769,0.231755,2.4126,0.8831,0.004262
SNTI,2024-07-18,7,64,0.109375,0.109457,0.2016,0.1927,0.000753
SNXX,2026-06-03,8,1,8.0,7.954961,6.9179,7.8598,0.005646
SOAR,2025-02-24,1,21,0.047619,0.047352,0.4266,0.1407,0.005623
SOLT,2025-04-07,29,17,1.705882,1.707865,1.8999,2.4907,0.001162
SOLT,2026-02-27,1,19,0.052632,0.053408,0.0253,0.0679,0.014647
SOND,2023-09-21,1,19,0.052632,0.053582,0.2354,0.1308,0.017889
SONDW,2022-07-05,17,25,0.68,0.680272,0.455,0.911,0.0004
SONM,2021-09-16,3,28,0.107143,0.106686,0.1491,0.0765,0.004273
SONM,2024-07-18,2,19,0.105263,0.106101,0.3881,0.134,0.007926
SONM,2025-10-27,3,50,0.06,0.059483,0.2608,0.089,0.008658
SONN,2023-09-01,1,25,0.04,0.040594,0.4309,0.0822,0.014742
SONN,2024-09-30,9,70,0.128571,0.128087,0.7851,0.3583,0.003778
SONY,2024-10-09,5,1,5.0,5.01847,3.4101,3.123,0.003687
SORNW,2026-07-30,3,2,1.5,1.498688,1.4977,1.8779,0.000875
SOS,2022-07-06,1,50,0.02,0.022266,0.0873,0.0477,0.107335
SOS,2024-11-19,2,27,0.074074,0.074074,0.202,0.151,0.0
SOUNW,2022-11-11,3,7,0.428571,0.428096,4.2605,0.475,0.00111
SOUX,2026-03-19,7,26,0.269231,0.268435,0.1636,0.1725,0.00296
SOWG,2026-04-24,2,31,0.064516,0.06475,0.4412,0.0878,0.003618
SOXS,2022-03-28,1,10,0.1,0.099007,0.4202,0.3721,0.009979
SOXS,2024-04-15,3,29,0.103448,0.103358,0.2507,0.3929,0.000876
SOXS,2026-03-05,1,20,0.05,0.048969,0.8697,0.4679,0.020834
SOXS,2026-07-15,3,29,0.103448,0.10287,0.1525,0.1346,0.005609
SOXX,2024-03-07,3,1,3.0,3.000565,2.9715,2.9145,0.000188
SPAQ,2023-01-30,1,14,0.071429,0.070769,0.0013,0.0003,0.009274
SPCB,2024-08-22,1,20,0.05,0.051204,0.1077,0.0679,0.023789
SPCE,2024-06-17,2,31,0.064516,0.063726,0.3087,0.2626,0.012322
SPGC,2024-07-30,3,31,0.096774,0.097652,1.5557,0.7764,0.009033
SPIR,2023-08-31,3,25,0.12,0.119101,0.7005,0.3618,0.007519
SPKY,2023-05-10,17,10,1.7,1.697721,1.1494,1.5977,0.001342
SPPL,2025-04-07,2,15,0.133333,0.132179,1.9169,0.3971,0.008698
SPRC,2023-09-28,3,80,0.0375,0.037656,1.0047,0.532,0.004141
SPRC,2025-07-03,3,65,0.046154,0.046169,1.3618,0.4824,0.000333
SPRU,2023-10-09,3,23,0.130435,0.130233,1.2813,0.1908,0.001552
SPTKW,2022-05-11,3,2,1.5,1.493016,1.703,1.1555,0.004667
SPWR,2025-04-22,1,17,0.058824,0.059133,0.0649,0.0229,0.005241
SPXN,2024-04-10,31,18,1.722222,1.720462,2.4779,1.8584,0.001023
SPXS,2025-09-29,1,10,0.1,0.101575,1.1646,0.3028,0.015625
SPXU,2025-11-20,1,4,0.25,0.252642,0.5991,0.5847,0.010511
SPYU,2026-02-24,2,1,2.0,1.991638,2.5133,2.9736,0.00419
SQFT,2025-05-19,1,10,0.1,0.1,0.247,0.1032,0.0
SQLLW,2022-04-06,27,40,0.675,0.675928,0.5545,0.9704,0.001374
SQNS,2024-10-09,2,5,0.4,0.397683,2.0119,0.793,0.005808
SQNS,2025-09-17,2,19,0.105263,0.104611,0.0292,0.1514,0.006212
SQQQ,2022-01-13,1,5,0.2,0.199498,0.6537,0.6638,0.002513
SQQQ,2024-11-07,13,64,0.203125,0.20293,0.3099,0.3619,0.000963
SQQQ,2025-11-20,21,100,0.21,0.209738,0.3907,0.3711,0.001247
SRE,2023-08-22,2,1,2.0,1.970785,2.7054,1.4786,0.014715
SRET,2022-12-20,27,80,0.3375,0.337512,0.7004,0.9255,3.4e-05
SRFM,2024-08-19,3,20,0.15,0.151684,0.1672,0.2201,0.011166
SRGA,2022-05-17,1,25,0.04,0.04013,0.1367,0.0746,0.003241
SRS,2024-11-07,9,35,0.257143,0.254223,0.1608,0.1096,0.011419
SRTY,2025-11-20,9,35,0.257143,0.257329,0.2292,0.3238,0.000724
SRZN,2023-12-14,2,29,0.068966,0.068,0.3096,0.1044,0.014099
SRZNW,2022-05-25,16,23,0.695652,0.695819,0.5903,0.5903,0.000239
SRZNW,2022-06-27,7,10,0.7,0.709001,0.3551,0.68,0.012777
SSG,2024-04-10,6,31,0.193548,0.196523,0.6982,0.0167,0.015252
SSG,2024-11-07,6,29,0.206897,0.205159,0.3868,0.2967,0.008435
SSG,2025-11-20,9,35,0.257143,0.253824,0.55,0.0794,0.012992
SSKN,2024-06-07,1,10,0.1,0.100917,1.3753,0.8111,0.009132
SSU+,2023-06-27,13,35,0.371429,0.37303,1.6556,0.9934,0.004303
SSU+,2023-07-11,23,80,0.2875,0.28683,0.7525,0.75,0.002334
STAI,2025-12-16,1,20,0.05,0.049654,0.1028,0.1336,0.006938
STCN,2023-06-22,3,26,0.115385,0.116489,1.0082,0.9492,0.009524
STEM,2025-06-23,1,19,0.052632,0.0525,0.416,0.3297,0.002503
STKH,2024-04-04,9,80,0.1125,0.112994,0.1627,0.2538,0.004385
STKH,2025-09-10,3,26,0.115385,0.115217,0.357,0.4648,0.00145
STRC,2023-07-06,3,20,0.15,0.151546,0.4595,0.1831,0.010257
STRE+,2022-05-12,31,22,1.409091,1.408252,0.8,0.8,0.000595
STRM,2024-10-04,1,15,0.066667,0.065898,0.2961,0.2291,0.011592
STRN,2025-08-20,2,29,0.068966,0.067882,0.0084,0.0183,0.015829
STRO,2025-12-03,3,29,0.103448,0.103338,0.4185,0.292,0.001067
STRR,2024-06-17,3,14,0.214286,0.214815,1.1543,0.7079,0.002466
STSM,2026-03-23,17,50,0.34,0.340499,1.2118,0.49,0.001466
STSSW,2022-12-15,2,1,2.0,1.994008,2.845,0.9785,0.003001
SUGP,2025-08-25,2,21,0.095238,0.094506,1.5746,0.3848,0.007712
SUNL,2023-08-23,1,20,0.05,0.04963,0.7845,0.0733,0.007435
SVAQW,2026-03-04,21,31,0.677419,0.676637,0.4468,0.4255,0.001156
SVC,2026-07-07,1,5,0.2,0.197727,0.2817,0.2718,0.011429
SVCCW,2026-02-03,32,23,1.391304,1.390337,0.965,0.7455,0.000695
SVNAW,2022-03-28,21,32,0.65625,0.658815,0.4895,0.5874,0.0039
SVNAW,2022-06-06,7,10,0.7,0.710592,0.36,0.6699,0.015018
SVRE,2025-02-21,1,13,0.076923,0.076531,0.2728,0.0466,0.005109
SVREW,2023-07-11,18,11,1.636364,1.635736,1.0077,0.7692,0.000384
SVREW,2023-09-07,16,11,1.454545,1.457333,1.1111,2.2222,0.001915
SVRN,2026-03-30,1,23,0.043478,0.044197,0.1306,0.0494,0.016404
SWAG,2022-12-16,7,1,7.0,6.964286,5.3764,1.479,0.005115
SWVL,2023-01-26,1,27,0.037037,0.037018,0.2666,0.0624,0.000514
SXTC,2022-05-19,2,31,0.064516,0.064327,0.3527,0.1495,0.002928
SXTC,2023-10-05,1,22,0.045455,0.045418,1.2918,0.2833,0.000797
SXTP,2025-02-24,17,80,0.2125,0.211635,0.2773,0.0946,0.004081
SXTPW,2023-08-31,19,13,1.461538,1.463243,1.3362,0.8821,0.001166
SYBX,2023-09-28,2,27,0.074074,0.074023,1.6179,0.4749,0.00069
SYN,2022-07-25,7,65,0.107692,0.107708,0.1207,0.1399,0.000149
SYRS,2022-09-19,2,21,0.095238,0.095765,0.6704,0.1593,0.005519
SYTA,2023-12-04,9,64,0.140625,0.140885,0.7625,0.6484,0.001849
SYTA,2024-08-02,1,17,0.058824,0.058427,0.1408,0.0399,0.006764
SYTA,2024-12-27,6,65,0.092308,0.092727,0.8728,0.1708,0.004535
SYTAW,2022-08-16,17,8,2.125,2.12766,3.2266,1.2085,0.001251
SZZLW,2022-06-02,15,31,0.483871,0.483715,0.3687,0.5921,0.000323
TACOW,2025-12-31,2,5,0.4,0.397209,0.0548,0.6089,0.007001
TADS,2022-01-03,64,1,64.0,61.604167,152.0364,64.7879,0.038154
TANH,2022-02-28,2,15,0.133333,0.132013,1.2278,0.2376,0.009955
TANH,2022-11-09,1,25,0.04,0.039683,0.4127,0.208,0.007968
TAOP,2025-05-29,1,30,0.033333,0.032813,0.0588,0.0326,0.015748
TARK,2022-12-01,13,64,0.203125,0.201903,0.5563,0.4622,0.006035
TARK,2024-11-27,64,31,2.064516,2.059294,2.9875,2.2781,0.002533
TBH,2026-06-01,1,8,0.125,0.126124,0.7091,0.2601,0.008956
TBIO,2024-05-09,2,29,0.068966,0.069011,3.2644,0.7078,0.000662
TBLT,2024-01-02,1,64,0.015625,0.015548,0.1571,0.0552,0.004948
TBSAW,2022-04-28,8,19,0.421053,0.420659,27.1129,0.7053,0.000935
TCBP,2022-11-21,1,50,0.02,0.018701,0.9857,0.5402,0.067179
TCBP,2023-12-15,1,20,0.05,0.049333,0.0743,0.2658,0.013423
TCBP,2024-08-05,1,10,0.1,0.099076,0.2955,0.528,0.009281
TCBP,2025-02-10,3,65,0.046154,0.04593,0.4964,0.9126,0.004862
TCBPW,2022-10-19,17,27,0.62963,0.630145,0.343,0.8532,0.000818
TCBPW,2022-10-26,20,13,1.538462,1.538462,1.5564,1.297,0.0
TCBPW,2022-10-27,32,19,1.684211,1.682164,1.297,1.297,0.001216
TCBPW,2023-01-27,17,12,1.416667,1.416667,2.0152,1.0959,0.0
TCDA,2022-10-24,31,2,15.5,15.542857,33.0071,10.4328,0.002761
TCON,2024-04-10,1,20,0.05,0.049732,0.0883,0.2075,0.005372
TCRT,2024-02-01,1,15,0.066667,0.066984,0.1926,0.0502,0.004751
TCRT,2024-07-18,1,9,0.111111,0.111111,5.2373,0.841,0.0
TCS,2024-09-04,1,14,0.071429,0.071864,0.5475,0.0757,0.006077
TDIC,2026-06-15,1,25,0.04,0.0397,0.0681,0.2249,0.007528
TDW+A,2022-09-01,2,3,0.666667,0.661879,0.4444,0.4444,0.007208
TDW+B,2023-05-09,7,10,0.7,0.709724,0.3509,0.3509,0.013795
TE+,2025-11-13,3,2,1.5,1.503538,1.0,1.2731,0.002356
TECS,2024-11-04,1,10,0.1,0.099266,0.0632,0.0557,0.007367
TECS,2026-07-15,1,10,0.1,0.100239,0.0406,0.0476,0.002391
TEDU,2021-12-23,5,21,0.238095,0.238582,0.5169,0.5894,0.00204
TEMT,2026-03-10,9,28,0.321429,0.321885,0.3225,0.1855,0.001419
TENKR,2023-05-19,4,35,0.114286,0.113433,7.393,0.1306,0.007491
TENX,2023-01-05,1,20,0.05,0.051299,0.6139,0.1767,0.025642
TENX,2024-01-03,1,70,0.014286,0.014196,0.2454,0.0606,0.006329
TEUP,2026-08-24,2,19,0.105263,0.105453,0.0901,0.0989,0.001803
TFFP,2023-12-19,1,29,0.034483,0.034659,1.4792,0.2484,0.005101
TGAAW,2022-04-25,7,10,0.7,0.715633,0.3808,0.6987,0.022087
TGE+,2025-06-30,32,23,1.391304,1.392,1.7502,2.0978,0.0005
THACW,2022-04-20,7,10,0.7,0.700567,0.5764,0.8919,0.000809
THACW,2022-04-26,3,2,1.5,1.492782,1.1379,0.9191,0.004823
THAR,2024-05-28,2,29,0.068966,0.068889,0.2171,0.1004,0.001112
THCH,2025-01-13,17,80,0.2125,0.212418,4.5863,0.6902,0.000385
THCX,2023-08-09,3,29,0.103448,0.103918,1.0077,0.0769,0.004533
THTX,2023-07-31,2,9,0.222222,0.221637,2.8211,0.3338,0.002637
TIL,2023-12-08,1,20,0.05,0.05,0.23,0.2068,0.0
TIPD,2025-08-21,9,35,0.257143,0.255598,0.0533,0.0053,0.006027
TISI,2022-12-22,3,31,0.096774,0.096914,0.3361,0.1311,0.001448
TIVC,2025-03-07,2,31,0.064516,0.064838,0.235,0.1775,0.004975
TLGA+,2022-03-18,23,16,1.4375,1.435236,2.0937,0.852,0.001577
TLGYW,2022-05-06,11,18,0.611111,0.610247,0.5714,0.4762,0.001415
TLGYW,2022-05-12,13,8,1.625,1.621,0.7647,1.1741,0.002465
TLIS,2023-07-06,7,100,0.07,0.069631,2.5059,0.4642,0.00529
TLRY,2025-12-02,7,65,0.107692,0.107507,0.4857,0.4624,0.001724
TLSIW,2025-11-11,22,15,1.466667,1.464789,0.942,1.4638,0.001281
TMAC+,2022-06-15,3,2,1.5,1.498182,1.0,1.3333,0.001213
TMCWW,2022-06-30,22,15,1.466667,1.465023,2.2167,0.9929,0.001121
TMF,2023-12-04,1,10,0.1,0.100203,0.2077,0.2502,0.002024
TNMG,2025-12-23,3,65,0.046154,0.045886,0.3749,0.2977,0.005819
TNON,2026-08-10,1,35,0.028571,0.028732,0.5653,0.1003,0.005618
TNXP,2023-05-10,12,65,0.184615,0.183218,1.3122,0.4828,0.007599
TNXP,2025-02-05,1,100,0.01,0.009736,0.0229,0.0261,0.026773
TOIIW,2025-12-15,19,12,1.583333,1.583333,0.991,0.713,0.0
TOMZ,2026-07-20,4,13,0.307692,0.306604,1.4068,0.5394,0.003544
TOP,2026-08-03,5,24,0.208333,0.207792,0.2012,0.4404,0.002601
TOPS,2022-09-23,1,16,0.0625,0.0625,7.3164,0.6713,0.0
TOPS,2023-09-29,3,35,0.085714,0.085571,0.8066,0.2112,0.001668
TOPW,2026-03-23,7,23,0.304348,0.303161,0.0112,0.0238,0.003907
TOUR,2026-04-22,9,80,0.1125,0.11219,5.7054,0.2816,0.002762
TPL,2024-03-27,70,23,3.043478,3.040878,3.9692,4.3748,0.000855
TPL,2025-12-23,80,27,2.962963,2.96646,2.1637,1.4274,0.001179
TPST,2025-04-09,1,12,0.083333,0.083333,0.4193,0.1582,0.0
TQQQ,2022-01-13,2,1,2.0,1.998952,1.0661,1.055,0.000524
TQQQ,2025-11-20,2,1,2.0,1.996375,2.1172,0.9412,0.001814
TRAQ+,2022-06-21,18,31,0.580645,0.581395,0.8421,0.6316,0.001291
TRAW,2024-09-23,1,25,0.04,0.039706,1.652,0.8109,0.00738
TRIB,2024-02-23,3,16,0.1875,0.188151,1.0521,0.6019,0.003467
TRIB,2026-07-24,1,27,0.037037,0.036459,0.0366,0.1213,0.015727
TRIS+,2022-08-05,8,17,0.470588,0.4712,1.6667,0.6667,0.001299
TRKA,2023-06-01,1,26,0.038462,0.038567,0.339,0.0636,0.00274
TRNR,2025-06-27,1,10,0.1,0.10076,0.6142,0.373,0.007575
TRNR,2026-02-24,3,29,0.103448,0.1033,1.4312,0.7172,0.001434
TRNR,2026-06-30,2,13,0.153846,0.153821,0.4627,0.3754,0.000167
TRONW,2021-10-07,21,32,0.65625,0.658559,0.4567,0.6342,0.003512
TRTL+,2021-11-01,31,21,1.47619,1.475728,2.1818,2.2836,0.000313
TRTL+,2022-09-27,17,10,1.7,1.69871,1.875,1.25,0.000759
TRUG,2025-06-23,1,32,0.03125,0.03163,0.2607,0.0444,0.012092
TRVG,2023-11-17,1,5,0.2,0.2007,0.4811,0.3166,0.003494
TRVN,2024-08-13,1,25,0.04,0.040698,0.4776,0.1509,0.017291
TSCO,2024-12-20,64,13,4.923077,4.931196,11.4752,3.5809,0.001648
TSDD,2025-01-13,1,20,0.05,0.050073,0.0236,0.0599,0.001463
TSIB,2026-07-31,9,22,0.409091,0.40935,0.0431,0.0431,0.000632
TSLA,2022-08-25,50,17,2.941176,2.946773,2.5161,2.3711,0.001901
TSLQ,2024-11-27,3,17,0.176471,0.176083,0.1032,0.1818,0.0022
TSLQ,2025-10-21,1,3,0.333333,0.334064,0.2661,0.7248,0.00219
TSLS,2026-03-10,1,10,0.1,0.101044,0.0429,0.0269,0.010387
TSLY,2025-12-01,13,64,0.203125,0.202309,0.1038,0.2973,0.004025
TSLZ,2025-10-29,1,20,0.05,0.050796,0.2452,0.3189,0.015791
TSYY,2026-06-02,3,22,0.136364,0.135555,0.6954,0.6212,0.005951
TTDU,2026-08-24,1,10,0.1,0.100813,0.0764,0.042,0.008097
TTEK,2024-09-09,64,13,4.923077,4.955556,5.5656,5.5735,0.006576
TTNP,2024-01-09,1,18,0.055556,0.054455,0.6117,0.3528,0.020009
TUEM,2022-12-01,1,31,0.032258,0.032544,0.0328,0.1057,0.008837
TVGN,2026-03-06,1,50,0.02,0.020123,1.5421,0.2385,0.006145
TWG,2025-07-21,1,100,0.01,0.011042,0.7345,0.2906,0.099091
TWM,2024-11-07,1,5,0.2,0.200863,0.0841,0.1345,0.004308
TWO,2022-11-02,4,15,0.266667,0.267722,0.6602,0.3394,0.003951
TWOU,2024-06-14,1,30,0.033333,0.033616,0.2916,0.1392,0.008444
TXMD,2022-05-09,1,50,0.02,0.020493,0.2641,0.1619,0.024335
TXXS,2026-07-06,1,10,0.1,0.100937,0.119,0.0222,0.009326
TZA,2026-07-15,1,10,0.1,0.100849,0.033,0.0453,0.008451
UBX,2022-10-20,3,31,0.096774,0.096619,0.3989,0.2882,0.001602
UBXG,2024-11-27,1,16,0.0625,0.062902,1.0765,0.284,0.006419
UBXG,2026-05-22,1,26,0.038462,0.038712,0.0359,0.0944,0.006482
UCC,2025-04-07,32,23,1.391304,1.392317,1.7042,1.9014,0.000727
UCO,2022-05-26,4,1,4.0,3.954305,3.7007,5.5373,0.01149
UDOW,2025-11-20,2,1,2.0,1.978187,2.6964,0.9111,0.010967
UGL,2025-06-13,31,8,3.875,3.876327,3.0235,2.8845,0.000342
UGRO,2026-02-09,3,64,0.046875,0.046667,0.2761,0.2155,0.004454
UK,2022-04-22,2,35,0.057143,0.056733,0.7086,0.0709,0.007204
UK,2023-11-30,1,13,0.076923,0.077228,5.5425,0.3138,0.003953
UK,2026-04-30,3,31,0.096774,0.097749,0.6815,0.6299,0.010025
ULTY,2025-12-01,3,29,0.103448,0.102229,0.0878,0.0432,0.011856
ULY,2025-03-18,1,12,0.083333,0.082418,0.4266,0.624,0.01105
UNCY,2025-06-20,1,10,0.1,0.098655,1.056,0.4242,0.013544
UNG,2024-01-24,9,35,0.257143,0.25641,0.7158,0.2854,0.002853
UNX,2026-03-10,3,31,0.096774,0.098248,0.344,0.1302,0.015115
UONEK,2026-01-23,3,31,0.096774,0.097578,0.3274,0.1427,0.008267
UP,2023-06-08,3,29,0.103448,0.103273,0.1495,0.2843,0.001698
UP,2026-04-27,1,19,0.052632,0.051922,0.6852,0.4396,0.013581
UP+,2022-10-06,17,12,1.416667,1.4175,0.6749,0.6704,0.000588
UPB,2024-11-19,18,11,1.636364,1.638181,1.4111,1.0783,0.00111
UPC,2023-07-28,4,27,0.148148,0.146444,8.3894,0.6035,0.011573
UPC,2024-11-18,2,31,0.064516,0.064977,0.2414,0.0779,0.007124
UPH,2022-12-09,3,31,0.096774,0.096341,9.7109,0.7285,0.004482
UPLD,2026-06-17,1,10,0.1,0.101125,0.7209,0.2128,0.011191
UPRO,2022-01-13,2,1,2.0,2.005001,1.1215,1.5082,0.002497
UPSX,2025-12-02,6,31,0.193548,0.194419,0.3655,0.2041,0.004487
UPTDW,2022-04-11,19,50,0.38,0.38,1.3322,0.8696,0.0
UPW,2025-11-20,70,17,4.117647,4.117241,0.3429,2.0762,9.9e-05
USB-S,2025-04-11,9,16,0.5625,0.561798,0.6365,0.525,0.001249
USCB,2024-04-24,16,11,1.454545,1.456364,1.9633,2.0816,0.001249
USD,2024-11-07,2,1,2.0,1.983032,1.1952,1.8931,0.00852
USLM,2024-07-15,29,6,4.833333,4.871155,8.6465,4.2026,0.007795
USOI,2022-09-27,1,19,0.052632,0.052443,0.3136,0.0976,0.003582
USWS,2021-10-01,5,17,0.294118,0.294488,0.802,0.6636,0.001259
USWS,2022-08-05,1,6,0.166667,0.166953,0.616,0.6276,0.001714
USX,2026-06-08,13,40,0.325,0.325557,0.0001,0.0022,0.001712
UTRS,2023-10-02,1,20,0.05,0.05,0.7379,0.1488,0.0
UTSI,2022-06-29,5,18,0.277778,0.277484,1.5952,0.7947,0.001059
UVIX,2023-01-25,1,5,0.2,0.200407,0.3056,0.2119,0.002033
UVIX,2023-10-11,3,31,0.096774,0.098075,0.3659,0.1582,0.013348
UVIX,2025-01-15,1,10,0.1,0.099722,0.1038,0.0754,0.002782
UVXY,2023-06-23,3,31,0.096774,0.097826,0.4513,0.3033,0.010811
UVXY,2025-11-20,1,5,0.2,0.201509,0.4073,0.2865,0.007515
UWMC+,2022-12-22,31,22,1.409091,1.40625,0.9733,1.3333,0.002018
UXIN,2022-10-28,1,11,0.090909,0.09088,0.4708,0.2628,0.00032
UXIN,2024-01-16,9,80,0.1125,0.113314,0.2098,0.2023,0.007213
UXRP,2026-05-28,17,80,0.2125,0.212633,0.0468,0.1132,0.000625
UYSCR,2026-01-23,13,23,0.565217,0.565898,0.7509,0.2545,0.001204
VALN,2023-11-20,29,70,0.414286,0.414673,0.6929,0.4638,0.000935
VAPO,2023-08-18,3,23,0.130435,0.130651,0.297,0.71,0.00166
VATE,2024-08-09,3,26,0.115385,0.115813,0.2886,0.1433,0.003705
VBIV,2023-04-12,1,29,0.034483,0.034856,0.0956,0.1287,0.010759
VCIG,2025-04-03,1,19,0.052632,0.053244,0.2265,0.1181,0.011563
VCIG,2025-09-16,1,28,0.035714,0.035909,0.3613,0.3066,0.00544
VCIG,2026-08-24,4,65,0.061538,0.061143,0.2616,0.5594,0.006449
VCNX,2024-02-20,1,12,0.083333,0.082105,0.2377,0.1323,0.014847
VCSA,2023-10-03,1,22,0.045455,0.044668,0.1595,0.0645,0.017452
VELOW,2022-05-12,7,5,1.4,1.399067,1.6106,1.1397,0.000666
VEON,2023-03-08,1,10,0.1,0.099306,0.1106,0.1189,0.006969
VERO,2023-05-12,1,14,0.071429,0.070894,2.1007,0.733,0.007512
VERO,2025-03-04,9,100,0.09,0.088864,1.4116,0.1819,0.012707
VERU,2025-08-11,1,10,0.1,0.099737,0.2765,0.2364,0.002635
VGT,2026-04-21,8,1,8.0,7.93402,5.4866,4.9634,0.008282
VHC,2023-10-26,1,19,0.052632,0.053286,0.1467,0.0729,0.012365
VHNAW,2022-09-15,28,17,1.647059,1.652416,1.5761,1.065,0.003248
VIA,2023-03-22,7,32,0.21875,0.218776,0.5708,0.261,0.000117
VIEW,2023-07-27,1,64,0.015625,0.016429,1.2022,0.5303,0.050206
VINO,2022-11-04,2,21,0.095238,0.095244,0.2504,0.1871,6.1e-05
VIOO,2023-03-14,31,16,1.9375,1.941047,1.2976,1.5254,0.001829
VISL,2023-05-01,1,18,0.055556,0.056341,0.6456,0.092,0.014047
VIXY,2023-06-23,1,5,0.2,0.199088,0.4312,0.1831,0.00457
VIXY,2024-11-07,9,35,0.257143,0.253804,0.2625,0.6735,0.01307
VLATW,2022-01-21,7,5,1.4,1.399886,1.4493,1.4975,8.2e-05
VLCN,2024-06-07,1,80,0.0125,0.011609,0.1032,0.0589,0.073923
VLCN,2025-06-12,2,15,0.133333,0.133313,0.6679,0.3671,0.000156
VLD,2024-06-13,1,27,0.037037,0.037202,0.2534,0.1068,0.004454
VLD+,2023-04-05,2,1,2.0,1.972019,2.0,1.65,0.014089
VMAR,2026-01-14,1,40,0.025,0.024252,0.1261,0.0837,0.030366
VMAR,2026-06-17,3,31,0.096774,0.096517,0.3627,0.1218,0.002659
VMAR,2026-08-26,1,10,0.1,0.100403,10.1303,0.4209,0.00402
VNRX,2026-04-28,1,21,0.047619,0.048617,0.325,0.3392,0.020741
VOLT,2024-12-04,19,80,0.2375,0.236686,0.0881,0.4369,0.003432
VOOG,2026-04-21,6,1,6.0,5.965821,13.2998,17.1254,0.005713
VOR,2025-09-19,1,18,0.055556,0.054917,0.3118,0.1554,0.011552
VRAX,2023-12-18,3,29,0.103448,0.102387,0.4499,0.2302,0.010311
VRAX,2026-06-26,1,25,0.04,0.04074,1.4468,0.4976,0.018322
VRCA,2025-07-25,1,10,0.1,0.100575,0.7943,0.2552,0.005731
VRM,2024-02-14,1,70,0.014286,0.013765,0.0504,0.0815,0.037103
VRM,2025-02-20,3,7,0.428571,0.4275,1.2586,0.0319,0.002503
VRMEW,2022-05-12,19,12,1.583333,1.583671,1.6008,1.0849,0.000213
VRMEW,2023-07-13,22,15,1.466667,1.46696,1.0,2.03,0.0002
VRPX,2024-03-01,2,17,0.117647,0.117462,0.1942,0.2144,0.001573
VRTL,2026-06-26,10,3,3.333333,3.348115,1.8623,2.72,0.004425
VS,2023-12-29,4,65,0.061538,0.060976,1.988,0.6081,0.009188
VSA,2026-05-26,7,80,0.0875,0.088068,0.6103,0.4022,0.006473
VSME,2024-06-18,3,19,0.157895,0.15814,0.6563,0.4346,0.001549
VST+A,2022-07-29,2,3,0.666667,0.663902,0.82,1.0,0.004155
VST+A,2022-09-14,22,15,1.466667,1.464896,0.6656,1.3311,0.001208
VST+A,2023-09-08,29,65,0.446154,0.446743,0.5,0.205,0.00132
VSTL,2026-03-19,7,20,0.35,0.350828,0.1168,0.1601,0.002363
VSTM,2023-06-01,1,11,0.090909,0.091165,0.2325,0.305,0.002816
VTAK,2024-07-15,11,100,0.11,0.109722,1.0003,0.0653,0.002528
VUG,2026-04-21,65,11,5.909091,5.951329,6.9294,7.9922,0.007122
VVOS,2023-10-27,1,25,0.04,0.040708,0.5284,0.2564,0.017544
VWAVW,2026-08-13,11,16,0.6875,0.6875,0.7939,0.5361,0.0
VXX,2023-03-07,1,4,0.25,0.252411,0.325,0.9234,0.009599
VXX,2024-07-24,16,65,0.246154,0.247446,1.4617,0.7468,0.005236
VXZ,2024-07-24,17,70,0.242857,0.242921,0.011,0.3656,0.000264
VYNE,2023-02-13,3,50,0.06,0.059621,0.1445,0.0432,0.006343
VYNT,2022-11-02,4,17,0.235294,0.235963,1.5261,0.5209,0.002838
WAI,2025-05-05,1,23,0.043478,0.044444,3.7462,0.9594,0.021979
WAI,2025-09-08,1,27,0.037037,0.036877,0.1044,0.2159,0.004325
WATT,2023-08-16,1,19,0.052632,0.052342,1.0,0.2242,0.005525
WATT,2025-08-11,1,30,0.033333,0.032963,0.2508,0.1116,0.01116
WAVD,2023-10-18,3,31,0.096774,0.098046,0.373,0.1233,0.013052
WBX,2025-07-03,1,19,0.052632,0.053922,0.3474,0.0927,0.024214
WBX+,2023-08-08,7,5,1.4,1.402137,2.0,1.01,0.001526
WDCX,2026-06-03,3,1,3.0,2.992402,4.6037,1.9884,0.002536
WE,2023-09-05,1,40,0.025,0.025163,0.2428,0.1707,0.006491
WEAT,2025-11-25,1,5,0.2,0.200725,0.0074,0.0758,0.003617
WEBS,2024-11-04,1,10,0.1,0.099791,0.0614,0.073,0.002088
WEED,2023-05-01,5,28,0.178571,0.178901,1.9113,0.2365,0.001843
WEI,2022-01-26,7,80,0.0875,0.08728,22.6829,0.7836,0.002517
WFF,2026-04-13,12,65,0.184615,0.183486,1.2728,0.3348,0.006135
WGS,2023-05-04,1,30,0.033333,0.033139,0.072,0.0845,0.005854
WHLR,2023-08-18,1,10,0.1,0.099284,6.3374,0.1873,0.007186
WHLR,2024-05-17,2,35,0.057143,0.056856,0.6157,0.4255,0.005029
WHLR,2024-06-28,19,100,0.19,0.189286,4.7193,0.3127,0.003766
WHLR,2024-09-20,19,50,0.38,0.379673,0.0517,0.0567,0.000861
WHLR,2025-01-28,7,25,0.28,0.280401,0.67,0.2183,0.00143
WHLR,2025-03-27,4,21,0.190476,0.190745,2.2949,0.6417,0.001411
WHLR,2025-05-27,2,15,0.133333,0.133858,0.4935,0.4941,0.003929
WHLR,2025-09-23,14,65,0.215385,0.215873,0.0598,0.0607,0.002265
WIMI,2025-04-14,1,20,0.05,0.050167,0.2222,0.2286,0.003328
WINT,2023-02-24,1,40,0.025,0.023386,0.353,0.2932,0.06675
WINT,2024-04-22,3,50,0.06,0.060357,1.1938,0.1417,0.005935
WINVR,2022-02-17,19,12,1.583333,1.583333,1.7714,1.6714,0.0
WISA,2023-01-27,1,80,0.0125,0.0115,0.0114,0.0227,0.083382
WISH,2023-04-12,1,28,0.035714,0.035811,0.2433,0.112,0.002716
WIT,2024-12-11,2,1,2.0,1.979508,1.7984,0.9186,0.010299
WKEY,2023-07-05,2,5,0.4,0.396514,0.8572,0.3277,0.008753
WKHS,2024-06-17,1,18,0.055556,0.055651,0.3391,0.3003,0.001709
WKHS,2025-03-17,5,64,0.078125,0.077558,0.4845,0.2092,0.007282
WKHS,2025-12-08,5,64,0.078125,0.07815,2.7524,0.4396,0.000315
WKSP,2025-03-18,1,10,0.1,0.100867,1.0795,0.3553,0.008633
WKSPW,2022-12-27,22,15,1.466667,1.466667,0.8811,2.2026,0.0
WLDS,2024-10-10,1,18,0.055556,0.054917,0.5417,0.2112,0.011556
WLDS,2025-03-17,2,9,0.222222,0.222636,6.6499,0.8477,0.001862
WLDS,2026-06-22,10,31,0.322581,0.322414,3.3812,0.8294,0.000517
WLDSW,2026-03-12,3,5,0.6,0.6,0.296,0.408,0.0
WLFC,2026-07-21,50,17,2.941176,2.939004,1.9602,1.8371,0.000739
WMC,2022-07-11,3,29,0.103448,0.101737,0.3799,0.3224,0.016681
WMT,2024-02-26,3,1,3.0,2.994393,3.9381,2.3077,0.001871
WOLF,2025-09-29,1,15,0.066667,0.066364,1.1769,0.2022,0.004548
WORX,2023-10-11,7,100,0.07,0.069896,1.824,0.5844,0.001484
WPCB+,2022-04-04,7,10,0.7,0.716771,0.8,0.948,0.023675
WPRT,2023-06-06,1,10,0.1,0.099788,0.8511,0.7779,0.002118
WQGA+,2022-05-12,16,23,0.695652,0.695685,0.6316,0.3158,4.8e-05
WQGA+,2022-05-25,11,18,0.611111,0.610417,0.7561,0.6492,0.001137
WSC,2022-06-30,4,9,0.444444,0.444409,1.5829,0.9445,7.9e-05
WSM,2024-07-09,2,1,2.0,1.991768,1.5964,1.7389,0.004125
WTER,2023-04-05,2,27,0.074074,0.07375,1.459,0.1992,0.004385
WTMAR,2022-04-29,7,10,0.7,0.704225,0.6944,0.554,0.006018
WTMAR,2022-11-25,18,29,0.62069,0.620604,0.3806,0.4377,0.000138
WTMAR,2024-04-05,3,7,0.428571,0.428112,37.4924,0.5722,0.001072
WTO,2025-03-31,1,9,0.111111,0.110571,0.4627,0.2393,0.004869
WTO,2026-02-17,6,31,0.193548,0.195065,0.39,0.2845,0.007803
WTO,2026-06-22,1,10,0.1,0.098859,0.1199,0.1015,0.011472
XAGE,2025-05-14,1,30,0.033333,0.033404,0.8395,0.19,0.002109
XAIR,2025-07-14,1,19,0.052632,0.051369,0.1368,0.1107,0.02428
XAIR,2026-07-13,1,19,0.052632,0.05219,0.1957,0.1538,0.008421
XBIOW,2021-11-15,12,5,2.4,2.4,2.3529,2.1176,0.0
XBIOW,2021-12-14,14,3,4.666667,4.671145,1.4737,26.3158,0.000959
XBIOW,2022-06-30,13,64,0.203125,0.203046,5.6738,0.0142,0.000391
XBIOW,2022-12-21,100,9,11.111111,11.261261,351.4057,20.6971,0.013423
XBIOW,2023-08-17,28,3,9.333333,9.411765,1.2362,4.1206,0.008368
XBIOW,2024-01-16,32,13,2.461538,2.479008,1.3756,1.3849,0.007072
XBIOW,2024-02-12,22,15,1.466667,1.467514,1.0268,1.279,0.000578
XBP,2025-12-15,2,21,0.095238,0.094718,0.3731,0.2354,0.00548
XCH,2026-08-21,1,19,0.052632,0.052321,0.3332,0.1243,0.00591
XDIV,2025-07-10,25,6,4.166667,4.177848,7.8244,2.024,0.00268
XELA,2022-07-26,1,23,0.043478,0.044348,0.1081,0.0571,0.019803
XELB,2025-03-25,1,12,0.083333,0.082742,1.9598,0.4758,0.007117
XFLT,2026-03-23,1,5,0.2,0.198566,0.4413,0.0532,0.007195
XFOR,2025-04-28,1,29,0.034483,0.034296,0.147,0.1688,0.00543
XHG,2024-11-08,2,35,0.057143,0.056731,0.3783,0.144,0.007238
XHLD,2025-12-02,1,15,0.066667,0.066901,0.3858,0.3466,0.003515
XIN,2022-11-28,3,29,0.103448,0.103889,0.5365,0.6706,0.00425
XLB,2025-12-05,2,1,2.0,1.994364,1.1966,1.7555,0.002822
XLE,2025-12-05,21,11,1.909091,1.909166,1.2644,1.5852,3.9e-05
XLG,2023-07-17,10,1,10.0,9.970704,4.0218,17.0952,0.002934
XLO,2026-03-16,1,13,0.076923,0.077288,0.4643,0.2469,0.004731
XLU,2025-12-05,2,1,2.0,1.999086,1.315,2.0721,0.000457
XOS,2023-12-07,1,28,0.035714,0.035905,0.3237,0.2061,0.005331
XOSWW,2021-12-28,12,7,1.714286,1.717692,1.2322,1.9334,0.001985
XOSWW,2022-02-04,7,5,1.4,1.401832,0.7678,1.7022,0.001308
XPAXW,2022-04-11,32,21,1.52381,1.521232,0.9266,0.7628,0.001693
XPO,2022-11-01,28,17,1.647059,1.649746,2.4687,1.7639,0.00163
XPON,2026-07-21,1,12,0.083333,0.083891,1.2659,0.4938,0.006665
XRPT,2026-02-27,1,18,0.055556,0.054628,0.0178,0.0429,0.016839
XRTX,2023-11-14,9,64,0.140625,0.141631,0.1639,0.4552,0.007128
XRTX,2026-04-06,12,65,0.184615,0.184335,1.2423,0.845,0.001521
XTLB,2026-03-25,1,4,0.25,0.250575,6.0514,0.5611,0.002296
XWEL,2023-09-28,1,16,0.0625,0.062621,1.3721,0.3317,0.00194
XXII,2023-07-05,3,35,0.085714,0.085071,0.1392,0.1978,0.007535
XXII,2025-06-20,1,22,0.045455,0.045187,3.8023,0.3413,0.005911
XXII,2026-01-26,2,31,0.064516,0.063627,0.6879,0.5527,0.013873
XXII,2026-06-12,1,21,0.047619,0.048429,0.4382,0.2014,0.016857
XXRP,2026-06-29,3,31,0.096774,0.097353,0.0191,0.0306,0.005968
XYLO,2024-08-05,23,64,0.359375,0.358491,0.8953,0.7894,0.002464
XYZY,2025-12-01,13,64,0.203125,0.203099,0.2711,0.0313,0.00013
YANG,2024-11-04,1,18,0.055556,0.054669,0.0187,0.0507,0.016093
YBIT,2025-12-01,21,100,0.21,0.21005,0.0512,0.0344,0.000236
YCBD,2023-04-25,1,31,0.032258,0.03202,0.997,0.4237,0.007407
YCBD,2025-05-07,1,8,0.125,0.1249,1.1723,0.073,0.0008
YGMZ,2024-07-01,4,29,0.137931,0.137872,1.3702,0.4161,0.000426
YHC,2025-04-21,1,35,0.028571,0.028607,0.1614,0.1831,0.001243
YHGJ,2025-10-01,2,19,0.105263,0.105915,1.3965,0.6258,0.006178
YI,2025-01-24,2,19,0.105263,0.10514,0.5774,0.16,0.001169
YINN,2022-05-31,3,65,0.046154,0.046228,0.7908,0.385,0.001596
YJ,2023-06-20,3,32,0.09375,0.094059,0.0508,0.0128,0.003295
YMAT,2026-07-10,14,65,0.215385,0.21533,13.2061,0.3634,0.000255
YMT,2026-05-18,2,29,0.068966,0.068611,0.4708,0.3849,0.005152
YMT,2026-08-27,1,18,0.055556,0.05608,9.995,0.5254,0.009388
YQ,2021-11-17,5,18,0.277778,0.277655,0.9206,0.5482,0.000441
YQ,2023-12-18,3,14,0.214286,0.213976,1.284,0.2643,0.001447
YSG,2024-03-18,1,5,0.2,0.201179,0.2033,0.2361,0.005877
YTEN,2024-05-03,1,24,0.041667,0.040945,0.2953,0.9872,0.017461
YVR,2023-08-07,19,70,0.271429,0.27193,0.3682,0.28,0.001845
YXI,2025-11-21,32,65,0.492308,0.489351,0.1102,0.6885,0.006023
YXT,2026-07-14,3,32,0.09375,0.093407,1.0062,0.2935,0.00367
YYAI,2024-06-27,1,19,0.052632,0.052895,0.1863,0.1518,0.004988
YYAI,2026-05-18,1,40,0.025,0.024095,0.3237,0.2528,0.036882
ZAPP,2024-04-23,3,64,0.046875,0.046914,2.4836,0.7047,0.000823
ZBAI,2025-08-08,4,65,0.061538,0.061529,0.8186,0.108,0.000154
ZCAR,2025-03-24,1,22,0.045455,0.045676,0.3607,0.3477,0.004864
ZCMD,2026-03-02,2,15,0.133333,0.133774,0.4317,0.2419,0.003296
ZDAI,2026-02-19,1,17,0.058824,0.0587,0.2009,0.0726,0.002102
ZEPP,2024-09-16,1,4,0.25,0.250332,1.2223,0.4649,0.001328
ZEST,2023-03-02,15,22,0.681818,0.682128,0.8504,0.6374,0.000455
ZEV,2023-04-28,1,20,0.05,0.051085,0.1259,0.414,0.02147
ZIVO,2023-10-27,4,23,0.173913,0.174424,0.7938,0.5851,0.002932
ZIVOW,2023-08-03,17,26,0.653846,0.653244,0.8368,0.8452,0.000921
ZJYL,2024-02-08,25,2,12.5,12.338592,48.1662,26.0051,0.012997
ZJYL,2026-03-16,1,20,0.05,0.050531,0.2447,0.0506,0.010556
ZJZZT,2022-03-07,27,19,1.421053,1.421053,1.1624,0.6884,0.0
ZJZZT,2022-04-29,27,4,6.75,6.765,0.0008,1.1463,0.00222
ZJZZT,2022-07-18,27,11,2.454545,2.454545,2.3667,2.4758,0.0
ZJZZT,2022-08-22,2,17,0.117647,0.118372,4.59,0.0018,0.006146
ZJZZT,2022-09-08,11,5,2.2,2.2,1.0,1.0,0.0
ZJZZT,2022-09-20,21,10,2.1,2.1,1.0,1.0,0.0
ZJZZT,2022-09-29,9,5,1.8,1.8,1.0,1.0,0.0
ZJZZT,2023-05-30,1,3,0.333333,0.333333,1.046,0.9168,0.0
ZJZZT,2023-06-12,2,5,0.4,0.4,1.0276,0.5053,0.0
ZJZZT,2023-07-31,31,64,0.484375,0.487805,1.9168,0.0009,0.007056
ZJZZT,2023-08-21,2,5,0.4,0.4,83.549,0.0392,0.0
ZJZZT,2023-11-15,11,5,2.2,2.2,1.0,1.0,0.0
ZJZZT,2024-07-08,27,40,0.675,0.676157,0.6257,0.7324,0.001712
ZJZZT,2025-02-10,13,9,1.444444,1.443418,0.9116,1.611,0.000711
ZJZZT,2025-09-02,28,65,0.430769,0.430663,1.4615,0.3635,0.000246
ZJZZT,2025-10-13,17,11,1.545455,1.544004,2.1852,0.7389,0.000939
ZJZZT,2026-01-07,2,5,0.4,0.399042,0.7749,0.6029,0.002397
ZKPW,2026-03-02,32,23,1.391304,1.394422,1.0114,1.6384,0.002239
ZME,2021-12-23,4,27,0.148148,0.148405,4.7813,0.9711,0.001732
ZNB,2026-03-12,1,80,0.0125,0.012356,0.1228,0.3445,0.01155
ZNB,2026-07-27,2,19,0.105263,0.105304,0.4578,0.4043,0.000385
ZOOZ,2026-06-01,1,18,0.055556,0.054524,0.7957,0.1106,0.018738
ZSAN,2022-04-12,1,30,0.033333,0.032915,0.1845,0.0656,0.012642
ZSL,2024-11-07,9,35,0.257143,0.257,0.1131,0.1205,0.000555
ZSL,2026-02-26,1,10,0.1,0.099623,0.189,0.284,0.003777
ZVZZT,2023-02-23,7,17,0.411765,0.4124,0.4028,0.2939,0.001542
ZVZZT,2023-04-13,2,5,0.4,0.398248,0.09,0.1207,0.00439
ZVZZT,2023-04-18,11,28,0.392857,0.392955,0.1163,0.1282,0.000249
ZVZZT,2023-04-20,2,5,0.4,0.396901,0.188,0.2799,0.007777
ZVZZT,2023-04-26,10,21,0.47619,0.47617,4.8469,0.8688,4.3e-05
ZVZZT,2023-05-02,26,17,1.529412,1.529341,0.9829,1.2621,4.6e-05
ZVZZT,2023-05-22,64,27,2.37037,2.367542,3.3455,2.9316,0.001194
ZVZZT,2023-06-01,2,5,0.4,0.397682,0.2306,0.3134,0.005812
ZVZZT,2023-06-02,31,64,0.484375,0.484412,0.1508,0.3569,7.7e-05
ZVZZT,2023-07-11,1,29,0.034483,0.034901,2.6744,0.5891,0.012051
ZVZZT,2023-07-12,3,80,0.0375,0.037818,0.4312,0.4849,0.008457
ZVZZT,2023-07-17,4,27,0.148148,0.146099,0.1645,0.2832,0.013927
ZVZZT,2023-07-20,1,24,0.041667,0.041126,0.1758,0.3995,0.013072
ZVZZT,2023-07-24,9,25,0.36,0.360239,2.5891,0.77,0.000662
ZVZZT,2023-08-03,11,25,0.44,0.439648,0.8324,0.3087,0.0008
ZVZZT,2023-08-28,5,12,0.416667,0.417827,0.1994,0.691,0.002782
ZVZZT,2023-09-14,31,2,15.5,15.666004,1.0507,2.0723,0.010653
ZVZZT,2023-09-15,29,1,29.0,28.569323,0.9905,2.5214,0.014962
ZVZZT,2023-09-21,70,11,6.363636,6.374502,2.4304,1.0472,0.001706
ZVZZT,2023-10-05,3,5,0.6,0.602073,0.2973,0.4328,0.00345
ZVZZT,2023-10-30,7,10,0.7,0.705998,0.3786,0.574,0.008533
ZVZZT,2023-11-10,9,28,0.321429,0.321446,0.743,0.8536,5.4e-05
ZVZZT,2023-11-21,29,65,0.446154,0.446353,0.7318,0.3278,0.000446
ZVZZT,2023-12-18,30,19,1.578947,1.57945,1.1125,1.199,0.000319
ZVZZT,2023-12-19,19,12,1.583333,1.585289,1.8493,0.9294,0.001234
ZVZZT,2024-01-17,10,17,0.588235,0.589052,0.3955,0.596,0.001387
ZVZZT,2024-02-12,11,28,0.392857,0.395094,1.8901,0.5313,0.005678
ZVZZT,2024-04-12,2,1,2.0,1.97,1.1886,1.2023,0.015114
ZVZZT,2024-04-26,31,65,0.476923,0.476569,4.3047,0.8108,0.000743
ZVZZT,2024-05-02,5,3,1.666667,1.669444,2.3323,1.4147,0.001665
ZVZZT,2024-07-26,5,9,0.555556,0.557769,0.3466,0.709,0.003976
ZVZZT,2024-09-11,10,23,0.434783,0.435644,2.0542,0.3697,0.001978
ZVZZT,2024-09-25,64,13,4.923077,4.915271,3.4216,6.1967,0.001587
ZVZZT,2024-10-23,12,1,12.0,12.214778,0.2412,1.5636,0.01774
ZVZZT,2024-10-28,7,1,7.0,6.979208,0.5164,1.1723,0.002975
ZVZZT,2024-12-19,2,5,0.4,0.397772,0.4191,0.1978,0.005584
ZVZZT,2025-01-10,27,4,6.75,6.729703,1.5422,2.4999,0.003011
ZVZZT,2025-01-13,35,11,3.181818,3.178218,4.4126,2.1586,0.001132
ZVZZT,2025-01-27,100,11,9.090909,9.09505,0.9658,6.0878,0.000455
ZVZZT,2025-01-28,100,11,9.090909,9.094059,3.4243,6.0878,0.000346
ZVZZT,2025-01-30,16,3,5.333333,5.322772,5.1309,3.129,0.001982
ZVZZT,2025-01-31,27,4,6.75,6.814851,2.7218,1.2435,0.009562
ZVZZT,2025-02-10,32,23,1.391304,1.394059,1.1028,0.9245,0.001978
ZVZZT,2025-02-26,25,2,12.5,12.475248,0.3789,1.8116,0.001982
ZVZZT,2025-02-27,40,17,2.352941,2.355446,2.2515,1.1631,0.001064
ZVZZT,2025-03-14,10,1,10.0,9.90099,46.2683,5.6877,0.00995
ZVZZT,2025-03-17,19,3,6.333333,6.336634,0.9238,5.6877,0.000521
ZVZZT,2025-03-24,7,10,0.7,0.70297,1.0593,0.3364,0.004234
ZVZZT,2025-04-16,64,13,4.923077,4.945545,0.4532,1.5692,0.004553
ZVZZT,2025-04-17,32,5,6.4,6.445545,3.899,1.6787,0.007091
ZVZZT,2025-04-23,27,4,6.75,6.850495,0.5738,2.4216,0.014778
ZVZZT,2025-04-25,5,2,2.5,2.490099,2.6616,3.4691,0.003968
ZVZZT,2025-04-29,20,13,1.538462,1.536634,1.6577,0.8695,0.001189
ZVZZT,2025-05-09,80,11,7.272727,7.266337,0.8193,1.0817,0.000879
ZVZZT,2025-05-30,20,13,1.538462,1.536634,1.301,1.1196,0.001189
ZVZZT,2025-06-03,6,1,6.0,5.988119,1.2504,1.7285,0.001982
ZVZZT,2025-06-06,18,5,3.6,3.589109,2.715,1.7285,0.00303
ZVZZT,2025-06-18,29,7,4.142857,4.132673,0.887,1.3335,0.002461
ZVZZT,2025-07-15,23,15,1.533333,1.534653,0.8015,1.6129,0.000861
ZVZZT,2025-07-21,22,3,7.333333,7.336634,3.4703,2.2174,0.00045
ZVZZT,2025-07-22,80,9,8.888889,8.872277,1.5604,3.9883,0.001871
ZVZZT,2025-07-28,22,1,22.0,22.252475,0.2658,1.0136,0.011411
ZVZZT,2025-08-08,32,3,10.666667,10.675248,0.4956,3.2801,0.000804
ZVZZT,2025-09-04,32,13,2.461538,2.475248,3.7903,2.3012,0.005554
ZVZZT,2025-09-11,80,27,2.962963,2.970297,3.4051,1.822,0.002472
ZVZZT,2025-10-13,25,3,8.333333,8.338614,0.863,1.1853,0.000633
ZVZZT,2025-10-14,31,16,1.9375,1.964356,1.2598,1.9795,0.013766
ZVZZT,2025-10-16,70,17,4.117647,4.10396,1.7493,2.0314,0.003329
ZVZZT,2025-11-06,31,16,1.9375,1.961386,1.3642,2.2774,0.012253
ZVZZT,2025-11-14,3,1,3.0,3.015842,2.6792,1.5028,0.005267
ZVZZT,2025-12-12,64,29,2.206897,2.208911,1.8679,1.0135,0.000912
ZVZZT,2026-01-23,10,3,3.333333,3.316832,2.2562,4.5979,0.004963
ZVZZT,2026-02-10,40,27,1.481481,1.485149,1.0083,0.8128,0.002472
ZVZZT,2026-03-30,32,65,0.492308,0.49505,0.3192,0.596,0.005554
ZVZZT,2026-04-20,7,5,1.4,1.39604,0.7285,0.9435,0.002833
ZVZZT,2026-06-03,26,5,5.2,5.208911,1.1345,1.8358,0.001712
ZVZZT,2026-06-25,27,17,1.588235,1.590099,0.7567,1.8894,0.001173
ZVZZT,2026-07-06,29,18,1.611111,1.607921,2.0489,0.9769,0.001982
ZVZZT,2026-07-22,3,1,3.0,2.987129,3.8352,1.6597,0.0043
ZVZZT,2026-08-10,80,21,3.809524,3.813861,5.1431,2.09,0.001138
ZVZZT,2026-08-11,65,17,3.823529,3.816832,1.9468,2.4372,0.001753
ZVZZT,2026-08-20,35,2,17.5,17.742574,0.6143,1.2469,0.013766
ZVZZT,2026-08-25,27,4,6.75,6.778218,3.0887,1.1421,0.004172
ZWZZT,2021-12-06,7,5,1.4,1.4,1.1369,1.9168,0.0
ZWZZT,2022-06-06,15,31,0.483871,0.484074,3.059,0.4186,0.00042
ZWZZT,2022-06-21,11,25,0.44,0.440741,0.3801,0.4468,0.001682
ZWZZT,2022-08-22,1,6,0.166667,0.166667,2.2732,0.0541,0.0
ZWZZT,2022-10-17,31,19,1.631579,1.62963,1.7107,1.6474,0.001195
ZWZZT,2022-12-19,21,11,1.909091,1.909091,1.0661,1.4294,0.0
ZWZZT,2023-07-10,9,35,0.257143,0.2548,3.4291,0.0015,0.009153
ZWZZT,2023-08-16,1,4,0.25,0.250188,0.9732,0.4866,0.00075
ZWZZT,2023-12-04,50,11,4.545455,4.54,120.5121,3.0462,0.001201
ZWZZT,2024-01-02,27,10,2.7,2.7,3.0303,1.8182,0.0
ZWZZT,2024-01-29,100,27,3.703704,3.708292,3.2571,1.8291,0.001238
ZWZZT,2024-02-05,30,7,4.285714,4.3,2.8571,1.8291,0.003328
ZWZZT,2024-03-25,5,2,2.5,2.481818,2.1219,2.0485,0.007299
ZWZZT,2024-04-15,4,11,0.363636,0.364,1.1007,0.5592,0.001
ZWZZT,2024-08-12,19,70,0.271429,0.271318,2.1288,0.0226,0.000408
ZWZZT,2024-08-26,2,25,0.08,0.07971,6.3153,0.0272,0.00363
ZWZZT,2024-09-16,18,1,18.0,17.749333,35.2991,2.0541,0.014024
ZWZZT,2024-09-30,12,25,0.48,0.48,39.8288,0.1604,0.0
ZWZZT,2025-05-27,32,65,0.492308,0.491373,4.3174,0.1185,0.001901
ZWZZT,2025-06-06,100,7,14.285714,14.285714,0.0236,1.0758,0.0
ZWZZT,2025-06-13,100,7,14.285714,14.285714,0.3135,2.0359,0.0
ZWZZT,2025-09-02,13,29,0.448276,0.447828,1.239,0.0163,0.001
ZWZZT,2026-01-12,5,9,0.555556,0.555857,0.391,0.3111,0.000542
ZWZZT,2026-02-02,29,13,2.230769,2.232,1.4808,2.2687,0.000552
ZXZZT,2021-12-28,27,40,0.675,0.672222,0.9138,0.9753,0.004124
ZXZZT,2022-02-16,9,5,1.8,1.803,1.044,2.2105,0.001665
ZXZZT,2024-02-08,16,65,0.246154,0.246123,0.0008,0.0842,0.000124
ZXZZT,2024-03-08,29,64,0.453125,0.45353,1.6578,0.591,0.000894
ZXZZT,2025-03-24,27,40,0.675,0.67518,0.4477,0.6406,0.000267
ZXZZT,2025-05-12,19,11,1.727273,1.726974,1.6239,1.2,0.000173
ZXZZT,2025-12-10,27,40,0.675,0.674625,0.3077,0.5462,0.000555
ZXZZT,2026-01-29,31,64,0.484375,0.485646,5.7328,0.5114,0.00262
ZXZZT,2026-04-15,7,5,1.4,1.404,1.3865,0.6898,0.002853
ZXZZT,2026-07-06,3,29,0.103448,0.103483,228.5091,0.2727,0.000332
