symbol,ex_date,ratio_new,ratio_old,factor,price_ratio,vol_gate_day,vol_gate_persist,price_dev,gap_days,persistence
AACG,2024-05-29,27,17,1.588235,1.588235,0.9078,1.4184,0.0,71,persistent
AACIW,2025-06-30,13,27,0.481481,0.481296,27.336,0.204,0.000385,438,persistent
AALG,2026-03-05,17,12,1.416667,1.417347,2.0,2.0,0.00048,7,persistent
AAMC,2023-11-02,23,13,1.769231,1.767507,1.3907,2.0927,0.000975,7,persistent
ABEO,2022-07-05,1,20,0.05,0.051293,0.3192,0.1343,0.025529,4,persistent
ABNY,2025-12-08,1,5,0.2,0.199686,0.0697,0.0498,0.00157,12,persistent
ABP,2025-11-03,1,27,0.037037,0.036893,0.5866,0.0153,0.003904,3,persistent
ABTC,2026-07-06,2,29,0.068966,0.06839,0.3416,0.6783,0.008376,4,persistent
ABTS,2025-03-10,2,19,0.105263,0.106025,1.3129,0.1306,0.00721,6,persistent
ABVEW,2025-07-17,14,23,0.608696,0.609756,0.5751,0.5089,0.001741,1,bad-open-print
ACAXR,2023-04-17,5,12,0.416667,0.416667,0.7292,0.354,0.0,192,persistent
ACB,2024-02-20,3,28,0.107143,0.107182,0.1755,0.5906,0.000368,4,persistent
ACET,2025-12-30,1,16,0.0625,0.062607,0.0258,0.0584,0.001716,1,persistent
ACII,2025-10-23,2,5,0.4,0.399444,0.0007,0.0228,0.001391,1057,persistent
ACON,2022-12-20,40,27,1.481481,1.479167,1.0,1.0,0.001564,6,persistent
ACON,2024-01-04,1,21,0.047619,0.048426,0.7555,0.6743,0.016798,1,persistent
ACON,2025-03-28,1,25,0.04,0.039387,0.1083,0.047,0.01544,1,persistent
ACONW,2022-05-11,8,5,1.6,1.6,0.9479,0.9479,0.0,5,persistent
ACOR,2023-06-05,1,18,0.055556,0.055806,0.5387,0.0547,0.004506,3,persistent
ACQRW,2022-09-20,3,2,1.5,1.50501,0.8,1.4733,0.003334,7,persistent
ACRO WS,2022-09-14,5,11,0.454545,0.455829,0.2246,0.0923,0.002819,2,bad-open-print
ACRO WS,2023-02-09,17,32,0.53125,0.530482,0.803,0.5709,0.001447,1,bad-open-print
ACRS,2023-11-13,27,4,6.75,6.793478,40.6719,1.6156,0.006421,3,persistent
ACST,2023-07-10,3,17,0.176471,0.176531,5.2484,0.2614,0.00034,3,persistent
ACXP,2025-08-05,3,64,0.046875,0.046918,0.0953,0.0076,0.000915,1,persistent
ACY,2022-01-10,40,9,4.444444,4.465549,7.9583,5.2944,0.004737,3,persistent
ADIL,2023-08-07,1,24,0.041667,0.041517,0.48,0.1991,0.003604,3,persistent
ADIL,2026-02-06,1,26,0.038462,0.038268,1.0239,0.4539,0.005041,1,persistent
ADN,2024-05-14,1,28,0.035714,0.035306,0.2441,0.0208,0.011494,1,persistent
ADNWW,2022-10-13,23,16,1.4375,1.434286,1.0,1.05,0.002239,6,persistent
ADRT U,2024-05-31,29,80,0.3625,0.361905,0.8,0.76,0.001643,28,persistent
ADSEW,2024-03-01,8,25,0.32,0.320212,0.1318,0.7905,0.000661,85,persistent
ADSEW,2025-04-22,23,16,1.4375,1.435407,1.6,0.8,0.001457,21,persistent
ADTX,2023-08-18,1,50,0.02,0.0218,16.6473,0.5945,0.086173,1,persistent
ADTX,2026-03-09,2,17,0.117647,0.116658,2.9744,0.298,0.00844,3,persistent
ADV,2026-03-27,1,27,0.037037,0.036442,0.3033,0.1418,0.016202,1,persistent
ADVB,2026-02-20,2,35,0.057143,0.056594,0.1098,0.6474,0.009657,1,persistent
ADVM,2024-03-21,1,10,0.1,0.098387,0.1208,0.2027,0.016261,1,persistent
ADVWW,2022-07-19,7,11,0.636364,0.63686,0.4,0.8,0.000779,14,persistent
ADXN,2023-11-03,2,29,0.068966,0.069212,0.0066,0.495,0.003571,16,persistent
ADXN,2024-04-29,35,16,2.1875,2.184797,3.25,1.0,0.001236,5,persistent
AEACW,2022-06-03,19,12,1.583333,1.582674,0.8696,1.0435,0.000417,31,persistent
AEAEW,2022-05-19,28,17,1.647059,1.65,2.0,1.0,0.001784,36,persistent
AEHL,2022-01-24,14,9,1.555556,1.557143,2.0,1.0,0.00102,13,persistent
AEHL,2023-09-18,7,65,0.107692,0.107744,0.6508,0.1569,0.000481,3,persistent
AEHL,2024-01-05,27,19,1.421053,1.422886,0.6667,1.5333,0.001289,32,persistent
AEHL,2026-03-05,3,20,0.15,0.14938,0.5928,0.1607,0.004143,1,persistent
AEHL,2026-08-10,1,18,0.055556,0.054696,1.6283,0.151,0.015598,3,persistent
AEI,2022-12-29,4,65,0.061538,0.06131,0.7645,0.1752,0.003727,2,persistent
AEMD,2023-10-05,9,80,0.1125,0.11326,0.87,0.05,0.00673,1,persistent
AEMD,2025-06-09,3,20,0.15,0.150407,2.4074,0.3951,0.002706,13,persistent
AEMD,2025-10-21,1,10,0.1,0.101073,0.4409,0.2045,0.01067,4,persistent
AEMD,2026-08-04,5,27,0.185185,0.185237,0.06,0.505,0.000279,1,persistent
AENTW,2025-01-27,32,13,2.461538,2.48,2.0,1.5,0.007472,25,persistent
AENTW,2026-02-17,32,23,1.391304,1.390244,1.6,0.8,0.000762,12,persistent
AERT,2026-06-12,3,26,0.115385,0.116071,0.8131,0.1695,0.005935,1,persistent
AEVA,2024-03-19,6,31,0.193548,0.195736,0.5179,0.2824,0.011241,1,persistent
AEVA WS,2022-12-30,10,21,0.47619,0.476471,7.6597,0.1312,0.000588,1,bad-open-print
AEVAW,2025-06-30,7,20,0.35,0.350877,1.0435,0.6957,0.002503,13,persistent
AEY,2023-11-21,3,28,0.107143,0.106969,0.2428,0.2428,0.001629,21,persistent
AEZS,2022-07-22,1,26,0.038462,0.038244,0.0718,0.0957,0.005677,2,persistent
AEZS,2024-05-03,1,4,0.25,0.251799,1.574,0.722,0.007168,1,persistent
AFIB,2023-09-20,16,23,0.695652,0.697183,1.0,1.0,0.002198,7,persistent
AFJKU,2025-12-09,1,4,0.25,0.248376,0.02,0.125,0.006517,1,persistent
AFMD,2024-03-11,1,10,0.1,0.09901,0.763,0.3624,0.00995,3,persistent
AFMD,2025-05-13,5,1,5.0,5.015537,18.9514,18.379,0.003103,1,persistent
AFRIW,2023-06-22,20,29,0.689655,0.690722,0.367,0.4037,0.001545,17,persistent
AFTR WS,2022-04-11,32,21,1.52381,1.518696,2.1645,1.0739,0.003362,3,persistent
AGEN,2024-04-12,1,18,0.055556,0.05471,0.0808,0.2313,0.015333,1,persistent
AGFY,2022-10-18,7,65,0.107692,0.107505,0.4962,0.4587,0.00174,1,persistent
AGFY,2023-07-05,1,18,0.055556,0.056219,0.5474,0.1825,0.011867,2,persistent
AGFY,2024-10-08,7,100,0.07,0.070433,1.7711,0.0356,0.006171,1,persistent
AGL,2024-11-08,31,20,1.55,1.55,2.3082,1.192,0.0,1,persistent
AGL,2026-03-31,1,25,0.04,0.040632,0.1776,0.1429,0.015679,1,persistent
AGLE,2023-09-08,3,70,0.042857,0.042429,1.38,0.5,0.01005,1,persistent
AGMH,2024-07-29,15,32,0.46875,0.469434,0.382,0.3537,0.001458,6,persistent
AGMH,2025-02-10,32,17,1.882353,1.882872,1.3245,1.3245,0.000276,19,persistent
AGRI,2025-07-28,1,9,0.111111,0.110864,0.0989,0.2166,0.002223,3,persistent
AGRX,2022-04-27,1,35,0.028571,0.027738,0.0438,0.0367,0.02959,1,persistent
AGRX,2023-04-11,1,40,0.025,0.025656,0.8065,0.171,0.025901,1,persistent
AHG,2022-12-22,31,16,1.9375,1.954427,3.0,1.0,0.008699,20,bad-open-print
AHI,2022-05-16,31,21,1.47619,1.475,1.3333,2.0,0.000807,17,persistent
AHI,2023-03-29,13,8,1.625,1.624324,2.1739,1.087,0.000416,51,persistent
AHI,2023-06-30,5,22,0.227273,0.227605,0.5264,0.1896,0.001461,2,persistent
AHPAW,2022-03-24,11,26,0.423077,0.42325,0.1629,0.6857,0.00041,10,persistent
AHPI,2022-05-16,7,5,1.4,1.40113,1.0,1.0,0.000807,10,persistent
AHT,2024-10-28,3,31,0.096774,0.097208,0.9113,0.4064,0.004469,3,persistent
AIBD,2026-07-15,1,10,0.1,0.099257,0.0285,0.1426,0.007463,1,persistent
AIFA,2026-06-12,7,40,0.175,0.175269,0.5928,0.1447,0.001538,1,persistent
AIFU,2025-05-21,1,20,0.05,0.051176,0.1056,0.0279,0.023257,1,persistent
AIFU,2026-05-15,31,50,0.62,0.619718,0.33,0.91,0.000454,10,persistent
AIFU,2026-06-25,1,19,0.052632,0.052853,0.0209,0.8168,0.004195,10,persistent
AIH,2022-07-05,7,10,0.7,0.702326,1.0,1.01,0.003317,54,persistent
AIHS,2022-04-06,1,8,0.125,0.125587,5.1429,0.8571,0.004682,1,persistent
AIHS,2023-11-08,12,7,1.714286,1.712,1.9231,1.9231,0.001334,21,bad-open-print
AIHS,2025-07-31,1,12,0.083333,0.083322,0.1391,0.6623,0.000141,3,persistent
AIKI,2022-06-07,2,31,0.064516,0.065095,0.709,0.1154,0.008936,1,persistent
AIMD,2023-08-16,30,19,1.578947,1.58039,0.8898,1.7712,0.000913,15,persistent
AIMDW,2023-08-24,64,31,2.064516,2.05,1.0,1.0,0.007056,55,persistent
AIRE,2026-04-30,1,23,0.043478,0.043432,0.2429,0.1443,0.001055,1,persistent
AIRI,2022-10-25,2,19,0.105263,0.105735,0.1549,0.0673,0.004468,8,persistent
AIRJW,2025-02-07,7,10,0.7,0.699301,0.3333,0.3333,0.001,9,persistent
AISPW,2024-03-28,29,15,1.933333,1.932904,1.0646,0.9463,0.000222,3,persistent
AISPW,2024-08-13,7,4,1.75,1.75,1.406,0.8,0.0,36,bad-open-print
AISPW,2024-08-15,7,10,0.7,0.711111,0.6584,0.665,0.015748,2,persistent
AISPW,2024-11-22,16,23,0.695652,0.697674,0.7538,0.5905,0.002903,4,persistent
AIXI,2024-08-23,9,100,0.09,0.089348,0.7561,0.1773,0.007267,1,persistent
AIXI,2026-05-11,3,80,0.0375,0.037634,0.0523,0.0472,0.003564,3,persistent
AIYY,2025-12-02,1,10,0.1,0.098644,0.0156,0.0134,0.013656,1,persistent
AKA,2023-10-02,6,65,0.092308,0.09214,0.3,0.4617,0.00182,3,persistent
AKAN,2023-03-09,3,31,0.096774,0.096552,0.0185,0.1764,0.002301,1,persistent
AKAN,2024-05-24,17,40,0.425,0.425267,6.2946,0.0601,0.000628,1,persistent
AKAN,2026-01-12,3,17,0.176471,0.177004,6.2935,0.7484,0.003016,3,persistent
AKICW,2022-05-03,7,10,0.7,0.710504,0.7327,0.3762,0.014894,1,bad-open-print
AKICW,2022-06-16,31,6,5.166667,5.182727,355.0323,7.7419,0.003104,2,persistent
AKTX,2023-08-17,2,31,0.064516,0.0638,0.4473,0.031,0.011162,1,persistent
AKTX,2026-03-31,1,35,0.028571,0.027414,0.2857,0.2857,0.041361,1,persistent
ALBG,2026-04-16,7,10,0.7,0.712133,0.4888,0.5287,0.017185,6,persistent
ALBT,2023-01-05,3,28,0.107143,0.106275,1.6408,0.8163,0.008134,1,persistent
ALBT,2024-10-28,1,19,0.052632,0.052801,6.551,0.7725,0.003212,3,persistent
ALBT,2025-11-24,26,17,1.529412,1.529197,0.905,1.81,0.00014,24,persistent
ALDX,2023-06-21,11,6,1.833333,1.83247,2.7874,1.1865,0.000471,1,persistent
ALGS,2024-08-19,3,80,0.0375,0.037531,0.1123,0.0455,0.000827,3,persistent
ALIT,2026-07-01,1,20,0.05,0.04908,0.0767,0.0715,0.018576,1,persistent
ALLK,2021-12-22,70,9,7.777778,7.833798,66.3951,14.6491,0.007177,1,persistent
ALLR,2023-06-29,1,40,0.025,0.026496,0.8189,0.5156,0.05812,1,persistent
ALPP,2023-05-15,8,65,0.123077,0.123656,0.0715,0.0572,0.004697,3,persistent
ALPS,2023-03-16,40,27,1.481481,1.481132,1.3333,2.0,0.000236,1,persistent
ALPS,2025-11-04,29,20,1.45,1.449424,0.8577,1.1114,0.000397,1,persistent
ALRN,2022-11-14,1,20,0.05,0.048941,3.4816,0.3868,0.021404,4,persistent
ALTIW,2023-06-01,11,29,0.37931,0.378641,0.3169,0.0449,0.001767,37,persistent
ALTM,2024-01-04,65,7,9.285714,9.293592,203928.745,10908.5965,0.000848,681,persistent
ALUR,2025-01-03,1,25,0.04,0.039247,0.7185,0.1998,0.018994,1,persistent
ALVOW,2025-09-19,3,2,1.5,1.504854,1.3154,2.1462,0.003231,16,persistent
ALVR,2025-01-16,3,65,0.046154,0.045838,3.0514,0.396,0.006859,1,persistent
ALZN,2023-11-01,3,40,0.075,0.07578,0.7892,0.4902,0.010351,2,persistent
ALZN,2024-07-16,2,21,0.095238,0.095432,0.1118,0.323,0.002035,1,persistent
ALZN,2025-05-12,3,26,0.115385,0.116225,0.0544,0.6931,0.00726,5,persistent
AMBC WS,2023-03-13,11,7,1.571429,1.567143,1.7464,0.9059,0.002731,3,persistent
AMBO,2024-12-03,16,23,0.695652,0.69697,1.0336,0.5168,0.001892,19,persistent
AMC,2023-08-24,3,25,0.12,0.120838,0.4038,0.3567,0.006963,1,persistent
AMCR,2026-01-15,1,5,0.2,0.197935,0.3001,0.4232,0.010377,1,persistent
AMDD,2026-07-15,3,29,0.103448,0.10192,0.0153,0.005,0.014881,1,persistent
AMDU,2025-10-06,9,14,0.642857,0.642531,0.683,0.4192,0.000508,3,persistent
AMDY,2025-12-08,1,5,0.2,0.198937,0.0937,0.0127,0.005329,3,persistent
AMIX,2026-06-24,1,21,0.047619,0.048762,0.1602,0.0859,0.023711,1,persistent
AMOD,2025-01-13,27,17,1.588235,1.590909,1.198,1.3725,0.001682,6,persistent
AMOD,2026-06-15,1,40,0.025,0.025456,0.0462,0.1352,0.018085,3,persistent
AMPE,2023-09-12,1,18,0.055556,0.054577,0.51,0.015,0.017762,1,persistent
AMPGR,2026-05-20,7,10,0.7,0.701754,1.0435,0.3478,0.002503,1,persistent
AMPGR,2026-06-09,7,25,0.28,0.28,0.2963,0.2207,0.0,6,persistent
AMPGW,2023-05-12,17,9,1.888889,1.89275,1.0,1.01,0.002042,7,persistent
AMPGW,2025-01-31,28,65,0.430769,0.430094,0.0377,0.4434,0.001568,50,persistent
AMPGW,2025-10-14,17,9,1.888889,1.888889,2.66,1.0,0.0,91,persistent
AMPGZ,2026-05-20,8,17,0.470588,0.470588,5.7925,0.755,0.0,1,persistent
AMPGZ,2026-06-04,7,10,0.7,0.70688,1.028,0.8,0.009781,6,persistent
AMPGZ,2026-06-09,29,50,0.58,0.579487,0.6586,0.4989,0.000885,1,persistent
AMPGZ,2026-06-10,15,28,0.535714,0.537037,0.57,0.25,0.002466,1,persistent
AMPGZ,2026-07-31,40,23,1.73913,1.739907,0.9231,0.9231,0.000447,2,persistent
AMPX WS,2024-07-24,7,10,0.7,0.699301,0.375,1.0,0.001,5,bad-open-print
AMRK,2022-06-07,2,1,2.0,1.976758,0.9311,1.1001,0.011689,1,persistent
AMRN,2025-04-11,1,21,0.047619,0.04839,0.1583,0.0809,0.016064,1,persistent
AMST,2023-02-22,1,10,0.1,0.0984,0.0905,0.0669,0.016129,1,persistent
AMWL,2024-07-11,1,20,0.05,0.051058,0.0533,0.0926,0.020945,1,persistent
AMZE,2025-06-13,4,65,0.061538,0.061007,0.0046,0.4919,0.008672,3,persistent
AMZN,2022-06-06,20,1,20.0,19.837993,17.8429,10.7411,0.008133,3,persistent
ANET,2021-11-18,65,16,4.0625,4.064,5.4489,4.7631,0.000369,1,persistent
ANET,2024-12-04,35,9,3.888889,3.919985,2.434,2.708,0.007964,1,persistent
ANGH,2023-05-31,31,21,1.47619,1.475248,1.7804,0.9377,0.000639,14,persistent
ANGH,2025-08-04,1,13,0.076923,0.07734,0.1906,0.0529,0.005407,3,persistent
ANGI,2025-03-24,3,31,0.096774,0.097102,0.0929,0.1638,0.003385,3,persistent
ANPC,2022-11-04,1,18,0.055556,0.056037,0.2485,0.0532,0.008624,1,persistent
ANSCW,2025-01-03,7,5,1.4,1.4,0.9346,0.9346,0.0,37,bad-open-print
ANSCW,2025-02-11,13,50,0.26,0.26,0.4831,0.9662,0.0,39,persistent
ANTE,2023-03-10,27,17,1.588235,1.594049,2.0,1.0,0.003654,56,persistent
ANY,2023-06-29,2,15,0.133333,0.133333,0.2294,0.1586,0.0,1,persistent
ANY,2026-02-10,3,31,0.096774,0.096872,0.2679,0.8305,0.001005,1,persistent
ANZUW,2022-06-29,12,7,1.714286,1.713858,1.0,1.0,0.000249,42,persistent
AONC,2024-05-21,17,9,1.888889,1.891753,1.5821,1.9104,0.001515,4,persistent
APCXW,2023-01-27,21,64,0.328125,0.327869,5.913,0.1739,0.000781,36,persistent
APCXW,2023-04-11,32,65,0.492308,0.488372,0.9988,0.4994,0.008026,7,persistent
APDN,2024-04-25,1,18,0.055556,0.055663,1.7576,0.5939,0.001931,1,persistent
APDN,2025-06-02,2,31,0.064516,0.063677,0.9678,0.738,0.013092,3,persistent
APG,2025-07-01,32,21,1.52381,1.51799,1.3665,0.9359,0.003826,1,persistent
APH,2024-06-12,2,1,2.0,1.983328,2.2353,1.8257,0.008371,1,persistent
APLX,2026-03-10,80,27,2.962963,2.974491,1.7328,1.4502,0.003883,1,persistent
APLZ,2026-06-03,13,70,0.185714,0.186364,0.0937,0.0358,0.00349,1,persistent
APMI,2026-07-13,13,29,0.448276,0.448891,0.5714,0.0029,0.001371,1069,persistent
APMIW,2022-09-20,8,5,1.6,1.6,1.6,1.6,0.0,116,persistent
APPX,2026-03-10,17,50,0.34,0.340538,0.1461,0.1374,0.001582,1,persistent
APRE,2023-02-14,1,19,0.052632,0.051687,0.004,0.8,0.018117,4,persistent
APRN,2023-09-29,29,64,0.453125,0.452998,7.5163,0.7548,0.000279,1,persistent
APTMW,2022-05-11,40,27,1.481481,1.48026,1.0,1.0,0.000825,1,persistent
APTMW,2022-05-12,27,40,0.675,0.675329,1.0,1.0,0.000487,1,persistent
APTO,2023-06-06,1,15,0.066667,0.066565,0.2963,0.4484,0.001528,1,persistent
APTO,2025-02-26,1,31,0.032258,0.032464,0.1027,0.0121,0.006357,1,persistent
APVO,2024-12-04,1,35,0.028571,0.027339,0.4174,0.1889,0.0441,1,persistent
APVO,2025-05-27,1,18,0.055556,0.0543,0.4101,0.3468,0.022859,4,persistent
APVO,2025-12-30,1,18,0.055556,0.054476,0.0047,0.0602,0.019632,1,persistent
APWC,2023-10-12,13,8,1.625,1.623016,0.823,0.823,0.001222,77,persistent
APWC,2024-11-21,7,10,0.7,0.707692,1.0,0.4,0.010929,234,persistent
AQB,2023-10-16,1,18,0.055556,0.054497,0.3628,0.0513,0.019231,3,persistent
AQMS,2024-11-05,1,19,0.052632,0.053097,0.117,0.1121,0.008811,1,persistent
AQMS,2025-08-04,7,80,0.0875,0.08841,0.0456,0.0317,0.010348,3,persistent
ARBB,2025-06-04,1,11,0.090909,0.090478,0.0073,0.1016,0.004755,5,persistent
ARBGW,2022-04-08,7,10,0.7,0.704826,0.5,1.0,0.00687,25,persistent
ARCKW,2022-05-04,19,30,0.633333,0.633667,0.4,0.4,0.000526,35,persistent
ARCX,2025-12-02,6,31,0.193548,0.193749,0.3991,0.3157,0.001037,1,persistent
AREB,2023-06-27,1,26,0.038462,0.038085,61.1547,0.85,0.009835,1,persistent
AREB,2023-10-30,40,27,1.481481,1.480905,1.1976,0.7984,0.000389,17,persistent
AREB,2025-10-03,1,17,0.058824,0.059241,0.4463,0.1739,0.007064,1,persistent
AREB,2026-02-02,1,18,0.055556,0.054742,1.3611,0.6838,0.014751,3,persistent
AREB,2026-02-12,3,2,1.5,1.509687,2.1129,0.8453,0.006437,1,persistent
ARI,2026-07-16,17,11,1.545455,1.547724,2.2618,0.9548,0.001467,1,persistent
ARIZW,2024-01-04,7,17,0.411765,0.412614,2.1429,0.3357,0.002061,2,persistent
ARKB,2025-06-16,65,22,2.954545,2.957969,1.644,3.8976,0.001158,3,persistent
ARKOW,2025-02-11,23,14,1.642857,1.643312,1.3333,1.3333,0.000277,12,persistent
ARMP,2022-10-31,8,5,1.6,1.6,1.626,1.626,0.0,38,persistent
ARMP,2022-12-28,13,9,1.444444,1.441303,1.0,1.0,0.002177,6,persistent
ARQQ,2024-09-25,1,22,0.045455,0.045063,0.1163,0.0641,0.00865,1,persistent
ARQQW,2022-04-06,23,16,1.4375,1.436409,0.9238,0.9524,0.000759,13,persistent
ARQQW,2025-06-04,7,5,1.4,1.404494,1.805,1.41,0.003205,5,persistent
ARQQW,2025-09-22,7,64,0.109375,0.109489,0.7246,0.2636,0.001042,10,persistent
ARR,2023-10-02,1,5,0.2,0.200946,0.648,0.2375,0.004717,3,persistent
ARRWW,2023-05-01,11,24,0.458333,0.458333,3.995,0.5,0.0,40,persistent
ARTAW,2022-02-03,23,16,1.4375,1.437873,0.6897,1.3793,0.00026,2,persistent
ARVL,2023-04-14,1,40,0.025,0.02268,0.2161,0.1816,0.097374,1,persistent
ASAXW,2022-03-14,5,3,1.666667,1.667811,1.9512,0.9756,0.000686,14,persistent
ASBP,2026-05-11,1,32,0.03125,0.031392,0.0236,0.0075,0.00454,3,persistent
ASLN,2023-03-13,9,40,0.225,0.224,0.0562,0.185,0.004454,3,persistent
ASMB,2024-02-12,3,35,0.085714,0.084732,1.2653,0.0254,0.011532,3,persistent
ASNS,2022-10-13,40,27,1.481481,1.48836,1.3699,1.3699,0.004632,37,persistent
ASNS,2023-02-23,27,17,1.588235,1.589825,0.95,1.0,0.001001,37,persistent
ASNS,2024-06-18,8,17,0.470588,0.472103,134.6688,0.4024,0.003214,1,persistent
ASNS,2025-11-18,3,29,0.103448,0.102692,0.2161,0.124,0.007335,1,persistent
ASPC,2025-12-10,7,20,0.35,0.350286,167.3267,0.94,0.000818,27,bad-open-print
ASPCU,2025-12-10,7,24,0.291667,0.291041,0.9387,0.0187,0.002149,65,bad-open-print
ASPCU,2025-12-26,11,24,0.458333,0.457996,0.3636,0.1618,0.000735,3,persistent
ASPSW,2025-07-15,21,32,0.65625,0.659122,1.0,1.0,0.004367,27,persistent
ASRT,2025-12-26,2,29,0.068966,0.069026,0.7016,0.2336,0.000879,2,persistent
ASST,2024-07-02,1,5,0.2,0.198758,3.11,0.49,0.006231,1,persistent
ASST,2026-02-06,1,21,0.047619,0.048283,0.4338,0.1287,0.013842,1,persistent
ASTC,2022-12-05,1,30,0.033333,0.033123,0.86,0.175,0.006342,3,persistent
ASTR,2023-09-14,1,14,0.071429,0.07103,2.668,0.3915,0.005595,1,persistent
ASTSW,2022-11-21,10,7,1.428571,1.428571,1.0676,0.7117,0.0,7,persistent
ASTSW,2023-03-31,19,13,1.461538,1.462069,0.8589,1.0225,0.000363,1,persistent
ASYS,2026-02-06,10,7,1.428571,1.427289,1.9776,1.5171,0.000898,1,persistent
ASZ WS,2022-07-01,32,65,0.492308,0.49,4.6651,0.6806,0.004699,1,bad-open-print
ATAQ WS,2022-05-10,7,10,0.7,0.707201,0.4991,0.8712,0.010235,1,bad-open-print
ATAX,2022-04-05,1,3,0.333333,0.333333,0.4,0.5369,0.0,5,persistent
ATCH,2025-01-02,1,70,0.014286,0.013982,0.6375,0.3769,0.021457,2,persistent
ATER,2024-03-22,2,21,0.095238,0.095594,0.105,0.1031,0.003734,1,persistent
ATGL,2024-02-21,12,7,1.714286,1.717014,1.0,1.0,0.00159,1,persistent
ATHA,2025-09-19,3,31,0.096774,0.098067,0.9444,0.8796,0.013271,3,persistent
ATHX,2022-08-29,1,25,0.04,0.040183,0.1643,0.0792,0.004577,3,persistent
ATIF,2022-09-15,20,11,1.818182,1.820106,1.0,2.0,0.001058,190,persistent
ATIIW,2025-09-18,3,2,1.5,1.507246,1.5,1.5,0.004819,87,persistent
ATIP,2023-06-15,1,40,0.025,0.023163,0.2755,0.1698,0.076329,1,persistent
ATNF,2024-02-28,2,35,0.057143,0.056533,0.7308,0.4103,0.010724,1,persistent
ATNFW,2022-04-28,7,5,1.4,1.398637,1.0,1.0,0.000974,15,persistent
ATNX,2023-02-15,1,19,0.052632,0.051652,0.0268,0.0185,0.018789,1,persistent
ATOS,2026-02-02,1,13,0.076923,0.076833,0.6218,0.1182,0.001175,3,persistent
ATPC,2025-12-10,25,6,4.166667,4.165391,97.2364,195.8848,0.000306,1,persistent
ATRA,2024-06-20,1,24,0.041667,0.040839,0.1728,0.1537,0.020076,2,persistent
ATXG,2026-03-30,1,14,0.071429,0.071884,1.0745,0.0239,0.006352,3,persistent
ATXI,2024-04-26,1,65,0.015385,0.015058,0.3005,0.4305,0.021464,1,persistent
AUID,2022-11-14,7,5,1.4,1.396793,1.4286,2.1143,0.002294,17,persistent
AUID,2023-07-10,1,9,0.111111,0.110626,0.5738,0.8197,0.004376,3,persistent
AUMN,2023-06-09,1,23,0.043478,0.044115,0.1089,0.0361,0.014544,1,persistent
AURE,2026-02-20,3,25,0.12,0.119462,0.0927,0.1305,0.00449,2,persistent
AUROW,2023-09-06,13,20,0.65,0.649123,0.7143,0.5714,0.00135,76,persistent
AUROW,2024-05-20,29,18,1.611111,1.609848,0.9975,1.995,0.000784,131,persistent
AUROW,2025-03-14,28,17,1.647059,1.654412,1.5,1.0,0.004454,29,persistent
AURU,2026-01-12,7,10,0.7,0.716853,0.8333,0.8333,0.02379,7,persistent
AUUD,2023-10-25,27,19,1.421053,1.42,1.0,1.02,0.000741,8,persistent
AUUD,2025-03-31,1,17,0.058824,0.058957,0.0011,0.1262,0.00227,3,persistent
AUUD,2026-04-01,3,22,0.136364,0.136135,0.4661,0.2547,0.001676,1,persistent
AUUDW,2023-04-18,20,13,1.538462,1.539559,2.0,1.0,0.000713,144,persistent
AUVI,2023-06-02,6,31,0.193548,0.195652,1.3158,0.2763,0.010811,3,persistent
AVACW,2022-06-03,19,10,1.9,1.899,1.0,1.6,0.000526,22,persistent
AVCO,2022-09-06,7,5,1.4,1.402867,1.4718,1.4085,0.002046,20,persistent
AVCT,2022-10-03,2,31,0.064516,0.064646,0.092,0.0482,0.002018,3,persistent
AVGO,2024-07-15,10,1,10.0,9.972128,4.4884,5.4271,0.002791,3,persistent
AVGR,2022-03-15,1,20,0.05,0.050978,1.0691,0.2415,0.019364,1,persistent
AVHIW,2022-06-17,11,7,1.571429,1.570714,1.0,1.0,0.000455,36,persistent
AVTE,2024-06-17,10,1,10.0,9.919679,32.9414,5.2895,0.008065,3,persistent
AVTX,2022-07-08,3,35,0.085714,0.084646,0.4116,0.0548,0.012546,1,persistent
AVTX,2023-06-26,11,2,5.5,5.458652,770.8772,66.5146,0.007546,3,persistent
AVXX,2026-03-23,23,70,0.328571,0.328811,0.1272,0.022,0.000728,3,persistent
AWH,2023-05-12,2,25,0.08,0.08012,0.6612,0.3306,0.0015,1,persistent
AWP,2026-02-09,27,80,0.3375,0.337059,0.4401,0.7163,0.001307,3,persistent
AXDX,2023-07-12,3,31,0.096774,0.09715,0.8294,0.1101,0.003878,1,persistent
AXLA,2022-01-21,24,17,1.411765,1.410959,1.48,0.6667,0.000571,14,persistent
AXLA,2023-09-19,1,24,0.041667,0.041638,0.0503,0.0195,0.000694,1,persistent
AXTU,2026-08-24,8,65,0.123077,0.121683,0.0986,0.0884,0.011389,3,persistent
AXUP,2026-02-05,17,11,1.545455,1.544753,1.16,1.0,0.000454,7,persistent
AYLA,2022-06-29,28,15,1.866667,1.862745,1.0,1.0,0.002103,22,persistent
AYRO,2025-06-26,2,35,0.057143,0.05769,0.0121,0.0694,0.009522,1,persistent
AYTU,2023-01-06,2,35,0.057143,0.056636,0.678,0.5454,0.008914,1,persistent
AZI,2026-03-23,3,29,0.103448,0.102039,0.9447,0.0248,0.013718,3,persistent
AZRX,2021-09-13,3,29,0.103448,0.103636,0.3998,0.5186,0.001817,3,persistent
AZUL,2026-06-02,1,18,0.055556,0.055617,0.0003,0.002,0.001112,371,persistent
BACK,2023-09-08,1,25,0.04,0.040235,0.0745,0.0159,0.005865,1,persistent
BAGY,2025-12-24,3,2,1.5,1.496544,1.0,1.64,0.002306,91,persistent
BAIG,2026-05-05,1,10,0.1,0.098585,0.0139,0.0023,0.014254,1,persistent
BANL,2026-07-20,3,35,0.085714,0.085582,1.804,0.142,0.001548,4,persistent
BAOS,2022-05-25,23,64,0.359375,0.359528,0.1826,0.4935,0.000426,5,persistent
BAOS,2025-06-04,27,64,0.421875,0.421986,213.1652,0.8711,0.000263,1,persistent
BARK,2026-04-01,1,20,0.05,0.049328,0.1162,0.1008,0.013528,1,persistent
BBBY,2023-04-24,14,9,1.555556,1.554555,2.3795,1.3318,0.000643,3,persistent
BBGI,2024-09-25,1,20,0.05,0.050404,0.01,0.14,0.008048,15,persistent
BBIG,2023-05-11,1,18,0.055556,0.055098,0.2607,0.0382,0.008276,1,persistent
BBLG,2023-06-07,2,65,0.030769,0.030663,0.673,0.799,0.003473,1,persistent
BBLGW,2024-01-03,9,22,0.409091,0.410256,1.0,0.15,0.002845,15,persistent
BBLGW,2024-04-12,9,40,0.225,0.224654,0.15,0.24,0.001537,100,persistent
BBLGW,2025-01-17,11,27,0.407407,0.407625,0.0133,0.2133,0.000533,51,persistent
BBLGW,2025-03-03,31,2,15.5,15.273312,0.129,3.2258,0.014733,21,persistent
BBLN,2022-12-16,3,65,0.046154,0.046,2.471,0.1258,0.003339,1,persistent
BCAB,2026-04-06,1,50,0.02,0.021491,0.2113,0.1118,0.071899,4,persistent
BCARW,2025-10-14,32,65,0.492308,0.492866,0.087,0.2174,0.001134,50,persistent
BCDAW,2022-01-28,31,16,1.9375,1.937397,2.8,1.0,5.3e-05,24,persistent
BCLI,2024-10-01,7,100,0.07,0.07064,0.7237,0.2352,0.009095,1,persistent
BCTX,2025-08-25,9,80,0.1125,0.113095,0.1784,0.2934,0.005274,3,persistent
BDRX,2024-10-16,11,28,0.392857,0.392709,131.4145,0.5181,0.000377,7,bad-open-print
BDRX,2025-07-31,11,100,0.11,0.110192,0.2306,0.0976,0.001744,1,persistent
BDSX,2023-08-02,17,25,0.68,0.679739,0.4938,0.9877,0.000385,6,persistent
BDSX,2025-09-15,1,20,0.05,0.051022,0.0123,0.0928,0.020224,3,persistent
BEATW,2022-06-17,13,22,0.590909,0.590423,0.2857,0.7143,0.000823,24,persistent
BEATW,2022-11-21,16,23,0.695652,0.694444,1.0,0.4,0.001738,20,persistent
BEDU,2022-08-19,18,65,0.276923,0.276527,0.4431,0.1394,0.00143,1,persistent
BEEMW,2022-04-01,23,40,0.575,0.573298,0.4,0.3333,0.002964,11,persistent
BEEMW,2023-04-11,28,17,1.647059,1.65529,1.0,2.01,0.004985,13,persistent
BEEMW,2023-05-11,13,19,0.684211,0.683473,0.7018,0.7018,0.001078,14,persistent
BEG,2026-02-11,3,2,1.5,1.499672,1.3727,1.37,0.000219,14,persistent
BEGS,2025-12-19,32,21,1.52381,1.514412,1.7903,1.6129,0.006186,7,persistent
BENF,2025-12-15,3,25,0.12,0.12012,0.5538,0.3835,0.001,3,persistent
BERZ,2022-03-21,16,11,1.454545,1.457273,0.864,0.8,0.001873,6,persistent
BERZ,2024-03-25,3,31,0.096774,0.097892,0.0168,0.0063,0.01148,3,persistent
BERZ,2026-02-24,1,19,0.052632,0.052285,0.0171,0.0048,0.006614,1,persistent
BESS WS,2026-05-22,3,7,0.428571,0.428571,0.0131,0.0262,0.0,9,persistent
BEST,2022-05-20,6,31,0.193548,0.195804,1.8812,0.5579,0.011588,1,persistent
BEST,2023-04-04,7,26,0.269231,0.268731,0.2718,0.218,0.001857,1,persistent
BETR,2024-08-19,1,50,0.02,0.020989,0.1405,0.0986,0.048264,3,persistent
BETRW,2025-09-23,32,65,0.492308,0.491228,0.44,0.0808,0.002195,1,persistent
BEZ,2026-06-03,3,32,0.09375,0.093279,0.0011,0.0039,0.005034,1,persistent
BFI,2024-08-20,7,5,1.4,1.400435,0.935,1.1394,0.000311,1,persistent
BFRI,2023-07-05,2,35,0.057143,0.05644,6.4965,0.766,0.012379,2,persistent
BFRIW,2021-12-10,20,29,0.689655,0.690217,0.7705,0.7464,0.000815,1,persistent
BFRIW,2022-04-13,19,32,0.59375,0.59596,0.4886,0.3152,0.003715,6,bad-open-print
BFRIW,2023-04-10,9,22,0.409091,0.408893,0.431,0.5648,0.000484,7,bad-open-print
BGI,2025-04-17,29,20,1.45,1.450999,1.6807,0.8403,0.000689,14,persistent
BGIO,2021-11-12,29,16,1.8125,1.80695,1.3113,0.9836,0.003067,1,persistent
BGLWW,2025-08-06,31,20,1.55,1.551782,0.8,0.8,0.001149,5,bad-open-print
BGLWW,2025-08-20,3,2,1.5,1.50587,0.8,1.0,0.003906,9,persistent
BGRYW,2022-04-21,21,13,1.615385,1.619063,0.8,1.2,0.002274,22,persistent
BGRYW,2022-05-16,20,13,1.538462,1.541872,1.2,1.2,0.002214,3,persistent
BHAT,2024-09-05,31,18,1.722222,1.722222,2.5575,2.046,0.0,8,persistent
BHG,2023-05-22,1,65,0.015385,0.015365,0.1814,0.0826,0.00129,3,persistent
BHIL,2024-07-19,2,65,0.030769,0.030667,0.1443,0.0566,0.003339,1,persistent
BHVN,2022-10-04,64,3,21.333333,21.171548,5.0017,1.0188,0.007613,1,persistent
BIAF,2025-09-19,1,28,0.035714,0.036369,0.4554,0.1808,0.01818,1,persistent
BIAF,2026-08-24,1,15,0.066667,0.066012,2.1395,0.1932,0.009872,3,persistent
BIAFW,2023-07-21,9,22,0.409091,0.409091,2.9851,0.995,0.0,14,persistent
BIAFW,2023-07-31,31,21,1.47619,1.477273,0.995,0.995,0.000733,10,persistent
BIAFW,2024-03-04,29,17,1.705882,1.706452,1.99,0.995,0.000334,216,persistent
BIMI,2022-02-03,2,9,0.222222,0.222282,3.3477,0.7115,0.000268,1,persistent
BIMI,2022-12-12,3,29,0.103448,0.102673,0.876,0.1459,0.00752,3,persistent
BIMI,2023-07-05,21,31,0.677419,0.676647,0.3505,0.5205,0.001141,19,persistent
BIMI,2024-07-30,9,2,4.5,4.518389,2.9631,3.4769,0.004078,5,persistent
BIOL,2022-04-29,1,22,0.045455,0.045786,0.4288,0.3491,0.007274,1,persistent
BIOR,2023-01-03,3,70,0.042857,0.043153,0.1211,0.2149,0.006877,4,persistent
BIOR,2024-10-18,2,17,0.117647,0.117437,0.3228,0.1127,0.001787,1,persistent
BIPC,2022-06-13,32,21,1.52381,1.522391,1.7494,2.2265,0.000931,3,persistent
BIRD,2024-09-05,1,19,0.052632,0.052923,0.1108,0.2132,0.005526,1,persistent
BITI,2024-11-07,1,5,0.2,0.196862,0.0444,0.256,0.015815,1,persistent
BITS,2023-02-16,2,3,0.666667,0.664677,1.0,1.0,0.00299,42,persistent
BITU,2024-08-05,11,7,1.571429,1.571348,0.7341,0.747,5.1e-05,3,persistent
BITX,2024-08-05,25,16,1.5625,1.560562,0.9437,0.9048,0.001241,3,persistent
BIVI,2024-08-06,3,25,0.12,0.119959,0.1547,0.1051,0.00034,1,persistent
BIVI,2025-07-07,9,80,0.1125,0.112791,3.814,0.1846,0.002581,4,persistent
BIVIW,2025-11-19,10,7,1.428571,1.425,1.41,1.6667,0.002503,19,persistent
BIVIW,2026-07-10,4,11,0.363636,0.363636,1.0834,0.8689,0.0,94,persistent
BIYA,2025-06-10,25,14,1.785714,1.782979,2.6973,1.66,0.001533,1,persistent
BIYA,2025-12-31,1,20,0.05,0.049896,0.045,0.0162,0.002091,2,persistent
BIYA,2026-07-13,3,32,0.09375,0.093194,0.0081,0.031,0.005947,3,persistent
BJDX,2023-03-31,3,2,1.5,1.493134,0.6757,1.3514,0.004588,14,persistent
BKCH,2022-12-22,9,32,0.28125,0.28271,0.0739,0.8621,0.005179,6,persistent
BKKT,2024-04-29,3,70,0.042857,0.042978,0.0676,0.1825,0.002828,3,persistent
BKKT WS,2023-08-01,11,16,0.6875,0.688028,0.3107,0.9404,0.000767,1,bad-open-print
BKNG,2026-04-06,25,1,25.0,25.05603,24.3095,23.0826,0.002239,4,persistent
BKSY,2024-09-09,1,8,0.125,0.124639,0.59,0.8637,0.002893,3,persistent
BKSY WS,2022-01-14,16,23,0.695652,0.695455,0.6163,0.4451,0.000284,1,persistent
BKSY WS,2022-03-17,13,20,0.65,0.648968,0.8637,0.5885,0.00159,1,bad-open-print
BKSY WS,2025-02-25,21,32,0.65625,0.659026,0.6044,0.3632,0.004221,1,bad-open-print
BKT,2022-10-18,1,3,0.333333,0.331654,0.2155,0.9783,0.005051,1,persistent
BKTI,2023-04-24,13,64,0.203125,0.204829,1.1877,0.0077,0.008352,4,persistent
BKYI,2023-02-13,2,3,0.666667,0.670766,1.0,1.0,0.00613,47,persistent
BKYI,2023-09-26,16,11,1.454545,1.4578,0.7,2.03,0.002235,60,persistent
BKYI,2023-12-21,2,35,0.057143,0.056466,0.2857,0.2113,0.011908,1,persistent
BKYI,2026-04-30,3,31,0.096774,0.09817,0.1293,0.1067,0.014322,1,persistent
BLBX,2022-09-01,27,19,1.421053,1.42268,1.52,1.0,0.001145,14,persistent
BLCM,2022-06-07,7,5,1.4,1.401709,1.0,1.0,0.00122,21,persistent
BLCM,2023-05-08,13,32,0.40625,0.40616,925.1996,0.8043,0.000222,5,persistent
BLIN,2022-05-12,14,9,1.555556,1.553571,0.7105,0.7105,0.001276,22,persistent
BLIV,2025-07-30,10,7,1.428571,1.430435,2.0,1.08,0.001303,19,persistent
BLNGW,2022-05-13,8,5,1.6,1.603424,1.0,1.0,0.002138,11,persistent
BLRX,2025-01-30,1,40,0.025,0.026402,0.2599,0.0472,0.054563,1,persistent
BLSG,2026-05-14,31,22,1.409091,1.408714,1.0,1.3333,0.000268,3,persistent
BLSX,2025-11-21,40,27,1.481481,1.485306,1.0,0.8,0.002579,10,bad-open-print
BLSX,2026-02-05,16,7,2.285714,2.283237,2.0,3.0,0.001084,21,persistent
BLUE,2024-12-13,1,18,0.055556,0.054505,0.2584,0.4938,0.019085,1,persistent
BLUWW,2025-09-08,12,19,0.631579,0.631579,0.4101,0.4101,0.0,25,persistent
BMGL,2026-06-23,2,25,0.08,0.080394,0.0103,0.0103,0.004914,8,persistent
BMNG,2026-05-05,1,21,0.047619,0.047479,0.0006,0.0016,0.002943,1,persistent
BMNU,2026-07-13,3,29,0.103448,0.103029,0.1182,0.3958,0.004063,3,persistent
BMR,2023-09-29,9,13,0.692308,0.693642,1.0,1.0,0.001925,4,persistent
BMRA,2025-04-21,1,8,0.125,0.125,0.1321,0.1442,0.0,4,persistent
BN,2025-10-10,40,27,1.481481,1.486237,1.6773,1.1493,0.003205,1,persistent
BNAI,2024-03-22,32,19,1.684211,1.67651,0.9927,0.8958,0.004583,1,persistent
BNAI,2024-08-29,31,22,1.409091,1.405405,0.7782,0.7782,0.002619,1,persistent
BNAI,2025-12-12,3,28,0.107143,0.106511,0.0897,0.1557,0.005913,1,persistent
BNED,2024-05-23,21,13,1.615385,1.614286,2.4151,0.7283,0.000681,1,persistent
BNGO,2023-08-07,1,10,0.1,0.100852,0.0477,0.1549,0.008488,3,persistent
BNGO,2025-01-27,1,64,0.015625,0.017446,0.0917,0.0249,0.11025,3,persistent
BNIXR,2023-04-14,8,19,0.421053,0.421107,0.67,0.3333,0.000129,79,bad-open-print
BNKD,2024-04-29,13,64,0.203125,0.202193,0.0152,0.0151,0.004599,3,persistent
BNKD,2025-03-10,4,9,0.444444,0.444093,0.3478,0.3478,0.000792,236,persistent
BNKK,2025-12-11,1,35,0.028571,0.027862,0.3843,0.112,0.025135,1,persistent
BNOX,2024-11-05,9,20,0.45,0.450283,107.192,0.5175,0.000628,4,persistent
BNR,2024-05-17,2,21,0.095238,0.095181,0.0011,0.0779,0.000603,3,persistent
BNRG,2022-11-22,17,8,2.125,2.123457,1.9301,2.3295,0.000726,41,persistent
BNRG,2023-12-04,3,29,0.103448,0.102609,0.036,0.008,0.008149,27,persistent
BNRG,2025-06-20,6,31,0.193548,0.193715,0.6728,0.0837,0.000863,2,persistent
BNRG,2026-04-15,13,64,0.203125,0.202715,1.9341,0.8982,0.002022,2,persistent
BNSO,2023-02-24,31,21,1.47619,1.478405,2.0,1.25,0.001499,1,persistent
BNTC,2023-07-26,1,19,0.052632,0.053615,16.4617,0.1935,0.018508,1,persistent
BNZI,2025-07-08,8,65,0.123077,0.12262,0.19,0.3204,0.003723,1,persistent
BNZI,2026-05-08,1,20,0.05,0.049353,0.0976,0.2063,0.013027,1,persistent
BOAS WS,2022-05-10,23,50,0.46,0.459286,0.1328,0.0996,0.001554,1,persistent
BODY,2023-11-22,1,40,0.025,0.023756,0.68,0.08,0.051043,1,persistent
BOIL,2023-06-23,1,20,0.05,0.049149,0.044,0.0356,0.017157,1,persistent
BOIL,2024-11-07,13,64,0.203125,0.204881,0.0628,0.0525,0.008606,1,persistent
BOIL,2026-05-28,32,65,0.492308,0.490566,1.1608,0.2894,0.003544,1,persistent
BOLT,2025-06-10,1,23,0.043478,0.044246,1.3333,0.4333,0.017494,4,persistent
BON,2024-06-06,29,20,1.45,1.451163,1.2,0.8,0.000802,15,persistent
BORR,2021-12-14,10,19,0.526316,0.526316,0.5028,0.5695,0.0,1,persistent
BOXL,2023-06-15,9,70,0.128571,0.128745,0.3238,0.2721,0.001347,1,persistent
BOXL,2025-02-18,6,31,0.193548,0.193478,1.2256,0.0768,0.000362,4,persistent
BPTS,2022-04-26,30,19,1.578947,1.58,2.0,1.0,0.000666,6,persistent
BPTS,2023-03-30,3,31,0.096774,0.096311,0.0803,0.0803,0.004797,10,persistent
BPTS,2024-01-19,13,9,1.444444,1.443648,1.86,1.6,0.000552,22,persistent
BRCC,2026-08-24,2,21,0.095238,0.095641,0.3857,0.2004,0.004225,3,persistent
BRDS,2023-05-19,1,25,0.04,0.039298,0.3845,0.1792,0.0177,1,persistent
BRDS WS,2022-02-01,13,19,0.684211,0.685162,0.4017,0.5387,0.00139,1,bad-open-print
BREZW,2022-01-24,10,7,1.428571,1.431526,1.0,1.0,0.002066,6,persistent
BREZW,2023-12-20,8,5,1.6,1.598726,1.0,1.6667,0.000796,56,persistent
BREZW,2024-03-27,2,3,0.666667,0.666667,0.6667,0.745,0.0,9,persistent
BRKL,2026-08-06,5,12,0.416667,0.416287,0.0047,0.0,0.000912,342,persistent
BRLIW,2021-12-13,5,3,1.666667,1.666667,2.4155,0.9662,0.0,27,persistent
BRLIW,2021-12-20,16,27,0.592593,0.593158,0.3106,0.6211,0.000953,6,persistent
BRLIW,2022-04-01,5,24,0.208333,0.20908,0.0633,0.4,0.003578,8,persistent
BRQS,2022-06-27,1,13,0.076923,0.077391,0.1494,0.0545,0.006069,3,persistent
BRTX,2025-01-21,7,10,0.7,0.699531,0.3351,0.3665,0.000671,18,persistent
BRUNW,2026-07-28,31,22,1.409091,1.408602,0.9428,0.9153,0.000347,1,persistent
BSAQ WS,2022-05-12,7,5,1.4,1.403509,1.8692,0.9439,0.002503,1,persistent
BSAQ WS,2022-05-26,16,27,0.592593,0.592885,0.3804,0.7246,0.000494,1,persistent
BSAQ WS,2022-05-31,20,29,0.689655,0.689655,0.9709,0.4854,0.0,4,bad-open-print
BSAQ WS,2022-09-28,17,40,0.425,0.425926,1.9551,0.6365,0.002176,1,bad-open-print
BSGM,2024-02-02,9,80,0.1125,0.113258,1.156,0.492,0.006711,1,persistent
BSKYW,2022-03-23,15,32,0.46875,0.469006,0.48,0.1,0.000546,5,persistent
BSKYW,2022-07-08,19,9,2.111111,2.11118,2.5316,2.5316,3.3e-05,37,persistent
BSLK,2025-04-22,1,22,0.045455,0.045722,0.6571,0.288,0.005872,5,persistent
BTAI,2025-02-10,2,35,0.057143,0.05788,0.0194,0.1858,0.012815,3,persistent
BTB,2022-12-15,2,31,0.064516,0.064534,0.0944,0.065,0.000278,1,persistent
BTC,2024-11-20,6,31,0.193548,0.196015,0.0358,0.082,0.012665,1,persistent
BTCM,2022-12-23,3,28,0.107143,0.106322,0.5199,0.1954,0.007692,1,persistent
BTCS,2022-12-27,14,9,1.555556,1.558799,1.0,1.0,0.002083,36,persistent
BTF,2026-01-26,6,29,0.206897,0.206463,0.7732,0.1134,0.002098,3,persistent
BTFL,2026-04-14,21,32,0.65625,0.656801,0.3263,0.6525,0.00084,1,persistent
BTM,2026-02-23,1,7,0.142857,0.144557,0.1768,0.5602,0.01183,3,persistent
BTOG,2022-10-11,7,5,1.4,1.396042,0.6557,0.7148,0.002831,6,persistent
BTOG,2023-04-26,31,21,1.47619,1.477417,0.9259,0.9259,0.00083,34,persistent
BTTR,2024-03-21,1,40,0.025,0.026715,0.0396,0.0456,0.066331,1,persistent
BTWNW,2023-05-03,10,23,0.434783,0.434783,4.24,0.4433,0.0,7,persistent
BULG,2026-05-05,1,23,0.043478,0.044346,0.0011,0.0446,0.019759,12,persistent
BULLZ,2025-06-10,19,29,0.655172,0.655241,0.651,0.9128,0.000105,1,bad-open-print
BULZ,2022-10-31,3,29,0.103448,0.101945,0.0139,0.0368,0.014636,3,persistent
BULZ,2026-02-24,10,1,10.0,9.846693,0.7478,1.7527,0.015449,1,persistent
BVC,2026-01-05,2,29,0.068966,0.067813,3.4583,0.225,0.016849,3,persistent
BVC,2026-06-09,13,27,0.481481,0.481808,254.4615,0.7692,0.000678,1,persistent
BWACW,2022-04-29,5,3,1.666667,1.66251,2.2754,0.9836,0.002497,24,persistent
BWCAW,2022-11-10,21,32,0.65625,0.661409,0.8696,0.8696,0.007831,8,persistent
BWIV WS,2026-05-18,22,15,1.466667,1.466178,1.8065,0.8065,0.000333,4,persistent
BXRX,2022-02-16,1,26,0.038462,0.03823,0.274,0.4609,0.006031,1,persistent
BYFC,2023-11-01,7,50,0.14,0.139652,4.0,0.0357,0.002488,1,persistent
BYND,2026-08-14,1,30,0.033333,0.033775,0.1669,0.1686,0.013176,1,persistent
BZAIW,2025-02-28,5,3,1.666667,1.664685,0.9638,0.8462,0.00119,2,bad-open-print
BZQ,2022-05-27,12,23,0.521739,0.521524,0.7214,0.5482,0.000412,2,persistent
CALA,2022-06-15,1,18,0.055556,0.054125,0.2748,0.0844,0.026096,1,persistent
CALC,2026-01-28,22,5,4.4,4.411765,1408.0309,11.2494,0.00267,1,persistent
CAMP,2024-02-02,1,20,0.05,0.050162,0.2049,0.1403,0.003231,1,persistent
CANF,2023-01-11,3,32,0.09375,0.094237,0.8387,0.125,0.005184,6,persistent
CANF,2026-01-05,1,20,0.05,0.049062,0.3584,0.0844,0.018943,3,persistent
CANG,2025-11-17,7,4,1.75,1.754286,1.2455,1.5432,0.002446,3,persistent
CANG,2026-07-21,3,31,0.096774,0.097011,0.1347,0.2805,0.002443,1,persistent
CANO,2022-11-10,10,7,1.428571,1.42735,1.7759,0.949,0.000855,1,persistent
CANO,2023-11-03,1,80,0.0125,0.011256,0.2794,0.1082,0.104802,1,persistent
CAPS,2025-05-16,16,35,0.457143,0.45614,296.6262,0.4217,0.002195,1,bad-open-print
CARA,2024-12-31,2,35,0.057143,0.057834,0.0849,0.077,0.01202,1,persistent
CASI,2022-06-02,3,26,0.115385,0.116243,2.2926,0.3031,0.00741,1,persistent
CASI,2023-05-31,7,10,0.7,0.711604,1.0,0.62,0.016441,7,persistent
CATX,2024-06-17,3,29,0.103448,0.103349,0.3488,0.2144,0.000957,3,persistent
CBD,2023-08-29,80,23,3.478261,3.478261,2.015,1.8481,0.0,1,persistent
CBIO,2025-06-16,1,35,0.028571,0.02795,0.5385,0.2369,0.021979,595,persistent
CBRG,2026-08-13,25,16,1.5625,1.561485,2.3246,2.367,0.00065,1,persistent
CBRGW,2022-06-28,5,3,1.666667,1.665833,2.0,1.2,0.0005,13,persistent
CCG,2026-07-21,1,26,0.038462,0.038298,0.0517,0.0345,0.004264,4,persistent
CCHH,2026-07-13,3,32,0.09375,0.094478,0.0375,0.1787,0.007731,3,persistent
CCIXW,2025-01-13,8,15,0.533333,0.533333,0.3158,0.4421,0.0,96,persistent
CCIXW,2025-08-08,31,22,1.409091,1.410256,1.1429,0.8,0.000827,63,persistent
CCIXW,2025-11-17,27,16,1.6875,1.686047,1.4706,2.3529,0.000862,34,persistent
CCLDO,2023-10-31,23,15,1.533333,1.531532,0.7463,1.8806,0.001176,14,persistent
CCLDO,2023-12-14,26,9,2.888889,2.883117,2.16,2.2857,0.002,44,persistent
CCNC,2022-11-09,1,22,0.045455,0.044535,0.0009,0.1163,0.02043,1,persistent
CCTG,2024-02-08,3,8,0.375,0.373529,4.8491,0.3807,0.003929,1,persistent
CCTSW,2022-08-22,2,1,2.0,2.0,1.0,2.0,0.0,165,persistent
CCUP,2026-08-24,1,10,0.1,0.099323,0.0247,0.0147,0.006795,3,persistent
CDIO,2025-05-13,1,31,0.032258,0.032081,0.1065,0.3632,0.005514,1,persistent
CDLX,2026-06-08,3,28,0.107143,0.106843,0.181,0.1291,0.002807,3,persistent
CDROW,2023-04-10,21,13,1.615385,1.614205,2.0619,1.0412,0.000731,88,bad-open-print
CDROW,2023-05-25,7,4,1.75,1.745223,1.065,1.0,0.002733,35,persistent
CDROW,2024-02-22,32,65,0.492308,0.490909,1.4925,0.995,0.002845,6,persistent
CDROW,2025-11-14,7,5,1.4,1.395673,1.4337,1.0753,0.003095,66,persistent
CDT,2025-05-20,2,31,0.064516,0.06421,0.0496,0.0279,0.004763,1,persistent
CDT,2025-10-13,1,8,0.125,0.124467,0.3872,0.5801,0.004277,3,persistent
CDT,2026-03-27,3,65,0.046154,0.045972,0.1945,0.4165,0.003956,1,persistent
CDT,2026-07-20,3,31,0.096774,0.096178,0.5061,0.2189,0.006176,3,persistent
CDTX,2024-04-25,1,27,0.037037,0.036662,2.3614,0.2954,0.01018,2,persistent
CEAD,2024-06-07,1,10,0.1,0.100477,1.3872,0.6809,0.004761,1,persistent
CELH,2023-11-15,80,27,2.962963,2.974412,2.7648,1.6614,0.003857,1,persistent
CELUW,2022-09-02,11,18,0.611111,0.610192,0.4283,0.2855,0.001505,7,bad-open-print
CELUW,2022-12-19,25,13,1.923077,1.923077,1.5,1.0,0.0,14,persistent
CELZ,2023-06-12,6,65,0.092308,0.092383,0.2342,0.5677,0.000816,3,persistent
CENN,2023-12-08,3,26,0.115385,0.115252,0.749,0.7751,0.001152,1,persistent
CETX,2024-05-01,29,7,4.142857,4.154624,1179.9227,65.1304,0.002836,1,persistent
CETX,2024-11-26,1,28,0.035714,0.035386,0.6217,0.8715,0.009239,1,persistent
CETX,2025-09-29,1,15,0.066667,0.066099,0.5298,0.2373,0.008549,3,persistent
CETX,2026-06-05,5,64,0.078125,0.078957,1.8204,0.2104,0.010595,1,persistent
CETXP,2023-01-04,26,15,1.733333,1.733667,0.8439,0.8692,0.000192,76,bad-open-print
CETXP,2023-01-25,16,23,0.695652,0.697674,1.0,1.03,0.002903,21,persistent
CETY,2024-10-23,7,5,1.4,1.400832,1.1818,1.0909,0.000594,29,persistent
CETY,2025-10-06,1,14,0.071429,0.072047,0.1274,0.2403,0.008624,3,persistent
CFIVW,2022-03-31,17,25,0.68,0.680547,0.7491,0.7491,0.000804,30,persistent
CFIVW,2022-04-28,31,20,1.55,1.549826,0.7491,0.7491,0.000112,28,persistent
CFIVW,2022-05-10,40,27,1.481481,1.481256,0.7752,0.7752,0.000152,12,persistent
CFRX,2022-07-14,9,2,4.5,4.478467,191.1373,72.7451,0.004797,1,persistent
CGC,2023-12-20,2,19,0.105263,0.105416,0.3722,0.3021,0.001449,1,persistent
CGTL,2026-07-07,2,27,0.074074,0.073224,0.0964,0.0605,0.011549,1,persistent
CHEK,2022-11-25,3,50,0.06,0.060286,5.4325,0.8665,0.004751,2,persistent
CHEK,2024-10-01,22,15,1.466667,1.467742,0.75,0.74,0.000733,26,persistent
CHEK,2025-08-05,18,11,1.636364,1.634551,0.8746,1.4781,0.001108,81,persistent
CHNR,2024-10-07,20,29,0.689655,0.690288,0.4831,0.8019,0.000918,10,persistent
CHNR,2025-06-13,9,64,0.140625,0.140802,0.0075,0.4662,0.001257,1,persistent
CHPT,2025-07-28,2,31,0.064516,0.064274,0.1582,0.251,0.003765,3,persistent
CHR,2023-11-27,7,65,0.107692,0.107595,0.0208,0.0193,0.000905,3,persistent
CHRA,2022-12-30,7,80,0.0875,0.08789,2.7898,0.7941,0.004448,1,persistent
CHWAW,2022-07-12,28,17,1.647059,1.645305,2.1429,0.8571,0.001065,77,persistent
CIFRW,2022-05-10,15,7,2.142857,2.139852,3.0,1.0,0.001403,15,persistent
CIFRW,2025-04-22,4,9,0.444444,0.443779,0.016,0.9585,0.001498,15,persistent
CIFRW,2025-11-14,28,19,1.473684,1.473118,0.7197,0.9254,0.000384,1,bad-open-print
CIIT,2026-03-20,11,80,0.1375,0.13707,0.014,0.005,0.003133,1,persistent
CIIT,2026-07-20,2,21,0.095238,0.095475,0.1552,0.1744,0.002489,3,persistent
CIM,2024-05-22,10,29,0.344828,0.344314,0.6148,0.5957,0.001491,1,persistent
CING,2023-11-30,1,21,0.047619,0.047826,4.186,0.2791,0.004338,1,persistent
CISS,2025-01-02,11,29,0.37931,0.378,1.0271,0.339,0.003461,2,persistent
CITEW,2024-12-02,3,7,0.428571,0.428571,0.25,0.75,0.0,40,persistent
CJET,2024-07-08,1,24,0.041667,0.041216,0.0501,0.0634,0.010874,3,persistent
CJJD,2022-04-07,7,64,0.109375,0.109091,0.5,0.5,0.002601,2,persistent
CJJD,2024-03-01,1,19,0.052632,0.053609,0.0016,0.1189,0.018406,1,persistent
CKPT,2022-12-06,9,70,0.128571,0.12863,0.7143,0.6157,0.000454,1,persistent
CLBTW,2023-11-17,7,10,0.7,0.698276,0.6689,0.3344,0.002466,18,persistent
CLDI,2024-07-15,2,19,0.105263,0.104901,0.0906,0.2211,0.00345,3,persistent
CLDI,2025-08-05,7,65,0.107692,0.108011,0.013,0.1822,0.002954,1,persistent
CLDL,2022-09-16,7,5,1.4,1.403068,1.8957,0.9479,0.002189,32,persistent
CLEU,2024-01-19,2,27,0.074074,0.073674,0.3203,0.063,0.00541,1,persistent
CLIK,2025-10-10,1,29,0.034483,0.03502,0.0109,0.0271,0.015449,1,persistent
CLIM,2026-03-20,5,12,0.416667,0.417082,2.6981,0.1804,0.000997,1198,persistent
CLINW,2022-07-11,14,5,2.8,2.8,2.75,3.0,0.0,47,persistent
CLIP,2024-06-17,1,4,0.25,0.25005,0.1093,0.328,0.000199,3,persistent
CLIR,2026-03-17,3,29,0.103448,0.102823,0.0126,0.2897,0.006066,4,persistent
CLMB,2026-03-23,65,17,3.823529,3.821289,3.347,1.9422,0.000586,3,persistent
CLNN,2024-07-11,1,20,0.05,0.050018,1.0058,0.0145,0.000357,1,persistent
CLRB,2022-07-22,3,25,0.12,0.121389,7.5,0.075,0.011508,2,persistent
CLRB,2025-06-24,1,29,0.034483,0.034282,0.0349,0.1201,0.005826,1,persistent
CLRO,2025-06-10,5,64,0.078125,0.078477,0.2308,0.2308,0.00449,1,persistent
CLSD,2025-09-15,1,12,0.083333,0.082772,0.0003,0.1288,0.006759,3,persistent
CLSKW,2024-11-20,31,64,0.484375,0.485714,2.6322,0.8889,0.002761,1,persistent
CLSKW,2025-05-27,5,9,0.555556,0.556,0.7555,0.3942,0.0008,6,persistent
CLSN,2022-03-01,1,14,0.071429,0.071586,0.5535,0.1976,0.0022,1,persistent
CLVR,2023-08-25,3,80,0.0375,0.037918,0.0253,0.2503,0.011073,1,persistent
CLVRW,2021-12-09,13,8,1.625,1.627119,1.25,1.745,0.001303,64,persistent
CLVRW,2022-03-25,7,15,0.466667,0.466591,1.4,0.2,0.000162,30,persistent
CLXT,2023-04-25,3,26,0.115385,0.115084,0.0007,0.5445,0.002612,1,persistent
CM,2022-05-16,2,1,2.0,1.989693,1.6492,1.7909,0.005167,3,persistent
CMAX,2024-02-01,1,21,0.047619,0.048499,0.3329,0.2612,0.018317,1,persistent
CMAXW,2022-12-07,65,16,4.0625,4.069767,0.7333,6.6667,0.001787,82,persistent
CMAXW,2023-05-25,17,10,1.7,1.7,1.0,2.0,0.0,2,persistent
CMAXW,2023-07-24,16,11,1.454545,1.454545,1.0,2.05,0.0,6,persistent
CMCT,2025-01-06,2,19,0.105263,0.104731,0.1542,0.1977,0.005073,3,persistent
CMCT,2025-04-16,1,28,0.035714,0.036309,0.0572,0.1546,0.016507,5,persistent
CMCT,2026-04-20,1,10,0.1,0.099764,0.173,0.0721,0.002361,3,persistent
CMG,2024-06-26,50,1,50.0,49.970167,29.3366,33.3086,0.000597,1,persistent
CMND,2026-05-21,3,29,0.103448,0.102563,0.4549,0.7812,0.008594,1,persistent
CMPOW,2024-02-22,23,14,1.642857,1.641537,1.0,2.0,0.000804,2,persistent
CMRA,2023-09-26,21,32,0.65625,0.65992,0.627,0.8401,0.005577,5,persistent
CNDA WS,2022-12-07,5,8,0.625,0.625711,0.2857,0.2857,0.001137,2,persistent
CNEY,2025-05-19,1,24,0.041667,0.041718,0.1612,0.0176,0.001236,3,persistent
CNF,2025-09-05,3,29,0.103448,0.103734,3.1081,0.3636,0.002762,1,persistent
CNFR,2022-05-13,32,21,1.52381,1.513158,1.0,2.0,0.007015,11,persistent
CNSP,2024-06-05,1,50,0.02,0.021138,0.3196,0.1521,0.05535,1,persistent
CNSP,2024-06-10,40,27,1.481481,1.487106,1.6646,1.6188,0.003789,3,persistent
CNSP,2025-07-22,5,64,0.078125,0.077713,0.0122,0.3044,0.005283,1,persistent
CNTG,2022-07-27,23,16,1.4375,1.4375,0.9852,0.9852,0.0,43,persistent
CNTG,2022-10-24,27,17,1.588235,1.586538,1.0,1.0,0.001069,68,persistent
CNTX,2023-05-24,11,17,0.647059,0.647017,0.8646,0.5764,6.5e-05,6,persistent
CNVS,2023-06-09,1,19,0.052632,0.053073,0.6949,0.5866,0.008349,1,persistent
CNXA,2023-09-25,1,31,0.032258,0.032049,0.014,0.0199,0.006509,3,persistent
COCP,2022-10-11,9,100,0.09,0.09031,1.3103,0.1675,0.003439,1,persistent
CODX,2026-01-02,2,65,0.030769,0.030649,0.4743,0.0833,0.003927,2,persistent
CODX,2026-03-11,29,70,0.414286,0.414821,6.8413,0.2575,0.001292,57,bad-open-print
COE,2022-12-15,16,65,0.246154,0.245614,0.6949,0.5417,0.002195,1,persistent
COHR,2022-09-08,19,3,6.333333,6.343259,1.4172,3.4728,0.001566,70,persistent
COIA,2026-06-01,19,40,0.475,0.475408,1.12,0.4984,0.000859,5,persistent
COKE,2025-05-27,10,1,10.0,9.938217,19.6189,11.7226,0.006197,4,persistent
CONI,2025-08-15,1,20,0.05,0.049596,0.0009,0.0012,0.008114,1,persistent
CONY,2025-12-02,3,31,0.096774,0.097532,0.1011,0.0453,0.007805,1,persistent
COOK,2026-03-18,1,50,0.02,0.020462,0.0848,0.0545,0.022822,1,persistent
CORS WS,2022-05-02,12,19,0.631579,0.63139,0.8483,0.3333,0.000299,3,bad-open-print
COYY,2026-06-02,11,65,0.169231,0.168197,0.0185,0.0101,0.006126,1,persistent
CPAAW,2022-11-29,5,8,0.625,0.62461,0.3,0.5,0.000625,63,persistent
CPARW,2022-09-16,32,13,2.461538,2.467917,1.2,1.2,0.002588,29,persistent
CPHI,2025-04-16,3,31,0.096774,0.096241,0.0006,0.0782,0.005524,2,persistent
CPOP,2023-08-28,32,21,1.52381,1.517241,1.3605,0.966,0.00432,25,persistent
CPOP,2023-10-27,13,80,0.1625,0.163717,0.7075,0.585,0.00746,9,persistent
CPOP,2025-07-16,22,15,1.466667,1.467049,1.37,2.162,0.000261,6,persistent
CPRT,2022-11-04,2,1,2.0,1.975614,2.4268,2.7972,0.012268,1,persistent
CPRT,2023-08-22,2,1,2.0,2.004381,2.4839,2.8405,0.002188,1,persistent
CPSR,2025-03-03,4,13,0.307692,0.308725,0.0302,0.0067,0.00335,1145,persistent
CPTN,2023-09-22,7,65,0.107692,0.107908,0.1919,0.0455,0.001997,1,persistent
CRCA,2026-02-26,3,29,0.103448,0.10359,0.2959,0.1783,0.001365,1,persistent
CRCG,2026-05-05,2,21,0.095238,0.094866,0.1376,0.1144,0.003914,1,persistent
CRDU,2026-03-10,22,65,0.338462,0.33875,0.0421,0.5515,0.000852,1,persistent
CRDU,2026-07-21,40,11,3.636364,3.636662,3.3304,2.9014,8.2e-05,1,persistent
CRE,2026-02-13,6,65,0.092308,0.091751,0.1523,0.1653,0.006049,1,persistent
CRE,2026-06-16,31,64,0.484375,0.486739,220.6917,0.8985,0.00487,1,bad-open-print
CREG,2025-07-18,6,65,0.092308,0.092562,3.1122,0.1703,0.002747,1,persistent
CREG,2026-05-15,40,27,1.481481,1.479745,0.9253,0.963,0.001172,1,persistent
CREG,2026-06-16,2,21,0.095238,0.094857,0.2783,0.2958,0.004008,1,persistent
CRESW,2023-07-14,11,20,0.55,0.549451,0.3922,0.7843,0.001,155,persistent
CRGOW,2025-02-20,7,20,0.35,0.34975,0.464,0.4,0.000715,356,persistent
CRGOW,2025-08-18,10,29,0.344828,0.345238,10.0633,0.6329,0.00119,4,bad-open-print
CRGX,2025-01-30,65,16,4.0625,4.080495,47.8686,2.7929,0.00442,1,persistent
CRIS,2023-09-29,2,31,0.064516,0.064039,0.3818,0.0094,0.007417,1,persistent
CRIS,2026-07-06,1,18,0.055556,0.054894,0.0127,0.009,0.011986,4,persistent
CRKN,2022-03-14,40,27,1.481481,1.488722,1.9901,0.9901,0.004875,12,persistent
CRMLW,2024-12-17,16,11,1.454545,1.455238,1.8797,1.1278,0.000476,5,persistent
CRMX,2026-03-10,13,40,0.325,0.325727,0.5389,0.0667,0.002235,1,persistent
CRSH,2025-12-02,1,10,0.1,0.10036,0.0113,0.0057,0.003591,1,persistent
CRVL,2024-12-26,65,22,2.954545,2.949121,4.5315,2.7859,0.001838,2,persistent
CRWD,2026-07-02,4,1,4.0,3.994211,4.6837,3.1089,0.001448,1,persistent
CRWG,2026-05-05,1,10,0.1,0.099485,0.0106,0.059,0.005164,1,persistent
CRWU,2026-08-24,3,28,0.107143,0.107214,0.0377,0.0048,0.000662,3,persistent
CRXTW,2021-11-24,32,23,1.391304,1.391607,1.7052,1.218,0.000217,1,persistent
CRXTW,2021-12-29,29,20,1.45,1.448685,0.819,0.665,0.000908,21,persistent
CSAI,2026-07-31,1,27,0.037037,0.037199,0.0189,0.2077,0.00437,1,persistent
CSCI,2025-08-15,40,27,1.481481,1.484099,1.2182,0.7818,0.001765,28,persistent
CSPI,2024-03-21,28,15,1.866667,1.864525,1.7254,1.591,0.001148,1,persistent
CSSEP,2024-03-18,23,12,1.916667,1.914894,2.069,1.6138,0.000925,10,persistent
CTAQW,2022-05-04,40,23,1.73913,1.74434,1.0,1.2,0.002991,41,persistent
CTAS,2024-09-12,4,1,4.0,3.957461,4.3826,3.8845,0.010692,1,persistent
CTCX,2023-10-24,8,5,1.6,1.6,1.6901,0.7887,0.0,7,bad-open-print
CTEC,2025-09-03,3,16,0.1875,0.188439,0.1639,0.7213,0.004996,28,persistent
CTHR,2024-05-17,1,9,0.111111,0.110672,0.6971,0.3485,0.00396,2,persistent
CTK,2022-05-09,1,10,0.1,0.098704,0.3274,0.3173,0.013048,3,persistent
CTM,2023-08-16,31,22,1.409091,1.410186,1.7147,1.9753,0.000777,1,persistent
CTNT,2024-10-24,1,15,0.066667,0.067491,0.51,0.4084,0.012288,1,persistent
CTOS WS,2022-07-18,27,40,0.675,0.675858,0.5412,0.8339,0.001271,5,persistent
CTRM,2024-03-27,3,28,0.107143,0.107188,4.2053,0.2407,0.000425,2,persistent
CTXR,2024-11-26,1,50,0.02,0.022222,0.0495,0.0243,0.105361,1,persistent
CUE,2026-04-24,1,22,0.045455,0.044571,0.0237,0.0298,0.019635,1,persistent
CUEN,2023-03-24,6,65,0.092308,0.092648,1.5152,0.7576,0.003677,1,persistent
CUPR,2026-05-27,7,64,0.109375,0.109493,0.1063,0.7595,0.001082,1,persistent
CURX,2026-08-20,1,21,0.047619,0.047293,0.1901,0.0563,0.006875,1,persistent
CVKD,2024-08-20,2,29,0.068966,0.067856,1.5461,0.005,0.01622,1,persistent
CVLG,2025-01-02,31,16,1.9375,1.956569,2.6073,2.5623,0.009794,2,persistent
CVNA,2026-05-08,64,13,4.923077,4.939738,3.7714,4.3328,0.003379,1,persistent
CWBR,2022-09-23,1,23,0.043478,0.044006,8.93,0.425,0.012072,1,persistent
CWD,2025-05-02,1,20,0.05,0.0506,0.223,0.223,0.01192,1,persistent
CWEB,2022-05-31,9,100,0.09,0.090428,0.1127,0.0852,0.004746,4,persistent
CWVX,2025-12-02,6,31,0.193548,0.194559,0.1058,0.0698,0.005209,1,persistent
CXAC WS,2022-06-03,14,31,0.451613,0.451069,0.6452,0.9218,0.001205,1,bad-open-print
CXAC WS,2022-06-06,13,28,0.464286,0.463576,28.907,0.718,0.001529,3,bad-open-print
CXAC WS,2022-09-28,5,3,1.666667,1.666667,1.0937,0.9854,0.0,5,persistent
CXDO,2022-05-10,31,22,1.409091,1.405172,1.0,1.09,0.002785,32,persistent
CYBN,2024-09-19,1,35,0.028571,0.027504,0.2307,0.411,0.038093,1,persistent
CYCC,2025-05-12,2,29,0.068966,0.068676,0.2229,0.0625,0.004212,3,persistent
CYCC,2025-07-07,1,20,0.05,0.051073,35.6788,0.7512,0.021232,4,persistent
CYCCP,2023-12-21,21,32,0.65625,0.660494,0.3731,0.3731,0.006446,36,persistent
CYCCP,2025-03-04,16,35,0.457143,0.456336,0.6795,0.1845,0.001767,1,bad-open-print
CYCN,2022-10-06,32,19,1.684211,1.682477,0.7974,2.5659,0.00103,1,persistent
CYCU,2025-10-27,1,27,0.037037,0.036443,0.0541,0.0285,0.016164,3,persistent
CYCU,2026-08-28,1,8,0.125,0.124309,0.1226,0.1969,0.00554,1,persistent
CYH,2023-05-02,28,17,1.647059,1.65252,2.4405,0.9025,0.00331,1,persistent
CYN,2023-11-09,29,20,1.45,1.447368,1.4902,0.8763,0.001817,1,persistent
CYRN,2022-02-09,3,50,0.06,0.059723,1.3475,0.3934,0.004626,1,persistent
CYTO,2022-10-25,1,20,0.05,0.050039,4.0447,0.8553,0.000784,1,persistent
CYTO,2023-01-24,7,4,1.75,1.755853,1.5022,0.8734,0.003339,6,persistent
CYTO,2023-12-13,1,19,0.052632,0.053463,0.1851,0.0176,0.015677,1,persistent
CZOO,2023-02-09,1,20,0.05,0.051046,0.2409,0.0978,0.020703,1,persistent
CZOO,2023-12-06,1,100,0.01,0.010672,0.0724,0.3171,0.065032,1,persistent
DAIC,2026-06-01,3,100,0.03,0.029365,0.025,0.9883,0.021379,3,persistent
DAOOW,2022-05-19,40,27,1.481481,1.479894,1.5,1.5,0.001072,8,persistent
DARE,2024-07-01,6,65,0.092308,0.091972,0.4,0.2857,0.003641,3,persistent
DATS,2023-09-20,1,10,0.1,0.101485,0.0141,0.1975,0.014742,5,persistent
DATSW,2022-01-25,27,17,1.588235,1.590164,1.0256,0.9744,0.001214,5,persistent
DATSW,2022-03-08,40,27,1.481481,1.482833,0.9744,1.8974,0.000912,35,bad-open-print
DATSW,2025-03-25,1,2,0.5,0.502128,0.4885,0.7634,0.004246,6,bad-open-print
DAVE,2023-01-06,1,31,0.032258,0.032646,0.1485,0.1292,0.011956,1,persistent
DAVEW,2022-06-24,7,3,2.333333,2.337383,1.7391,1.7391,0.001734,21,persistent
DAVEW,2025-05-08,2,5,0.4,0.397389,22.4686,0.6286,0.00655,112,persistent
DAVEW,2025-06-30,17,27,0.62963,0.627451,0.7475,0.4025,0.003466,4,persistent
DAVEW,2026-05-11,29,18,1.611111,1.611389,1.3072,1.3072,0.000173,6,persistent
DBD,2023-08-14,1,100,0.01,0.010417,0.2282,0.0894,0.040822,80,persistent
DBGI,2023-08-22,1,18,0.055556,0.054891,0.0251,0.2199,0.012027,1,persistent
DBGI,2025-08-20,5,22,0.227273,0.226559,0.0843,0.0983,0.003146,246,persistent
DBGIW,2022-02-15,40,27,1.481481,1.487663,2.2831,1.8265,0.004164,26,bad-open-print
DBGIW,2023-08-25,17,50,0.34,0.341335,0.5773,0.6064,0.00392,21,persistent
DBGIW,2024-04-22,11,5,2.2,2.198276,0.9901,0.9901,0.000784,45,persistent
DBGIW,2024-09-05,7,10,0.7,0.713424,1.0,1.0,0.018995,73,persistent
DBRG,2022-08-23,6,25,0.24,0.23907,0.8415,0.616,0.003884,1,persistent
DC WS,2025-02-07,13,19,0.684211,0.684348,0.5,1.0,0.000201,192,persistent
DCFCW,2023-01-17,3,5,0.6,0.6,0.5092,0.5092,0.0,11,persistent
DCOY,2026-03-10,2,29,0.068966,0.069077,2.2427,0.4369,0.001622,4,persistent
DCRDW,2022-07-01,10,7,1.428571,1.428571,1.0,2.15,0.0,10,persistent
DCX,2026-01-22,1,13,0.076923,0.076769,0.3482,0.142,0.002004,1,persistent
DD,2026-06-24,10,31,0.322581,0.322418,0.4862,0.4269,0.000504,1,persistent
DDC,2025-04-22,1,19,0.052632,0.053289,0.0321,0.0623,0.012423,18,persistent
DEA,2025-04-28,12,31,0.387097,0.386578,0.4165,0.381,0.00134,3,persistent
DECK,2024-09-17,6,1,6.0,5.998081,4.844,6.7916,0.00032,1,persistent
DEVS,2025-08-08,3,29,0.103448,0.103664,0.1451,0.2922,0.002084,1,persistent
DFDV,2025-05-21,64,11,5.818182,5.813253,5.3077,7.0303,0.000847,1,persistent
DFDVW,2026-02-12,17,8,2.125,2.128623,1.227,1.227,0.001704,17,persistent
DFFN,2022-04-19,1,50,0.02,0.02166,0.9563,0.2649,0.079752,1,persistent
DFLI,2025-12-18,3,29,0.103448,0.103437,0.2904,0.5283,0.000111,1,persistent
DFLIW,2023-06-06,32,19,1.684211,1.684211,0.8,0.8,0.0,50,persistent
DFNSW,2026-08-03,25,16,1.5625,1.565041,0.7364,0.9091,0.001625,4,persistent
DGLY,2023-02-08,1,18,0.055556,0.054511,0.2333,0.3556,0.018976,1,persistent
DGNX,2025-09-09,17,2,8.5,8.556,21.5926,37.5926,0.006567,1,persistent
DGNX,2026-04-28,1,10,0.1,0.100638,1.1143,0.6653,0.006358,1,persistent
DGZ,2025-04-21,17,12,1.416667,1.415954,1.0,1.2,0.000503,392,persistent
DHAI,2025-10-21,3,80,0.0375,0.037554,0.0012,0.0309,0.001426,4,persistent
DHCAW,2022-06-14,27,17,1.588235,1.588022,1.0,1.0,0.000134,8,persistent
DHHCW,2022-06-07,7,4,1.75,1.750875,1.0,1.2,0.0005,11,persistent
DHHCW,2022-07-08,20,11,1.818182,1.817273,1.0,1.2,0.0005,31,persistent
DILAW,2022-03-24,11,16,0.6875,0.686572,0.4878,0.4878,0.001351,6,persistent
DILAW,2022-06-30,5,3,1.666667,1.6675,1.0,2.0,0.0005,27,persistent
DIME,2026-02-24,40,27,1.481481,1.478915,1.5,1.0,0.001734,32,persistent
DIPS,2025-12-10,3,29,0.103448,0.102441,0.0017,0.0057,0.009786,9,persistent
DJTU,2026-07-13,3,29,0.103448,0.103791,0.0516,0.0504,0.003304,3,persistent
DKI,2026-05-11,7,100,0.07,0.069667,0.0299,0.0262,0.004763,3,persistent
DLLL,2026-06-26,17,2,8.5,8.536643,2.2783,14.5079,0.004302,1,persistent
DLPN,2024-10-16,7,13,0.538462,0.537879,0.3288,0.3425,0.001083,1,persistent
DM,2024-06-11,3,32,0.09375,0.093581,0.2949,0.4083,0.001805,1,persistent
DMAQR,2023-06-13,16,23,0.695652,0.697674,0.8535,0.9531,0.002903,50,persistent
DMYS WS,2022-10-19,32,23,1.391304,1.391141,0.9289,0.7076,0.000117,1,persistent
DMYY WS,2023-04-14,50,27,1.851852,1.85,2.0408,2.8061,0.001001,1,persistent
DMYY WS,2025-02-26,1,6,0.166667,0.164684,6.8393,0.0084,0.01197,12,persistent
DNA,2024-08-20,1,40,0.025,0.025107,0.1038,0.1336,0.004283,1,persistent
DNMR,2024-11-13,1,28,0.035714,0.035729,0.4902,0.3355,0.0004,1,persistent
DOMA,2023-06-30,1,25,0.04,0.040816,0.1644,0.068,0.020203,1,persistent
DOYU,2024-03-28,3,29,0.103448,0.102956,1.4889,0.1944,0.004771,1,persistent
DPCSW,2022-10-03,17,12,1.416667,1.416667,1.875,1.25,0.0,53,persistent
DPRO,2024-09-05,1,25,0.04,0.040392,0.1669,0.0581,0.009756,1,persistent
DPST,2021-10-25,64,13,4.923077,4.935203,8.7589,7.8298,0.00246,3,persistent
DPST,2023-06-05,1,10,0.1,0.100781,0.0515,0.07,0.00778,3,persistent
DRAY,2025-07-22,1,5,0.2,0.199063,0.8633,0.0233,0.004695,935,persistent
DRCT,2026-04-28,1,5,0.2,0.19759,32.1698,0.4734,0.012125,4,persistent
DRIO,2025-08-28,1,19,0.052632,0.052055,1.1171,0.4878,0.011014,1,persistent
DRIP,2022-03-28,2,21,0.095238,0.094918,0.1801,0.4034,0.003366,3,persistent
DRIP,2026-07-15,1,10,0.1,0.100458,0.0046,0.0048,0.004571,1,persistent
DRMA,2024-05-16,2,31,0.064516,0.064272,1.3937,0.2091,0.003788,13,persistent
DRMA,2025-08-04,3,28,0.107143,0.107357,1.0,0.26,0.002,12,persistent
DRV,2021-10-25,3,31,0.096774,0.09815,0.5,0.5,0.014116,3,persistent
DSACW,2022-02-02,29,20,1.45,1.449184,1.0,2.0,0.000563,5,persistent
DSGR,2023-09-01,2,1,2.0,1.983257,1.7029,1.92,0.008407,1,persistent
DSS,2024-01-05,1,18,0.055556,0.055198,0.0574,0.0225,0.006452,1,persistent
DSY,2026-03-04,1,20,0.05,0.050816,0.3367,0.3433,0.016195,13,persistent
DTIL,2024-02-14,1,31,0.032258,0.032113,0.1678,0.0221,0.004506,1,persistent
DTOCW,2022-04-26,30,19,1.578947,1.5805,2.0,1.0,0.000983,6,persistent
DTOCW,2022-06-07,28,15,1.866667,1.866071,1.0,1.9,0.000319,7,persistent
DTOCW,2022-06-24,32,19,1.684211,1.676964,1.0,2.0,0.004312,14,persistent
DTRTW,2022-05-13,20,13,1.538462,1.538462,2.0,1.2,0.0,45,persistent
DTSS,2024-01-02,31,20,1.55,1.552106,1.6667,1.3333,0.001358,4,persistent
DTSTW,2025-10-14,23,16,1.4375,1.44,1.0,2.0,0.001738,33,persistent
DUG,2022-01-14,13,64,0.203125,0.201885,0.0059,0.4441,0.006125,2,persistent
DULL,2026-02-25,1,50,0.02,0.019756,0.1475,0.2951,0.012294,2,persistent
DUO,2022-06-07,1,14,0.071429,0.071741,0.1189,0.2042,0.004361,1,persistent
DUO,2023-08-04,3,40,0.075,0.075259,0.3328,0.1446,0.003451,1,persistent
DUO,2025-06-09,1,16,0.0625,0.06283,0.3275,0.3403,0.005269,3,persistent
DUOG,2026-05-05,1,9,0.111111,0.111064,0.1438,0.1581,0.000423,1,persistent
DUOT,2022-05-02,17,11,1.545455,1.545455,1.4286,1.4286,0.0,55,persistent
DUOT,2022-12-30,10,7,1.428571,1.426471,1.0,1.0,0.001472,29,persistent
DUOT,2023-01-18,27,40,0.675,0.671053,1.0,1.0,0.005865,19,persistent
DUOT,2023-04-06,16,23,0.695652,0.6975,0.7968,0.7968,0.002653,6,persistent
DUST,2024-11-04,1,10,0.1,0.101636,0.0133,0.016,0.016226,3,persistent
DUST,2026-03-05,2,21,0.095238,0.095397,0.0152,0.0075,0.001667,1,persistent
DWACW,2023-07-21,13,29,0.448276,0.447436,15.5725,0.3717,0.001876,7,persistent
DWIN WS,2022-08-08,5,3,1.666667,1.666667,0.9657,1.4286,0.0,4,bad-open-print
DXCM,2022-06-13,29,7,4.142857,4.140062,4.5115,4.7033,0.000675,3,persistent
DXD,2022-01-13,13,64,0.203125,0.201842,0.7821,0.1345,0.006338,1,persistent
DXF,2025-01-28,31,65,0.476923,0.476825,7.5894,0.1916,0.000205,1,persistent
DXJS,2023-09-05,9,5,1.8,1.802546,1.0,1.0,0.001413,53,persistent
DXST,2026-03-16,1,29,0.034483,0.034035,0.0896,0.0019,0.013075,3,persistent
DYNXW,2025-07-21,6,35,0.171429,0.171429,8.099,0.2474,0.0,38,persistent
EACPW,2022-05-03,2,3,0.666667,0.667111,0.6667,0.3333,0.000666,6,persistent
EAF,2025-08-29,3,29,0.103448,0.102642,0.0883,0.2598,0.007822,1,persistent
EAR,2023-01-18,1,21,0.047619,0.047919,0.0773,0.2841,0.006271,1,persistent
EAST,2023-08-15,19,13,1.461538,1.459716,0.7978,1.108,0.001248,6,persistent
EBON,2022-11-22,1,25,0.04,0.040109,0.3253,0.0325,0.002719,1,persistent
ECDA,2025-12-26,3,20,0.15,0.151298,739.2376,0.4397,0.008617,2,persistent
ECOR,2023-02-22,2,25,0.08,0.081382,0.6667,0.4667,0.017129,8,persistent
EDBL,2024-04-05,1,19,0.052632,0.051515,5.921,0.9544,0.02144,1,persistent
EDBL,2025-03-03,1,23,0.043478,0.043543,0.1146,0.0596,0.001485,3,persistent
EDBL,2026-02-03,9,100,0.09,0.09004,5.9658,0.6924,0.000443,1,persistent
EDHL,2026-02-09,1,15,0.066667,0.066692,0.6635,0.2378,0.000385,3,persistent
EDRY,2024-12-17,29,16,1.8125,1.807675,1.6267,2.6933,0.002665,118,persistent
EDSA,2024-10-31,19,13,1.461538,1.460177,1.5294,0.8235,0.000932,29,persistent
EDU,2022-04-08,2,19,0.105263,0.104386,0.4302,0.2611,0.008368,1,persistent
EDZ,2025-09-29,3,29,0.103448,0.102526,0.1012,0.0223,0.008955,4,persistent
EEMX,2023-01-13,50,27,1.851852,1.854313,1.0,1.0,0.001328,17,persistent
EFOI,2023-06-20,1,6,0.166667,0.165408,2.38,0.476,0.00758,4,persistent
EFSH,2023-03-27,22,13,1.692308,1.693878,2.0,2.0,0.000927,34,persistent
EFSH,2024-01-08,7,30,0.233333,0.23278,0.597,0.4164,0.002374,3,persistent
EFSH,2024-07-08,3,32,0.09375,0.093617,0.1632,0.16,0.001419,6,persistent
EFSH,2024-11-04,23,15,1.533333,1.533344,1.2693,0.8369,7e-06,3,persistent
EFTR,2022-05-10,40,27,1.481481,1.479167,2.0305,1.0152,0.001564,18,persistent
EFTR,2024-01-12,1,25,0.04,0.040499,0.0846,0.053,0.012409,1,persistent
EFTR,2024-04-04,25,6,4.166667,4.158031,26.004,2.3884,0.002075,1,persistent
EGIO,2024-03-01,1,35,0.028571,0.028896,0.342,0.0881,0.011297,1,persistent
EHGO,2026-04-20,2,31,0.064516,0.065236,0.0039,0.0431,0.011094,3,persistent
EIGR,2024-01-08,3,100,0.03,0.030123,0.0533,0.0385,0.004101,3,persistent
EJH,2022-10-04,1,19,0.052632,0.052356,0.1078,0.0546,0.005249,1,persistent
EJH,2024-02-14,5,24,0.208333,0.208102,0.7104,0.2328,0.001112,1,persistent
EJH,2026-03-30,1,24,0.041667,0.041841,0.6011,0.0383,0.004175,3,persistent
EKSO,2025-06-02,2,31,0.064516,0.064591,0.0402,0.0445,0.001158,3,persistent
ELAB,2025-03-10,1,8,0.125,0.126079,1.1313,0.1661,0.008599,3,persistent
ELAB,2025-09-02,7,22,0.318182,0.317025,0.5007,0.5232,0.003641,4,persistent
ELAB,2026-03-10,1,8,0.125,0.125949,1.1002,0.1669,0.007563,1,persistent
ELAB,2026-08-21,9,100,0.09,0.089816,0.6509,0.9612,0.002045,1,persistent
ELBM,2025-01-02,3,10,0.3,0.30197,0.1567,0.1017,0.006544,3,persistent
ELME,2026-01-08,32,5,6.4,6.418519,28.8488,2.7675,0.002889,1,persistent
ELMSW,2022-03-14,15,8,1.875,1.872687,1.7391,1.7391,0.001234,14,persistent
ELPW,2025-12-29,1,15,0.066667,0.066407,0.3802,0.4297,0.003908,5,persistent
ELPW,2026-08-10,1,50,0.02,0.021546,0.1618,0.0197,0.074476,3,persistent
ELWS,2024-05-23,9,32,0.28125,0.282383,0.1429,0.4286,0.004021,8,persistent
ELWS,2025-10-17,7,5,1.4,1.401114,1.1658,1.7452,0.000796,1,persistent
EMBK,2022-08-17,1,17,0.058824,0.058319,0.3081,0.1303,0.00861,1,persistent
EMKR,2024-04-02,1,10,0.1,0.101479,0.4062,0.2692,0.014685,1,persistent
EMLDW,2022-06-07,32,23,1.391304,1.395631,2.0,2.0,0.003105,13,persistent
ENDP,2022-05-06,10,7,1.428571,1.426573,1.8903,1.2449,0.0014,1,persistent
ENG,2023-12-06,9,65,0.138462,0.138737,0.01,0.1,0.00199,21,persistent
ENLV,2026-07-09,1,15,0.066667,0.066008,0.1148,0.1861,0.009926,1,persistent
ENSC,2022-10-28,4,65,0.061538,0.061588,0.5873,0.2015,0.000808,1,persistent
ENSC,2023-03-31,1,10,0.1,0.1,0.1015,0.8028,0.0,1,persistent
ENSC,2024-12-06,1,16,0.0625,0.062513,0.0322,0.0688,0.000208,1,persistent
ENTFW,2022-08-19,10,7,1.428571,1.429693,1.2,2.0,0.000785,39,persistent
ENTO,2025-08-18,11,31,0.354839,0.354651,2.0871,0.2294,0.000529,3,persistent
ENVB,2022-07-15,1,50,0.02,0.02212,0.0187,0.0177,0.100733,1,persistent
ENVB,2025-10-28,2,23,0.086957,0.086341,0.2791,0.9203,0.0071,1,persistent
EOSEW,2022-07-29,27,40,0.675,0.67377,0.6557,0.9836,0.001823,7,persistent
EOSEW,2023-03-02,9,14,0.642857,0.642857,0.3333,0.7867,0.0,73,persistent
EOSEW,2023-03-31,11,28,0.392857,0.394366,11.3333,0.6667,0.003834,29,persistent
EOSEW,2023-06-27,1,2,0.5,0.496528,0.3333,0.6667,0.006969,88,persistent
EOSEW,2023-07-25,29,18,1.611111,1.608833,0.7463,0.7836,0.001415,14,persistent
EOSEW,2025-02-20,40,17,2.352941,2.344828,1.8868,1.2358,0.003454,16,persistent
EOSEW,2025-10-01,11,16,0.6875,0.6875,0.6737,0.5775,0.0,6,persistent
EOSU,2026-04-15,1,27,0.037037,0.037067,0.0851,0.0181,0.000805,1,persistent
EPIX,2025-08-25,65,16,4.0625,4.080338,8.6443,1.9844,0.004381,3,persistent
EPSM,2025-09-10,23,14,1.642857,1.642,1.3121,1.8969,0.000522,1,persistent
EPV,2024-11-07,6,29,0.206897,0.20617,0.0532,0.4919,0.003518,1,persistent
EPWR WS,2022-03-21,13,20,0.65,0.649129,0.3846,0.4769,0.00134,4,persistent
EQC,2024-12-09,29,2,14.5,14.460993,4.1195,2.3526,0.002694,3,persistent
EQHA WS,2022-05-26,17,25,0.68,0.680272,0.5714,0.5621,0.0004,1,bad-open-print
EQHA WS,2022-06-03,7,10,0.7,0.701424,0.6787,0.6755,0.002032,1,bad-open-print
EQRXW,2022-05-27,9,13,0.692308,0.69355,0.9524,0.9524,0.001793,4,persistent
EQV WS,2025-01-16,2,3,0.666667,0.670732,0.5349,0.8488,0.006079,1,bad-open-print
EQV WS,2025-02-10,16,23,0.695652,0.697674,0.4172,0.6898,0.002903,4,persistent
ERNA,2024-12-04,28,65,0.430769,0.431603,83.5445,0.8453,0.001933,1,bad-open-print
ERY,2022-05-31,3,29,0.103448,0.104184,0.674,0.0782,0.007089,4,persistent
ERYP,2022-12-19,19,13,1.461538,1.463755,0.6667,0.6667,0.001515,33,persistent
ESGC,2022-02-08,2,35,0.057143,0.056921,0.1461,0.0988,0.003892,1,persistent
ESGL,2024-04-23,2,3,0.666667,0.665079,0.3333,0.3333,0.002384,29,persistent
ESGL,2024-05-20,17,28,0.607143,0.605014,0.7042,0.7042,0.003512,21,persistent
ESHAR,2023-09-20,1,5,0.2,0.198413,0.0282,0.1468,0.007968,42,persistent
ESSC,2025-10-09,19,65,0.292308,0.292644,0.0906,0.3453,0.00115,1063,persistent
ETAO,2023-12-19,17,12,1.416667,1.415039,1.57,1.475,0.00115,6,bad-open-print
ETAO,2024-01-24,31,16,1.9375,1.94911,1.2343,2.5105,0.005975,22,persistent
ETAO,2024-03-26,1,18,0.055556,0.054701,1.4535,0.5814,0.015504,1,persistent
ETH,2024-11-20,1,10,0.1,0.098646,0.0761,0.0716,0.013629,1,persistent
ETHD,2025-11-20,3,29,0.103448,0.101758,0.0409,0.0251,0.016471,1,persistent
ETHI,2025-11-07,27,19,1.421053,1.422833,1.06,2.0,0.001252,9,persistent
ETHT,2025-06-12,5,23,0.217391,0.216528,0.029,0.0779,0.00398,1,persistent
ETHU,2024-08-05,21,11,1.909091,1.911638,2.2306,1.8741,0.001333,3,persistent
ETHU,2025-04-09,1,20,0.05,0.049148,0.1522,0.0371,0.017185,1,persistent
ETHZ,2025-10-20,2,21,0.095238,0.094549,0.0161,0.1083,0.007257,3,persistent
ETNG,2026-08-03,7,10,0.7,0.71351,0.9789,0.5621,0.019116,5,persistent
ETQ,2025-10-29,1,21,0.047619,0.047443,0.0479,0.0391,0.003702,1,persistent
ETR,2024-12-13,2,1,2.0,2.005275,1.732,2.7142,0.002634,1,persistent
EUDA,2023-07-05,31,22,1.409091,1.407307,1.4388,0.9592,0.001267,8,persistent
EUDA,2023-11-01,31,22,1.409091,1.408867,0.639,1.6933,0.000159,14,persistent
EUDA,2024-06-28,15,22,0.681818,0.681818,1.0,0.3333,0.0,7,persistent
EUDAW,2024-08-27,11,20,0.55,0.55,0.7273,0.5936,0.0,7,bad-open-print
EVAV,2023-06-15,1,13,0.076923,0.076192,0.0083,0.0283,0.009549,13,persistent
EVAV,2023-07-05,13,19,0.684211,0.683755,0.6656,0.3328,0.000666,12,persistent
EVAV,2025-01-03,7,10,0.7,0.710229,0.6645,0.6645,0.014507,4,persistent
EVFM,2022-05-06,2,25,0.08,0.079211,1.0552,0.3725,0.009906,1,persistent
EVK,2022-06-14,27,19,1.421053,1.424603,1.6529,1.6529,0.002495,83,persistent
EVLO,2023-06-30,3,80,0.0375,0.037365,0.0289,0.0064,0.003606,1,persistent
EVLVW,2022-04-20,2,3,0.666667,0.66763,1.0,1.0,0.001444,1,bad-open-print
EVLVW,2022-11-17,9,13,0.692308,0.69366,0.8889,0.8889,0.001952,23,persistent
EVLVW,2023-10-12,27,19,1.421053,1.421053,1.8727,1.6142,0.0,3,persistent
EVOK,2022-05-23,3,25,0.12,0.121374,0.5471,0.0312,0.011388,3,persistent
EVOK,2023-01-31,10,7,1.428571,1.428571,1.0,1.0,0.0,1,persistent
EVOK,2023-02-10,27,19,1.421053,1.419142,1.0,1.0,0.001345,3,persistent
EVOK,2023-04-18,31,21,1.47619,1.47644,1.0,1.0,0.000169,26,persistent
EVTL,2024-09-23,1,10,0.1,0.101538,0.2981,0.1439,0.015267,3,persistent
EVTV,2025-08-08,9,100,0.09,0.089545,0.447,0.0006,0.005063,1,persistent
EVX,2025-02-18,19,4,4.75,4.737148,0.0426,4.5106,0.002709,49,persistent
EWV,2024-11-12,6,25,0.24,0.239534,0.2422,0.0183,0.001944,6,persistent
EXFY,2023-11-08,17,11,1.545455,1.545455,2.027,1.1328,0.0,1,persistent
EXLS,2023-08-02,5,1,5.0,5.073048,4.7729,5.298,0.014504,1,persistent
EXPR,2023-08-31,1,18,0.055556,0.055556,0.2831,0.2602,0.0,1,persistent
EYEG,2024-01-03,1,18,0.055556,0.054342,0.0905,0.0905,0.022091,789,persistent
EYES,2022-08-19,5,14,0.357143,0.356863,2.9344,0.9557,0.000785,1,persistent
EZGO,2025-08-04,31,22,1.409091,1.408657,1.1105,1.3711,0.000308,3,persistent
EZRA,2026-05-18,1,40,0.025,0.025609,0.1603,0.122,0.024078,3,persistent
FAMI,2025-03-17,3,31,0.096774,0.096471,0.5972,0.0786,0.003142,3,persistent
FAST,2025-05-22,2,1,2.0,2.002705,1.5813,1.7236,0.001351,1,persistent
FAT,2025-01-30,40,23,1.73913,1.736232,1.32,2.0,0.001668,1,persistent
FATH,2023-09-29,1,19,0.052632,0.051546,0.3856,0.2111,0.020834,1,persistent
FAX,2024-09-09,1,6,0.166667,0.165375,0.1454,0.0896,0.007777,3,persistent
FAZ,2025-09-29,1,10,0.1,0.100874,0.0094,0.0099,0.008701,3,persistent
FBDC,2025-12-11,17,80,0.2125,0.212469,0.5,0.315,0.000147,133,persistent
FBIO,2023-10-10,7,100,0.07,0.069988,1.25,0.34,0.000172,1,persistent
FBIOP,2023-11-07,2,3,0.666667,0.667544,1.0,1.0,0.001315,12,persistent
FBL,2024-03-13,31,6,5.166667,5.149522,4.5636,4.7788,0.003324,1,persistent
FBLG,2025-12-15,10,7,1.428571,1.425488,1.5368,1.0074,0.00216,3,persistent
FBLG,2026-03-30,1,20,0.05,0.048869,0.9819,0.8796,0.022882,3,persistent
FCEL,2024-11-11,1,29,0.034483,0.034294,0.1067,0.1886,0.005502,3,persistent
FCUV,2025-01-31,2,21,0.095238,0.095356,4.3331,0.0777,0.001239,1,persistent
FCUV,2026-02-09,1,14,0.071429,0.071732,16.3324,0.7507,0.004242,3,persistent
FEAM,2025-02-19,2,29,0.068966,0.069056,0.0079,0.0729,0.00131,5,persistent
FEBO,2025-07-31,28,19,1.473684,1.473684,1.0,2.24,0.0,10,persistent
FEDU,2022-06-21,1,21,0.047619,0.048423,0.4587,0.0087,0.016751,4,persistent
FEMY,2026-06-08,1,20,0.05,0.04958,0.2354,0.0229,0.008439,3,persistent
FENG,2022-05-23,12,65,0.184615,0.184508,0.1287,0.1437,0.000581,3,persistent
FFIE,2023-06-20,26,17,1.529412,1.529452,1.3755,0.7877,2.6e-05,4,persistent
FFIE,2023-08-28,1,70,0.014286,0.014042,0.0641,0.0626,0.017209,3,persistent
FFIEW,2022-05-17,11,20,0.55,0.55025,0.3565,0.6417,0.000454,5,persistent
FGEN,2025-06-17,1,25,0.04,0.039734,0.1109,0.0752,0.006679,1,persistent
FGF,2022-05-20,7,5,1.4,1.399194,2.1622,1.0811,0.000576,25,persistent
FGI,2025-07-31,2,9,0.222222,0.222096,0.4,0.622,0.00057,14,persistent
FGI,2025-09-16,1,5,0.2,0.19882,724.5399,0.9437,0.005918,1,persistent
FGL,2026-08-14,32,23,1.391304,1.39217,1.6317,1.5086,0.000622,1,persistent
FGNX,2026-02-13,13,64,0.203125,0.20479,0.238,0.0653,0.008166,1,persistent
FHLTW,2022-07-21,5,8,0.625,0.625,0.3333,0.6667,0.0,15,persistent
FIACW,2022-05-10,23,16,1.4375,1.434783,1.0,1.0,0.001892,62,persistent
FIACW,2022-06-22,25,17,1.470588,1.469311,1.0,1.0,0.000869,15,persistent
FIAT,2025-12-02,1,10,0.1,0.101685,0.0487,0.0172,0.016705,1,persistent
FICVW,2022-04-04,31,16,1.9375,1.940299,1.0,1.0,0.001443,21,persistent
FICVW,2023-06-26,14,29,0.482759,0.4824,0.6667,0.6667,0.000743,26,persistent
FIGG,2026-05-06,1,19,0.052632,0.052594,0.0055,0.0272,0.000707,2,persistent
FINMW,2022-04-14,24,17,1.411765,1.412998,1.105,1.8343,0.000873,1,persistent
FISV,2025-11-11,9,5,1.8,1.796664,2.7269,1.8797,0.001855,889,persistent
FLDDW,2025-02-19,11,23,0.478261,0.47896,4.523,0.6,0.001461,58,persistent
FLGC,2023-06-09,1,20,0.05,0.050693,0.5415,0.1354,0.013771,1,persistent
FLGC,2025-08-04,1,29,0.034483,0.034641,0.2324,0.0075,0.004564,3,persistent
FLJ,2023-12-07,1,27,0.037037,0.036993,0.1139,0.209,0.001177,1,persistent
FLNT,2024-04-12,2,11,0.181818,0.181495,2.0826,0.1147,0.001781,1,persistent
FLXN,2025-07-31,29,80,0.3625,0.362842,0.0065,0.0054,0.000944,1351,persistent
FLYD,2024-03-26,3,29,0.103448,0.101824,0.001,0.0002,0.015824,4,persistent
FLYD,2026-02-25,11,100,0.11,0.110232,0.3209,0.0107,0.002109,2,persistent
FLYE,2025-11-04,1,18,0.055556,0.054324,0.1041,0.0142,0.022422,1,persistent
FMFC,2025-10-31,32,65,0.492308,0.494083,9.4518,0.2145,0.003599,1,persistent
FMSTW,2024-01-08,5,2,2.5,2.486611,3.24,3.01,0.00537,39,bad-open-print
FNCH,2023-06-12,3,100,0.03,0.029401,25.07,0.91,0.020181,3,persistent
FNGD,2021-12-06,1,20,0.05,0.049285,0.1119,0.2627,0.014405,3,persistent
FNGD,2024-03-25,3,31,0.096774,0.097811,0.0735,0.035,0.010657,3,persistent
FNGD,2026-02-09,1,10,0.1,0.100354,0.0003,0.0009,0.003538,3,persistent
FNGG,2023-02-22,3,26,0.115385,0.115258,1.1299,0.0847,0.001101,19,persistent
FNGO,2022-04-26,8,5,1.6,1.600885,1.039,0.8658,0.000553,35,persistent
FNGU,2022-10-31,3,29,0.103448,0.103265,0.0763,0.0452,0.001769,3,persistent
FNGU,2025-06-24,24,1,24.0,23.845768,9.9075,5.0567,0.006447,116,persistent
FOA,2024-07-26,1,10,0.1,0.100188,0.0891,0.5743,0.001877,1,persistent
FORD,2024-06-18,3,26,0.115385,0.115499,0.905,0.02,0.000989,1,persistent
FOXO,2024-08-08,3,2,1.5,1.492764,1.15,1.2,0.004836,14,persistent
FOXO,2025-07-28,13,24,0.541667,0.541914,0.686,0.3518,0.000456,3,persistent
FPAC WS,2022-04-20,23,16,1.4375,1.433333,1.5137,2.0417,0.002903,1,bad-open-print
FRBNW,2023-05-17,5,16,0.3125,0.312,3.7333,0.1333,0.001601,219,persistent
FRES,2023-09-27,5,3,1.666667,1.669643,1.0,1.0,0.001784,2,persistent
FRES,2024-01-03,23,16,1.4375,1.436782,0.78,2.0,0.0005,8,persistent
FRES,2024-07-10,11,100,0.11,0.11039,1.0,0.09,0.003536,13,persistent
FRGE,2025-04-15,2,31,0.064516,0.065168,0.6678,0.4655,0.010046,1,persistent
FRGT,2024-02-05,1,9,0.111111,0.111422,0.1221,0.101,0.00279,3,persistent
FRGT,2025-05-27,5,18,0.277778,0.277819,1.2439,0.2477,0.000148,4,persistent
FRGT,2025-12-15,2,9,0.222222,0.222241,0.1983,0.3483,8.3e-05,3,persistent
FRGT,2026-05-18,4,21,0.190476,0.190513,0.0038,0.599,0.000192,3,persistent
FRSX,2023-04-21,2,13,0.153846,0.155,0.3952,0.4125,0.007472,1,persistent
FRWAW,2022-09-09,2,1,2.0,1.999,1.0,2.1,0.0005,65,persistent
FRXB WS,2023-07-14,13,19,0.684211,0.683108,0.9036,0.7108,0.001613,1,bad-open-print
FST WS,2022-05-02,14,23,0.608696,0.608939,0.5989,0.5307,0.000399,4,bad-open-print
FTCI,2024-12-02,1,11,0.090909,0.090597,0.05,0.0265,0.003443,3,persistent
FTEL,2023-10-10,7,5,1.4,1.402367,1.0,1.0,0.001689,5,persistent
FTEL,2026-01-08,3,25,0.12,0.118963,0.6011,0.0195,0.008681,1,persistent
FTEV WS,2022-03-11,7,10,0.7,0.70087,0.3556,0.9569,0.001241,1,persistent
FTEV WS,2022-05-31,12,25,0.48,0.479798,0.3221,0.2663,0.000421,8,bad-open-print
FTFT,2023-02-01,9,35,0.257143,0.254216,0.0588,0.0588,0.011447,1,persistent
FTFT,2025-04-04,9,100,0.09,0.089779,0.0069,0.0785,0.002454,1,persistent
FTFT,2026-01-20,27,100,0.27,0.269962,0.0163,0.8163,0.000142,4,persistent
FTFT,2026-06-17,26,17,1.529412,1.528069,1.8065,0.9677,0.000879,1,bad-open-print
FTFT,2026-07-13,4,15,0.266667,0.266755,0.3561,0.5698,0.000332,3,persistent
FTK,2023-09-26,13,70,0.185714,0.18656,0.575,0.2757,0.004544,1,persistent
FTNT,2022-06-23,64,13,4.923077,4.954982,7.8198,4.2775,0.00646,1,persistent
FTVIW,2022-06-22,19,12,1.583333,1.58375,2.0,1.0,0.000263,29,persistent
FUBO,2026-03-24,1,11,0.090909,0.091514,0.4578,0.3972,0.006634,1,persistent
FUFUW,2025-12-02,16,9,1.777778,1.77583,1.3,2.0,0.001096,49,persistent
FUV,2022-11-30,1,19,0.052632,0.052005,0.2204,0.4522,0.011974,1,persistent
FWBI,2023-01-18,9,65,0.138462,0.138215,3.6452,0.7431,0.001781,1,persistent
FXCOR,2023-07-17,9,5,1.8,1.80018,1.0588,2.1388,0.0001,4,bad-open-print
FXP,2025-11-20,9,20,0.45,0.449213,1.4751,0.276,0.001751,8,persistent
GAME,2026-08-24,2,15,0.133333,0.134633,0.9217,0.0814,0.009697,3,persistent
GAQ WS,2023-02-27,29,19,1.526316,1.526718,1.0,1.0029,0.000263,4,persistent
GAZ,2022-07-22,16,23,0.695652,0.696941,0.3385,0.9231,0.001851,22,persistent
GBIO,2025-07-22,2,19,0.105263,0.104467,0.1435,0.0818,0.007597,1,persistent
GBRGW,2022-01-24,7,5,1.4,1.399734,0.6667,2.0,0.00019,28,persistent
GCDT,2026-02-27,27,17,1.588235,1.589041,1.3333,1.1267,0.000507,4,persistent
GCMGW,2022-09-06,7,5,1.4,1.399244,0.9231,1.0769,0.00054,21,persistent
GCMGW,2023-06-14,23,14,1.642857,1.641791,1.7143,0.7457,0.000649,48,persistent
GCTK,2024-06-07,1,6,0.166667,0.165563,0.0025,0.0475,0.006642,22,persistent
GCTS WS,2024-08-21,3,2,1.5,1.504667,1.0769,0.8333,0.003106,2,persistent
GDC,2023-02-06,15,31,0.483871,0.483796,8.3493,0.3799,0.000154,4,bad-open-print
GDEV,2024-09-10,1,10,0.1,0.101069,0.0625,0.6875,0.010637,20,persistent
GDHG,2025-05-12,1,20,0.05,0.049981,0.12,0.2601,0.000377,4,persistent
GDHG,2025-08-28,1,13,0.076923,0.077143,0.0848,0.0437,0.002853,1,persistent
GDXD,2024-04-29,1,10,0.1,0.099919,0.0238,0.0343,0.000809,3,persistent
GDXD,2025-10-22,3,65,0.046154,0.045881,0.2217,0.2687,0.005934,1,persistent
GDXD,2026-02-09,3,28,0.107143,0.107176,0.0022,0.0053,0.000305,3,persistent
GDXU,2022-10-31,3,29,0.103448,0.103896,0.0109,0.1074,0.00432,3,persistent
GECC,2022-03-01,19,100,0.19,0.189555,0.5739,0.2869,0.002344,7,persistent
GECC,2022-09-28,29,20,1.45,1.451497,0.6667,0.6667,0.001032,50,persistent
GEMG,2026-04-30,1,17,0.058824,0.058075,0.0152,0.2856,0.012805,7,persistent
GENE,2023-12-14,19,100,0.19,0.189474,1.0239,0.3413,0.002774,1,persistent
GFAI,2023-02-10,1,35,0.028571,0.028143,0.0403,0.0181,0.01511,1,persistent
GFAIW,2021-10-29,2,5,0.4,0.4,5.7433,0.5556,0.0,9,persistent
GFAIW,2023-02-06,31,64,0.484375,0.487227,0.0952,0.4229,0.005871,102,persistent
GFOF,2023-12-08,13,19,0.684211,0.684309,1.0,1.0,0.000144,42,persistent
GGAA,2023-02-23,13,28,0.464286,0.465386,1.988,0.2016,0.002368,17,bad-open-print
GGAAW,2022-07-20,13,28,0.464286,0.464286,3.6667,0.2,0.0,65,persistent
GGLS,2026-07-15,1,10,0.1,0.09958,0.0109,0.002,0.004209,1,persistent
GGR,2025-10-06,1,20,0.05,0.04957,0.019,0.2491,0.008632,3,persistent
GHIXW,2023-11-02,17,4,4.25,4.25,1.596,3.4913,0.0,104,persistent
GHIXW,2024-05-29,65,16,4.0625,4.083333,2.6923,2.3077,0.005115,26,persistent
GHSI,2023-01-09,1,50,0.02,0.018592,1.7143,0.1429,0.073025,3,persistent
GHSI,2024-09-24,3,2,1.5,1.5,1.2901,1.0028,0.0,1,persistent
GIBO,2026-06-30,1,19,0.052632,0.052083,1.3964,0.0118,0.010471,4,persistent
GIGGW,2026-01-09,16,29,0.551724,0.552632,0.7633,0.3333,0.001643,14,bad-open-print
GIPR,2026-07-10,3,31,0.096774,0.096691,0.6818,0.3098,0.000858,1,persistent
GIPRW,2023-02-16,27,40,0.675,0.671231,0.4938,0.4938,0.005599,7,bad-open-print
GIPRW,2024-03-27,31,20,1.55,1.552137,1.0,1.01,0.001378,2,persistent
GITS,2025-01-27,1,23,0.043478,0.044017,5.2663,0.2075,0.012309,3,persistent
GLDI,2022-09-27,1,20,0.05,0.049659,0.1042,0.2866,0.006848,1,persistent
GLEEW,2022-05-05,11,17,0.647059,0.646561,0.59,0.5,0.000769,10,persistent
GLG,2022-08-17,11,50,0.22,0.220826,0.5309,0.1112,0.00375,1,persistent
GLGG,2025-12-15,27,19,1.421053,1.421372,0.9669,1.5369,0.000225,3,persistent
GLMD,2023-05-15,2,23,0.086957,0.08637,0.9725,0.2072,0.006774,3,persistent
GLMD,2024-08-30,9,100,0.09,0.090375,0.1888,0.0875,0.004163,1,persistent
GLTA WS,2022-08-02,7,12,0.583333,0.583511,0.5,0.6,0.000304,1,persistent
GLTA WS,2022-10-12,50,27,1.851852,1.849327,0.9091,1.8182,0.001365,26,persistent
GLXG,2025-09-30,13,9,1.444444,1.444156,1.4966,1.973,0.0002,7,persistent
GLXG,2026-05-04,24,11,2.181818,2.182692,1.0,2.09,0.000401,18,persistent
GLYC,2024-05-06,14,3,4.666667,4.672778,11.0238,1.6218,0.001309,3,persistent
GMBLP,2022-07-14,9,5,1.8,1.793103,1.0,2.0,0.003839,38,persistent
GMBLP,2023-12-22,17,4,4.25,4.251969,2.04,1.1533,0.000463,93,persistent
GMBLW,2022-01-20,32,19,1.684211,1.684564,0.78,1.0,0.00021,21,persistent
GME,2022-07-22,29,7,4.142857,4.133315,2.9223,1.8394,0.002306,1,persistent
GMEX,2026-05-01,9,70,0.128571,0.127131,0.4392,0.7044,0.011268,1,persistent
GMM,2024-11-26,4,65,0.061538,0.061321,0.0985,0.0642,0.003544,1,persistent
GMM,2026-06-12,7,16,0.4375,0.436434,11.6974,0.1194,0.002439,1,bad-open-print
GMRE,2025-09-22,6,31,0.193548,0.195584,0.4532,0.4056,0.010465,3,persistent
GMVD,2022-11-21,1,22,0.045455,0.045333,0.0261,0.2179,0.00267,3,persistent
GMVD,2022-12-09,3,2,1.5,1.493213,1.0861,1.2336,0.004535,4,persistent
GMVDW,2022-12-20,5,23,0.217391,0.216998,0.005,0.5,0.00181,155,persistent
GMVDW,2023-05-31,3,2,1.5,1.5,1.0,1.01,0.0,16,persistent
GNLN,2022-08-10,1,19,0.052632,0.051789,0.1676,0.4734,0.016129,1,persistent
GNLN,2026-04-07,3,35,0.085714,0.085965,16.0214,0.7487,0.002926,5,persistent
GNLN,2026-05-26,17,11,1.545455,1.545016,1.5385,0.7692,0.000284,14,persistent
GNOM,2025-09-03,16,65,0.246154,0.246179,0.0289,0.0635,0.000101,5,persistent
GNPX,2024-02-02,1,32,0.03125,0.031675,0.003,0.6565,0.013508,1,persistent
GNPX,2025-10-21,1,40,0.025,0.02592,0.0471,0.0663,0.036147,1,persistent
GNPX,2026-07-17,7,100,0.07,0.069701,0.3905,0.0837,0.004283,2,persistent
GNS,2024-08-16,3,31,0.096774,0.096483,0.2051,0.1092,0.003016,1,persistent
GNTA,2025-10-27,40,27,1.481481,1.48184,1.7999,1.3073,0.000242,3,persistent
GNUS,2023-02-13,4,35,0.114286,0.113695,1.1977,0.6305,0.005181,3,persistent
GOCO,2022-11-18,3,40,0.075,0.07485,0.5045,0.1538,0.001998,1,persistent
GOGL,2026-07-01,29,100,0.29,0.289321,0.0008,0.0,0.002345,316,persistent
GOOG,2022-07-18,20,1,20.0,19.67397,37.6225,30.9848,0.016436,3,persistent
GOOGL,2022-07-18,20,1,20.0,19.69022,29.3903,20.3876,0.01561,3,persistent
GORV,2025-07-14,1,28,0.035714,0.035318,0.3379,0.0864,0.01116,3,persistent
GORV,2025-11-10,15,8,1.875,1.873308,1.6349,0.8603,0.000903,5,persistent
GOVX,2024-01-31,1,14,0.071429,0.07187,0.1255,0.4418,0.006157,1,persistent
GOVX,2026-01-12,3,64,0.046875,0.046519,0.5726,0.1551,0.00763,3,persistent
GOVXW,2023-02-14,50,27,1.851852,1.85,1.0,1.0,0.001001,158,persistent
GOVXW,2024-07-19,35,16,2.1875,2.1875,1.0,1.0,0.0,29,persistent
GOVZ,2026-05-05,1,4,0.25,0.248738,0.1685,0.178,0.00506,1,persistent
GP,2025-09-08,1,14,0.071429,0.070899,0.2857,0.4314,0.007439,4,persistent
GPL,2022-07-25,1,9,0.111111,0.111481,0.3008,0.0868,0.003322,3,persistent
GPUS,2024-11-25,1,32,0.03125,0.031354,0.1805,0.0187,0.003311,3,persistent
GREE,2023-05-16,3,28,0.107143,0.107394,1.0532,0.4092,0.002341,1,persistent
GREI,2022-10-07,7,5,1.4,1.40217,1.0,1.0,0.001549,189,persistent
GRFX,2025-03-26,3,16,0.1875,0.187538,0.0028,0.2817,0.000205,1,persistent
GRI,2024-10-21,7,25,0.28,0.280374,114.9362,0.5563,0.001334,3,persistent
GRI,2026-01-26,1,30,0.033333,0.033096,0.2485,0.7238,0.007157,3,persistent
GRML,2026-08-24,1,50,0.02,0.021988,0.5878,0.6536,0.094764,3,persistent
GRNAW,2022-06-24,27,17,1.588235,1.586538,0.8276,0.8276,0.001069,7,persistent
GRNAW,2022-06-28,23,16,1.4375,1.434483,0.8596,0.9198,0.002101,4,persistent
GRNAW,2022-10-06,8,3,2.666667,2.657222,2.8986,2.2899,0.003548,56,persistent
GRNQ,2022-07-29,2,19,0.105263,0.104913,0.1561,0.936,0.003327,2,persistent
GRNQ,2023-12-27,19,28,0.678571,0.678783,0.4535,0.6848,0.000312,30,persistent
GROMW,2023-09-28,16,9,1.777778,1.780303,1.05,1.06,0.001419,20,persistent
GROMW,2024-02-27,28,17,1.647059,1.655518,1.0,2.0,0.005123,1,persistent
GROV,2023-06-06,6,35,0.171429,0.171429,3.6115,0.8063,0.0,1,persistent
GRRR,2022-12-15,65,31,2.096774,2.097473,3.0457,2.0305,0.000333,112,persistent
GRRR,2024-04-15,1,10,0.1,0.100483,0.0741,0.3065,0.004814,3,persistent
GRRRW,2022-11-03,40,27,1.481481,1.482759,2.0353,0.9498,0.000862,50,bad-open-print
GRRRW,2023-05-31,27,14,1.928571,1.92995,1.8261,1.1304,0.000715,27,persistent
GSAT,2025-02-11,1,17,0.058824,0.058174,0.0233,0.0339,0.011098,1,persistent
GSRMR,2023-02-22,17,27,0.62963,0.628415,0.7519,0.7519,0.001931,111,bad-open-print
GSRMR,2023-03-10,11,6,1.833333,1.83,0.8584,0.8584,0.00182,16,persistent
GSRTR,2025-06-03,7,10,0.7,0.701754,0.7547,0.7887,0.002503,11,persistent
GSUN,2022-08-03,8,17,0.470588,0.470602,1.1,0.1,3e-05,8,persistent
GSUN,2024-02-28,25,17,1.470588,1.470588,2.1314,0.7496,0.0,12,persistent
GSUN,2024-04-19,2,19,0.105263,0.105924,2.49,0.07,0.006261,1,persistent
GSUN,2024-11-05,32,23,1.391304,1.393443,1.4286,1.4286,0.001536,6,persistent
GTACW,2022-06-21,15,8,1.875,1.875,1.0,1.6,0.0,71,persistent
GTBP,2024-02-05,1,28,0.035714,0.036263,0.0061,0.6098,0.015237,4,persistent
GTH,2023-10-27,22,65,0.338462,0.338529,0.8571,0.4943,0.000201,2,persistent
GURE,2025-01-08,13,29,0.448276,0.448837,26.3132,0.7117,0.001251,13,bad-open-print
GUSH,2023-08-28,4,1,4.0,3.948209,2.2476,6.1488,0.013032,3,persistent
GV,2024-05-23,27,17,1.588235,1.589412,1.1891,2.0571,0.000741,1,persistent
GV,2024-05-29,6,65,0.092308,0.09201,1.8023,0.3487,0.003234,1,persistent
GVCIW,2022-06-29,30,7,4.285714,4.299,0.2222,1.6667,0.003095,142,persistent
GVH,2024-01-29,3,2,1.5,1.5,1.96,1.285,0.0,26,persistent
GWH,2024-08-26,1,13,0.076923,0.077374,0.3229,0.3772,0.00584,3,persistent
GWH WS,2023-01-09,11,17,0.647059,0.648072,0.4376,0.9026,0.001565,3,bad-open-print
GWH WS,2023-05-05,7,5,1.4,1.4,2.1689,1.5411,0.0,3,persistent
GXAI,2024-03-08,2,23,0.086957,0.086711,0.2083,0.1419,0.002833,1,persistent
GXIIW,2022-10-17,7,16,0.4375,0.4368,3.2727,0.4,0.001601,4,persistent
HALL,2023-01-03,2,23,0.086957,0.086957,1.0,0.2,0.0,4,persistent
HAO,2025-01-27,1,23,0.043478,0.044255,0.8783,0.3108,0.017715,3,persistent
HAO,2026-05-11,65,16,4.0625,4.047496,424.5972,200.1806,0.0037,4,persistent
HAO,2026-08-14,1,23,0.043478,0.043861,0.9846,0.3681,0.008767,1,persistent
HAPP,2022-10-11,2,27,0.074074,0.0745,0.168,0.0808,0.005734,1,persistent
HBIO,2026-03-16,1,10,0.1,0.100513,2.0483,0.1228,0.005115,3,persistent
HCAI,2026-04-13,1,40,0.025,0.024748,0.0863,0.3158,0.01012,3,persistent
HCDI,2023-03-06,1,18,0.055556,0.05561,0.1226,0.3017,0.000986,3,persistent
HCDIP,2023-04-13,19,13,1.461538,1.459459,0.6826,0.8123,0.001423,10,persistent
HCTI,2023-05-26,3,25,0.12,0.11903,3.6545,0.1329,0.008117,2,persistent
HCTI,2026-02-10,1,64,0.015625,0.016694,0.0297,0.0108,0.066173,1,persistent
HCWB,2024-05-08,27,19,1.421053,1.422764,1.5,1.3,0.001204,41,persistent
HCWB,2025-04-14,1,35,0.028571,0.029186,0.0541,0.8108,0.021298,4,persistent
HCWB,2026-06-30,5,29,0.172414,0.172725,0.1175,0.0395,0.001801,1,persistent
HDB,2025-09-08,2,1,2.0,1.993787,1.1736,1.6573,0.003111,3,persistent
HDRO,2024-10-09,9,70,0.128571,0.128797,1.6598,0.8299,0.001752,7,persistent
HDV,2026-04-29,5,1,5.0,4.987927,4.2516,3.2204,0.002417,1,persistent
HEDJ,2023-08-10,2,1,2.0,1.999264,0.9132,0.9132,0.000368,7,persistent
HEPA,2024-04-22,19,12,1.583333,1.583333,0.9948,1.0363,0.0,4,persistent
HERZ,2026-02-09,11,100,0.11,0.109935,0.1226,0.6516,0.000588,3,persistent
HEXO,2022-12-19,2,31,0.064516,0.064667,0.2548,0.1833,0.002331,3,persistent
HIBS,2023-08-28,3,29,0.103448,0.103478,0.0028,0.0138,0.00029,3,persistent
HIBS,2026-03-05,1,10,0.1,0.099929,0.0016,0.0033,0.000709,1,persistent
HILS,2022-11-30,8,5,1.6,1.595442,1.0,2.0,0.002853,19,persistent
HIMZ,2026-03-19,2,27,0.074074,0.074338,0.003,0.0029,0.003563,1,persistent
HIPO,2022-09-30,1,25,0.04,0.039871,0.1897,0.1097,0.003236,1,persistent
HIYY,2026-02-18,31,15,2.066667,2.067164,1.03,2.98,0.000241,41,persistent
HIYY,2026-03-12,23,40,0.575,0.574666,0.6849,0.6849,0.000581,9,persistent
HKIT,2026-07-06,1,27,0.037037,0.036637,0.3097,0.019,0.010872,4,persistent
HLGN,2023-09-01,2,65,0.030769,0.030553,0.1246,0.1256,0.00706,1,persistent
HLVX,2024-07-08,31,3,10.333333,10.37037,144.6222,18.498,0.003578,3,persistent
HOFV,2022-12-27,1,19,0.052632,0.052293,1.8035,0.7368,0.006445,4,persistent
HOLO,2024-10-09,1,26,0.038462,0.039003,0.9622,0.0623,0.01398,1,persistent
HOLO,2025-04-21,1,40,0.025,0.023035,0.2525,0.3359,0.081844,4,persistent
HOLOW,2023-01-23,27,40,0.675,0.674419,0.8276,0.4834,0.000862,3,persistent
HOLOW,2023-08-22,5,11,0.454545,0.454545,0.5596,0.8481,0.0,40,persistent
HOLOW,2023-09-12,11,24,0.458333,0.458333,0.8481,0.3813,0.0,21,persistent
HOOK,2024-07-10,2,21,0.095238,0.094722,0.5284,0.3318,0.005431,1,persistent
HOOX,2025-12-09,35,9,3.888889,3.899314,3.2924,3.6173,0.002677,1,persistent
HOOX,2026-03-20,13,35,0.371429,0.370937,0.0462,0.1586,0.001325,2,persistent
HOTH,2022-10-26,1,24,0.041667,0.041599,0.7752,0.7752,0.001633,1,persistent
HPCO,2024-03-13,6,65,0.092308,0.092275,3.02,0.725,0.000358,6,persistent
HPCO,2024-08-08,15,8,1.875,1.872387,1.3483,0.8989,0.001395,76,persistent
HPKEW,2023-06-20,32,21,1.52381,1.513158,0.9302,1.8605,0.007015,20,persistent
HPKEW,2025-04-11,11,6,1.833333,1.837655,1.0,1.0,0.002355,31,persistent
HPP,2025-12-02,9,64,0.140625,0.141026,0.2179,0.2632,0.002845,1,persistent
HSCS,2024-05-17,1,70,0.014286,0.014644,0.1353,0.0133,0.024754,1,persistent
HSCSW,2023-03-06,19,13,1.461538,1.462807,2.0,1.0,0.000868,31,persistent
HSCSW,2023-03-08,50,23,2.173913,2.175573,1.0,2.01,0.000763,2,persistent
HSDT,2025-05-02,2,29,0.068966,0.06851,0.002,0.2,0.006633,10,persistent
HSDT,2025-06-05,35,8,4.375,4.369962,916.7,515.96,0.001152,1,persistent
HSDT,2025-07-01,1,50,0.02,0.019846,0.1093,0.024,0.007705,1,persistent
HSTO,2022-06-03,1,20,0.05,0.04971,0.0277,0.0554,0.005814,1,persistent
HTCO,2025-08-13,1,23,0.043478,0.04434,0.0938,0.1191,0.019634,7,persistent
HTCR,2026-04-06,1,22,0.045455,0.045245,0.1998,0.2897,0.00461,4,persistent
HTGM,2022-12-21,7,80,0.0875,0.08814,5.8406,0.642,0.007293,1,persistent
HTOO,2025-07-14,3,65,0.046154,0.046348,3.059,0.1951,0.004205,3,persistent
HTOOW,2023-03-07,27,19,1.421053,1.420664,2.0,1.0,0.000273,8,persistent
HUBC,2023-12-15,2,29,0.068966,0.068081,0.1622,0.0951,0.012911,1,persistent
HUBC,2025-04-01,9,70,0.128571,0.128467,0.1165,0.032,0.000813,4,persistent
HUBC,2026-01-16,4,65,0.061538,0.061485,0.2359,0.0156,0.000863,1,persistent
HUBC,2026-04-20,1,40,0.025,0.024897,0.0099,0.0202,0.004118,3,persistent
HUBC,2026-06-08,1,20,0.05,0.049375,0.0516,0.0297,0.012579,3,persistent
HUBCZ,2023-09-29,7,4,1.75,1.756757,1.0,1.03,0.003854,3,persistent
HUDAR,2023-06-06,2,3,0.666667,0.666667,0.3824,0.7648,0.0,55,bad-open-print
HUDI,2022-11-07,64,13,4.923077,4.906983,153.0207,150.4345,0.003274,3,persistent
HUHU,2024-12-04,6,13,0.461538,0.460963,28.045,0.5,0.001249,5,bad-open-print
HUIZ,2022-05-09,22,15,1.466667,1.465116,1.6,1.312,0.001058,28,persistent
HUMAW,2023-05-17,7,10,0.7,0.707865,0.5,0.505,0.011173,15,bad-open-print
HUMAW,2025-04-25,18,29,0.62069,0.62069,0.3367,0.3367,0.0,17,bad-open-print
HUMAW,2025-07-15,16,27,0.592593,0.591837,0.6667,0.6667,0.001276,81,persistent
HUT,2023-12-04,19,100,0.19,0.190117,0.3508,0.2301,0.000617,3,persistent
HUTG,2026-02-05,20,13,1.538462,1.538518,1.8114,0.8571,3.7e-05,7,persistent
HUTG,2026-06-01,13,20,0.65,0.650112,0.4938,0.4938,0.000173,11,persistent
HWH,2024-06-10,40,27,1.481481,1.479598,1.0887,1.0275,0.001272,13,persistent
HWH,2025-02-24,9,50,0.18,0.180449,3.5419,0.5123,0.002494,6,persistent
HYAC WS,2024-11-19,5,3,1.666667,1.664446,1.1584,1.039,0.001333,18,persistent
HYBI,2025-01-08,1,5,0.2,0.199611,0.3503,0.7005,0.001949,13,persistent
HYDR,2024-06-17,13,64,0.203125,0.202888,0.1802,0.8921,0.001166,3,persistent
HYFM,2025-02-13,3,35,0.085714,0.084645,1.0152,0.203,0.012553,1,persistent
HYMB,2023-01-12,2,1,2.0,1.994071,1.5822,1.6453,0.002969,1,persistent
HYMC,2023-11-15,3,28,0.107143,0.107186,0.1493,0.06,0.000399,1,persistent
HYMCL,2022-09-13,10,7,1.428571,1.428571,0.6645,0.6645,0.0,124,persistent
HYMCZ,2021-12-21,17,12,1.416667,1.414521,1.0,1.0,0.001516,13,persistent
HYW,2024-05-23,20,7,2.857143,2.857143,1.4184,2.8369,0.0,56,persistent
IAF,2025-10-23,27,80,0.3375,0.337287,0.0782,0.5195,0.000632,1,persistent
IBIO,2022-09-28,27,17,1.588235,1.593353,2.2045,1.2207,0.003217,1,persistent
IBIO,2022-10-10,1,23,0.043478,0.043681,0.0141,0.0516,0.004652,3,persistent
IBKR,2025-06-18,4,1,4.0,3.976318,3.8751,4.6156,0.005938,1,persistent
IBO,2025-04-04,14,29,0.482759,0.482419,87.359,0.697,0.000703,1,persistent
ICCM,2026-06-04,3,100,0.03,0.03015,0.0085,0.0924,0.005003,1,persistent
ICCT,2024-12-23,1,21,0.047619,0.047302,0.0128,0.0131,0.006689,3,persistent
ICLK,2022-11-17,3,32,0.09375,0.093294,1.1485,0.188,0.004875,6,persistent
ICLK,2023-05-22,25,17,1.470588,1.470588,0.8,1.596,0.0,53,persistent
ICON,2025-01-23,26,5,5.2,5.220188,140.74,24.99,0.003875,8,persistent
ICU,2024-06-10,1,21,0.047619,0.047714,0.0031,0.3523,0.001985,3,persistent
ICU,2026-01-05,1,10,0.1,0.100308,0.4077,0.0292,0.003078,3,persistent
ID,2022-05-16,31,20,1.55,1.552,1.0,2.0,0.001289,20,persistent
ID,2023-08-17,3,2,1.5,1.502453,0.9901,1.9802,0.001634,1,persistent
IDAI,2025-01-06,1,14,0.071429,0.071623,0.0753,0.0332,0.002722,3,persistent
IDBA,2022-09-29,24,17,1.411765,1.41087,2.01,1.0,0.000634,22,persistent
IDW,2023-03-16,10,7,1.428571,1.429365,2.1467,0.6667,0.000555,6,persistent
IESC,2026-08-24,65,32,2.03125,2.027015,1.1128,2.4145,0.002087,3,persistent
IFBD,2023-02-24,19,13,1.461538,1.462208,0.8905,0.7124,0.000458,1,persistent
IFBD,2025-04-21,11,7,1.571429,1.571429,0.7143,1.9048,0.0,12,persistent
IGM,2024-03-07,65,11,5.909091,5.938138,3.1721,4.6542,0.004904,1,persistent
IGV,2024-03-07,64,13,4.923077,4.959196,2.2586,2.6374,0.00731,1,persistent
IHE,2024-03-07,80,27,2.962963,2.979655,2.2326,2.3953,0.005618,1,persistent
IHF,2024-03-07,5,1,5.0,4.962712,0.4632,4.2737,0.007486,1,persistent
IINNW,2024-02-14,2,3,0.666667,0.665499,0.4,0.404,0.001753,162,persistent
IINNW,2024-08-07,3,2,1.5,1.5,1.0,1.03,0.0,147,persistent
IIVI,2023-02-23,3,14,0.214286,0.213695,0.0279,0.278,0.002759,169,persistent
IJH,2024-02-22,5,1,5.0,4.971671,1.1711,3.7065,0.005682,1,persistent
ILAG,2025-12-30,3,29,0.103448,0.103305,0.0066,0.6623,0.001383,1,persistent
ILLRW,2025-01-14,7,10,0.7,0.705,1.0,1.0,0.007117,81,persistent
IMBIL,2022-12-19,19,10,1.9,1.896429,2.27,2.0,0.001881,21,persistent
IMCC,2024-07-12,11,70,0.157143,0.156953,0.9352,0.285,0.00121,2,persistent
IMCC,2026-08-27,1,30,0.033333,0.03297,1.616,0.112,0.010969,1,persistent
IMG,2025-12-05,1,24,0.041667,0.041462,0.1052,0.2577,0.004935,1,persistent
IMMP,2026-03-13,32,7,4.571429,4.583264,43.1727,1.1311,0.002586,8,persistent
IMNN,2025-07-25,2,27,0.074074,0.073007,0.1096,0.0721,0.014506,1,persistent
IMPL,2023-05-15,13,9,1.444444,1.441441,0.81,2.0,0.002081,3,persistent
IMPL,2023-10-24,24,17,1.411765,1.414141,0.8,0.784,0.001682,12,persistent
IMPP,2023-04-28,7,100,0.07,0.06973,0.2712,0.0385,0.00386,1,persistent
IMRA,2025-05-27,9,70,0.128571,0.12681,0.1488,0.1928,0.013794,824,persistent
IMRNW,2022-05-10,5,13,0.384615,0.384615,4.6667,0.5,0.0,1,persistent
IMTE,2023-10-17,4,35,0.114286,0.114398,1.235,0.5,0.000978,12,persistent
IMTE,2024-09-18,3,2,1.5,1.511278,1.9615,1.9231,0.007491,82,bad-open-print
IMTE,2025-06-30,20,13,1.538462,1.536137,0.8048,0.8048,0.001512,46,bad-open-print
IMTE,2025-07-15,2,3,0.666667,0.667395,0.8969,0.9955,0.001092,15,persistent
IMTXW,2024-10-10,64,23,2.782609,2.788991,1.2973,1.8581,0.002291,100,persistent
IMUX,2026-04-27,1,10,0.1,0.101231,0.0506,0.0939,0.012237,3,persistent
INAB,2025-06-06,1,28,0.035714,0.035774,0.0699,0.2746,0.001665,1,persistent
INBS,2023-02-10,2,35,0.057143,0.057675,0.3449,0.0838,0.009275,1,persistent
INBS,2023-11-20,31,22,1.409091,1.409247,2.0089,0.9329,0.000111,3,persistent
INBS,2024-01-29,2,27,0.074074,0.073112,1.9597,0.4486,0.013075,3,persistent
INBS,2025-12-17,1,11,0.090909,0.090767,1.0508,0.3874,0.001561,2,persistent
INDP,2025-06-27,3,64,0.046875,0.047081,0.1414,0.4955,0.004376,1,persistent
INHD,2024-10-10,1,7,0.142857,0.144708,3.6,0.99,0.012876,1,persistent
INKAW,2022-03-08,32,23,1.391304,1.394648,1.0,1.0,0.0024,40,persistent
INKAW,2022-04-25,13,20,0.65,0.65,1.0,0.5,0.0,28,persistent
INLF,2026-04-07,3,40,0.075,0.075058,0.2018,0.0275,0.00077,5,persistent
INLX,2026-06-16,10,7,1.428571,1.427778,1.5714,1.1429,0.000556,118,persistent
INO,2024-01-25,3,35,0.085714,0.085564,0.2991,0.2338,0.001757,1,persistent
INPX,2022-10-07,1,65,0.015385,0.015415,0.0275,0.054,0.001949,1,persistent
INSG,2024-01-24,1,10,0.1,0.099231,0.5341,0.3623,0.007722,1,persistent
INTEW,2022-06-01,2,1,2.0,2.001177,0.9302,0.9302,0.000588,62,persistent
INTJ,2026-02-25,3,65,0.046154,0.046133,0.0248,0.0124,0.000452,12,persistent
INTS,2026-02-19,1,23,0.043478,0.044152,0.1358,0.4564,0.015376,1,persistent
INTW,2026-06-26,17,2,8.5,8.46587,1.3542,4.9254,0.004023,1,persistent
INTZ,2024-03-25,1,21,0.047619,0.047711,0.011,0.9527,0.001926,6,persistent
INUV,2023-01-12,7,10,0.7,0.717426,0.5333,1.0667,0.02459,13,persistent
INUV,2025-06-10,7,65,0.107692,0.107554,0.8954,0.0771,0.001282,1,persistent
INUV,2026-01-29,23,16,1.4375,1.435345,1.7758,1.222,0.0015,1,persistent
INVO,2022-01-28,31,21,1.47619,1.478431,1.8,1.0,0.001517,9,persistent
INVO,2022-05-23,2,1,2.0,2.0,2.0,1.0,0.0,41,persistent
INVO,2022-12-29,25,17,1.470588,1.47013,1.0,1.0,0.000312,20,bad-open-print
INVZW,2023-07-25,30,19,1.578947,1.57971,1.0,1.6067,0.000483,119,bad-open-print
IOBT,2023-11-27,9,13,0.692308,0.691377,0.5152,0.8485,0.001346,12,persistent
IOBT,2025-09-29,28,5,5.6,5.606813,5.9075,1.739,0.001216,3,persistent
ION,2025-10-03,27,40,0.675,0.672448,1.0,1.0,0.003788,142,persistent
IONM,2024-07-09,2,29,0.068966,0.069038,0.4968,0.1634,0.001045,1,persistent
IONR,2024-06-17,31,22,1.409091,1.410256,1.4,1.0,0.000827,13,persistent
IONX,2025-12-09,2,1,2.0,2.012238,2.3684,2.258,0.0061,1,persistent
IONX,2026-03-19,29,80,0.3625,0.362659,0.1673,0.2004,0.000439,1,persistent
IONZ,2025-12-09,13,80,0.1625,0.1622,0.0355,0.0401,0.001847,1,persistent
IOTR,2025-11-11,2,23,0.086957,0.086404,0.0182,0.6061,0.006371,4,persistent
IPA,2023-10-27,7,10,0.7,0.707071,0.7407,0.7407,0.01005,2,persistent
IPAXW,2022-06-08,19,13,1.461538,1.461538,1.43,1.0,0.0,7,persistent
IPAXW,2022-06-22,19,10,1.9,1.895697,1.0,1.2,0.002268,9,bad-open-print
IPDN,2023-11-10,27,19,1.421053,1.421488,0.7879,1.2727,0.000306,14,bad-open-print
IPODW,2026-03-24,40,23,1.73913,1.73913,0.7937,0.7937,0.0,43,persistent
IPOS,2025-11-14,21,32,0.65625,0.658602,0.74,0.5,0.003577,220,persistent
IPST,2025-11-05,1,21,0.047619,0.047289,0.732,0.3793,0.006948,1,persistent
IPST,2026-04-23,1,20,0.05,0.049928,0.3067,0.0886,0.001442,1,persistent
IPVF WS,2022-09-26,30,19,1.578947,1.58,0.8614,2.3996,0.000666,5,persistent
IPW,2025-10-27,1,32,0.03125,0.03119,0.1595,0.0849,0.00191,3,persistent
IPW,2026-05-22,1,8,0.125,0.124365,0.3174,0.2675,0.005093,1,persistent
IPW,2026-08-07,3,31,0.096774,0.097221,0.689,0.314,0.004603,1,persistent
IPX,2022-08-10,16,23,0.695652,0.697411,0.6667,0.6667,0.002525,27,persistent
IRE,2026-03-20,9,35,0.257143,0.256695,0.0646,0.1181,0.001742,1,persistent
IREX,2026-03-10,23,70,0.328571,0.330843,0.1343,0.0955,0.006889,1,persistent
IREZ,2026-07-21,23,64,0.359375,0.358507,0.1176,0.4018,0.002417,1,persistent
IRNT WS,2022-05-18,11,16,0.6875,0.687647,0.3752,0.6341,0.000214,2,persistent
IRRX WS,2023-09-15,17,5,3.4,3.40965,1.8155,3.8835,0.002834,1,bad-open-print
ISPC,2026-04-28,1,40,0.025,0.024018,0.0251,0.1118,0.040093,1,persistent
ISPO,2023-10-17,3,65,0.046154,0.046192,1.9231,0.9615,0.000823,1,persistent
ISRG,2021-10-05,80,27,2.962963,2.972985,2.2091,3.1527,0.003377,1,persistent
ISRLW,2025-05-14,13,23,0.565217,0.565217,0.4615,0.3077,0.0,13,persistent
ISRLW,2025-08-07,23,15,1.533333,1.532312,0.8333,0.8333,0.000666,22,persistent
ITP,2022-07-08,11,100,0.11,0.11,0.0169,0.0836,0.0,1,persistent
ITQRW,2022-03-23,7,10,0.7,0.709884,0.56,1.0,0.014021,8,persistent
ITRG,2023-05-26,5,12,0.416667,0.416396,0.3328,0.6656,0.000649,1,persistent
ITRM,2022-08-18,1,13,0.076923,0.076385,0.3981,0.1067,0.007018,1,persistent
IVCBW,2023-09-07,3,5,0.6,0.6,0.2857,0.2857,0.0,119,persistent
IVDA,2025-03-19,19,28,0.678571,0.678019,1.0,1.0,0.000815,7,persistent
IVDAW,2023-03-21,32,17,1.882353,1.885,2.01,2.03,0.001405,4,persistent
IVF,2026-03-27,6,29,0.206897,0.207329,0.4538,0.3431,0.002087,1,persistent
IVOO,2023-03-15,65,32,2.03125,2.016888,0.9975,1.995,0.007096,2,persistent
IVP,2023-11-13,26,15,1.733333,1.730769,1.5607,1.8692,0.00148,4,persistent
IVP,2025-01-27,1,26,0.038462,0.038831,0.4036,0.3659,0.009565,3,persistent
IVR,2022-06-06,1,10,0.1,0.101273,0.8319,0.4416,0.012651,3,persistent
IWF,2026-04-29,4,1,4.0,4.016364,2.0751,2.3557,0.004083,1,persistent
IWMY,2024-08-01,1,3,0.333333,0.334271,0.0512,0.8871,0.002809,1,persistent
IX,2025-02-28,5,1,5.0,5.022582,8.4276,7.4623,0.004506,1,persistent
IXHL,2025-04-29,5,1,5.0,5.006258,5.772,1.6,0.001251,20,persistent
IXHL,2026-02-27,1,30,0.033333,0.033301,0.1708,0.1176,0.00098,1,persistent
IYH,2024-03-07,5,1,5.0,4.975935,6.9288,1.1976,0.004825,1,persistent
IZEA,2023-06-16,5,19,0.263158,0.264358,0.3552,0.0907,0.00455,1,persistent
IZM,2023-04-14,6,13,0.461538,0.461957,6.66,0.6667,0.000905,8,persistent
JAGX,2024-05-23,1,50,0.02,0.017767,0.0518,0.0725,0.11839,1,persistent
JAGX,2025-03-24,1,23,0.043478,0.043578,0.0951,0.0452,0.002295,3,persistent
JAGX,2026-04-30,2,65,0.030769,0.030697,0.0131,0.5906,0.002365,1,persistent
JAQCW,2022-05-13,9,5,1.8,1.802182,2.0,1.0,0.001212,23,persistent
JAQCW,2022-06-10,10,7,1.428571,1.428571,1.0,1.94,0.0,28,persistent
JATT WS,2022-06-14,9,16,0.5625,0.562404,0.7786,0.363,0.000171,6,persistent
JBDI,2025-09-10,8,21,0.380952,0.382456,97.392,0.1727,0.00394,1,persistent
JCICW,2022-02-28,17,11,1.545455,1.545455,1.1793,1.1957,0.0,13,persistent
JCSE,2023-10-20,11,28,0.392857,0.396154,0.0029,0.2857,0.008357,21,persistent
JDST,2024-07-01,3,29,0.103448,0.101879,0.7015,0.4159,0.015288,3,persistent
JDST,2026-03-05,1,21,0.047619,0.048651,0.0139,0.0179,0.021431,1,persistent
JDZG,2025-06-05,16,11,1.454545,1.455026,2.2334,1.8611,0.000331,1,persistent
JDZG,2025-06-24,3,29,0.103448,0.104314,1.1047,0.2405,0.008331,4,persistent
JDZG,2025-07-16,19,28,0.678571,0.678466,0.3108,0.4438,0.000155,14,persistent
JDZG,2026-04-15,17,12,1.416667,1.418251,0.6826,0.6894,0.001118,1,persistent
JDZG,2026-06-01,3,32,0.09375,0.093907,0.0039,0.0894,0.001678,3,persistent
JEM,2026-04-13,1,18,0.055556,0.05592,0.0252,0.0687,0.006546,3,persistent
JEM,2026-07-14,2,25,0.08,0.08152,0.0496,0.0717,0.018822,1,persistent
JEPY,2024-08-02,17,50,0.34,0.340383,0.1386,0.1386,0.001126,2,persistent
JETD,2025-04-08,21,32,0.65625,0.655969,0.5714,0.4762,0.000429,7,persistent
JETD,2025-07-17,40,27,1.481481,1.480363,2.1455,0.9091,0.000756,35,persistent
JFBR,2024-11-20,2,23,0.086957,0.08658,1.5808,0.5814,0.004338,1,persistent
JFBR,2025-06-16,3,50,0.06,0.059794,0.275,0.1905,0.003442,3,persistent
JFBR,2026-02-17,2,27,0.074074,0.073787,3.5869,0.073,0.003883,4,persistent
JFU,2023-01-20,1,24,0.041667,0.042222,1.7067,0.0741,0.013245,3,persistent
JG,2023-12-11,1,18,0.055556,0.054495,0.0909,0.3973,0.019275,4,persistent
JJM,2022-07-11,10,7,1.428571,1.428244,1.0,1.0,0.000229,96,persistent
JL,2024-12-10,3,35,0.085714,0.086022,2.1651,0.2706,0.003578,11,persistent
JNVR,2024-12-30,8,65,0.123077,0.123364,0.3663,0.0792,0.002334,18,persistent
JOBX,2026-03-10,7,23,0.304348,0.305874,0.1714,0.1135,0.005002,1,persistent
JOFFW,2021-10-25,9,13,0.692308,0.693878,0.6173,0.6173,0.002265,4,persistent
JOFFW,2022-05-13,23,12,1.916667,1.919231,1.6807,1.6807,0.001337,16,persistent
JSPR,2024-01-04,2,19,0.105263,0.105467,0.4133,0.0535,0.001933,1,persistent
JSPRW,2022-02-10,23,16,1.4375,1.440515,1.0,1.0,0.002095,1,persistent
JSPRW,2022-02-11,7,10,0.7,0.714796,1.0,1.0,0.020917,1,bad-open-print
JSPRW,2022-02-15,31,16,1.9375,1.966766,1.0,1.0,0.014992,4,persistent
JUGGW,2022-04-21,17,12,1.416667,1.417742,1.0,1.9,0.000759,62,persistent
JWEL,2023-10-27,2,25,0.08,0.079439,0.7462,0.0615,0.007034,1,persistent
JWEL,2024-10-01,10,21,0.47619,0.475655,0.6349,0.8614,0.001124,4,persistent
JXG,2025-01-08,19,80,0.2375,0.23646,1.055,0.1,0.00439,8,persistent
JXJT,2023-03-17,29,20,1.45,1.4502,1.5,1.91,0.000138,30,persistent
JYD,2024-05-20,27,19,1.421053,1.422535,0.6667,0.6667,0.001043,60,persistent
JYD,2025-05-12,5,11,0.454545,0.453914,36.3982,0.7717,0.00139,3,persistent
JYD,2025-10-13,1,40,0.025,0.022743,0.1139,0.0181,0.094629,3,persistent
JZ,2024-02-20,29,100,0.29,0.288789,2.2,0.13,0.004184,18,persistent
JZ,2025-06-17,3,29,0.103448,0.103046,4.6344,0.0248,0.003895,5,persistent
JZ,2026-07-06,3,80,0.0375,0.037808,1.7811,0.2481,0.008179,4,persistent
JZXN,2024-02-27,15,22,0.681818,0.681442,0.5291,0.5291,0.000551,15,persistent
JZXN,2024-07-03,3,32,0.09375,0.093864,0.454,0.134,0.001219,1,persistent
JZXN,2025-12-11,1,50,0.02,0.018598,1.8729,0.88,0.072652,1,persistent
KACLR,2022-06-30,18,11,1.636364,1.636364,1.06,1.2,0.0,80,persistent
KAIIW,2022-03-03,7,4,1.75,1.748252,2.0426,0.8511,0.001,1,persistent
KAIIW,2022-03-25,13,23,0.565217,0.565479,0.8511,0.8511,0.000462,14,persistent
KAIRW,2022-05-11,11,7,1.571429,1.572734,1.3423,1.3423,0.000831,21,persistent
KALA,2022-10-21,1,50,0.02,0.019627,0.8443,0.303,0.018822,1,persistent
KALA,2025-09-29,19,1,19.0,19.19,198.3208,2.237,0.00995,3,persistent
KAVL,2024-01-25,1,20,0.05,0.050159,0.4033,0.2533,0.00317,2,persistent
KAVL,2024-02-27,3,2,1.5,1.502703,1.125,0.7614,0.0018,18,persistent
KAVL,2024-06-21,64,31,2.064516,2.064748,2.511,1.5071,0.000112,1,persistent
KEEX,2026-07-30,27,40,0.675,0.674324,0.9767,0.4186,0.001002,1,persistent
KIDZ,2026-06-08,6,65,0.092308,0.092078,0.0783,0.0525,0.002487,3,persistent
KIDZ,2026-08-13,2,31,0.064516,0.065321,0.004,0.0732,0.012397,1,persistent
KIDZW,2025-06-11,5,3,1.666667,1.658537,1.5556,1.5556,0.00489,8,persistent
KIIIW,2022-02-25,21,5,4.2,4.203152,5.0,3.0,0.00075,36,persistent
KITT,2025-09-05,9,80,0.1125,0.112254,0.0764,0.3091,0.002188,1,persistent
KITT,2026-04-21,2,15,0.133333,0.131879,0.0728,0.3615,0.010966,1,persistent
KLAC,2026-06-12,10,1,10.0,10.023035,7.4339,10.2706,0.002301,1,persistent
KLIP,2025-01-02,17,50,0.34,0.341217,0.077,0.1308,0.003574,2,persistent
KLNE,2022-02-08,21,11,1.909091,1.912471,2.0,1.0,0.001769,78,persistent
KLR,2023-03-09,2,7,0.285714,0.286529,0.4753,0.352,0.002847,1,persistent
KOLD,2022-01-14,1,5,0.2,0.198696,0.0829,0.0929,0.006543,1,persistent
KOLD,2022-05-26,1,4,0.25,0.252228,0.1492,0.2815,0.008871,1,persistent
KORE,2024-07-01,5,19,0.263158,0.263292,1.0925,0.4148,0.000509,3,persistent
KORE WS,2022-06-15,16,23,0.695652,0.696429,0.9837,0.6115,0.001115,2,persistent
KORU,2025-02-10,3,31,0.096774,0.097101,0.0135,0.0064,0.003376,3,persistent
KORU,2026-07-15,21,1,21.0,20.672665,22.4057,12.7113,0.01571,1,persistent
KPLT,2023-07-28,1,20,0.05,0.049156,1.0036,0.0029,0.017031,1,persistent
KPLTW,2022-08-12,7,10,0.7,0.714286,0.5,0.5,0.020203,1,persistent
KPRX,2022-09-27,1,35,0.028571,0.026779,0.1171,0.0501,0.064784,1,persistent
KPTI,2025-02-26,3,50,0.06,0.060394,0.88,0.2444,0.006539,1,persistent
KRBP,2023-03-14,1,29,0.034483,0.034467,0.4805,0.1179,0.000454,4,persistent
KRKR,2024-10-07,1,19,0.052632,0.052245,1.1111,0.0956,0.007374,5,persistent
KSCP,2024-09-16,1,40,0.025,0.0238,0.6273,0.2107,0.04919,3,persistent
KSET,2023-02-01,17,9,1.888889,1.88694,1.0,1.0,0.001033,51,persistent
KSET,2023-10-26,19,13,1.461538,1.461957,1.0,1.0,0.000286,31,persistent
KTEC,2022-03-14,23,16,1.4375,1.436902,1.0,1.8,0.000416,28,persistent
KTTA,2024-01-02,1,18,0.055556,0.054181,0.4653,0.0218,0.025061,4,persistent
KTTAW,2021-10-07,8,5,1.6,1.59968,1.0909,1.6227,0.0002,9,persistent
KUKE,2025-03-13,3,31,0.096774,0.098033,0.5234,0.3904,0.012922,1,persistent
KULR,2025-06-23,11,80,0.1375,0.137,0.3256,0.4021,0.003643,3,persistent
KUST,2026-04-22,6,31,0.193548,0.194333,0.095,0.5,0.004043,1,persistent
KWE,2023-03-22,7,5,1.4,1.4,1.6,1.6,0.0,64,persistent
KWESW,2023-11-07,25,11,2.272727,2.269091,2.3346,1.572,0.001601,14,persistent
KXIN,2023-09-15,3,40,0.075,0.074878,0.0009,0.1918,0.001627,1,persistent
KXIN,2024-10-25,1,64,0.015625,0.015708,0.4104,0.114,0.005296,1,persistent
KXIN,2025-12-01,1,30,0.033333,0.032981,2.8203,0.0798,0.010641,3,persistent
KXIN,2026-03-16,3,40,0.075,0.074922,0.1914,0.0918,0.001037,4,persistent
KZIA,2024-10-28,3,29,0.103448,0.104195,0.2429,0.4904,0.007194,3,persistent
KZIA,2025-04-17,13,70,0.185714,0.185619,1.3803,0.9484,0.000511,1,persistent
LABD,2025-09-29,1,10,0.1,0.101473,0.0176,0.0161,0.014623,3,persistent
LABU,2023-12-04,1,20,0.05,0.049905,0.042,0.0098,0.001903,3,persistent
LABX,2026-03-10,9,26,0.346154,0.346428,0.085,0.3321,0.000791,1,persistent
LABX,2026-07-21,11,2,5.5,5.525391,3.3955,3.9663,0.004606,1,persistent
LAC,2023-10-04,14,9,1.555556,1.553743,1.676,1.7892,0.001166,1,persistent
LACG,2026-03-23,31,20,1.55,1.55,1.3423,1.2349,0.0,13,persistent
LAIX,2022-03-04,1,12,0.083333,0.084453,0.4674,0.2173,0.013346,1,persistent
LANV WS,2022-12-29,17,12,1.416667,1.417062,0.7018,1.1774,0.000279,1,persistent
LANV WS,2023-01-03,10,7,1.428571,1.42579,1.7475,1.1774,0.001949,4,persistent
LAZR,2024-11-21,2,29,0.068966,0.067873,0.1419,0.2517,0.015975,1,persistent
LCAHW,2022-07-13,7,5,1.4,1.402049,0.8368,0.8368,0.001462,1,persistent
LCAHW,2022-08-09,5,3,1.666667,1.666667,0.8368,2.5105,0.0,25,persistent
LCAP,2025-04-01,17,40,0.425,0.425273,0.1484,0.2226,0.000643,1044,persistent
LCFY,2022-12-08,1,20,0.05,0.05056,0.2759,0.1683,0.011129,8,persistent
LCFY,2023-02-01,7,15,0.466667,0.465546,0.8745,0.1379,0.002404,55,persistent
LCFYW,2023-11-02,18,29,0.62069,0.621129,0.8127,0.3984,0.000708,6,persistent
LCFYW,2025-01-13,17,28,0.607143,0.606586,0.9302,0.6711,0.000918,3,persistent
LCI,2023-02-07,9,35,0.257143,0.254664,0.7043,0.6096,0.009687,1,persistent
LCID,2025-09-02,2,19,0.105263,0.105193,0.2606,0.2781,0.000663,4,persistent
LCW WS,2022-07-18,25,64,0.390625,0.389941,0.3421,0.6529,0.001753,7,persistent
LDHAW,2022-07-05,31,20,1.55,1.548541,1.0,1.2,0.000942,47,persistent
LEGAW,2022-07-05,22,13,1.692308,1.692893,1.626,1.626,0.000346,55,persistent
LEJU,2022-05-20,9,100,0.09,0.090343,12.6061,0.5703,0.003802,1,persistent
LESL,2025-09-29,1,20,0.05,0.049558,0.0593,0.1736,0.008877,3,persistent
LEV WSA,2024-03-28,5,8,0.625,0.626875,0.2988,0.3038,0.002996,7,bad-open-print
LEXXW,2022-10-13,2,1,2.0,2.0,1.2267,1.0,0.0,127,persistent
LEXXW,2023-05-09,5,1,5.0,5.0,0.3333,2.6633,0.0,25,persistent
LEXXW,2024-02-29,7,18,0.388889,0.388932,2.5509,0.5988,0.000111,94,persistent
LFLY,2023-09-12,1,16,0.0625,0.063013,8.0086,0.2241,0.008179,1,persistent
LFTRW,2022-04-08,17,12,1.416667,1.418333,1.0,1.3,0.001176,38,persistent
LFWD,2024-03-15,3,22,0.136364,0.136602,2.2392,0.3371,0.001748,1,persistent
LFWD,2026-02-25,2,27,0.074074,0.073403,0.0527,0.0744,0.009095,2,persistent
LGCB,2025-04-07,1,10,0.1,0.099415,0.4482,0.2232,0.005865,21,persistent
LGHL,2025-11-21,31,16,1.9375,1.964096,1.8336,2.4622,0.013634,11,persistent
LGHL,2026-07-14,2,19,0.105263,0.104706,183.9733,0.5768,0.005308,1,persistent
LGMK,2023-04-24,1,21,0.047619,0.04879,0.4587,0.9412,0.024293,3,persistent
LGPS,2026-04-01,7,5,1.4,1.402667,1.0,1.0,0.001903,21,persistent
LGVC,2024-04-03,11,24,0.458333,0.458774,305.5254,0.4746,0.000961,35,bad-open-print
LGVN,2026-08-27,3,31,0.096774,0.097486,0.021,0.2506,0.00733,1,persistent
LHSW,2026-06-22,1,19,0.052632,0.05214,0.0169,0.3898,0.009393,4,persistent
LIBYW,2022-08-22,2,3,0.666667,0.669168,0.6667,0.4,0.003745,81,persistent
LICN,2026-04-28,31,21,1.47619,1.47619,1.3378,0.6689,0.0,4,persistent
LICY,2024-06-04,2,13,0.153846,0.153633,0.2687,0.3155,0.001384,1,persistent
LIDRW,2022-06-30,32,19,1.684211,1.681652,2.0,1.0,0.00152,13,persistent
LIFW,2023-10-13,1,20,0.05,0.049286,0.0609,0.0334,0.014389,1,persistent
LILMW,2023-03-10,10,27,0.37037,0.37037,0.5,0.5,0.0,9,persistent
LILMW,2023-08-04,29,20,1.45,1.45,1.0,0.79,0.0,16,persistent
LILMW,2024-04-22,27,16,1.6875,1.689,1.0,1.0,0.000888,137,persistent
LIMN,2026-08-21,1,50,0.02,0.020606,0.0116,0.0303,0.029826,1,persistent
LINK,2025-10-29,13,9,1.444444,1.44213,1.692,0.9662,0.001604,1,persistent
LIPO,2024-11-08,2,19,0.105263,0.104918,6.0994,0.7952,0.003284,1,persistent
LITB,2024-09-05,3,17,0.176471,0.1764,0.4608,0.2406,0.0004,1,persistent
LITM,2025-05-02,1,12,0.083333,0.081662,0.1057,0.3877,0.020259,1,persistent
LITTW,2022-05-12,29,16,1.8125,1.80799,1.0,1.2,0.002492,10,persistent
LIVE,2024-08-06,16,23,0.695652,0.694444,0.5455,0.8182,0.001738,1,persistent
LIXTW,2022-02-09,17,27,0.62963,0.627696,0.9268,0.4878,0.003076,1,persistent
LIZI,2023-09-20,9,80,0.1125,0.111811,1.2978,0.0657,0.006141,2,persistent
LMACW,2022-07-27,29,20,1.45,1.448276,0.9524,1.581,0.00119,54,persistent
LMACW,2022-09-12,31,22,1.409091,1.408267,0.8392,1.3986,0.000585,4,persistent
LMFA,2024-03-12,9,50,0.18,0.180093,0.2769,0.1163,0.000517,1,persistent
LMFA,2026-07-13,1,24,0.041667,0.041379,0.2772,0.4835,0.00692,3,persistent
LMNX,2026-03-17,13,19,0.684211,0.683192,0.6349,0.3175,0.00149,4,persistent
LNAI,2026-05-22,3,23,0.130435,0.131048,0.0103,0.2381,0.004689,1,persistent
LNKS,2025-09-05,19,13,1.461538,1.458637,2.0,1.0,0.001987,43,persistent
LNSR,2023-03-20,27,19,1.421053,1.421053,1.0936,0.6404,0.0,3,persistent
LNZA,2025-08-19,1,80,0.0125,0.011704,0.011,0.0052,0.065769,1,persistent
LOCL,2023-06-15,7,100,0.07,0.070158,0.2934,0.3555,0.002253,1,persistent
LOCL WS,2022-12-23,7,10,0.7,0.716825,0.7008,0.9783,0.023751,1,bad-open-print
LODE,2025-02-25,3,28,0.107143,0.106489,0.1291,0.4075,0.006126,1,persistent
LOKM WS,2022-12-28,2,5,0.4,0.4,1.6161,0.0623,0.0,6,bad-open-print
LPA,2024-06-05,30,7,4.285714,4.292521,6.4241,10.2112,0.001587,1,persistent
LPBBW,2025-06-11,9,25,0.36,0.361111,0.2915,0.0194,0.003082,56,persistent
LPCN,2023-05-12,1,15,0.066667,0.065889,0.448,0.592,0.011735,1,persistent
LPSN,2025-10-13,1,15,0.066667,0.065763,0.2789,0.0741,0.013648,3,persistent
LRCX,2024-10-03,31,3,10.333333,10.165564,4.5353,4.9569,0.016369,1,persistent
LRHC,2025-07-07,1,64,0.015625,0.016411,0.2958,0.2305,0.049106,4,persistent
LRHC,2026-04-20,3,32,0.09375,0.093053,0.2154,0.1003,0.007466,3,persistent
LRMR,2022-05-16,7,5,1.4,1.402724,2.0199,0.995,0.001944,10,persistent
LSB,2024-10-04,5,29,0.172414,0.172485,0.7561,0.0323,0.000411,7,persistent
LSB,2024-11-05,25,17,1.470588,1.472081,1.7414,0.8621,0.001015,8,persistent
LSDI,2024-03-07,3,23,0.130435,0.130968,0.4425,0.4425,0.004078,15,persistent
LSEAW,2024-04-17,23,16,1.4375,1.434783,1.0,0.6667,0.001892,6,persistent
LSEAW,2024-07-19,7,10,0.7,0.705394,0.3339,0.6678,0.007676,17,persistent
LSF,2025-11-11,31,20,1.55,1.551471,1.81,1.86,0.000948,1,persistent
LTRPB,2023-07-06,1,2,0.5,0.501114,0.4242,0.2424,0.002225,30,persistent
LTRY,2023-04-10,11,17,0.647059,0.646662,1.0,0.5,0.000613,10,persistent
LTRY,2023-08-10,1,19,0.052632,0.051353,0.3851,0.5544,0.024585,1,persistent
LU,2023-12-15,9,35,0.257143,0.257486,0.6102,0.288,0.001335,1,persistent
LUB,2021-11-02,28,17,1.647059,1.653722,1.9722,1.092,0.004037,1,persistent
LUCY,2024-07-18,2,35,0.057143,0.056575,0.0543,0.278,0.009989,1,persistent
LUCYW,2023-02-10,35,13,2.692308,2.685821,1.4925,1.4925,0.002412,7,persistent
LUNRW,2023-04-19,21,100,0.21,0.209581,27.176,0.6,0.001998,5,persistent
LUNRW,2024-11-13,7,10,0.7,0.70603,1.0099,0.6037,0.008578,5,persistent
LUXAW,2022-05-27,31,22,1.409091,1.405351,0.9524,1.9048,0.002658,14,persistent
LVLU,2025-07-07,2,29,0.068966,0.068241,1.7545,0.5115,0.010565,4,persistent
LVO,2025-09-26,2,21,0.095238,0.094639,0.1785,0.1714,0.006309,1,persistent
LVOXW,2022-05-10,7,5,1.4,1.397683,0.9524,0.9524,0.001656,4,persistent
LVOXW,2022-06-07,31,22,1.409091,1.40678,2.0,1.0,0.001642,6,persistent
LXEH,2024-01-11,22,65,0.338462,0.338608,0.24,0.2222,0.000431,16,persistent
LXEH,2024-09-30,9,100,0.09,0.09,2.4317,0.4815,0.0,3,persistent
LXEH,2026-04-21,1,10,0.1,0.09976,0.0041,0.2041,0.002398,4,persistent
LXP,2025-11-11,19,100,0.19,0.190142,0.2382,0.2459,0.000748,1,persistent
LYEL,2025-06-02,1,24,0.041667,0.042042,1.5472,0.5511,0.008969,3,persistent
LYRA,2024-05-06,18,1,18.0,18.015199,202.8598,8.8679,0.000844,3,persistent
LYT,2023-05-16,3,2,1.5,1.5,2.0,1.25,0.0,22,persistent
MACAW,2022-02-25,8,5,1.6,1.598854,2.2394,0.7722,0.000717,8,persistent
MAGS,2023-11-14,2,17,0.117647,0.118498,2.4933,0.5391,0.007207,776,persistent
MAPSW,2022-11-22,19,10,1.9,1.9,1.0,1.0,0.0,15,persistent
MAPSW,2022-12-16,26,15,1.733333,1.733333,1.0,1.0,0.0,11,persistent
MAQCW,2022-05-19,5,3,1.666667,1.665833,1.0084,1.6807,0.0005,71,persistent
MARK,2022-12-22,9,80,0.1125,0.112119,0.2353,0.3232,0.003396,1,persistent
MASK,2026-03-16,1,23,0.043478,0.044346,9.8963,0.0305,0.019771,3,persistent
MB,2026-08-07,7,24,0.291667,0.291093,1916.9878,0.8415,0.001967,29,persistent
MB,2026-08-10,29,19,1.526316,1.527397,2.1531,0.7041,0.000708,3,persistent
MBAI,2026-08-13,3,22,0.136364,0.136898,0.5043,0.4638,0.003914,1,persistent
MBAVW,2025-05-27,6,17,0.352941,0.352,18.6364,0.2727,0.00267,7,persistent
MBIO,2023-04-05,1,12,0.083333,0.082322,2.5417,0.24,0.012212,2,persistent
MBIO,2025-01-16,1,40,0.025,0.02501,0.1156,0.0362,0.000393,1,persistent
MBRX,2025-12-01,1,24,0.041667,0.041467,0.0277,0.1217,0.004804,3,persistent
MBSC WS,2022-12-15,9,35,0.257143,0.25641,2.844,0.0463,0.002853,2,persistent
MBTCR,2022-01-26,7,5,1.4,1.398,1.0526,1.0526,0.00143,23,persistent
MCAAW,2023-08-23,17,12,1.416667,1.416667,0.8,2.0,0.0,6,persistent
MCAF,2024-01-08,13,32,0.40625,0.404945,0.0847,0.5169,0.003218,4,persistent
MCGAW,2025-12-15,14,9,1.555556,1.558824,0.8658,0.8658,0.002099,3,persistent
MCH,2023-11-06,10,7,1.428571,1.426449,1.0,1.0,0.001487,283,persistent
MCRB,2025-04-22,1,21,0.047619,0.047535,0.0346,0.0936,0.001771,1,persistent
MCVT,2023-09-25,13,20,0.65,0.650307,0.8,0.5,0.000472,46,persistent
MCVT,2026-03-25,1,4,0.25,0.2488,0.0003,0.0271,0.004812,212,persistent
MDAIW,2024-05-10,31,19,1.631579,1.629235,1.0787,1.9547,0.001438,53,persistent
MDAIW,2024-12-05,23,16,1.4375,1.438809,1.5784,0.9669,0.00091,3,persistent
MDAIW,2025-11-12,30,19,1.578947,1.577825,0.7536,1.0812,0.000711,21,persistent
MDBH,2024-07-08,40,27,1.481481,1.481994,1.0753,1.0753,0.000346,62,persistent
MDCXW,2025-05-14,13,35,0.371429,0.373057,0.004,0.3984,0.004375,29,persistent
MDGSW,2022-11-15,13,20,0.65,0.65,0.4,0.4,0.0,99,persistent
MDJH,2022-03-17,32,23,1.391304,1.392111,1.2295,0.9636,0.00058,1,persistent
MDJH,2024-02-08,21,13,1.615385,1.614173,0.9091,0.9091,0.00075,115,persistent
MDRR,2023-05-04,2,17,0.117647,0.118198,0.4,0.1,0.004668,2,persistent
MDVL,2023-08-03,1,35,0.028571,0.028182,0.01,0.33,0.01373,3,persistent
ME,2024-10-16,1,19,0.052632,0.053519,0.1791,0.0378,0.016718,1,persistent
MEACW,2022-04-20,10,7,1.428571,1.426599,1.0,1.0,0.001382,20,persistent
MEACW,2022-05-04,28,17,1.647059,1.652893,1.0,1.0,0.003536,8,persistent
MEGL,2025-01-06,7,22,0.318182,0.31875,2127.9394,0.4232,0.001784,3,persistent
MEIP,2023-04-17,1,20,0.05,0.049271,0.0846,0.0838,0.014691,3,persistent
METX,2023-08-24,1,17,0.058824,0.058407,0.2429,0.0026,0.00711,1,persistent
MEXX,2023-08-29,31,6,5.166667,5.104586,0.0615,1.5385,0.012088,6,persistent
MFA,2022-04-05,1,4,0.25,0.253385,0.4989,0.453,0.013449,1,persistent
MFI,2025-07-10,2,17,0.117647,0.116788,0.4415,0.088,0.007326,1,persistent
MGK,2026-04-21,5,1,5.0,4.990125,3.9054,2.4829,0.001977,1,persistent
MGOL,2023-08-15,21,13,1.615385,1.618705,1.5951,1.6791,0.002053,1,persistent
MGOL,2024-07-18,1,9,0.111111,0.111227,1.925,0.3139,0.001045,1,persistent
MGRT,2026-04-08,21,32,0.65625,0.656289,1.0,0.396,6e-05,1,persistent
MGRX,2023-03-31,50,21,2.380952,2.379032,1.99,2.595,0.000807,7,persistent
MGRX,2024-10-16,2,29,0.068966,0.068411,0.0553,0.2095,0.008075,1,persistent
MHUA,2022-10-27,13,19,0.684211,0.685366,0.8255,0.863,0.001687,13,persistent
MHUA,2025-11-24,1,80,0.0125,0.012941,0.0269,0.2606,0.034686,3,persistent
MI,2024-04-12,1,35,0.028571,0.028089,1.0388,0.1584,0.017036,1,persistent
MI,2025-07-24,21,31,0.677419,0.676737,1.0,0.78,0.001008,9,persistent
MI,2026-03-10,6,1,6.0,5.976048,747.93,11.78,0.004,12,persistent
MIC,2026-06-30,12,65,0.184615,0.183449,0.0006,0.0014,0.006337,1441,persistent
MIGI,2023-02-09,13,80,0.1625,0.161899,0.0257,0.4643,0.003707,1,persistent
MIGI,2025-11-21,1,13,0.076923,0.076039,0.1067,0.3278,0.011566,1,persistent
MILEW,2022-04-18,9,17,0.529412,0.529412,0.8175,0.75,0.0,4,persistent
MIMI,2026-05-06,7,65,0.107692,0.107787,0.3689,0.6667,0.000878,1,persistent
MIMO,2023-05-16,23,16,1.4375,1.435275,1.4286,0.7143,0.001549,4,persistent
MIND,2023-10-16,6,65,0.092308,0.091797,5.23,0.77,0.005549,4,persistent
MIRA,2023-12-07,17,12,1.416667,1.415459,1.3925,1.379,0.000853,2,persistent
MITC,2022-07-06,10,7,1.428571,1.428571,1.0,1.0,0.0,33,persistent
MJ,2025-02-21,1,12,0.083333,0.083769,0.1332,0.2314,0.005209,1,persistent
MKDW,2025-06-05,19,50,0.38,0.379684,28.4461,0.3634,0.000833,1,bad-open-print
MKDW,2026-01-26,1,28,0.035714,0.036141,0.0007,0.1642,0.011876,3,persistent
MKTW,2025-04-03,1,18,0.055556,0.055731,1.0091,0.2197,0.003159,1,persistent
ML,2023-04-25,1,29,0.034483,0.034002,0.7516,0.2528,0.014044,1,persistent
MLACR,2025-10-02,9,32,0.28125,0.281774,0.0069,0.044,0.00186,161,persistent
MLEC,2026-01-05,1,17,0.058824,0.059202,0.016,0.2996,0.00642,3,persistent
MLGO,2024-03-22,3,32,0.09375,0.0944,0.492,0.9789,0.006909,1,persistent
MLGO,2024-12-13,1,21,0.047619,0.047546,1.0706,0.2812,0.001525,1,persistent
MLGO,2025-07-18,1,26,0.038462,0.038248,0.1061,0.0992,0.005562,1,persistent
MLI,2023-10-23,2,1,2.0,1.995751,2.7705,3.0379,0.002127,3,persistent
MLI,2026-07-01,65,32,2.03125,2.015907,2.8992,2.068,0.007582,1,persistent
MLTX,2022-04-12,9,5,1.8,1.805611,1.0969,2.7806,0.003112,1,persistent
MLTX,2025-09-29,65,8,8.125,8.109948,61.9758,6.3673,0.001854,3,persistent
MNDR,2025-03-10,5,31,0.16129,0.161195,0.4057,0.0244,0.000593,3,persistent
MNDR,2025-09-25,6,31,0.193548,0.194349,0.5783,0.34,0.004128,2,persistent
MNDR,2025-11-06,32,21,1.52381,1.514423,0.8811,1.7621,0.006179,10,persistent
MNDR,2026-06-30,11,65,0.169231,0.168591,1.2135,0.1348,0.00379,4,persistent
MNMD,2022-08-29,2,29,0.068966,0.069052,0.0796,0.0581,0.001256,3,persistent
MNPR,2024-08-13,6,35,0.171429,0.171169,0.4032,0.5121,0.001516,1,persistent
MNST,2023-03-28,2,1,2.0,2.001147,2.0696,2.4553,0.000573,1,persistent
MNST,2026-08-11,2,1,2.0,1.969834,1.9179,1.8126,0.015198,1,persistent
MNTN WS,2024-07-02,3,2,1.5,1.506667,2.0508,1.0732,0.004435,1,persistent
MNTS,2023-08-24,1,40,0.025,0.025671,0.2164,0.3387,0.026483,1,persistent
MNTS,2024-12-13,3,40,0.075,0.07499,0.3954,0.5795,0.000132,1,persistent
MNTS,2025-12-18,1,18,0.055556,0.055551,0.0518,0.1578,7.6e-05,1,persistent
MNTSW,2022-04-20,3,2,1.5,1.497549,2.0,1.3333,0.001635,7,persistent
MNTSW,2022-05-19,8,13,0.615385,0.616279,0.4,0.8,0.001452,7,persistent
MOBQW,2022-08-05,13,35,0.371429,0.372591,0.0455,0.2273,0.003125,57,persistent
MOBX,2026-04-07,3,31,0.096774,0.098051,0.2873,0.1293,0.013106,1,persistent
MODD,2026-03-31,1,35,0.028571,0.027013,0.8214,0.2791,0.056107,1,persistent
MOGU,2022-03-28,1,10,0.1,0.0992,0.9355,0.1286,0.008032,3,persistent
MOVE,2025-10-10,3,29,0.103448,0.102268,2.292,0.136,0.011478,1,persistent
MPL,2026-03-30,12,29,0.413793,0.413814,0.0874,0.0583,5.2e-05,11,persistent
MPLN,2024-09-23,3,100,0.03,0.029575,0.2612,0.1238,0.014252,3,persistent
MPLN WS,2023-03-24,13,19,0.684211,0.685714,0.5499,0.8482,0.002195,1,persistent
MPRAW,2022-06-06,7,5,1.4,1.397429,0.6667,0.6667,0.001838,27,persistent
MQ,2026-07-01,1,4,0.25,0.248544,0.3966,0.3045,0.00584,1,persistent
MQQQ,2025-06-09,5,26,0.192308,0.19192,13.5953,0.7814,0.002019,10,persistent
MRAL,2025-04-09,27,40,0.675,0.675709,0.906,0.47,0.001049,1,persistent
MRAL,2026-05-01,3,32,0.09375,0.094023,0.0227,0.0477,0.002904,1,persistent
MREO,2025-12-29,7,1,7.0,6.95613,9.6365,3.5851,0.006287,3,persistent
MRKR,2023-01-30,3,25,0.12,0.121088,0.2312,0.1156,0.009029,4,persistent
MRNOW,2025-01-02,2,3,0.666667,0.666667,0.3333,0.5,0.0,111,persistent
MRNY,2025-12-01,3,29,0.103448,0.102201,0.7149,0.0763,0.012133,3,persistent
MRSN,2025-07-28,1,22,0.045455,0.045124,0.0186,0.0415,0.007293,3,persistent
MSAI,2026-04-13,1,40,0.025,0.026414,0.0515,0.0235,0.055022,3,persistent
MSDD,2026-03-04,27,19,1.421053,1.424342,1.0,1.0,0.002312,14,persistent
MSGY,2026-08-11,7,80,0.0875,0.088006,360.4729,0.6673,0.005769,1,persistent
MSOX,2024-11-26,1,21,0.047619,0.048702,0.0353,0.0204,0.022486,1,persistent
MSS,2026-04-30,2,21,0.095238,0.09519,0.0536,0.3494,0.000506,7,persistent
MST,2025-12-09,9,35,0.257143,0.255569,0.1148,0.0182,0.006141,1,persistent
MST,2026-03-23,1,7,0.142857,0.144168,0.023,0.0298,0.009136,3,persistent
MSTP,2026-05-01,3,65,0.046154,0.045856,0.0227,0.0006,0.00648,1,persistent
MSTR,2024-08-08,29,3,9.666667,9.624035,8.0128,5.6622,0.00442,1,persistent
MSTU,2024-12-16,65,7,9.285714,9.283286,8.9635,12.1846,0.000262,3,persistent
MSTU,2025-12-03,2,21,0.095238,0.095712,0.046,0.0303,0.004965,1,persistent
MSTU,2026-08-24,1,10,0.1,0.100257,0.0282,0.0305,0.002567,3,persistent
MSTX,2026-03-19,7,65,0.107692,0.108137,0.0045,0.0058,0.004121,1,persistent
MSTZ,2024-12-16,1,18,0.055556,0.055131,0.0245,0.0271,0.007667,3,persistent
MTC,2022-07-13,3,29,0.103448,0.104167,0.6957,0.1757,0.00692,1,persistent
MTC,2024-12-18,1,7,0.142857,0.144671,1.1307,0.6598,0.012617,1,persistent
MTEKW,2024-12-19,1,2,0.5,0.499909,0.412,0.6,0.000182,1,persistent
MTEM,2023-08-16,1,14,0.071429,0.072343,0.0078,0.1836,0.012721,5,persistent
MTEM,2024-10-14,31,7,4.428571,4.425584,1367.619,374.0952,0.000675,10,persistent
MTEN,2025-04-21,21,31,0.677419,0.677686,0.3736,0.582,0.000393,4,persistent
MTP,2022-12-14,29,15,1.933333,1.934343,1.0,1.0,0.000522,30,persistent
MTVA,2025-12-08,3,50,0.06,0.06018,6.3516,0.2033,0.002999,4,persistent
MTVC WS,2022-03-21,29,50,0.58,0.58,0.3184,0.748,0.0,4,bad-open-print
MUD,2026-03-10,1,10,0.1,0.101049,0.0078,0.0042,0.010434,1,persistent
MULL,2026-06-26,29,1,29.0,28.530447,14.2493,19.0034,0.016324,1,persistent
MULN,2023-08-11,7,65,0.107692,0.107788,0.03,0.1149,0.000892,1,persistent
MULN,2024-09-17,1,100,0.01,0.009883,0.025,0.0505,0.011765,1,persistent
MULN,2025-02-18,1,50,0.02,0.018413,0.042,0.8468,0.082667,4,persistent
MUU,2026-07-15,20,1,20.0,20.203142,32.82,24.9564,0.010106,1,persistent
MUX,2022-07-28,3,29,0.103448,0.102564,0.1862,0.2249,0.008584,1,persistent
MVIS,2026-08-03,1,15,0.066667,0.066448,0.1908,0.3004,0.003292,3,persistent
MVPS,2022-05-19,7,5,1.4,1.404398,1.0,1.0,0.003137,119,persistent
MVST,2024-04-02,23,16,1.4375,1.435319,1.3076,0.9769,0.001519,1,persistent
MVSTW,2022-10-18,19,13,1.461538,1.46087,2.0,1.0,0.000458,48,bad-open-print
MVSTW,2025-08-12,13,8,1.625,1.627219,2.2857,2.2857,0.001365,32,persistent
MWG,2023-11-01,20,9,2.222222,2.218543,1.5,1.705,0.001657,9,persistent
MWG,2026-02-24,2,21,0.095238,0.095508,0.2111,0.2222,0.002831,4,persistent
MYMD,2024-02-15,1,27,0.037037,0.037103,0.0806,0.0229,0.001781,1,persistent
MYNZ,2024-12-03,3,100,0.03,0.03032,0.2418,0.1227,0.010598,1,persistent
MYPSW,2022-11-04,8,5,1.6,1.595151,0.8,1.2,0.003035,175,persistent
MYPSW,2023-12-26,32,7,4.571429,4.563413,0.02,2.8,0.001755,322,persistent
MYSZ,2022-12-09,3,64,0.046875,0.04686,1.688,0.4,0.000322,1,persistent
MYSZ,2024-11-20,16,11,1.454545,1.456897,1.497,1.5329,0.001615,2,persistent
NAACW,2022-04-19,7,10,0.7,0.71449,1.0,1.0,0.020488,15,persistent
NAAS,2024-06-13,1,20,0.05,0.05083,0.0039,0.0718,0.016472,1,persistent
NAKA,2026-05-22,1,40,0.025,0.025382,0.1287,0.2319,0.015175,1,persistent
NAKD,2021-12-22,3,40,0.075,0.075936,0.4356,0.1564,0.012403,1,persistent
NAMI,2026-06-25,1,23,0.043478,0.044212,0.0055,0.0655,0.016744,1,persistent
NAMSW,2023-05-23,13,19,0.684211,0.683871,1.0,0.5,0.000496,6,persistent
NAMSW,2024-01-16,29,100,0.29,0.288779,2.8,0.8,0.00422,111,persistent
NAMSW,2025-03-04,18,29,0.62069,0.622807,0.2857,0.5714,0.003406,20,persistent
NAMSW,2025-10-10,16,25,0.64,0.640721,0.4988,0.4988,0.001127,59,persistent
NAOV,2023-02-09,2,31,0.064516,0.065298,0.7859,0.8016,0.012042,2,persistent
NAOV,2025-08-12,3,29,0.103448,0.102418,3.3249,0.5082,0.010011,1,persistent
NAYA,2025-03-18,1,12,0.083333,0.083231,0.3984,0.789,0.001223,1,persistent
NBIZ,2026-06-03,1,10,0.1,0.098571,0.2495,0.21,0.014397,1,persistent
NBIZ,2026-07-21,3,8,0.375,0.375084,0.3542,0.3082,0.000224,1,persistent
NBRV,2022-09-16,3,65,0.046154,0.046357,4.6571,0.2857,0.0044,1,persistent
NBY,2024-05-31,3,100,0.03,0.029801,0.0269,0.0062,0.00667,1,persistent
NBY,2026-02-23,5,23,0.217391,0.21777,0.7257,0.4204,0.00174,3,persistent
NCEW,2026-06-08,3,8,0.375,0.375747,0.0541,0.1622,0.00199,126,persistent
NCI,2025-06-16,23,80,0.2875,0.287293,1.0376,0.2353,0.000721,67,persistent
NCL,2025-10-08,2,15,0.133333,0.131925,0.2256,0.0911,0.010621,1,persistent
NCNA,2024-04-16,1,23,0.043478,0.043307,0.061,0.1173,0.003945,4,persistent
NCPLW,2022-09-29,11,6,1.833333,1.837847,1.0,1.01,0.002459,10,persistent
NCT,2026-04-02,1,30,0.033333,0.033072,1.0173,0.2058,0.007874,1,persistent
NCTY,2023-10-02,9,80,0.1125,0.111847,0.032,0.164,0.005817,11,persistent
NCV,2025-02-10,1,4,0.25,0.249123,0.6657,0.6045,0.003515,3,persistent
NCZ,2025-02-10,16,65,0.246154,0.247727,0.0546,0.363,0.006372,3,persistent
NDACW,2022-07-06,25,12,2.083333,2.080241,1.5873,1.5873,0.001486,62,persistent
NDAQ,2022-08-29,70,23,3.043478,3.026695,3.8729,3.5435,0.00553,3,persistent
NDLS,2026-02-18,8,65,0.123077,0.121722,0.07,0.106,0.01107,1,persistent
NDRA,2022-12-12,1,24,0.041667,0.041647,3.5714,0.7143,0.000464,4,persistent
NDRA,2024-11-07,1,28,0.035714,0.035424,1.1119,0.2127,0.008153,1,persistent
NEGG,2025-04-07,1,19,0.052632,0.051632,0.0348,0.0233,0.019179,3,persistent
NEHC,2025-05-15,31,20,1.55,1.552106,1.1818,1.9364,0.001358,9,persistent
NEON,2025-09-04,23,4,5.75,5.769437,216.6924,3.9195,0.003375,1,persistent
NEOVW,2023-09-06,15,22,0.681818,0.68157,1.01,1.0,0.000364,8,persistent
NEOVW,2024-11-04,7,10,0.7,0.712376,0.4,0.4,0.017526,3,persistent
NEPT,2022-06-13,1,29,0.034483,0.034196,0.0122,0.0412,0.008363,3,persistent
NEPT,2023-09-08,1,35,0.028571,0.026916,0.071,0.0434,0.05967,1,persistent
NESR,2024-10-22,7,25,0.28,0.279381,0.7243,0.0569,0.002212,544,persistent
NESRW,2022-10-26,65,8,8.125,8.118261,111.8644,16.9492,0.00083,205,persistent
NESRW,2025-05-19,27,64,0.421875,0.421585,1.5861,0.5308,0.000687,5,persistent
NETC WS,2023-02-14,2,5,0.4,0.39984,1.79,0.27,0.0004,1,persistent
NETC WS,2023-10-13,21,32,0.65625,0.656805,0.8598,0.6049,0.000845,3,bad-open-print
NETDW,2025-02-26,5,11,0.454545,0.455128,0.1667,0.1667,0.001281,16,persistent
NEW,2022-01-31,2,15,0.133333,0.132,0.4192,0.2237,0.01005,3,persistent
NFLX,2025-11-17,10,1,10.0,10.001079,7.9188,9.2608,0.000108,3,persistent
NFTZ,2022-06-27,17,11,1.545455,1.543571,1.0,1.0,0.001219,61,persistent
NINE,2026-03-31,2,35,0.057143,0.056922,0.0,0.0003,0.003867,60,persistent
NIOBW,2024-10-01,20,29,0.689655,0.690036,0.6944,0.6944,0.000552,4,persistent
NIOBW,2025-05-09,4,9,0.444444,0.444355,0.3333,0.1333,0.000202,46,persistent
NIPG,2026-07-16,3,65,0.046154,0.046211,0.0088,0.2407,0.001244,15,persistent
NIPG,2026-07-24,3,7,0.428571,0.429577,0.3828,0.1419,0.002345,8,persistent
NISN,2023-05-18,3,28,0.107143,0.107399,0.8,0.528,0.002384,1,persistent
NITO,2025-09-22,1,35,0.028571,0.026731,0.2878,0.6439,0.066566,3,persistent
NIVF,2025-02-11,2,35,0.057143,0.057033,0.2466,0.2412,0.001916,1,persistent
NIVF,2025-05-05,1,13,0.076923,0.077034,1.5234,0.3159,0.001443,3,persistent
NIVF,2025-08-04,5,28,0.178571,0.178038,0.4193,0.2759,0.00299,3,persistent
NIVF,2025-12-01,5,26,0.192308,0.192228,0.5241,0.3583,0.000413,3,persistent
NIVF,2026-01-26,6,17,0.352941,0.351712,38.1161,0.7742,0.003488,3,persistent
NIVF,2026-03-16,4,17,0.235294,0.235127,3.2274,0.0885,0.000712,3,persistent
NIVF,2026-07-06,27,80,0.3375,0.33633,0.0553,0.1598,0.003474,4,persistent
NKGN,2024-01-31,32,21,1.52381,1.523179,1.7021,0.8511,0.000414,2,persistent
NKLA,2024-06-25,1,29,0.034483,0.034205,0.1841,0.1776,0.008078,1,persistent
NKLA,2025-02-19,65,28,2.321429,2.320599,3.0906,1.1965,0.000357,1,persistent
NKTR,2025-06-09,2,31,0.064516,0.063834,0.4223,0.3242,0.010632,3,persistent
NLSP,2024-09-27,3,100,0.03,0.029729,0.461,0.7013,0.009071,1,persistent
NLSPW,2022-08-15,24,17,1.411765,1.412667,1.0,2.0,0.000639,94,persistent
NLTX,2023-09-26,3,17,0.176471,0.176857,2.977,0.4175,0.002188,4,persistent
NLY,2022-09-26,1,4,0.25,0.250888,0.5607,0.534,0.003546,3,persistent
NMRA,2025-01-02,11,2,5.5,5.497409,31.2273,7.6535,0.000471,2,persistent
NMRD,2023-05-24,10,7,1.428571,1.426534,0.8264,1.6529,0.001428,21,persistent
NMTC,2026-04-16,13,80,0.1625,0.162303,0.0714,0.6494,0.001215,1,persistent
NMTR,2022-10-18,1,21,0.047619,0.048135,1.8266,0.6189,0.01078,1,persistent
NNVC,2023-04-05,7,10,0.7,0.708571,0.9623,0.9434,0.012171,8,bad-open-print
NOTE,2025-09-02,7,80,0.0875,0.088133,0.1798,0.1642,0.007206,4,persistent
NOW,2025-12-18,5,1,5.0,5.018216,4.2513,5.687,0.003637,1,persistent
NPCE,2023-01-11,13,20,0.65,0.650862,0.6211,0.6211,0.001325,12,persistent
NPT,2026-04-06,23,16,1.4375,1.435804,1.301,1.2544,0.001181,4,persistent
NRBO,2023-12-27,8,65,0.123077,0.121914,0.0097,0.9709,0.009497,8,persistent
NRDY,2026-08-19,1,14,0.071429,0.071464,0.0931,0.1096,0.000503,1,persistent
NRGD,2022-04-11,1,50,0.02,0.018426,0.0297,0.0011,0.081974,3,persistent
NRGD,2022-12-02,1,10,0.1,0.100897,2.3296,0.0318,0.00893,1,persistent
NRSNW,2022-02-16,24,13,1.846154,1.844444,2.0,2.0,0.000926,41,persistent
NRSNW,2022-06-30,3,8,0.375,0.374875,0.9091,0.3636,0.000333,1,persistent
NRSNW,2024-06-28,13,25,0.52,0.52,0.6623,0.6623,0.0,31,persistent
NRSNW,2024-07-22,7,10,0.7,0.698324,0.3503,0.3503,0.002397,3,persistent
NRSNW,2024-12-27,13,32,0.40625,0.406818,0.9901,0.9901,0.001398,158,bad-open-print
NRSNW,2025-05-30,7,10,0.7,0.714286,0.4,0.995,0.020203,14,bad-open-print
NRXP,2024-04-02,1,9,0.111111,0.11066,0.1469,0.1142,0.004072,1,persistent
NRXP,2024-04-30,14,9,1.555556,1.556522,1.164,1.0894,0.000621,1,persistent
NRXPW,2022-05-26,35,3,11.666667,11.727273,52.6316,5.2632,0.005181,76,persistent
NRXPW,2023-12-29,5,3,1.666667,1.666667,2.0,1.0,0.0,165,persistent
NRXPW,2024-01-16,13,19,0.684211,0.685714,1.0,0.37,0.002195,18,persistent
NSTD WS,2023-04-19,5,8,0.625,0.625,0.7157,0.4286,0.0,1,bad-open-print
NTCL,2025-06-20,13,32,0.40625,0.406627,9.1143,0.1353,0.000926,2,persistent
NTEST,2024-06-13,29,3,9.666667,9.676,1.5588,1.482,0.000965,1,persistent
NTRB,2021-12-20,29,16,1.8125,1.809524,1.9608,1.902,0.001643,10,persistent
NTRBW,2023-06-28,7,5,1.4,1.4,2.0981,0.7623,0.0,2,persistent
NTRP,2024-07-11,32,65,0.492308,0.491484,23.8889,0.3333,0.001674,3,persistent
NTRP,2025-02-20,23,16,1.4375,1.436451,1.0,1.0,0.00073,8,persistent
NUKK,2024-01-18,20,13,1.538462,1.540541,0.7874,0.7874,0.00135,1,persistent
NUKK,2024-10-24,3,28,0.107143,0.106299,26.5062,0.2924,0.007905,1,persistent
NURO,2023-12-12,13,9,1.444444,1.444934,2.0,1.0,0.000339,5,bad-open-print
NUTX,2024-07-03,3,29,0.103448,0.103174,0.0019,0.0086,0.002657,1,persistent
NUVB WS,2023-07-31,10,7,1.428571,1.428571,2.13,1.02,0.0,3,persistent
NUVO,2024-08-08,80,31,2.580645,2.581332,2.449,2.0408,0.000266,13,persistent
NUWE,2022-12-12,1,80,0.0125,0.011853,0.0105,0.0498,0.053182,3,persistent
NUWE,2024-06-28,1,35,0.028571,0.026971,0.5529,0.1353,0.057643,1,persistent
NUWE,2025-07-07,1,35,0.028571,0.026967,0.0336,0.0997,0.057785,4,persistent
NVA,2025-10-29,22,5,4.4,4.407989,0.7091,3.0931,0.001814,1,persistent
NVAX,2024-05-10,11,30,0.366667,0.365904,4.9359,0.8521,0.002083,1,persistent
NVCN,2022-04-29,3,64,0.046875,0.046644,0.4313,0.8242,0.004951,1,persistent
NVD,2024-11-04,1,24,0.041667,0.041423,0.3229,0.0423,0.005869,3,persistent
NVDA,2024-06-10,10,1,10.0,10.010685,6.5656,4.0707,0.001068,3,persistent
NVDD,2025-09-29,1,10,0.1,0.101535,0.0056,0.0293,0.015237,3,persistent
NVDL,2024-03-13,100,17,5.882353,5.863269,9.7057,8.1688,0.00325,1,persistent
NVDQ,2024-07-16,27,80,0.3375,0.336397,0.1366,0.1764,0.003273,1,persistent
NVDQ,2025-10-29,1,19,0.052632,0.054002,0.7473,0.9403,0.025706,1,persistent
NVDS,2023-08-15,13,64,0.203125,0.203009,0.7796,0.4056,0.000569,1,persistent
NVDS,2024-04-03,1,5,0.2,0.19771,0.0417,0.0483,0.011516,1,persistent
NVDS,2025-10-21,1,3,0.333333,0.331773,0.0202,0.1785,0.004692,1,persistent
NVDX,2024-07-16,10,1,10.0,10.032548,5.3245,16.8906,0.003249,1,persistent
NVEE,2024-10-11,4,1,4.0,4.020273,2.543,1.873,0.005056,1,persistent
NVIV,2022-04-27,1,23,0.043478,0.043598,0.0046,0.307,0.002748,1,persistent
NVNI,2025-10-06,3,29,0.103448,0.102325,0.0143,0.0238,0.010919,3,persistent
NVNO,2026-01-20,1,35,0.028571,0.029173,4.2586,0.0371,0.020836,4,persistent
NVO,2023-09-20,2,1,2.0,1.975185,1.9514,1.4834,0.012485,1,persistent
NVOS,2023-11-07,3,31,0.096774,0.097317,0.3847,0.1363,0.005594,1,persistent
NVOX,2025-12-09,9,70,0.128571,0.128323,0.0197,0.0361,0.001931,1,persistent
NVVE,2025-12-15,1,50,0.02,0.021952,0.0676,0.0825,0.093135,3,persistent
NVVEW,2022-09-22,16,11,1.454545,1.454346,0.6667,0.6667,0.000137,10,persistent
NVX,2022-04-04,7,10,0.7,0.707397,0.9333,1.0,0.010512,32,persistent
NXGLW,2023-04-13,7,12,0.583333,0.583929,0.505,0.5,0.00102,3,persistent
NXL,2024-05-29,27,13,2.076923,2.076923,1.1111,1.6667,0.0,12,persistent
NXLIW,2024-06-04,70,17,4.117647,4.090909,0.2935,1.4797,0.006515,57,persistent
NXLIW,2024-06-21,31,64,0.484375,0.485714,1.4797,0.9864,0.002761,3,persistent
NXPL,2022-08-17,20,29,0.689655,0.68942,1.0,1.0,0.000341,61,persistent
NXPL,2026-04-13,1,10,0.1,0.099022,0.0892,0.0385,0.009824,3,persistent
NXPLW,2023-04-03,2,1,2.0,1.993908,1.084,2.71,0.003051,40,persistent
NXPLW,2025-01-14,31,14,2.214286,2.214286,1.0,1.0,0.0,8,persistent
NXPLW,2025-02-13,14,31,0.451613,0.451613,4.5233,0.6633,0.0,30,persistent
NXTD,2021-10-18,9,80,0.1125,0.112273,1.008,0.3137,0.002022,3,persistent
NXU,2025-03-31,1,18,0.055556,0.05446,0.1114,0.4455,0.019909,3,persistent
NYC,2023-01-12,4,31,0.129032,0.128862,0.5927,0.1713,0.00132,1,persistent
NYCB,2024-07-12,31,100,0.31,0.308984,0.5171,0.7253,0.003283,1,persistent
NYMT,2023-03-09,1,4,0.25,0.250784,0.3912,0.3741,0.00313,1,persistent
NYXH,2022-10-13,5,3,1.666667,1.662295,1.3986,1.3986,0.002626,78,persistent
OARK,2025-12-05,6,31,0.193548,0.195465,0.0078,0.0137,0.009855,4,persistent
OBCI,2022-06-22,11,23,0.478261,0.47884,15.0,0.1333,0.00121,1,persistent
OBLG,2023-01-04,1,18,0.055556,0.055072,4.1289,0.195,0.008746,1,persistent
OBLG,2024-08-26,3,100,0.03,0.029881,0.0032,0.0178,0.003988,3,persistent
OBSV,2022-07-27,65,16,4.0625,4.05,100.3906,26.9809,0.003082,1,persistent
OCEAW,2023-05-23,5,11,0.454545,0.454324,2.5714,0.5714,0.000487,35,persistent
OCFT,2022-12-12,3,29,0.103448,0.102027,0.2666,0.3066,0.013836,3,persistent
OCG,2026-04-27,9,32,0.28125,0.282981,6.225,0.5,0.006137,3,persistent
OCSL,2023-01-23,1,3,0.333333,0.335084,0.1409,0.3798,0.005237,3,persistent
OCX,2023-07-25,1,23,0.043478,0.043895,0.2191,0.2278,0.009539,1,persistent
ODC,2025-01-06,2,1,2.0,2.00435,2.259,1.8154,0.002173,3,persistent
ODFL,2024-03-28,2,1,2.0,1.970707,1.495,0.9768,0.014755,1,persistent
OEPWW,2022-05-11,29,17,1.705882,1.704545,1.0,2.0,0.000784,13,persistent
OESX,2025-08-25,2,23,0.086957,0.086386,1.9172,0.0237,0.006587,4,persistent
OFAL,2026-07-31,1,10,0.1,0.098761,0.001,0.1042,0.012463,1,persistent
OGEN,2023-01-23,1,50,0.02,0.018067,0.0368,0.0026,0.101621,3,persistent
OHPAW,2022-02-04,32,21,1.52381,1.522727,1.0,2.0,0.00071,77,persistent
OHPAW,2022-03-14,2,1,2.0,2.005495,1.8971,2.9412,0.002743,11,persistent
OHPAW,2022-05-05,31,22,1.409091,1.409132,0.9607,0.8821,2.9e-05,15,persistent
OILD,2022-12-02,1,10,0.1,0.099657,0.236,0.0162,0.003435,1,persistent
OILD,2026-02-24,3,31,0.096774,0.097363,0.0466,0.0738,0.006069,1,persistent
OKLS,2026-03-23,4,11,0.363636,0.364025,0.1266,0.1153,0.001069,3,persistent
OLB,2024-05-06,3,29,0.103448,0.102481,0.1876,0.0541,0.009398,3,persistent
OLOX,2026-05-08,3,31,0.096774,0.097918,0.251,0.1637,0.011755,1,persistent
OM,2025-03-20,1,17,0.058824,0.058608,0.2088,0.1895,0.003679,1,persistent
OMH,2025-03-10,7,40,0.175,0.174895,0.58,0.585,0.000598,59,persistent
OMIC,2024-06-26,1,30,0.033333,0.03389,0.1194,0.0498,0.016568,1,persistent
ONCT,2024-01-08,2,35,0.057143,0.057315,0.0735,0.0103,0.003016,3,persistent
ONE,2022-01-24,1,16,0.0625,0.062903,0.4545,0.0221,0.006431,3,persistent
OP,2022-12-22,2,27,0.074074,0.07387,10.5882,0.9239,0.002765,1,persistent
OPAD,2023-06-13,1,15,0.066667,0.066586,0.2633,0.354,0.001216,1,persistent
OPAD,2026-06-09,3,29,0.103448,0.103865,0.6235,0.2868,0.004024,1,persistent
OPEG,2026-02-04,20,13,1.538462,1.540334,0.8403,1.2605,0.001217,8,persistent
OPEX,2026-03-11,12,35,0.342857,0.341654,0.3328,0.1817,0.003516,2,persistent
OPGN,2023-01-05,1,18,0.055556,0.055407,0.7622,0.2009,0.002675,1,persistent
OPGN,2024-05-20,3,29,0.103448,0.104265,0.4455,0.6346,0.007868,6,persistent
OPI,2026-06-25,1,100,0.01,0.011012,0.0119,0.0075,0.096418,262,persistent
OPRT,2023-11-07,28,17,1.647059,1.646893,1.4367,1.2275,0.000101,1,persistent
OPT,2024-06-17,31,22,1.409091,1.405941,2.1749,1.0929,0.002238,14,persistent
OPTU,2026-07-01,28,17,1.647059,1.647727,0.9142,0.7845,0.000406,1,bad-open-print
OPTXW,2026-06-17,7,10,0.7,0.706714,0.6156,0.4228,0.009545,1,persistent
OPTXW,2026-08-03,16,23,0.695652,0.695652,0.823,0.5487,0.0,5,persistent
ORC,2022-08-31,1,5,0.2,0.198529,0.8787,0.7408,0.00738,1,persistent
ORCX,2026-03-20,8,23,0.347826,0.348725,0.0578,0.1985,0.002581,1,persistent
ORGN,2026-03-20,1,30,0.033333,0.033303,1.1348,0.0531,0.000901,1,persistent
ORGNW,2023-08-10,6,1,6.0,6.04717,206.8,3.2,0.007831,35,persistent
ORGS,2024-09-25,3,35,0.085714,0.086237,1.1037,0.5712,0.006075,1,persistent
ORKT,2025-11-05,31,16,1.9375,1.95,1.2945,2.7443,0.006431,37,persistent
ORLY,2025-06-10,15,1,15.0,14.95844,13.7046,7.8852,0.002775,1,persistent
ORTX,2023-03-10,11,100,0.11,0.110103,0.2649,0.2164,0.000935,1,persistent
OSA,2023-10-30,40,27,1.481481,1.485714,1.0,1.01,0.002853,41,persistent
OSAAW,2023-06-08,7,11,0.636364,0.634921,0.4,0.468,0.00227,52,persistent
OSCX,2026-03-24,9,32,0.28125,0.28161,0.1552,0.1552,0.00128,4,persistent
OSCX,2026-05-13,7,10,0.7,0.71214,1.0,1.0,0.017194,6,persistent
OSI WS,2022-05-31,4,9,0.444444,0.444759,3.06,0.09,0.000708,4,persistent
OSI WS,2023-05-22,7,10,0.7,0.700719,0.458,0.7634,0.001026,6,persistent
OST,2024-12-31,3,40,0.075,0.074627,2.6106,0.6861,0.004988,1,persistent
OTLK,2023-08-30,23,5,4.6,4.59433,5.0969,1.2735,0.001233,1,persistent
OTLK,2024-03-14,2,35,0.057143,0.056536,0.5188,0.2614,0.010678,1,persistent
OTLK,2024-11-27,64,13,4.923077,4.96106,420.2175,17.1747,0.007686,1,persistent
OTLY,2025-02-18,1,20,0.05,0.050254,0.094,0.3197,0.005063,4,persistent
OTMO,2023-08-04,2,31,0.064516,0.065263,1.5986,0.3552,0.011512,1,persistent
OTRK,2023-07-28,3,20,0.15,0.150389,3.03,0.29,0.002591,1,persistent
OTRK,2024-09-23,1,16,0.0625,0.063462,2.7486,0.0457,0.015267,3,persistent
OTRKP,2022-03-29,3,5,0.6,0.598468,0.6645,0.6645,0.002556,12,bad-open-print
OUST,2023-04-21,3,29,0.103448,0.102015,0.1573,0.0969,0.013949,1,persistent
OWLT,2023-07-10,2,27,0.074074,0.072912,0.1468,0.0525,0.015813,3,persistent
OWNB,2025-11-20,13,9,1.444444,1.446127,2.0,2.0,0.001164,21,persistent
OXBRW,2021-10-22,15,28,0.535714,0.535862,0.6667,0.5,0.000276,17,persistent
OXLC,2025-09-08,4,19,0.210526,0.211214,0.8006,0.4833,0.003263,3,persistent
PAFO,2022-11-30,26,15,1.733333,1.733558,0.9879,1.0197,0.00013,8,persistent
PALI,2023-08-09,64,23,2.782609,2.787347,2.5177,1.4548,0.001701,1,persistent
PALI,2024-04-08,1,16,0.0625,0.062589,0.8173,0.2443,0.00142,3,persistent
PALL,2026-05-18,5,1,5.0,5.039875,2.1255,5.9186,0.007943,3,persistent
PANW,2024-12-16,2,1,2.0,1.98746,1.4194,2.7937,0.00629,3,persistent
PAPL,2025-07-23,9,25,0.36,0.36015,29.457,0.5703,0.000416,1,bad-open-print
PAQCW,2022-05-16,26,15,1.733333,1.731902,0.96,2.48,0.000826,60,persistent
PAQCW,2022-07-01,29,12,2.416667,2.416667,1.3636,1.0909,0.0,15,persistent
PASG,2025-07-14,2,35,0.057143,0.057401,1.6091,0.5221,0.004514,3,persistent
PATK,2024-12-16,3,2,1.5,1.499443,2.2398,1.8883,0.000371,3,persistent
PAVM,2023-12-07,2,27,0.074074,0.073576,0.0535,0.0982,0.006743,1,persistent
PAVM,2026-01-02,1,29,0.034483,0.034536,0.0195,0.0169,0.001543,2,persistent
PAVS,2023-10-24,40,27,1.481481,1.480687,1.13,0.76,0.000537,27,persistent
PAVS,2026-03-31,1,15,0.066667,0.06714,7.4214,0.058,0.00707,1,persistent
PAYOW,2022-05-11,10,7,1.428571,1.428003,0.7309,1.9934,0.000398,5,persistent
PBLA,2023-04-12,21,31,0.677419,0.67794,0.7498,0.38,0.000769,1,persistent
PBLA,2024-01-18,4,65,0.061538,0.060852,0.0856,0.3747,0.011213,1,persistent
PBTS,2023-09-22,5,29,0.172414,0.172789,6.1087,0.2527,0.002175,1,persistent
PCAR,2023-02-08,3,2,1.5,1.499388,1.2822,1.4269,0.000408,1,persistent
PCLA,2026-01-27,1,29,0.034483,0.034915,0.0037,0.0749,0.01245,4,persistent
PCSA,2025-12-17,1,40,0.025,0.022589,40.5026,0.2949,0.101393,1,persistent
PCTTU,2023-10-12,31,19,1.631579,1.63,1.636,1.636,0.000968,113,persistent
PCTTU,2024-11-08,5,13,0.384615,0.383815,0.6667,0.6667,0.002083,135,persistent
PCTTW,2022-03-03,10,7,1.428571,1.426136,1.3333,2.0667,0.001706,2,bad-open-print
PCTTW,2024-11-18,17,26,0.653846,0.65445,0.5,1.0,0.000924,63,persistent
PCTTW,2025-03-25,9,5,1.8,1.794872,1.0,1.5,0.002853,35,persistent
PCTTW,2026-02-19,5,1,5.0,4.989154,0.0303,24.2424,0.002172,70,persistent
PDYNW,2024-12-26,5,11,0.454545,0.454545,1.0677,0.5015,0.0,2,persistent
PDYNW,2024-12-27,29,65,0.446154,0.447183,4.5681,0.4677,0.002304,1,bad-open-print
PEARW,2022-05-03,7,10,0.7,0.711409,0.4651,0.4651,0.016168,4,persistent
PEARW,2022-06-14,65,29,2.241379,2.238587,1.5385,3.0769,0.001247,11,persistent
PECE,2026-06-12,32,65,0.492308,0.495,0.2173,0.3169,0.005454,2,bad-open-print
PED,2026-03-13,1,21,0.047619,0.048158,0.1859,0.1127,0.011249,1,persistent
PEGA,2025-06-23,2,1,2.0,2.011144,1.8922,2.7977,0.005556,3,persistent
PEGY,2024-06-12,4,65,0.061538,0.06093,0.15,0.0692,0.009933,1,persistent
PEGY,2024-10-17,1,50,0.02,0.020569,1.2576,0.1681,0.028058,1,persistent
PEI,2022-06-16,1,17,0.058824,0.05875,5.04,0.687,0.001251,1,persistent
PETS,2023-10-31,17,12,1.416667,1.41821,1.6944,1.361,0.001089,1,persistent
PETV,2023-10-27,31,22,1.409091,1.406452,1.8824,2.1176,0.001875,17,persistent
PETVW,2021-12-31,25,17,1.470588,1.4703,0.6667,2.0,0.000196,22,persistent
PETWW,2022-09-07,11,25,0.44,0.439147,0.032,0.352,0.001941,1,bad-open-print
PETZ,2022-06-14,1,22,0.045455,0.044872,0.0607,0.0284,0.012903,1,persistent
PFDRW,2022-03-14,31,16,1.9375,1.950622,1.3818,1.8182,0.00675,25,persistent
PFDRW,2022-05-11,7,4,1.75,1.7505,1.0,1.0,0.000286,37,persistent
PFSA,2026-07-07,1,26,0.038462,0.038604,0.0911,0.155,0.003693,1,persistent
PGRWW,2022-02-28,27,17,1.588235,1.588235,1.0,1.0,0.0,17,persistent
PGSS WS,2022-06-14,15,32,0.46875,0.469286,0.0978,0.978,0.001142,1,bad-open-print
PGSS WS,2022-06-15,65,32,2.03125,2.028566,1.9139,1.9139,0.001322,1,persistent
PGSS WS,2024-02-02,12,25,0.48,0.4796,0.597,0.4776,0.000834,1,persistent
PGY,2024-03-08,1,12,0.083333,0.083565,0.1352,0.1909,0.002782,1,persistent
PGYWW,2022-12-12,7,4,1.75,1.75,2.0,1.6,0.0,13,persistent
PGYWW,2025-07-23,5,18,0.277778,0.278429,0.0305,0.1053,0.002342,20,persistent
PHGE,2024-08-26,3,29,0.103448,0.102612,0.0084,0.1152,0.008117,3,persistent
PHGE,2025-11-25,1,18,0.055556,0.055577,0.013,0.0371,0.000385,1,persistent
PHGE U,2022-12-19,5,3,1.666667,1.666667,0.8547,1.188,0.0,54,bad-open-print
PHIO,2023-01-26,2,25,0.08,0.079294,0.7496,0.1739,0.00887,1,persistent
PHIO,2024-07-05,2,17,0.117647,0.116667,4.3366,0.9901,0.008368,2,persistent
PHOE,2025-06-27,21,13,1.615385,1.619366,1.8018,1.9099,0.002461,1,bad-open-print
PHUN,2024-02-27,1,50,0.02,0.019465,0.0122,0.0174,0.02712,1,persistent
PHXM,2023-09-19,3,35,0.085714,0.085616,4.4018,0.1689,0.001142,4,persistent
PICC WS,2022-05-11,21,32,0.65625,0.656895,0.3303,0.8404,0.000982,1,persistent
PICC WS,2022-05-12,11,7,1.571429,1.566986,1.9512,0.8404,0.002831,1,bad-open-print
PICC WS,2022-05-24,29,20,1.45,1.452087,1.3442,2.0548,0.001438,7,persistent
PIII,2025-04-14,1,50,0.02,0.021996,0.0844,0.0405,0.095133,4,persistent
PIIIW,2022-05-13,28,17,1.647059,1.648936,1.0837,0.8417,0.001139,35,persistent
PIIIW,2023-02-21,65,14,4.642857,4.653913,6.0,31.14,0.002378,102,persistent
PIPR,2026-03-24,4,1,4.0,3.989725,5.3934,3.3406,0.002572,1,persistent
PIRS,2024-04-23,1,70,0.014286,0.013474,0.4399,0.0113,0.058472,1,persistent
PIXY,2023-10-16,1,20,0.05,0.049303,0.1037,0.2509,0.014042,3,persistent
PIXY,2024-08-06,7,5,1.4,1.401709,1.52,0.67,0.00122,8,persistent
PLAG,2022-12-08,2,3,0.666667,0.66506,1.0,1.0,0.002413,21,persistent
PLAG,2023-11-20,13,8,1.625,1.623269,2.0,1.6,0.001066,26,persistent
PLAG,2024-04-02,17,12,1.416667,1.416507,1.0811,0.8108,0.000113,62,persistent
PLAG,2024-06-03,2,13,0.153846,0.152867,0.1166,0.1494,0.006384,3,persistent
PLAG,2026-08-12,31,6,5.166667,5.123077,353.9574,4.8379,0.008473,1,persistent
PLMIW,2024-02-07,16,65,0.246154,0.245158,0.2886,0.5657,0.004053,63,persistent
PLRZ,2025-12-04,5,12,0.416667,0.417516,63.3885,0.5335,0.002038,1,persistent
PLTN,2024-05-29,28,17,1.647059,1.655832,0.8333,2.2867,0.005312,5,persistent
PLTZ,2025-12-09,16,65,0.246154,0.246102,0.1375,0.3079,0.000212,1,persistent
PLUR,2024-04-01,11,80,0.1375,0.137691,0.0086,0.7343,0.001388,4,persistent
PLUR,2026-05-21,31,21,1.47619,1.47541,1.0471,2.0942,0.000529,8,persistent
PMAX,2025-10-13,11,26,0.423077,0.422559,171.5429,0.8646,0.001225,4,bad-open-print
PMAX,2026-04-17,1,11,0.090909,0.091226,0.3951,0.3221,0.003478,1,persistent
PMN,2025-11-28,1,22,0.045455,0.045078,0.1714,0.0195,0.008329,2,persistent
PMNT,2024-07-02,13,8,1.625,1.625,2.0,2.0,0.0,35,persistent
PNBK,2025-02-10,31,64,0.484375,0.484321,3085.0831,0.4798,0.000112,3,persistent
PNQI,2023-07-17,5,1,5.0,5.019721,3.1092,3.546,0.003936,3,persistent
POAI,2023-04-24,1,18,0.055556,0.055768,0.0017,0.0414,0.003808,3,persistent
POL,2023-11-22,24,17,1.411765,1.411765,0.75,1.1,0.0,2,persistent
POL,2024-02-13,18,11,1.636364,1.638514,1.1601,1.1659,0.001313,1,persistent
POLA,2024-11-19,7,50,0.14,0.13986,0.0061,0.1214,0.001,1,persistent
POND WS,2022-12-05,23,40,0.575,0.573333,0.5106,0.3429,0.002903,3,bad-open-print
PONX,2026-07-23,5,29,0.172414,0.172372,0.1202,0.1629,0.000241,3,persistent
POTX,2022-06-13,3,17,0.176471,0.176919,2.0031,0.1538,0.002535,3,persistent
POW,2025-10-29,32,65,0.492308,0.49245,0.0057,0.0113,0.000289,1027,persistent
PPBT,2024-09-24,1,15,0.066667,0.066098,1.3072,0.6536,0.008567,8,persistent
PPBT,2026-03-02,1,10,0.1,0.099731,0.1988,0.2525,0.002694,3,persistent
PPLT,2026-05-18,10,1,10.0,10.010056,3.2412,5.4295,0.001005,3,persistent
PRAX,2023-11-29,7,100,0.07,0.069576,0.8341,0.084,0.006072,1,persistent
PRE,2023-11-14,2,29,0.068966,0.068512,0.3278,0.4944,0.006594,1,persistent
PRF,2023-07-17,5,1,5.0,5.006965,8.7199,6.9803,0.001392,3,persistent
PRFX,2026-02-06,17,100,0.17,0.169658,1.3074,0.7117,0.002013,1,persistent
PRFZ,2023-07-17,5,1,5.0,4.981079,5.9023,5.2837,0.003791,3,persistent
PRHI,2026-06-02,3,22,0.136364,0.135188,0.47,0.18,0.00866,1,persistent
PRLHW,2023-05-03,13,20,0.65,0.649479,0.3448,0.5111,0.000802,152,bad-open-print
PRPL,2026-07-20,1,21,0.047619,0.047379,0.0329,0.1185,0.005061,3,persistent
PRPO,2023-09-22,1,23,0.043478,0.043781,0.2268,0.0567,0.006932,1,persistent
PRSO,2024-01-03,3,100,0.03,0.030299,0.0153,0.01,0.009907,7,persistent
PRTG,2024-01-29,15,8,1.875,1.873247,1.5,1.0,0.000935,31,persistent
PRTG,2024-07-05,2,1,2.0,1.993269,1.6,2.68,0.003371,17,persistent
PRTG,2024-08-15,2,65,0.030769,0.03059,2.0236,0.7327,0.005848,1,persistent
PRTS,2026-05-26,7,65,0.107692,0.107515,0.0537,0.0802,0.001644,4,persistent
PSA PRN,2023-01-24,7,10,0.7,0.714456,0.9575,0.7757,0.020441,1,bad-open-print
PSCE,2023-07-17,1,5,0.2,0.199128,0.2551,0.3673,0.004367,3,persistent
PSFE,2022-12-13,3,35,0.085714,0.085938,0.3252,0.5017,0.002601,1,persistent
PSHG,2022-11-15,1,15,0.066667,0.066984,0.4973,0.1907,0.004751,1,persistent
PSNY,2025-12-09,1,32,0.03125,0.03128,0.0373,0.1842,0.000967,1,persistent
PSNYW,2024-02-29,7,10,0.7,0.703704,0.928,0.64,0.005277,31,persistent
PSNYW,2025-01-03,13,50,0.26,0.260358,4.6565,0.0874,0.001377,42,persistent
PSNYW,2025-12-11,1,17,0.058824,0.058232,0.4,0.02,0.010101,15,persistent
PSNYW,2026-07-17,4,17,0.235294,0.23523,75.1064,0.1489,0.000274,3,persistent
PSP,2023-07-17,1,5,0.2,0.200255,2.0,0.1538,0.001274,3,persistent
PSQ,2024-04-10,1,5,0.2,0.197825,0.3365,0.3618,0.010936,1,persistent
PSQH,2026-07-13,1,15,0.066667,0.06645,0.3422,0.3323,0.003263,3,persistent
PSTV,2023-05-01,3,40,0.075,0.075028,1.7567,0.3333,0.00037,3,persistent
PSTV,2026-04-02,1,24,0.041667,0.041549,0.3769,0.349,0.002839,1,persistent
PT,2022-09-19,29,19,1.526316,1.525641,1.808,1.0951,0.000442,35,persistent
PTE,2022-05-17,1,18,0.055556,0.054505,0.4064,0.1613,0.019095,1,persistent
PTIR,2025-07-09,15,1,15.0,15.053412,2.7675,5.7738,0.003555,1,persistent
PTIX,2022-12-19,32,21,1.52381,1.515773,2.0,1.0,0.005288,31,persistent
PTLE,2026-02-27,1,70,0.014286,0.014438,0.0481,0.0495,0.010569,1,persistent
PTN,2022-08-31,1,24,0.041667,0.041059,0.06,0.1146,0.014702,1,persistent
PTPI,2022-12-05,8,65,0.123077,0.122667,4.2933,0.6667,0.003339,10,persistent
PULM,2022-03-01,1,19,0.052632,0.051557,0.1543,0.8266,0.020621,1,persistent
PUYI,2023-12-07,16,11,1.454545,1.456693,1.4545,0.7879,0.001475,8,persistent
PW,2026-06-03,2,27,0.074074,0.073317,1.245,0.5,0.010274,5,persistent
PW PRA,2026-01-21,9,20,0.45,0.449561,2.0,0.01,0.000975,50,persistent
PWM,2024-05-15,7,10,0.7,0.698582,0.6024,0.6988,0.002028,15,bad-open-print
PXJ,2023-07-18,1,5,0.2,0.199203,0.25,0.99,0.003992,5,persistent
PXLW,2025-06-09,2,23,0.086957,0.0872,0.0658,0.1841,0.0028,3,persistent
PXMD,2023-10-31,1,16,0.0625,0.062824,0.1069,0.0722,0.005177,1,persistent
PXS,2022-05-13,9,35,0.257143,0.254558,0.6413,0.406,0.010105,1,persistent
PXSAW,2022-10-25,9,14,0.642857,0.643678,0.77,0.375,0.001276,5,persistent
PYPD,2022-09-02,64,13,4.923077,4.954955,277.5556,20.2694,0.006454,1,persistent
PYPD,2023-03-29,11,6,1.833333,1.83406,1.75,2.5,0.000396,35,persistent
PYPD,2023-09-21,1,31,0.032258,0.032375,0.5525,0.0075,0.003618,1,persistent
PYR,2023-09-26,8,5,1.6,1.595092,0.7547,2.0943,0.003072,5,persistent
QBTS WS,2025-01-08,30,17,1.764706,1.7603,1.5388,2.5756,0.0025,1,persistent
QBTZ,2026-03-23,1,3,0.333333,0.331234,0.1953,0.061,0.006319,3,persistent
QH,2022-08-12,3,31,0.096774,0.09798,0.0583,0.1667,0.012379,1,persistent
QID,2024-04-10,6,31,0.193548,0.195829,0.1657,0.0643,0.011713,1,persistent
QLD,2025-11-20,27,14,1.928571,1.927991,1.3863,1.3277,0.000301,1,persistent
QLGN,2022-11-28,1,10,0.1,0.098391,0.02,0.5545,0.016223,6,persistent
QLGN,2024-11-05,1,40,0.025,0.022719,0.1255,0.0739,0.09567,1,persistent
QLI,2023-10-31,22,7,3.142857,3.146853,3.2787,2.2295,0.001271,202,persistent
QLI,2024-01-11,40,27,1.481481,1.482828,2.0619,1.0515,0.000908,13,persistent
QLI,2024-06-21,1,4,0.25,0.253406,0.318,0.0061,0.013532,1,persistent
QMCO,2024-08-27,3,50,0.06,0.059528,0.0076,0.053,0.007902,1,persistent
QNCX,2026-04-08,7,17,0.411765,0.412497,39.6176,0.5764,0.001776,1,bad-open-print
QNCX,2026-04-13,2,21,0.095238,0.095674,0.145,0.133,0.004564,3,persistent
QNCX,2026-06-30,1,20,0.05,0.050259,0.1708,0.2381,0.005168,1,persistent
QNGY,2022-10-07,1,19,0.052632,0.052865,1.1453,0.8515,0.004428,1,persistent
QNRX,2025-04-09,3,100,0.03,0.029858,0.2493,0.0623,0.004741,1,persistent
QPUX,2026-03-23,9,28,0.321429,0.321686,0.022,0.347,0.000801,3,persistent
QQQY,2024-08-01,1,3,0.333333,0.33141,0.3904,0.1495,0.005787,1,persistent
QRTEA,2022-05-06,22,15,1.466667,1.464286,1.219,1.9248,0.001625,1,persistent
QSG,2023-09-21,30,19,1.578947,1.577465,1.5758,1.2121,0.000939,1,persistent
QSIAW,2023-08-01,1,2,0.5,0.506667,0.5,0.25,0.013245,15,persistent
QSIAW,2025-09-08,29,17,1.705882,1.706667,1.5314,0.9188,0.00046,150,persistent
QSU,2026-03-24,17,100,0.17,0.170413,0.6471,0.3529,0.002424,7,persistent
QTEK,2022-11-15,22,15,1.466667,1.466019,2.0,1.0,0.000441,1,persistent
QTI,2026-01-28,9,100,0.09,0.089655,0.1651,0.0571,0.003839,369,persistent
QTT,2021-12-10,3,28,0.107143,0.106736,0.8693,0.0891,0.003807,1,persistent
QTT,2022-10-11,3,2,1.5,1.504871,1.2931,1.2931,0.003242,21,persistent
QUBX,2025-12-02,5,26,0.192308,0.192133,0.0231,0.1159,0.00091,1,persistent
QXO,2024-07-30,16,3,5.333333,5.355102,432.3341,108.0503,0.004073,1,persistent
RAAQW,2025-10-15,29,65,0.446154,0.445545,0.0645,0.0323,0.001367,5,bad-open-print
RAAS,2023-03-15,7,20,0.35,0.35,0.6323,0.3636,0.0,1,persistent
RAIN,2023-05-22,16,3,5.333333,5.342246,84.8398,13.854,0.00167,3,persistent
RAIN,2025-01-02,11,50,0.22,0.22,0.0275,0.0551,0.0,343,persistent
RAMMW,2022-08-17,5,8,0.625,0.625,0.3077,0.7385,0.0,12,persistent
RAPT,2025-06-17,4,31,0.129032,0.129052,0.3211,0.2083,0.000156,1,persistent
RAY,2025-11-07,2,27,0.074074,0.073759,0.0129,0.0038,0.004257,1,persistent
RAYA,2023-08-16,31,21,1.47619,1.477273,1.3699,1.6164,0.000733,30,persistent
RAYA,2025-12-09,7,10,0.7,0.699187,1.0,0.49,0.001162,15,persistent
RAYA,2026-04-20,3,26,0.115385,0.11485,0.1115,0.0243,0.004641,3,persistent
RBNE,2026-07-09,1,17,0.058824,0.058968,0.5055,0.5331,0.002449,1,persistent
RBNE,2026-07-24,27,17,1.588235,1.587079,1.4989,1.1589,0.000729,1,persistent
RBOT,2024-06-13,3,100,0.03,0.029754,0.1756,0.1411,0.008239,1,persistent
RBT,2023-09-27,9,64,0.140625,0.140884,0.1125,0.1782,0.001838,1,persistent
RCAC,2023-12-21,27,19,1.421053,1.423863,1.5894,1.2384,0.001976,3,persistent
RCD,2024-12-19,31,6,5.166667,5.1772,211.2,150.895,0.002037,562,persistent
RCEL,2025-08-08,40,27,1.481481,1.486111,2.2498,1.5454,0.00312,1,bad-open-print
RCKTW,2023-09-20,11,24,0.458333,0.458684,0.11,0.06,0.000765,6,persistent
RCKTW,2023-12-06,9,29,0.310345,0.31118,0.2457,0.1457,0.002688,64,persistent
RCON,2026-08-25,10,23,0.434783,0.435556,5.1106,0.1301,0.001776,1,persistent
RCRT,2022-10-18,28,17,1.647059,1.647887,1.5267,1.5267,0.000503,14,persistent
RCRT,2023-08-25,1,13,0.076923,0.076557,0.0539,0.0539,0.004765,1,persistent
RDHL,2023-03-23,1,35,0.028571,0.027132,0.0267,0.0154,0.051701,1,persistent
RDHL,2024-08-20,1,22,0.045455,0.044937,0.4681,0.1726,0.011446,1,persistent
RDUS,2023-09-01,7,23,0.304348,0.303432,0.0704,0.0836,0.003015,385,persistent
RDY,2024-11-05,64,13,4.923077,4.880607,3.3558,3.4668,0.008664,1,persistent
REAX,2026-08-25,3,32,0.09375,0.093186,0.2017,0.1812,0.006036,1,persistent
REBN,2024-01-22,1,7,0.142857,0.143396,0.64,0.49,0.003766,5,persistent
RECT,2025-09-25,7,5,1.4,1.398204,0.995,0.8159,0.001284,17,persistent
RELI,2023-02-23,5,64,0.078125,0.07804,2.5625,0.2969,0.00109,1,persistent
RELI,2024-07-01,1,18,0.055556,0.054927,0.258,0.0186,0.011375,3,persistent
RENN,2022-12-22,27,2,13.5,13.544,11.7087,3.0122,0.003254,1,persistent
RENO,2022-05-16,11,16,0.6875,0.687931,0.7692,0.4615,0.000627,5,persistent
RENT,2024-04-03,1,19,0.052632,0.051873,6.236,0.3565,0.014518,1,persistent
REPL,2025-07-22,64,15,4.266667,4.272414,30.6548,2.4077,0.001346,1,persistent
RETL,2021-10-25,29,7,4.142857,4.147212,4.4828,4.8276,0.001051,13,persistent
RETO,2024-03-01,3,26,0.115385,0.114888,2.101,0.503,0.004313,1,persistent
RETO,2025-03-07,3,25,0.12,0.119932,0.1015,0.1968,0.000563,1,persistent
RETO,2025-11-03,2,9,0.222222,0.221875,2.4463,0.3636,0.001564,3,persistent
RETO,2026-02-17,29,19,1.526316,1.527649,2.1521,1.1268,0.000873,4,persistent
REVB,2025-07-07,8,27,0.296296,0.296269,0.4147,0.9133,9.1e-05,4,persistent
REVB,2026-01-28,4,17,0.235294,0.23507,0.9495,0.8346,0.000951,1,persistent
REW,2025-11-20,13,28,0.464286,0.465066,0.1681,0.3853,0.001679,1,persistent
REX,2022-08-08,80,27,2.962963,2.970812,3.957,3.0583,0.002646,3,persistent
REX,2025-09-16,2,1,2.0,1.998692,2.5005,2.0132,0.000654,1,persistent
RFAI,2026-08-21,13,80,0.1625,0.162367,49.5057,0.7114,0.000816,1,persistent
RFEU,2022-09-30,7,5,1.4,1.401442,1.0,1.0,0.00103,191,persistent
RFG,2023-07-17,80,17,4.705882,4.707427,1.03,2.0,0.000328,25,persistent
RFL,2021-10-28,64,13,4.923077,4.921697,66.2124,6.3905,0.00028,1,persistent
RGC,2025-06-16,22,1,22.0,22.371738,382.1581,76.2128,0.016756,3,persistent
RGLS,2022-06-29,3,29,0.103448,0.102582,0.0477,0.0245,0.008407,1,persistent
RGNT,2026-05-29,40,21,1.904762,1.905405,1.0,2.0,0.000338,88,persistent
RGS,2023-11-29,1,18,0.055556,0.054545,0.1367,0.0702,0.018349,1,persistent
RGTIW,2023-08-01,13,28,0.464286,0.464543,0.0145,0.4364,0.000554,53,bad-open-print
RGTIW,2025-01-15,19,28,0.678571,0.679134,0.6088,0.7306,0.000829,1,persistent
RGTU,2026-03-10,17,50,0.34,0.340398,0.0563,0.0981,0.00117,1,persistent
RGTX,2025-12-09,17,4,4.25,4.237975,2.944,1.7028,0.002833,1,persistent
RGTX,2026-03-19,19,70,0.271429,0.271283,0.0244,0.137,0.000538,1,persistent
RHE PRA,2023-07-28,23,4,5.75,5.732143,5.01,1.38,0.00311,200,persistent
RIBT,2022-08-29,3,26,0.115385,0.114903,0.3096,0.892,0.004179,4,persistent
RIDE,2023-05-24,2,31,0.064516,0.063831,1.1012,0.3287,0.010669,1,persistent
RIGL,2024-06-27,1,10,0.1,0.099246,1.6254,0.2163,0.007566,1,persistent
RILYP,2025-01-22,7,5,1.4,1.402256,1.8427,1.1236,0.00161,7,persistent
RILYP,2025-06-05,65,32,2.03125,2.033493,2.0,2.0,0.001104,77,persistent
RIOX,2026-03-19,7,19,0.368421,0.368449,0.0484,0.1399,7.6e-05,1,persistent
RJF,2021-09-22,40,27,1.481481,1.488735,2.1592,1.7589,0.004884,1,persistent
RKDA,2023-03-02,1,64,0.015625,0.016388,9.8132,0.3832,0.047665,2,persistent
RKLZ,2026-03-23,9,70,0.128571,0.127302,0.0012,0.0144,0.009924,3,persistent
RKTA WS,2022-05-03,12,25,0.48,0.48,0.4275,0.5259,0.0,5,bad-open-print
RKTA WS,2022-05-12,7,10,0.7,0.70085,0.3475,0.6885,0.001214,1,bad-open-print
RKTL,2026-03-26,15,29,0.517241,0.517184,0.25,0.5,0.000111,7,persistent
RLI,2025-01-16,65,32,2.03125,2.02203,2.2086,3.0055,0.004549,1,persistent
RLMD,2022-10-13,23,4,5.75,5.747731,18.5562,5.8379,0.000395,1,persistent
RLMD,2024-12-04,70,17,4.117647,4.110997,30.2981,3.1362,0.001616,1,persistent
RMBX,2026-07-28,10,7,1.428571,1.43218,1.4,1.05,0.002523,7,persistent
RMCO,2023-12-05,17,11,1.545455,1.54485,1.0751,1.4915,0.000391,6,persistent
RMED,2022-10-03,1,40,0.025,0.022523,0.1088,0.1075,0.10436,3,persistent
RMTI,2024-11-12,27,19,1.421053,1.41896,1.462,1.8168,0.001474,1,persistent
RMTI,2026-07-01,3,29,0.103448,0.104299,0.8126,0.5232,0.008192,1,persistent
RNAC,2024-04-05,1,29,0.034483,0.034089,0.7524,0.9003,0.011491,1,persistent
RNAZ,2023-05-23,1,24,0.041667,0.041502,0.7309,0.88,0.003971,1,persistent
RNAZ,2024-01-16,1,35,0.028571,0.028147,0.0326,0.478,0.014955,4,persistent
RNAZ,2024-12-04,1,30,0.033333,0.032918,0.0849,0.0129,0.012534,1,persistent
RNAZ,2025-05-15,3,70,0.042857,0.04308,0.1166,0.1627,0.005183,1,persistent
RNERW,2022-03-23,11,32,0.34375,0.34375,0.725,0.25,0.0,1,persistent
RNLX,2023-09-14,7,5,1.4,1.403263,2.0,1.3333,0.002328,17,persistent
RNXT,2024-01-02,19,13,1.461538,1.462025,2.1909,1.1641,0.000333,4,persistent
ROIVW,2022-10-11,7,10,0.7,0.704349,0.3333,0.6667,0.006194,13,persistent
ROOT,2022-08-15,4,65,0.061538,0.062014,0.4928,0.1555,0.007705,3,persistent
ROSEW,2022-06-30,12,25,0.48,0.480192,0.3125,0.3125,0.0004,43,persistent
ROSS WS,2022-06-02,5,8,0.625,0.625109,0.8707,0.6576,0.000174,1,bad-open-print
RPG,2023-07-17,5,1,5.0,4.981506,1.738,4.4028,0.003706,3,persistent
RPGL,2025-11-14,11,6,1.833333,1.833089,1.9043,1.5124,0.000133,1,persistent
RPGL,2026-02-24,2,35,0.057143,0.057489,17.4078,0.8797,0.006046,1,persistent
RPGL,2026-05-28,1,40,0.025,0.024166,0.0059,0.0761,0.033934,1,persistent
RPHM,2023-12-14,28,5,5.6,5.594203,59.972,6.5502,0.001036,1,persistent
RPT,2025-12-31,1,6,0.166667,0.166463,0.3077,0.1444,0.00122,1,persistent
RSLS,2022-12-23,1,50,0.02,0.018113,2.0844,0.322,0.099123,1,persistent
RSLS,2025-05-09,1,17,0.058824,0.05855,0.1309,0.1557,0.004662,1,persistent
RSPH,2023-07-18,10,1,10.0,10.034818,96.875,12.5,0.003476,4,persistent
RSPM,2023-07-17,5,1,5.0,5.049847,4.5,5.0,0.00992,4,persistent
RSPN,2023-07-17,5,1,5.0,4.98598,0.6667,2.7289,0.002808,3,persistent
RSPS,2023-07-17,5,1,5.0,5.021251,1.1158,2.304,0.004241,3,persistent
RSPT,2023-07-17,10,1,10.0,9.995321,1.6441,5.7532,0.000468,3,persistent
RSVRW,2022-11-28,16,23,0.695652,0.69685,0.4,0.4,0.001721,42,persistent
RTC,2024-06-10,5,23,0.217391,0.217726,0.1233,0.02,0.00154,3,persistent
RUBI,2025-12-02,1,32,0.03125,0.031682,0.7215,0.0586,0.01373,1,persistent
RUBI,2026-04-09,2,19,0.105263,0.106066,0.5324,0.2572,0.007598,1,persistent
RUBI,2026-06-26,1,28,0.035714,0.036295,0.0702,0.0011,0.016117,1,persistent
RUMBW,2023-01-06,7,10,0.7,0.710383,0.995,0.4975,0.014723,8,persistent
RUSHA,2023-08-29,32,21,1.52381,1.519291,2.007,0.9058,0.00297,1,persistent
RVI,2021-10-29,65,16,4.0625,4.078078,19.4732,3.9058,0.003827,1,persistent
RVPH,2022-05-13,10,7,1.428571,1.432624,0.6667,1.3333,0.002833,8,persistent
RVPH,2022-06-13,27,16,1.6875,1.686441,1.3333,1.3333,0.000628,12,persistent
RVPH,2026-03-09,1,20,0.05,0.050969,0.7872,0.2242,0.019188,3,persistent
RVPHW,2023-05-10,5,12,0.416667,0.416084,0.8,0.8,0.0014,146,persistent
RVSN,2022-11-16,40,27,1.481481,1.478871,1.23,1.0,0.001764,19,bad-open-print
RVSN,2022-11-25,9,13,0.692308,0.693948,1.0,1.0,0.002367,9,persistent
RVSN,2023-08-15,22,15,1.466667,1.468207,1.02,1.13,0.001049,40,persistent
RVSN,2026-02-04,1,32,0.03125,0.031048,0.6136,0.8231,0.006473,1,persistent
RVYL,2023-09-07,11,100,0.11,0.110212,0.7156,0.2877,0.001929,1,persistent
RVYL,2025-02-25,5,3,1.666667,1.664637,1.0,1.0,0.001219,11,bad-open-print
RVYL,2026-01-02,2,65,0.030769,0.030874,0.8271,0.0711,0.003404,2,persistent
RWJ,2023-07-17,3,1,3.0,2.986372,2.8708,3.8278,0.004553,3,persistent
RXRAW,2022-08-01,13,8,1.625,1.626394,2.0,1.2,0.000858,55,persistent
RYAAY,2024-09-30,5,2,2.5,2.483793,2.7705,2.8968,0.006504,3,persistent
RZLT,2025-12-11,15,2,7.5,7.420339,104.5332,3.8125,0.010678,1,persistent
RZLVW,2025-09-09,27,65,0.415385,0.415,0.2985,0.1359,0.000926,55,persistent
RZLVW,2026-01-20,7,11,0.636364,0.635838,0.7505,0.3752,0.000826,47,bad-open-print
SABA,2024-06-24,1,2,0.5,0.501312,0.3902,0.7519,0.002621,3,persistent
SABRP,2022-05-13,10,7,1.428571,1.432848,1.2105,1.0526,0.002989,10,persistent
SABS,2024-01-05,11,100,0.11,0.110322,0.1159,0.189,0.002923,1,persistent
SABSW,2022-04-05,31,22,1.409091,1.409918,1.0,1.0,0.000587,1,persistent
SAI,2023-01-20,22,7,3.142857,3.142857,1.4184,1.4184,0.0,32,persistent
SAIH,2025-03-17,1,13,0.076923,0.076786,0.0469,0.0231,0.001787,5,persistent
SAIH,2026-04-14,13,19,0.684211,0.684158,0.9709,0.3495,7.6e-05,75,persistent
SALM,2022-11-04,24,17,1.411765,1.412186,1.0,1.0,0.000299,3,persistent
SANG,2022-05-20,40,27,1.481481,1.48012,1.0,1.89,0.000919,91,persistent
SANW,2024-10-18,1,18,0.055556,0.055882,0.04,0.09,0.005865,1,persistent
SARK,2024-11-27,10,29,0.344828,0.344968,0.0496,0.1655,0.000408,1,persistent
SASI,2023-09-22,1,19,0.052632,0.051574,0.4256,0.1288,0.020306,1,persistent
SATO,2024-11-12,2,3,0.666667,0.662447,0.605,0.615,0.00635,35,persistent
SAVA,2024-11-25,30,7,4.285714,4.291734,20.5251,3.2522,0.001404,3,persistent
SBCWW,2025-05-20,30,19,1.578947,1.578947,1.8519,0.7407,0.0,96,persistent
SBET,2022-12-05,11,6,1.833333,1.836164,2.0,2.6667,0.001543,40,persistent
SBET,2025-05-06,6,65,0.092308,0.092593,0.911,0.3631,0.003082,1,persistent
SBFM,2024-08-08,1,16,0.0625,0.062286,0.42,0.095,0.003434,1,persistent
SBFM,2026-06-01,3,31,0.096774,0.097505,0.104,0.1084,0.007522,3,persistent
SBFMW,2022-04-05,12,35,0.342857,0.342857,0.404,0.4,0.0,19,persistent
SBFMW,2023-05-11,11,35,0.314286,0.315,1.445,0.93,0.00227,188,persistent
SBIT,2025-06-12,5,26,0.192308,0.192503,0.0453,0.1042,0.001014,1,persistent
SBS,2026-05-07,5,1,5.0,5.062595,3.9402,4.3306,0.012441,1,persistent
SBTU,2026-08-24,3,32,0.09375,0.093534,0.0237,0.0042,0.002303,3,persistent
SCAG,2026-04-27,13,9,1.444444,1.442308,1.5385,1.5385,0.00148,40,persistent
SCC,2025-06-17,11,23,0.478261,0.478811,3.9448,0.3945,0.00115,6,persistent
SCHA,2024-10-11,2,1,2.0,1.996454,1.2526,2.0038,0.001775,1,persistent
SCHG,2022-03-11,31,16,1.9375,1.953288,0.8972,1.2928,0.008116,1,persistent
SCHX,2024-10-11,3,1,3.0,2.99956,3.8412,2.3368,0.000147,1,persistent
SCLX,2025-04-15,1,40,0.025,0.026501,0.0893,0.1575,0.058296,1,persistent
SCLXW,2023-01-19,2,3,0.666667,0.661871,0.9259,0.463,0.00722,2,persistent
SCLXW,2023-02-24,19,12,1.583333,1.584615,1.0,0.955,0.000809,15,persistent
SCLXW,2023-04-05,27,80,0.3375,0.33557,1.0,0.5,0.005734,23,persistent
SCNI,2026-08-21,3,31,0.096774,0.096792,4.0269,0.2284,0.000179,1,persistent
SCO,2022-05-26,13,64,0.203125,0.203252,0.1617,0.4215,0.000625,1,persistent
SCO,2026-05-28,9,35,0.257143,0.254913,0.2277,0.0731,0.00871,1,persistent
SCOR,2023-12-20,1,18,0.055556,0.055758,0.0101,0.0253,0.003634,1,persistent
SCWO,2025-12-26,2,19,0.105263,0.105388,3.5056,0.283,0.001187,2,persistent
SCYX,2026-06-01,4,29,0.137931,0.138157,0.2047,0.1276,0.001636,3,persistent
SDACW,2022-05-17,27,17,1.588235,1.58815,1.0,1.0,5.4e-05,11,persistent
SDAWW,2023-10-19,17,30,0.566667,0.568076,0.3636,0.5455,0.002484,20,persistent
SDAWW,2024-12-10,13,29,0.448276,0.447486,1.0,0.5,0.001763,144,persistent
SDH,2022-03-01,8,5,1.6,1.604,0.9615,1.9231,0.002497,89,bad-open-print
SDIG,2023-05-16,2,19,0.105263,0.104807,0.6787,0.6489,0.004345,1,persistent
SDIG,2024-08-05,27,19,1.421053,1.42246,1.174,1.1505,0.00099,3,persistent
SDIV,2022-12-20,1,3,0.333333,0.333472,0.3988,0.4841,0.000415,1,persistent
SDOT,2024-10-18,3,29,0.103448,0.101954,0.2265,0.453,0.014554,1,persistent
SDOT,2026-05-27,3,65,0.046154,0.046419,0.1042,0.3354,0.00572,1,persistent
SDOW,2024-11-07,1,4,0.25,0.250369,0.2098,0.3321,0.001475,1,persistent
SDS,2022-01-13,1,5,0.2,0.200223,0.1991,0.1759,0.001116,1,persistent
SDS,2025-11-20,6,29,0.206897,0.206452,0.0299,0.0401,0.002153,1,persistent
SDST,2025-09-08,7,65,0.107692,0.107742,0.1241,0.3987,0.000461,3,persistent
SEAT,2025-08-06,3,65,0.046154,0.046263,0.1934,0.0769,0.002352,1,persistent
SEATW,2024-03-21,30,17,1.764706,1.758389,1.0,1.0,0.003586,164,persistent
SEDA WS,2023-03-23,16,23,0.695652,0.695455,0.823,0.823,0.000284,7,bad-open-print
SEEL,2023-11-28,3,80,0.0375,0.037535,0.1582,0.5927,0.000925,1,persistent
SEEL,2024-05-16,2,15,0.133333,0.134793,0.1607,0.1906,0.010885,1,persistent
SEEL,2024-09-27,1,12,0.083333,0.08336,0.824,0.2251,0.00032,1,persistent
SEF,2024-11-07,16,65,0.246154,0.247025,0.1953,0.4688,0.003534,1,persistent
SEGG,2025-08-29,9,64,0.140625,0.141466,3.1837,0.3841,0.005961,1,persistent
SEGG,2026-08-03,1,6,0.166667,0.167235,0.2773,0.2338,0.003407,3,persistent
SENS,2025-10-20,1,20,0.05,0.049037,0.0999,0.1335,0.019442,3,persistent
SES WS,2023-12-20,17,27,0.62963,0.628138,0.6742,0.8763,0.002372,1,bad-open-print
SES WS,2025-01-03,15,22,0.681818,0.681905,0.6635,0.5971,0.000127,1,persistent
SES WS,2025-01-06,2,3,0.666667,0.666667,0.9783,0.5067,0.0,3,persistent
SETH,2025-11-20,9,35,0.257143,0.253912,0.4074,0.1778,0.012645,1,persistent
SEV,2025-10-16,1,50,0.02,0.0192,9.3587,0.7287,0.040822,819,persistent
SEZL,2025-03-31,6,1,6.0,6.02311,14.4678,7.2983,0.003844,3,persistent
SF,2026-02-27,20,13,1.538462,1.538421,1.7472,1.4167,2.6e-05,1,persistent
SFBS,2026-08-21,2,1,2.0,1.984087,2.6952,2.4346,0.007988,1,persistent
SFET,2022-11-08,3,29,0.103448,0.101781,2.2304,0.7127,0.01625,1,persistent
SFHG,2026-03-10,3,13,0.230769,0.230799,0.25,0.29,0.00013,21,persistent
SFT,2023-03-08,4,35,0.114286,0.114416,0.1104,0.0567,0.001136,1,persistent
SFT,2023-10-09,31,4,7.75,7.76218,7186.735,175.6581,0.00157,3,persistent
SFY,2024-10-02,1,5,0.2,0.199825,0.0243,0.0883,0.000876,1,persistent
SFYF,2023-01-11,22,15,1.466667,1.46472,1.2048,1.2048,0.001328,349,bad-open-print
SGBX,2023-10-10,7,10,0.7,0.707903,0.5882,0.7118,0.011226,5,persistent
SGBX,2024-08-07,31,16,1.9375,1.964602,1.2881,1.4915,0.013891,8,persistent
SGBX,2025-09-08,1,64,0.015625,0.017048,0.0851,0.0301,0.087177,3,persistent
SGIIW,2022-05-23,3,2,1.5,1.499375,1.0,1.0,0.000417,6,persistent
SGLY,2024-02-12,9,65,0.138462,0.138655,1.0256,0.0073,0.0014,3,persistent
SGLY,2026-07-27,1,15,0.066667,0.065789,0.5258,0.5206,0.013245,3,persistent
SGMO,2024-12-31,2,1,2.0,1.991525,2.0193,0.9689,0.004246,1,persistent
SGN,2024-11-18,3,100,0.03,0.029316,0.2238,0.0233,0.023065,3,persistent
SGTX,2022-11-16,27,19,1.421053,1.424399,1.0,1.96,0.002352,12,persistent
SH,2024-11-07,1,4,0.25,0.250828,0.1273,0.1629,0.003307,1,persistent
SHIP,2023-02-16,3,29,0.103448,0.103075,0.0751,0.134,0.003611,1,persistent
SHMDW,2024-08-21,11,7,1.571429,1.568966,0.8754,1.6923,0.001569,16,persistent
SHMDW,2025-11-10,21,65,0.323077,0.324,5.9443,0.2312,0.002853,68,persistent
SHMDW,2025-12-26,10,27,0.37037,0.37053,0.3733,0.0667,0.000432,39,persistent
SHNY,2026-02-24,21,2,10.5,10.420922,7.3253,5.7955,0.00756,1,persistent
SHOP,2022-06-29,31,3,10.333333,10.226569,7.8798,6.6032,0.010386,1,persistent
SHOT,2026-07-17,1,25,0.04,0.039487,0.0317,0.0018,0.0129,281,persistent
SHPH,2024-08-13,3,22,0.136364,0.134887,0.22,0.1114,0.010889,1,persistent
SHPH,2025-06-17,3,80,0.0375,0.037435,0.2168,0.2299,0.001731,4,persistent
SHPH,2026-06-11,3,26,0.115385,0.114858,0.0089,0.1283,0.00457,1,persistent
SHPW,2023-06-23,9,70,0.128571,0.127576,3.5067,0.2931,0.007774,1,persistent
SHPW,2024-07-05,65,12,5.416667,5.423729,24.0,524.8,0.001303,22,persistent
SHQAW,2022-05-12,8,5,1.6,1.60024,1.0,1.1,0.00015,13,persistent
SI,2025-07-31,2,25,0.08,0.080128,2.5411,0.2619,0.001601,813,persistent
SIDU,2025-01-02,32,21,1.52381,1.523438,0.9701,0.7432,0.000244,2,persistent
SIFY,2024-10-04,1,6,0.166667,0.167556,0.8179,0.2914,0.005319,1,persistent
SILO,2026-06-03,3,50,0.06,0.060375,0.127,0.0964,0.006238,1,persistent
SILX,2022-07-12,24,17,1.411765,1.413462,1.0,1.0,0.001201,25,bad-open-print
SING,2024-05-30,23,16,1.4375,1.435842,1.2687,0.8535,0.001154,1,persistent
SION,2026-08-10,32,3,10.666667,10.686583,56.861,8.7065,0.001865,3,persistent
SIRI,2024-09-10,3,28,0.107143,0.106434,1.2745,0.5786,0.006641,1,persistent
SISI,2024-02-16,4,35,0.114286,0.114035,6.5755,0.3178,0.002195,1,persistent
SISI,2024-11-12,1,24,0.041667,0.041855,0.57,0.0752,0.004499,1,persistent
SISI,2025-08-13,1,40,0.025,0.025302,0.9504,0.4618,0.012013,5,persistent
SITC,2024-08-19,6,25,0.24,0.24,0.3262,0.4032,0.0,3,persistent
SKGRW,2024-11-25,31,64,0.484375,0.485714,0.3752,0.5947,0.002761,55,persistent
SKIL,2023-10-02,1,19,0.052632,0.053754,0.1433,0.1733,0.021098,3,persistent
SKK,2026-04-08,3,32,0.09375,0.093832,0.2699,0.5398,0.000874,6,persistent
SKLZ,2022-02-24,5,3,1.666667,1.671296,1.7189,1.103,0.002774,1,bad-open-print
SKLZ,2023-06-26,1,20,0.05,0.050591,0.1907,0.1164,0.011746,3,persistent
SKM,2021-12-27,5,3,1.666667,1.661633,2.4138,1.5319,0.003024,4,persistent
SKYA,2026-05-28,65,11,5.909091,5.918605,0.74,6.494,0.001609,1179,persistent
SKYAW,2022-10-06,23,12,1.916667,1.917861,2.4,2.0,0.000623,27,persistent
SKYE,2026-08-24,9,70,0.128571,0.127406,0.3148,0.1078,0.009108,3,persistent
SKYH WS,2022-05-04,26,15,1.733333,1.730769,0.8696,2.6087,0.00148,7,persistent
SKYH WS,2023-03-16,16,23,0.695652,0.695652,0.4444,0.4444,0.0,48,bad-open-print
SKYQ,2026-03-06,7,5,1.4,1.399831,1.114,1.0938,0.000121,1,persistent
SKYQ,2026-03-16,2,15,0.133333,0.133121,0.4999,0.0402,0.00159,3,persistent
SLAI,2026-07-06,5,31,0.16129,0.160727,3.2354,0.588,0.003497,4,persistent
SLCRW,2022-08-08,19,28,0.678571,0.678456,0.9016,0.8197,0.00017,7,bad-open-print
SLDB,2022-10-28,2,27,0.074074,0.074494,6.2857,0.2857,0.005652,1,persistent
SLDPW,2024-12-31,19,40,0.475,0.475,0.6375,0.09,0.0,236,persistent
SLE,2024-11-19,31,20,1.55,1.550738,2.0,1.0,0.000476,20,persistent
SLE,2025-06-23,1,40,0.025,0.026505,0.3051,0.2377,0.058452,3,persistent
SLE,2026-01-23,2,29,0.068966,0.068008,29.7294,0.1628,0.013983,1,persistent
SLGL,2025-05-05,3,29,0.103448,0.101997,0.601,0.201,0.014126,3,persistent
SLGL,2025-08-21,7,10,0.7,0.705133,1.0,1.02,0.007307,1,persistent
SLMT,2026-05-14,3,31,0.096774,0.096568,0.3125,0.2009,0.002132,1,persistent
SLND WS,2024-06-11,19,30,0.633333,0.632836,0.6309,0.4921,0.000786,14,persistent
SLNG,2025-02-28,10,7,1.428571,1.429515,0.939,1.1643,0.000661,2,persistent
SLNH,2023-10-16,1,20,0.05,0.04893,0.3773,0.1605,0.021639,3,persistent
SLNHP,2023-01-18,13,30,0.433333,0.432836,1.585,0.5,0.001149,15,persistent
SLNHP,2024-04-26,10,7,1.428571,1.430693,1.0,1.0,0.001484,24,persistent
SLNHP,2025-09-22,7,10,0.7,0.713755,1.0,0.5,0.019459,4,persistent
SLNO,2022-08-26,5,64,0.078125,0.077751,0.4731,0.2998,0.004796,1,persistent
SLON,2026-05-29,3,14,0.214286,0.213488,0.2795,0.4193,0.00373,2,persistent
SLRX,2022-10-18,1,21,0.047619,0.048656,5.8971,0.4474,0.021541,4,persistent
SLRX,2024-06-17,3,26,0.115385,0.115702,4.4176,0.7326,0.002751,5,persistent
SLRX,2025-08-19,1,13,0.076923,0.076257,0.2931,0.2304,0.008693,4,persistent
SLVO,2022-09-27,1,20,0.05,0.04948,0.258,0.1771,0.010451,1,persistent
SLVRW,2022-04-05,30,17,1.764706,1.761905,1.0,1.0,0.001589,1,bad-open-print
SLVRW,2022-10-28,27,19,1.421053,1.424501,1.83,1.2,0.002424,78,persistent
SLXN,2024-11-29,3,26,0.115385,0.116335,0.4437,0.5274,0.008205,2,persistent
SLXN,2026-05-29,2,23,0.086957,0.086639,0.0042,0.073,0.003658,1,persistent
SMCI,2024-10-01,10,1,10.0,9.927771,3.3576,3.682,0.007249,1,persistent
SMCL,2025-02-26,16,23,0.695652,0.697409,0.7659,0.6445,0.002522,1,bad-open-print
SMCL,2026-05-01,1,20,0.05,0.049253,0.0018,0.0007,0.015057,1,persistent
SMCX,2024-11-06,19,12,1.583333,1.582781,1.7358,1.3245,0.000349,1,persistent
SMCX,2024-11-18,1,24,0.041667,0.041578,0.234,0.1055,0.002129,3,persistent
SMCZ,2025-12-09,3,25,0.12,0.12112,0.0138,0.0158,0.009291,1,persistent
SMDD,2025-06-16,32,65,0.492308,0.492178,0.1257,0.1257,0.000263,6,persistent
SMFL,2023-10-26,7,5,1.4,1.395782,0.701,0.6873,0.003018,35,persistent
SMFL,2023-10-27,17,70,0.242857,0.243384,7.6535,0.9901,0.002167,1,persistent
SMH,2023-05-05,2,1,2.0,1.994187,1.6615,1.5753,0.002911,1,persistent
SMN,2026-05-28,13,24,0.541667,0.542885,0.8,0.5333,0.002248,7,persistent
SMSI,2024-04-11,2,15,0.133333,0.13348,3.9274,0.0112,0.001101,1,persistent
SMSI,2026-06-08,8,35,0.228571,0.228986,0.4731,0.4301,0.00181,5,persistent
SMST,2025-05-23,1,21,0.047619,0.047437,0.0546,0.0239,0.003824,1,persistent
SMTG,2026-07-07,23,16,1.4375,1.435715,1.0,1.9,0.001242,6,persistent
SMTG,2026-07-29,5,3,1.666667,1.669474,1.7241,0.9483,0.001683,5,bad-open-print
SMTK,2026-08-21,1,50,0.02,0.019523,0.0797,0.1084,0.024121,1,persistent
SMU,2025-12-02,1,5,0.2,0.197115,0.0253,0.1593,0.014528,1,persistent
SMU,2026-03-10,1,3,0.333333,0.331221,0.4306,0.1441,0.006358,1,persistent
SMX,2023-08-21,1,22,0.045455,0.045256,0.2418,0.5442,0.004369,3,persistent
SMX,2025-01-15,1,25,0.04,0.039757,0.1043,0.1554,0.006091,1,persistent
SMX,2025-06-17,11,40,0.275,0.274232,1.73,0.285,0.002798,6,persistent
SMX,2025-08-07,1,7,0.142857,0.145349,0.0221,0.2043,0.017291,1,persistent
SMX,2025-10-23,2,17,0.117647,0.118308,0.2317,0.2041,0.005603,1,persistent
SMX,2025-11-18,5,32,0.15625,0.155072,0.1574,0.5277,0.007565,1,persistent
SMX,2026-02-17,3,16,0.1875,0.188637,0.1739,0.0987,0.006047,4,persistent
SMX,2026-05-11,1,20,0.05,0.050974,0.1174,0.164,0.019296,3,persistent
SMX,2026-06-01,6,13,0.461538,0.462562,0.0693,0.4277,0.002216,3,persistent
SMXT,2026-08-14,7,80,0.0875,0.088048,0.25,0.76,0.006239,3,persistent
SNAL,2026-07-06,5,24,0.208333,0.208849,0.0981,0.669,0.002471,4,persistent
SNBR,2026-06-04,35,12,2.916667,2.917409,3.853,3.59,0.000254,1,persistent
SNCE,2023-12-08,4,65,0.061538,0.061979,0.1458,0.0264,0.00714,1,persistent
SNCR,2023-12-11,2,17,0.117647,0.117071,0.1465,0.2673,0.004911,3,persistent
SNDL,2022-07-26,1,9,0.111111,0.111767,0.4897,0.1976,0.005885,1,persistent
SNDQ,2026-07-21,3,25,0.12,0.118936,0.0612,0.0371,0.008908,1,persistent
SNDU,2026-06-08,30,11,2.727273,2.72279,2.4716,3.1903,0.001645,3,persistent
SNES,2022-11-16,1,20,0.05,0.049481,2.9262,0.4615,0.010444,1,persistent
SNES,2023-01-03,17,25,0.68,0.680628,0.3328,0.6689,0.000924,6,persistent
SNES,2024-07-25,7,65,0.107692,0.107457,1.2556,0.1667,0.002189,1,persistent
SNEX,2025-03-24,29,19,1.526316,1.527767,2.3196,1.757,0.00095,3,persistent
SNEX,2026-07-20,29,20,1.45,1.450958,1.4411,1.2958,0.000661,3,persistent
SNGX,2023-02-10,5,64,0.078125,0.078395,1.3245,0.4503,0.003445,1,persistent
SNGX,2024-06-06,1,14,0.071429,0.070748,0.1295,0.0427,0.009569,1,persistent
SNOA,2024-08-30,1,20,0.05,0.050222,0.0604,0.0581,0.004435,1,persistent
SNPX,2024-04-05,1,27,0.037037,0.036582,4.6067,0.3333,0.012354,2,persistent
SNPX,2025-11-14,7,23,0.304348,0.305578,0.0093,0.28,0.004034,137,persistent
SNSE,2025-06-17,1,19,0.052632,0.052257,0.0793,0.0111,0.007151,1,persistent
SNTG,2022-08-11,6,29,0.206897,0.205723,0.5278,0.1852,0.005689,1,persistent
SNTG,2024-01-09,7,15,0.466667,0.467391,119.3271,0.2764,0.001552,1,persistent
SNTI,2024-07-18,7,65,0.107692,0.107895,0.0176,0.0423,0.001878,1,persistent
SNXX,2026-06-03,70,9,7.777778,7.768913,6.1089,9.6431,0.00114,1,persistent
SOAR,2025-02-24,1,18,0.055556,0.055768,0.0916,0.0516,0.003813,3,persistent
SOBR,2024-10-18,7,16,0.4375,0.436206,11.5154,0.2569,0.002963,7,persistent
SOBR,2025-04-04,1,12,0.083333,0.082373,4.0007,0.2311,0.011588,1,persistent
SOGP,2025-05-12,22,13,1.692308,1.692308,1.3825,0.9217,0.0,18,persistent
SOLT,2026-02-27,1,19,0.052632,0.054015,0.0031,0.0117,0.025938,1,persistent
SOLX,2026-02-06,23,15,1.533333,1.533399,1.0,1.0,4.3e-05,3,persistent
SOND,2023-09-21,1,19,0.052632,0.053902,0.1605,0.0453,0.023852,1,persistent
SONDW,2022-05-23,19,28,0.678571,0.678959,1.0,1.0,0.000571,12,persistent
SONDW,2022-06-24,35,16,2.1875,2.191342,1.5,2.75,0.001755,22,persistent
SONM,2021-09-16,3,28,0.107143,0.107032,0.2719,0.0736,0.001038,1,persistent
SONM,2024-07-18,7,64,0.109375,0.109652,0.2263,0.0315,0.002533,1,persistent
SONM,2025-10-27,1,17,0.058824,0.05922,0.0523,0.0272,0.006712,3,persistent
SONN,2023-09-01,1,22,0.045455,0.045558,1.0921,0.1652,0.002275,1,persistent
SONN,2024-10-02,2,17,0.117647,0.116715,3.011,0.1319,0.007952,5,persistent
SONY,2024-10-09,5,1,5.0,5.052576,2.7912,2.9744,0.01046,1,persistent
SOS,2022-07-06,1,40,0.025,0.023151,0.0715,0.0236,0.076851,1,persistent
SOS,2024-11-19,7,100,0.07,0.07001,0.2383,0.1014,0.000143,1,persistent
SOUNW,2022-05-13,2,1,2.0,2.0,1.0,3.0,0.0,10,persistent
SOUNW,2025-01-28,25,16,1.5625,1.564286,1.2048,1.6988,0.001142,4,persistent
SOUX,2026-03-23,4,13,0.307692,0.307773,0.1441,0.0461,0.000262,5,persistent
SOWG,2026-04-24,1,16,0.0625,0.062907,0.1615,0.1487,0.006491,1,persistent
SOXS,2022-03-28,3,31,0.096774,0.097929,0.0996,0.0468,0.011867,3,persistent
SOXS,2024-04-15,3,29,0.103448,0.103327,0.0586,0.1368,0.001168,3,persistent
SOXS,2026-03-05,1,20,0.05,0.049526,0.0149,0.0184,0.009515,1,persistent
SOXS,2026-07-15,3,29,0.103448,0.104202,0.0306,0.0378,0.00726,1,persistent
SOXX,2024-03-07,65,22,2.954545,2.958743,2.769,2.7121,0.00142,1,persistent
SPAQ,2024-10-15,1,15,0.066667,0.06563,0.0007,0.002,0.015666,944,persistent
SPCB,2022-11-23,3,25,0.12,0.121421,3.296,0.4,0.01177,1,persistent
SPCB,2024-08-22,2,35,0.057143,0.05717,0.0328,0.0508,0.000482,1,persistent
SPCE,2024-06-17,2,29,0.068966,0.06849,0.2535,0.2581,0.006919,3,persistent
SPGC,2024-12-12,50,11,4.545455,4.529201,1812.1887,396.7925,0.003582,3,persistent
SPIR,2023-08-31,9,70,0.128571,0.126966,0.4302,0.3339,0.012563,1,persistent
SPKLW,2026-05-08,9,20,0.45,0.45,0.347,0.7749,0.0,7,persistent
SPPL,2025-04-08,8,65,0.123077,0.123524,0.214,0.2,0.003627,4,persistent
SPRB,2024-03-14,65,16,4.0625,4.03876,81.469,3.0412,0.005861,1,persistent
SPRC,2023-10-31,32,65,0.492308,0.492754,107.2589,0.5802,0.000905,1,persistent
SPRC,2025-07-09,1,23,0.043478,0.043785,0.4149,0.1383,0.007037,8,persistent
SPRC,2025-07-31,13,9,1.444444,1.446488,2.029,1.9324,0.001414,1,persistent
SPRC,2026-03-04,2,21,0.095238,0.095828,0.3143,0.8971,0.006178,1,persistent
SPRU,2023-10-09,9,65,0.138462,0.138903,0.5522,0.1639,0.003181,3,persistent
SPTKW,2022-05-13,13,6,2.166667,2.167,2.0,2.0,0.000154,15,persistent
SPWR,2025-04-22,4,65,0.061538,0.061523,0.1373,0.0431,0.000254,250,persistent
SPXS,2025-09-29,1,10,0.1,0.101071,0.1087,0.1295,0.010651,3,persistent
SPXU,2024-04-10,6,31,0.193548,0.196122,0.75,0.3755,0.013209,1,persistent
SPXU,2025-11-20,17,65,0.261538,0.261891,0.1331,0.0706,0.001348,1,persistent
SQL,2022-10-12,10,7,1.428571,1.431419,1.51,1.0,0.001991,14,persistent
SQNS,2025-09-17,1,10,0.1,0.1,0.3049,0.2714,0.0,1,persistent
SQQQ,2022-01-13,13,64,0.203125,0.202806,0.1932,0.2382,0.001571,1,persistent
SQQQ,2024-11-07,13,64,0.203125,0.202991,0.0809,0.0945,0.000658,1,persistent
SQQQ,2025-11-20,3,14,0.214286,0.213701,0.1516,0.2649,0.002734,1,persistent
SRE,2023-08-22,2,1,2.0,2.004228,2.0423,2.0142,0.002112,1,persistent
SRET,2022-12-20,22,65,0.338462,0.338799,0.222,0.2775,0.000997,4,persistent
SRFM,2024-08-19,1,7,0.142857,0.145,0.3029,0.5391,0.014889,3,persistent
SRGA,2022-05-17,1,31,0.032258,0.031994,0.2681,0.0255,0.008231,1,persistent
SRS,2024-11-07,9,35,0.257143,0.253958,0.1345,0.1358,0.012462,1,persistent
SRSAW,2022-02-08,7,15,0.466667,0.467491,0.2836,0.5821,0.001764,6,bad-open-print
SRSAW,2022-02-28,31,64,0.484375,0.48676,0.5283,0.3585,0.004911,6,bad-open-print
SRTY,2022-01-13,13,64,0.203125,0.203382,0.8857,0.5765,0.001266,1,persistent
SRTY,2025-11-20,17,64,0.265625,0.265849,0.1029,0.408,0.000842,1,persistent
SRV RT,2024-11-13,17,11,1.545455,1.545917,0.7626,1.5635,0.000299,1,persistent
SRZN,2023-12-22,1,18,0.055556,0.05573,0.094,0.3266,0.003131,10,persistent
SRZNW,2021-10-27,17,64,0.265625,0.265306,0.5102,0.1531,0.001201,26,persistent
SRZNW,2022-07-27,31,17,1.823529,1.826522,0.97,1.0,0.00164,9,persistent
SSG,2024-04-17,6,31,0.193548,0.193284,0.0597,0.995,0.001369,8,persistent
SSG,2024-11-07,6,29,0.206897,0.20621,1.1207,0.1296,0.003323,1,persistent
SSG,2025-11-20,4,15,0.266667,0.26615,0.5613,0.0329,0.00194,1,persistent
SSKN,2024-06-07,3,25,0.12,0.119871,1.0,0.1,0.001072,2,persistent
SSM,2026-05-14,32,19,1.684211,1.677249,0.9,1.9,0.004142,8,persistent
SSO,2025-11-20,31,16,1.9375,1.950595,1.8818,2.4849,0.006736,1,persistent
SST,2025-06-12,3,29,0.103448,0.103035,0.5915,0.7914,0.004001,1,persistent
STAF,2022-06-29,3,26,0.115385,0.116297,0.1961,0.9392,0.007876,6,persistent
STAF,2024-06-26,1,9,0.111111,0.110871,0.476,0.8661,0.002167,1,persistent
STAI,2025-12-16,1,19,0.052632,0.053789,0.1074,0.0653,0.021746,1,persistent
STBX,2024-10-31,1,12,0.083333,0.082516,1.078,0.8396,0.009855,1,persistent
STBX,2025-03-03,3,25,0.12,0.118833,0.7116,0.5981,0.00977,3,persistent
STEC,2025-08-07,65,22,2.954545,2.948348,1.5148,3.8815,0.0021,93,persistent
STEM,2025-06-23,1,20,0.05,0.050938,0.2524,0.2409,0.018584,3,persistent
STFS,2026-03-13,1,32,0.03125,0.031609,0.0233,0.0014,0.011417,1,persistent
STI,2024-06-18,80,19,4.210526,4.21978,35.6099,4.6512,0.002195,1,persistent
STI,2025-05-12,1,50,0.02,0.020088,0.2065,0.0766,0.004368,3,persistent
STKH,2024-06-25,2,13,0.153846,0.152778,0.1191,0.2894,0.006969,85,persistent
STKH,2025-09-10,1,8,0.125,0.126128,0.0733,0.0865,0.008986,1,persistent
STRC,2023-07-06,5,29,0.172414,0.172316,0.308,0.107,0.000565,1,persistent
STRM,2024-10-04,1,15,0.066667,0.065974,0.0581,0.0553,0.01045,1,persistent
STRN,2025-09-04,2,31,0.064516,0.065344,2.331,0.4662,0.012745,994,persistent
STRO,2025-12-03,1,10,0.1,0.098764,0.4653,0.2758,0.012441,1,persistent
STRR,2024-06-17,9,40,0.225,0.223612,6.24,0.448,0.006189,3,persistent
STSA,2022-11-14,100,19,5.263158,5.285714,304.7077,33.0418,0.004277,3,persistent
STSS,2025-01-28,17,4,4.25,4.255319,68.4054,141.5495,0.001251,5,persistent
STXX,2026-04-29,20,29,0.689655,0.68995,0.8137,0.3707,0.000427,1,persistent
SUAC WS,2022-03-29,19,40,0.475,0.47541,2.2968,0.1935,0.000862,1,bad-open-print
SUAC WS,2022-08-03,5,8,0.625,0.626105,0.38,0.5181,0.001767,1,persistent
SUGP,2025-08-25,1,12,0.083333,0.083916,0.686,0.194,0.006969,3,persistent
SUGP,2026-08-06,13,80,0.1625,0.162137,1.7745,0.7818,0.002238,1,persistent
SUNL,2023-08-23,1,15,0.066667,0.066502,0.2291,0.0795,0.002466,1,persistent
SURGW,2023-12-12,27,19,1.421053,1.419643,0.8772,1.7544,0.000993,6,persistent
SURGW,2024-03-13,9,4,2.25,2.252632,1.14,2.3333,0.001169,1,persistent
SVACW,2026-04-09,7,10,0.7,0.7,0.6667,0.6667,0.0,1,persistent
SVC,2026-07-07,1,5,0.2,0.197517,0.3198,0.4108,0.012493,1,persistent
SVFD,2023-10-06,6,31,0.193548,0.195035,2.535,0.2357,0.007654,1,persistent
SVIIW,2025-07-31,1,5,0.2,0.2,4.8491,0.4162,0.0,106,persistent
SVRE,2025-02-21,3,40,0.075,0.07561,0.0511,0.0109,0.008097,1,persistent
SVRN,2026-03-30,3,70,0.042857,0.042892,0.3142,0.0361,0.000817,3,persistent
SVVC,2022-08-26,64,29,2.206897,2.205479,2.0,1.0,0.000642,175,persistent
SVVC,2023-01-03,7,4,1.75,1.746988,1.0,2.0,0.001723,126,persistent
SWETW,2022-05-09,23,16,1.4375,1.434263,0.9524,1.9048,0.002254,5,persistent
SWSSW,2022-08-19,8,5,1.6,1.6,1.0,1.0,0.0,1,persistent
SWSSW,2022-09-19,22,13,1.692308,1.695305,1.0,2.0,0.001769,4,persistent
SWVL,2023-01-26,3,80,0.0375,0.037899,0.0441,0.032,0.010572,1,persistent
SWVL,2025-04-07,26,15,1.733333,1.730337,1.5504,1.907,0.00173,24,persistent
SXTC,2022-05-19,2,31,0.064516,0.063966,0.2204,0.1176,0.008556,1,persistent
SXTC,2023-10-05,1,27,0.037037,0.036538,4.0207,0.2428,0.013553,1,persistent
SXTP,2025-02-24,4,19,0.210526,0.211268,1.2441,0.1503,0.003518,3,persistent
SYBX,2023-09-28,2,29,0.068966,0.068182,0.638,0.0945,0.011429,1,persistent
SYN,2022-07-25,1,10,0.1,0.100714,0.0285,0.0169,0.007117,3,persistent
SYNX,2025-04-01,17,8,2.125,2.122642,1.635,1.0,0.00111,14,persistent
SYRS,2022-09-19,1,7,0.142857,0.143181,0.3401,0.0652,0.002264,3,persistent
SYRS,2024-11-13,5,1,5.0,5.033309,102.2608,16.732,0.00664,1,persistent
SYTA,2024-08-02,1,16,0.0625,0.062113,0.1974,0.071,0.006216,1,persistent
SYTA,2024-12-27,1,10,0.1,0.10019,1.787,0.2162,0.001896,1,persistent
TADS,2022-01-03,50,1,50.0,48.970367,8.86,10.0,0.020808,28,persistent
TALKW,2024-12-10,7,5,1.4,1.400147,1.5906,1.1765,0.000105,5,persistent
TANH,2022-11-09,1,20,0.05,0.049528,0.025,0.75,0.009479,1,persistent
TANH,2023-12-18,3,2,1.5,1.509804,0.9217,1.1982,0.006515,18,persistent
TAOP,2025-05-29,1,26,0.038462,0.038775,0.0227,0.0304,0.008123,1,persistent
TAOP,2026-07-28,27,14,1.928571,1.929849,2.1277,1.8936,0.000662,32,persistent
TARK,2022-12-01,1,5,0.2,0.199067,0.1378,0.0544,0.004678,1,persistent
TBCPW,2022-05-13,7,4,1.75,1.749375,1.0,2.52,0.000357,16,persistent
TBH,2026-06-01,3,25,0.12,0.120346,0.1619,0.0075,0.002878,3,persistent
TBIO,2024-05-09,2,31,0.064516,0.065336,0.6931,0.0529,0.012627,1,persistent
TBIO,2024-09-11,40,17,2.352941,2.35625,2.2346,1.7095,0.001405,6,persistent
TBLAW,2024-05-23,19,9,2.111111,2.113742,1.5,1.51,0.001245,86,persistent
TBLT,2024-01-02,1,64,0.015625,0.017343,0.0176,0.0059,0.104301,4,persistent
TBLT,2024-08-05,3,2,1.5,1.491304,0.6952,0.8547,0.005814,5,persistent
TC,2024-07-11,32,23,1.391304,1.394904,1.1,1.0,0.002584,49,persistent
TC,2025-08-29,1,21,0.047619,0.048754,0.18,0.002,0.023552,1,persistent
TC,2026-06-30,50,9,5.555556,5.539267,104.0,550.25,0.002936,53,persistent
TCBP,2022-11-21,1,40,0.025,0.023719,0.6853,0.9267,0.05262,3,persistent
TCBP,2023-12-15,1,18,0.055556,0.055693,0.1081,0.4675,0.002479,1,persistent
TCBP,2024-08-06,2,13,0.153846,0.15443,0.0423,0.1199,0.00379,6,persistent
TCBP,2025-02-05,32,23,1.391304,1.395145,1.2727,1.0291,0.002757,1,persistent
TCBP,2025-02-10,1,20,0.05,0.050787,2.6082,0.2938,0.015614,3,persistent
TCDA,2022-10-24,16,1,16.0,15.781069,33.0912,10.7468,0.013778,3,persistent
TCJH,2024-04-30,29,19,1.526316,1.525794,1.3333,0.9267,0.000342,4,persistent
TCOA WS,2023-07-17,5,8,0.625,0.623512,0.8073,0.4436,0.002384,3,bad-open-print
TCON,2024-04-10,2,35,0.057143,0.056453,0.0404,0.0682,0.012151,1,persistent
TCRT,2024-02-01,3,40,0.075,0.075088,0.0309,0.0477,0.001179,1,persistent
TCRT,2024-07-18,2,13,0.153846,0.154762,1.0073,0.219,0.005935,3,persistent
TCS,2024-09-04,7,100,0.07,0.070463,0.2386,0.0901,0.006589,1,persistent
TCTM,2024-12-26,64,27,2.37037,2.367734,1.6177,1.5498,0.001113,80,persistent
TDIC,2026-06-15,1,28,0.035714,0.035831,0.031,0.0294,0.003256,3,persistent
TDTH,2025-01-31,7,15,0.466667,0.466293,493.766,0.5283,0.000802,1,bad-open-print
TDW WS,2023-02-07,12,25,0.48,0.48,15.0,0.55,0.0,243,persistent
TDW WS,2024-07-09,29,16,1.8125,1.808485,1.0,0.99,0.002218,39,bad-open-print
TDW WSA,2023-04-05,13,19,0.684211,0.685315,0.3319,0.5956,0.001612,1,bad-open-print
TDW WSA,2023-05-04,7,5,1.4,1.400667,1.8721,1.3632,0.000476,1,persistent
TDW WSB,2023-05-23,23,12,1.916667,1.914894,1.7375,2.4324,0.000925,1,persistent
TECS,2024-11-04,1,10,0.1,0.100665,0.1227,0.0312,0.006627,3,persistent
TECS,2026-07-15,1,10,0.1,0.099035,0.0086,0.0101,0.009702,1,persistent
TEKKW,2022-03-23,17,11,1.545455,1.545455,1.6807,1.6807,0.0,15,bad-open-print
TEKKW,2022-04-29,11,7,1.571429,1.574284,1.0,1.0,0.001816,3,persistent
TEMT,2026-03-10,8,25,0.32,0.319664,0.4825,0.4285,0.001051,1,persistent
TENX,2023-01-05,1,20,0.05,0.049469,0.5132,0.281,0.010676,1,persistent
TENX,2024-01-03,1,70,0.014286,0.014438,0.0076,0.0756,0.010592,1,persistent
TENX,2026-08-10,17,3,5.666667,5.658947,22.4834,3.7062,0.001363,3,persistent
TEUP,2026-08-24,2,19,0.105263,0.105453,0.3185,0.216,0.001803,3,persistent
TFFP,2023-12-19,1,20,0.05,0.049155,0.6625,0.2525,0.017042,1,persistent
TGL,2025-12-08,7,16,0.4375,0.438111,4.5768,0.6767,0.001396,3,persistent
THAR,2024-05-28,5,64,0.078125,0.078886,2.83,0.49,0.009698,4,persistent
THCAW,2022-03-24,20,11,1.818182,1.818182,1.7284,1.7284,0.0,20,persistent
THCHW,2023-03-22,24,17,1.411765,1.413043,0.9091,1.0909,0.000905,20,persistent
THRD,2022-12-15,13,3,4.333333,4.312088,16.7229,1.359,0.004915,1,persistent
THWWW,2023-08-21,17,25,0.68,0.68,0.72,0.8,0.0,12,persistent
THWWW,2024-01-18,24,17,1.411765,1.411765,1.3333,0.6667,0.0,6,persistent
TIL,2023-12-08,1,21,0.047619,0.047943,0.4679,0.2339,0.006789,1,persistent
TILL,2023-12-22,29,17,1.705882,1.703971,1.0,1.16,0.001121,150,persistent
TINV WS,2022-04-14,31,21,1.47619,1.476825,1.7045,0.8955,0.00043,2,persistent
TIRX,2022-11-17,3,13,0.230769,0.231186,0.5714,0.2286,0.001803,2,persistent
TIRX,2025-09-08,9,50,0.18,0.180138,7.3469,0.6803,0.000768,4,persistent
TISI,2022-12-22,3,31,0.096774,0.09835,0.1296,0.3579,0.016152,1,persistent
TIVC,2023-08-29,11,25,0.44,0.440909,3.7752,0.038,0.002064,1,persistent
TIVC,2025-03-07,3,50,0.06,0.060071,0.2167,0.1729,0.00119,1,persistent
TKLF,2024-11-18,1,10,0.1,0.100334,1.5922,0.1407,0.003338,4,persistent
TLIS,2023-07-06,2,31,0.064516,0.065432,0.2125,0.0381,0.014098,1,persistent
TLRY,2025-12-02,3,31,0.096774,0.098023,0.2571,0.2131,0.012817,1,persistent
TMAC WS,2022-06-06,3,2,1.5,1.504,0.75,1.0,0.002663,3,persistent
TMF,2023-12-04,1,10,0.1,0.100556,0.3398,0.1732,0.00554,3,persistent
TMV,2023-08-28,65,16,4.0625,4.058427,0.1843,1.7406,0.001003,3,persistent
TNMG,2025-12-23,3,80,0.0375,0.037915,0.7876,0.2755,0.010993,1,persistent
TNON,2026-08-10,1,40,0.025,0.026667,1.4185,0.1718,0.064539,3,persistent
TNXP,2023-05-10,1,6,0.166667,0.167476,0.8051,0.3361,0.004843,1,persistent
TNXP,2025-02-05,1,100,0.01,0.011149,0.0964,0.071,0.108746,1,persistent
TOMZ,2025-06-03,7,10,0.7,0.698798,0.4,0.4,0.001718,75,persistent
TOMZ,2026-07-21,13,32,0.40625,0.40591,0.0029,0.0147,0.000836,4,persistent
TOP,2026-08-03,3,16,0.1875,0.187358,0.3873,0.3823,0.000758,3,persistent
TOPS,2022-09-23,1,26,0.038462,0.039154,6.4807,0.6852,0.017834,1,persistent
TOPW,2026-03-23,7,24,0.291667,0.291744,1.0552,0.1947,0.000267,304,persistent
TOUR,2026-04-22,2,17,0.117647,0.118797,2.5666,0.4561,0.009724,1,persistent
TOVX,2023-12-26,32,23,1.391304,1.395349,1.0989,1.0989,0.002903,6,persistent
TOVX,2024-08-26,1,23,0.043478,0.044335,0.1458,0.7844,0.019523,3,persistent
TPBAW,2022-09-12,9,13,0.692308,0.692841,0.3429,0.3429,0.00077,32,persistent
TPL,2024-03-27,80,27,2.962963,2.972,2.0327,2.5074,0.003045,1,persistent
TPL,2025-12-23,80,27,2.962963,2.973681,1.9884,1.5339,0.003611,1,persistent
TPST,2023-04-12,29,50,0.58,0.579897,0.3448,0.8069,0.000178,9,persistent
TPST,2025-04-09,5,64,0.078125,0.078019,0.1555,0.1938,0.001361,1,persistent
TQQQ,2022-01-13,2,1,2.0,1.980884,2.0855,2.4954,0.009604,1,persistent
TQQQ,2025-11-20,23,12,1.916667,1.919194,0.8926,0.8815,0.001318,1,persistent
TRAW,2024-09-23,1,22,0.045455,0.045101,2.6,0.1125,0.007806,3,persistent
TRIB,2024-02-29,6,29,0.206897,0.206651,0.6667,0.18,0.001186,7,persistent
TRIB,2026-07-28,1,40,0.025,0.025545,0.122,0.0183,0.021571,5,persistent
TRITW,2021-10-25,15,26,0.576923,0.576331,0.3395,0.2865,0.001027,21,persistent
TRITW,2021-12-10,7,4,1.75,1.754098,1.7778,0.8889,0.002339,3,persistent
TRKA,2023-06-01,1,21,0.047619,0.047248,0.3562,0.0696,0.007821,1,persistent
TRKA,2023-12-07,64,13,4.923077,4.948718,99.9172,30.9739,0.005195,1,persistent
TRNR,2024-04-19,7,5,1.4,1.396648,0.6369,1.0637,0.002397,16,persistent
TRNR,2025-06-27,2,21,0.095238,0.094553,0.2253,0.196,0.007219,1,persistent
TRNR,2026-02-24,1,10,0.1,0.099535,2.5625,0.7339,0.004662,1,persistent
TROO,2024-02-01,3,2,1.5,1.508924,2.0,2.24,0.005932,13,persistent
TRTL WS,2023-08-01,16,23,0.695652,0.695691,0.7087,0.4936,5.6e-05,1,persistent
TRUG,2025-06-23,1,50,0.02,0.021462,0.112,0.0609,0.070542,3,persistent
TRVG,2023-11-17,5,23,0.217391,0.216726,0.3186,0.0429,0.003065,1,persistent
TRVN,2022-11-10,1,21,0.047619,0.048261,0.1066,0.1764,0.013388,1,persistent
TSCO,2024-12-20,5,1,5.0,4.99546,5.9684,2.7346,0.000908,1,persistent
TSDD,2025-01-13,1,21,0.047619,0.047592,0.0403,0.0414,0.00056,3,persistent
TSIBW,2022-05-20,31,16,1.9375,1.957435,1.0,3.0,0.010236,14,persistent
TSIBW,2022-07-14,40,27,1.481481,1.487603,1.0,1.2,0.004124,21,persistent
TSLA,2022-08-25,50,17,2.941176,2.942782,3.4999,2.5996,0.000546,1,persistent
TSLQ,2024-11-27,1,6,0.166667,0.167595,0.0397,0.0524,0.005552,1,persistent
TSLQ,2025-10-21,1,3,0.333333,0.331013,1.1796,0.9908,0.006984,1,persistent
TSLS,2026-03-10,1,10,0.1,0.101374,0.0022,0.0062,0.013649,1,persistent
TSLY,2024-02-26,1,2,0.5,0.499171,0.2902,0.4489,0.00166,3,persistent
TSLY,2025-12-01,13,64,0.203125,0.201803,0.0623,0.051,0.006532,3,persistent
TSLZ,2025-10-29,1,20,0.05,0.050635,0.2453,0.4511,0.012616,1,persistent
TSP,2024-01-17,31,16,1.9375,1.956026,2.03,1.7527,0.009516,1,persistent
TSYY,2026-06-02,1,7,0.142857,0.141905,0.0283,0.0163,0.006689,1,persistent
TTDU,2026-08-07,31,14,2.214286,2.211712,2.1256,2.4428,0.001163,1,persistent
TTDU,2026-08-24,3,31,0.096774,0.09832,0.0676,0.0084,0.015847,3,persistent
TTEK,2024-09-09,5,1,5.0,4.97213,5.4349,6.6042,0.00559,3,persistent
TTMX,2026-07-30,23,13,1.769231,1.76873,1.985,1.515,0.000283,8,persistent
TTNP,2024-01-09,1,23,0.043478,0.044383,1.2045,0.0568,0.020591,12,persistent
TTOO,2023-10-13,1,64,0.015625,0.015843,0.032,0.0113,0.013876,1,persistent
TUEM,2022-12-05,2,65,0.030769,0.030822,0.6448,0.1203,0.001723,5,persistent
TUGCW,2022-03-24,29,16,1.8125,1.809588,1.385,1.525,0.001608,113,persistent
TVGN,2026-03-06,1,50,0.02,0.018794,1.1787,0.2032,0.062198,1,persistent
TVRD,2025-10-13,26,3,8.666667,8.654886,39.2741,9.1238,0.00136,3,persistent
TWG,2025-07-21,1,65,0.015385,0.015021,3.0594,0.1422,0.023916,3,persistent
TWM,2024-11-07,1,5,0.2,0.199165,0.0152,0.0244,0.004182,1,persistent
TWO,2022-11-02,9,35,0.257143,0.25448,0.453,0.2772,0.010408,1,persistent
TWOU,2024-06-14,1,30,0.033333,0.03381,0.1844,0.0349,0.014185,1,persistent
TXBC,2026-02-25,32,23,1.391304,1.391245,1.0,1.0,4.2e-05,35,persistent
TXMD,2022-05-09,1,40,0.025,0.023311,0.5781,0.7246,0.069967,3,persistent
TXXH,2026-08-20,21,31,0.677419,0.676914,0.625,0.5,0.000746,2,persistent
TXXS,2026-07-13,3,28,0.107143,0.106571,0.1538,0.3077,0.00535,11,persistent
TYGOW,2023-07-13,7,10,0.7,0.714286,0.607,0.7587,0.020203,3,persistent
TZA,2026-07-15,1,10,0.1,0.100573,0.0048,0.008,0.005716,1,persistent
TZPSW,2022-05-09,19,13,1.461538,1.463415,1.0,1.0,0.001283,7,persistent
UBX,2022-10-20,4,35,0.114286,0.11388,0.3992,0.3082,0.00356,1,persistent
UBXG,2024-05-28,15,23,0.652174,0.652389,0.5,1.01,0.000329,7,persistent
UBXG,2024-08-23,32,5,6.4,6.444444,69.2762,18.3291,0.00692,1,persistent
UBXG,2026-05-22,1,24,0.041667,0.041905,0.0217,0.0231,0.005698,1,persistent
UCAR,2025-01-24,19,13,1.461538,1.463636,1.9417,2.2087,0.001434,1,persistent
UCO,2022-05-26,31,8,3.875,3.880123,2.6816,2.2437,0.001321,2,persistent
UGRO,2026-02-09,1,26,0.038462,0.03864,19.2034,0.499,0.004624,3,persistent
UHAL,2022-11-10,29,3,9.666667,9.628539,18.6388,19.055,0.003952,1,persistent
UHGWW,2023-04-21,16,25,0.64,0.63825,0.3,0.5,0.002738,1,persistent
UHGWW,2023-06-26,17,27,0.62963,0.62965,0.3448,0.3448,3.3e-05,13,persistent
UK,2022-04-28,2,31,0.064516,0.063881,0.1783,0.1667,0.009893,7,persistent
ULTY,2025-12-01,3,29,0.103448,0.103378,0.0191,0.0095,0.000683,3,persistent
UNCY,2023-08-08,24,17,1.411765,1.413594,1.5873,1.5873,0.001295,6,persistent
UNCY,2025-06-20,7,65,0.107692,0.10778,0.4374,0.2092,0.00081,2,persistent
UNG,2024-01-24,17,70,0.242857,0.243714,0.9787,0.1894,0.003521,1,persistent
UNX,2026-03-10,7,65,0.107692,0.107858,0.0413,0.0138,0.001534,1,persistent
UONE,2026-01-23,7,80,0.0875,0.088036,0.0686,0.9804,0.006107,1,persistent
UONEK,2026-01-27,1,11,0.090909,0.091272,0.2139,0.0321,0.003985,7,persistent
UP,2023-06-08,3,29,0.103448,0.101835,0.196,0.2019,0.015722,1,persistent
UP,2026-04-27,1,19,0.052632,0.052078,0.2165,0.1618,0.010581,3,persistent
UP WS,2022-08-10,6,13,0.461538,0.461715,0.4589,0.5244,0.000383,7,bad-open-print
UPC,2024-11-18,2,31,0.064516,0.065421,0.0337,0.0033,0.013921,3,persistent
UPH,2022-12-09,1,10,0.1,0.101631,6.9481,0.8467,0.016177,1,persistent
UPLD,2026-06-17,1,10,0.1,0.098442,0.3084,0.0742,0.015707,1,persistent
UPRO,2022-01-13,2,1,2.0,1.985701,1.2407,1.1589,0.007175,1,persistent
UPSX,2025-11-05,40,27,1.481481,1.487952,2.0074,1.0772,0.004358,1,persistent
UPSX,2025-12-02,1,5,0.2,0.1986,0.0508,0.0699,0.007023,1,persistent
UPW,2025-12-18,65,16,4.0625,4.075984,1.0,2.0,0.003314,135,persistent
URNM,2022-12-21,31,16,1.9375,1.963375,1.0999,1.4052,0.013266,1,persistent
USCTW,2022-05-10,32,21,1.52381,1.514234,2.0,1.3333,0.006304,4,persistent
USD,2024-11-07,2,1,2.0,1.975076,1.0603,1.297,0.01254,1,persistent
USGO,2023-11-02,7,5,1.4,1.403571,1.102,1.0204,0.002548,27,persistent
USGOW,2024-02-29,27,19,1.421053,1.42446,1.0,2.0,0.002395,20,persistent
USGOW,2025-10-14,29,65,0.446154,0.44554,0.0018,0.0907,0.001377,55,persistent
USGOW,2026-01-26,9,13,0.692308,0.692506,0.33,1.05,0.000287,3,persistent
USGOW,2026-03-12,28,17,1.647059,1.648352,1.2232,1.5291,0.000785,10,persistent
USGOW,2026-03-25,13,9,1.444444,1.444444,0.9926,1.4888,0.0,13,persistent
USLM,2024-07-15,29,6,4.833333,4.869344,58.9535,10.1395,0.007423,3,persistent
USOI,2022-09-27,1,20,0.05,0.049356,0.0567,0.0494,0.012954,1,persistent
USX,2026-06-18,1,4,0.25,0.252883,0.0018,0.0001,0.011466,1084,persistent
UTAAW,2022-06-22,28,17,1.647059,1.65,1.8692,0.7477,0.001784,14,persistent
UTAAW,2022-10-13,7,10,0.7,0.70577,0.3871,0.3871,0.008209,2,persistent
UTRS,2022-05-12,11,7,1.571429,1.567568,1.4493,0.7246,0.00246,7,bad-open-print
UTRS,2023-10-02,1,20,0.05,0.050774,1.3043,0.0217,0.015361,4,persistent
UTSI,2022-07-15,7,29,0.241379,0.241692,1.29,0.1991,0.001294,36,persistent
UVIX,2023-01-25,5,26,0.192308,0.19206,0.1703,0.0866,0.001291,1,persistent
UVIX,2023-10-11,1,10,0.1,0.101007,0.1383,0.0317,0.010019,1,persistent
UVIX,2025-01-15,3,29,0.103448,0.102802,0.0705,0.0362,0.006263,1,persistent
UVIX,2026-07-01,1,20,0.05,0.050227,0.0183,0.0216,0.004534,1,persistent
UVXY,2023-06-23,3,31,0.096774,0.097981,0.2343,0.2233,0.012396,1,persistent
UVXY,2024-04-11,5,26,0.192308,0.19159,0.1027,0.1769,0.003739,1,persistent
UVXY,2025-11-20,17,80,0.2125,0.21204,0.6756,0.1132,0.002167,1,persistent
UXIN,2022-10-28,1,8,0.125,0.124365,0.1933,0.3306,0.005092,1,persistent
UXIN,2024-01-16,9,80,0.1125,0.112676,0.1608,0.08,0.001564,4,persistent
UXRP,2026-05-29,1,5,0.2,0.199427,0.0007,0.1893,0.00287,2,persistent
VAPO,2023-08-18,3,20,0.15,0.151852,0.3915,0.4007,0.01227,1,persistent
VATE,2024-08-09,2,17,0.117647,0.116711,0.6548,0.3157,0.007987,1,persistent
VBIV,2023-04-12,1,26,0.038462,0.038048,0.0747,0.0313,0.010805,1,persistent
VBIX,2025-08-22,32,23,1.391304,1.392617,0.75,0.8839,0.000943,14,persistent
VBLT,2022-07-20,100,21,4.761905,4.761905,122.5385,94.9103,0.0,2,persistent
VCICW,2025-09-08,23,100,0.23,0.23,2.8531,0.1427,0.0,168,persistent
VCIG,2025-04-03,1,20,0.05,0.051282,0.0406,0.0604,0.025318,1,persistent
VCIG,2025-09-16,1,29,0.034483,0.03461,0.0332,0.3172,0.003679,1,persistent
VCIG,2026-02-27,1,50,0.02,0.018559,0.0336,0.34,0.074788,1,persistent
VCIG,2026-08-24,2,31,0.064516,0.064194,0.5027,0.2731,0.005013,3,persistent
VCNX,2024-02-20,6,65,0.092308,0.092915,0.2494,0.0648,0.00656,4,persistent
VCSA,2023-10-03,1,19,0.052632,0.054047,0.6288,0.0064,0.026544,1,persistent
VCXAW,2021-11-01,12,25,0.48,0.47929,0.5333,0.8333,0.00148,13,persistent
VCXAW,2021-11-18,11,27,0.407407,0.407725,1.1957,0.1141,0.00078,17,persistent
VEEE,2025-04-08,2,21,0.095238,0.095691,0.8887,0.154,0.004745,19,persistent
VELO,2025-08-19,80,27,2.962963,2.973294,2.1002,4.4515,0.003481,973,persistent
VEON,2023-03-08,1,24,0.041667,0.042148,0.0072,0.5477,0.011481,1,persistent
VERO,2023-05-12,1,16,0.0625,0.062772,15.1725,0.5917,0.004336,1,persistent
VERO,2025-03-04,9,80,0.1125,0.112912,11.3252,0.1545,0.003654,4,persistent
VERU,2022-11-10,5,2,2.5,2.502521,3.0866,1.4799,0.001008,1,persistent
VERU,2025-08-11,7,65,0.107692,0.107947,0.2773,0.2234,0.002364,3,persistent
VGASW,2023-07-11,31,21,1.47619,1.478696,2.0,0.75,0.001696,19,persistent
VGT,2026-04-21,8,1,8.0,7.970597,3.6374,3.5005,0.003682,1,persistent
VHAI WSA,2024-08-16,70,17,4.117647,4.111111,7.0,5.58,0.001589,80,persistent
VHC,2023-10-26,1,18,0.055556,0.055741,0.4082,0.1474,0.003336,1,persistent
VIA,2023-03-22,17,80,0.2125,0.212595,0.8336,0.32,0.000448,1,persistent
VINO,2022-11-04,3,31,0.096774,0.097143,0.0597,0.0316,0.003802,1,persistent
VINO,2024-05-01,9,70,0.128571,0.128266,0.2052,0.0519,0.002378,1,persistent
VISL,2023-03-09,13,9,1.444444,1.446394,0.6667,0.6667,0.001349,16,persistent
VISL,2023-05-01,1,19,0.052632,0.052055,4.0,0.08,0.011007,3,persistent
VISL,2024-01-17,23,15,1.533333,1.53268,1.4884,0.7442,0.000426,33,persistent
VIXY,2023-06-23,6,31,0.193548,0.194868,0.56,0.2944,0.006795,1,persistent
VLATW,2022-01-20,7,5,1.4,1.4,2.0,1.0,0.0,65,persistent
VLATW,2022-03-25,20,9,2.222222,2.2208,1.0,1.0,0.00064,36,persistent
VLCN,2023-01-12,7,10,0.7,0.70922,0.4673,0.4673,0.013085,16,persistent
VLCN,2024-06-07,1,70,0.014286,0.013569,0.0623,0.0707,0.051492,1,persistent
VLD,2024-06-13,1,28,0.035714,0.035486,0.1201,0.1224,0.006421,1,persistent
VLDRW,2022-02-08,13,31,0.419355,0.419483,1.1084,0.5487,0.000305,4,persistent
VLON,2022-03-21,35,8,4.375,4.373563,160.2335,6.5212,0.000328,3,persistent
VLTA WS,2022-11-14,16,25,0.64,0.638276,0.3739,0.6368,0.002698,3,bad-open-print
VMAR,2025-03-31,1,12,0.083333,0.083154,0.171,0.7211,0.002151,3,persistent
VMAR,2026-01-14,1,40,0.025,0.024663,0.0676,0.0893,0.013571,1,persistent
VMAR,2026-06-17,5,64,0.078125,0.078822,0.815,0.0811,0.008878,1,persistent
VMAR,2026-08-26,6,65,0.092308,0.092204,5.612,0.1852,0.001125,1,persistent
VNRX,2026-04-28,1,19,0.052632,0.053412,0.1267,0.1802,0.014715,1,persistent
VOLT,2024-12-17,1,4,0.25,0.249896,0.2464,0.2464,0.000417,971,persistent
VOOG,2026-04-21,6,1,6.0,5.962714,3.7549,3.7119,0.006234,1,persistent
VOR,2025-09-19,1,19,0.052632,0.053158,0.087,0.0425,0.00995,1,persistent
VORBW,2022-08-22,27,19,1.421053,1.423908,2.0,0.7667,0.002007,5,persistent
VOYX,2026-01-30,3,2,1.5,1.499253,1.2308,1.2308,0.000498,7,persistent
VQS,2022-05-26,7,10,0.7,0.698322,0.75,0.5,0.0024,2,persistent
VRAX,2026-06-26,3,80,0.0375,0.03733,0.8647,0.3797,0.004552,1,persistent
VRCA,2025-07-25,7,64,0.109375,0.109069,0.0019,0.0181,0.002804,1,persistent
VRM,2024-02-14,1,70,0.014286,0.013895,0.0444,0.1299,0.027736,1,persistent
VRM,2025-02-20,4,19,0.210526,0.2112,0.2228,0.0254,0.003195,83,persistent
VRPX,2024-03-01,7,80,0.0875,0.088267,0.5195,0.684,0.008733,3,persistent
VS,2023-12-29,3,50,0.06,0.060346,0.0896,0.2054,0.00575,1,persistent
VS,2024-04-22,11,7,1.571429,1.571429,1.0,2.0,0.0,33,persistent
VSA,2026-03-12,31,21,1.47619,1.476842,2.0,1.0,0.000441,1,persistent
VSA,2026-05-26,3,35,0.085714,0.086252,0.1782,0.0774,0.00625,4,persistent
VSME,2024-06-18,13,80,0.1625,0.162569,0.008,0.08,0.000427,4,persistent
VSME,2026-04-07,30,19,1.578947,1.575342,1.3587,0.9417,0.002286,19,bad-open-print
VST WSA,2023-03-07,11,27,0.407407,0.407558,37.9294,0.2258,0.00037,1,persistent
VSTD,2025-11-04,8,5,1.6,1.596212,0.7692,1.5385,0.00237,4,persistent
VSTL,2026-03-19,8,23,0.347826,0.347549,0.2105,0.1284,0.000796,1,persistent
VTAK,2024-07-15,3,25,0.12,0.118927,0.4599,0.0083,0.008978,4,persistent
VTAQR,2022-08-10,17,27,0.62963,0.627942,0.5366,0.6927,0.002684,5,persistent
VTAQW,2022-08-09,32,65,0.492308,0.493157,0.5714,0.5714,0.001724,25,persistent
VTGN,2022-07-22,31,6,5.166667,5.098605,44.3378,15.3818,0.013261,1,persistent
VTIQW,2022-05-16,27,19,1.421053,1.422071,2.0,2.0,0.000716,10,persistent
VTIQW,2022-06-27,2,1,2.0,1.976435,2.8571,1.4286,0.011853,11,persistent
VTVT,2023-11-21,1,32,0.03125,0.031083,4.1796,0.5037,0.005343,1,persistent
VTYX,2023-11-07,25,6,4.166667,4.156342,29.3916,8.0994,0.002481,1,persistent
VUG,2026-04-21,6,1,6.0,5.977058,3.1383,3.2535,0.003831,1,persistent
VVOS,2023-10-27,4,65,0.061538,0.060988,0.3985,0.0419,0.008986,1,persistent
VVPR,2023-10-06,6,23,0.26087,0.261086,1.0,0.185,0.000829,58,persistent
VWAVW,2025-10-27,11,17,0.647059,0.648148,0.3818,0.7273,0.001682,3,persistent
VXX,2023-03-07,9,35,0.257143,0.253972,0.1319,0.2753,0.012408,1,persistent
VXX,2024-07-24,16,65,0.246154,0.246021,0.1522,0.1608,0.00054,1,persistent
VYNE,2023-02-14,3,50,0.06,0.06019,0.383,0.0099,0.003157,4,persistent
VYNT,2022-11-02,1,4,0.25,0.249198,1.7241,0.431,0.003215,1,persistent
VYNT,2023-04-25,11,6,1.833333,1.828571,1.1111,1.0222,0.002601,39,persistent
WAI,2025-05-19,4,65,0.061538,0.06133,0.0114,0.1429,0.003392,18,persistent
WAI,2025-09-08,1,22,0.045455,0.045643,0.0474,0.1229,0.004141,3,persistent
WALDW,2023-08-21,16,29,0.551724,0.551268,0.375,0.25,0.000827,70,persistent
WALDW,2023-11-09,7,10,0.7,0.709259,1.0033,0.9567,0.013141,7,bad-open-print
WATT,2025-08-11,1,23,0.043478,0.043363,0.0339,0.0215,0.002664,3,persistent
WAVD,2023-03-27,64,31,2.064516,2.063678,1.0638,1.3085,0.000406,7,persistent
WAVD,2023-10-18,1,12,0.083333,0.084242,0.0107,0.5333,0.01085,1,persistent
WBUY,2025-05-08,1,100,0.01,0.010783,0.0171,0.3229,0.075349,100,persistent
WBX,2025-07-03,1,19,0.052632,0.052348,0.1509,0.1383,0.005406,1,persistent
WBX WS,2024-04-02,23,16,1.4375,1.438,1.668,1.7806,0.000348,1,persistent
WBX WS,2024-06-20,18,11,1.636364,1.636364,1.5,1.1864,0.0,3,persistent
WCT,2024-11-22,32,65,0.492308,0.489712,166.0286,0.3014,0.005287,1,persistent
WDCX,2026-06-03,70,23,3.043478,3.03067,2.869,2.705,0.004217,1,persistent
WE,2023-09-05,3,100,0.03,0.030303,0.1766,0.1544,0.01005,4,persistent
WEAT,2025-11-25,1,5,0.2,0.200715,0.0117,0.044,0.003568,1,persistent
WEBS,2024-11-04,3,31,0.096774,0.098172,0.2837,0.0412,0.014338,3,persistent
WEED,2023-04-25,25,17,1.470588,1.470024,0.6667,1.3333,0.000384,110,persistent
WEI,2022-01-26,3,16,0.1875,0.186975,4.8096,0.5928,0.002805,1,persistent
WEJOW,2022-06-16,21,13,1.615385,1.614907,1.3761,0.9174,0.000296,6,persistent
WEL WS,2022-04-12,17,10,1.7,1.697922,1.3333,1.0024,0.001223,1,bad-open-print
WETO,2026-06-25,32,21,1.52381,1.521614,1.2097,0.8065,0.001442,3,persistent
WFF,2026-03-30,10,7,1.428571,1.431717,1.8371,0.905,0.002199,3,persistent
WFF,2026-04-14,5,32,0.15625,0.155314,0.9756,0.9756,0.006011,4,persistent
WGMI,2022-06-17,64,29,2.206897,2.204684,1.0,2.0,0.001003,64,persistent
WGRX,2025-09-26,24,17,1.411765,1.412076,1.7902,1.1702,0.00022,1,persistent
WGS,2023-05-04,1,32,0.03125,0.031511,0.0513,0.0587,0.008314,1,persistent
WHLR,2023-10-11,7,16,0.4375,0.436275,71.0572,0.6153,0.002805,1,bad-open-print
WHLR,2024-06-28,2,13,0.153846,0.152599,19.7802,0.2747,0.008138,1,persistent
WHLR,2024-09-20,6,19,0.315789,0.315894,0.0425,0.0544,0.000332,1,persistent
WHLR,2025-03-27,7,31,0.225806,0.225806,0.6678,0.4508,0.0,2,persistent
WHLR,2025-05-27,7,50,0.14,0.139725,0.4206,0.3067,0.001963,4,persistent
WHLR,2025-09-23,1,5,0.2,0.199558,0.2651,0.1659,0.002212,1,persistent
WHLR,2026-01-20,1,3,0.333333,0.335294,0.3616,0.3252,0.005865,4,persistent
WHLRP,2023-12-22,31,22,1.409091,1.407692,0.9524,1.9048,0.000993,63,persistent
WIMI,2025-04-14,1,19,0.052632,0.051756,0.1569,0.1951,0.016784,3,persistent
WINT,2023-02-24,1,50,0.02,0.019428,0.9663,0.1926,0.029023,1,persistent
WINT,2024-04-22,7,100,0.07,0.069672,45.6146,0.6645,0.004695,3,persistent
WISA,2023-01-27,1,100,0.01,0.010009,0.0125,0.0217,0.000896,1,persistent
WISH,2023-04-12,1,27,0.037037,0.037179,0.1187,0.1326,0.003815,1,persistent
WIT,2024-12-11,2,1,2.0,1.978142,1.8526,1.3489,0.010989,1,persistent
WKEY,2022-06-24,7,15,0.466667,0.466431,0.2532,0.5063,0.000505,2,persistent
WKHS,2024-06-17,2,35,0.057143,0.056679,0.2587,0.1567,0.008146,3,persistent
WKHS,2025-03-17,3,35,0.085714,0.084713,0.3629,0.2819,0.011749,3,persistent
WKHS,2025-12-08,1,15,0.066667,0.066467,2.2234,0.2129,0.002999,3,persistent
WKSP,2025-03-18,3,32,0.09375,0.093693,0.2706,0.0905,0.000611,1,persistent
WLDS,2024-10-10,2,35,0.057143,0.05665,0.0161,0.5367,0.008658,1,persistent
WLDS,2026-06-22,11,26,0.423077,0.423907,0.2667,0.7593,0.001961,4,persistent
WLDSW,2025-03-17,3,17,0.176471,0.176699,1.66,0.034,0.001294,19,persistent
WLDSW,2025-09-22,7,23,0.304348,0.304147,0.1304,0.1217,0.000659,97,persistent
WLDSW,2026-06-03,2,5,0.4,0.398165,0.1261,0.1174,0.004598,254,persistent
WLFC,2026-07-21,3,1,3.0,2.98456,1.6241,1.3681,0.00516,1,persistent
WLGS,2024-09-13,23,15,1.533333,1.533028,2.245,1.0,0.000199,1,persistent
WLGS,2025-03-24,64,15,4.266667,4.260331,229.7577,6.8956,0.001486,3,persistent
WMC,2022-07-11,1,10,0.1,0.099354,0.1855,0.1502,0.006483,3,persistent
WMT,2024-02-26,80,27,2.962963,2.969553,3.3707,2.1815,0.002222,3,persistent
WOK,2026-05-19,29,20,1.45,1.44975,1.143,1.127,0.000173,1,persistent
WOLF,2025-09-29,1,15,0.066667,0.067222,1.205,0.1994,0.008299,3,persistent
WORX,2023-10-11,5,64,0.078125,0.07856,0.8172,0.3931,0.005557,1,persistent
WPCB WS,2022-03-28,2,3,0.666667,0.662009,0.6083,0.6285,0.007011,4,bad-open-print
WPCB WS,2022-04-18,7,10,0.7,0.701565,0.3561,0.7126,0.002233,4,bad-open-print
WRAC WS,2022-06-07,7,10,0.7,0.717703,0.7783,0.3553,0.024976,1,bad-open-print
WRB,2022-03-24,32,21,1.52381,1.515316,1.304,1.3682,0.00559,1,persistent
WRB,2024-07-11,32,21,1.52381,1.513303,1.8188,1.6557,0.006919,1,persistent
WRNT,2023-10-18,9,5,1.8,1.795918,1.5075,0.9523,0.00227,23,persistent
WRNT,2023-10-31,26,17,1.529412,1.53125,1.0893,0.8257,0.001201,13,persistent
WSM,2024-07-09,65,32,2.03125,2.015976,1.6609,1.5997,0.007548,1,persistent
WTER,2023-04-05,1,12,0.083333,0.082491,0.6331,0.0613,0.010161,1,persistent
WTID,2026-01-14,7,5,1.4,1.403987,1.0,2.08,0.002844,96,persistent
WTIU,2025-04-07,27,16,1.6875,1.689307,1.0,2.0,0.00107,13,persistent
WTO,2023-11-29,13,25,0.52,0.52,0.5025,0.5025,0.0,2,persistent
WTO,2025-03-31,2,23,0.086957,0.086894,0.0268,0.1217,0.000715,3,persistent
WTO,2025-10-16,5,1,5.0,4.989059,1222.1435,1354.3587,0.002191,6,persistent
WTO,2026-02-17,1,5,0.2,0.199626,0.6285,0.0769,0.001871,4,persistent
WTO,2026-06-22,1,10,0.1,0.099962,0.1899,0.0382,0.000383,4,persistent
WULF,2022-11-23,7,10,0.7,0.71157,1.0384,0.999,0.016394,1,persistent
WXM,2026-06-04,2,27,0.074074,0.073198,9.365,0.505,0.011891,1,persistent
WYHG,2026-06-03,17,64,0.265625,0.265673,1.084,0.488,0.000182,13,persistent
WYY,2025-05-16,7,5,1.4,1.399485,1.6984,2.0498,0.000368,1,persistent
WZRD,2026-06-30,29,16,1.8125,1.814103,1.0,1.0,0.000884,18,persistent
XAGE,2025-05-14,1,31,0.032258,0.032668,0.1139,0.1095,0.01264,1,persistent
XAIR,2025-07-14,1,21,0.047619,0.047915,0.2652,0.5331,0.006206,3,persistent
XAIR,2026-07-13,1,19,0.052632,0.053662,0.0283,0.1885,0.019392,3,persistent
XBIOW,2023-06-05,13,3,4.333333,4.320988,4.34,2.6933,0.002853,11,persistent
XBIOW,2023-07-14,16,23,0.695652,0.694444,0.4988,0.4988,0.001738,4,persistent
XBIOW,2023-11-13,9,17,0.529412,0.529412,0.4914,0.4914,0.0,10,persistent
XBIOW,2024-01-19,10,29,0.344828,0.344828,0.6515,0.6515,0.0,31,persistent
XBIOW,2024-06-12,29,19,1.526316,1.527559,1.0,1.0,0.000814,5,persistent
XBP,2025-12-15,1,11,0.090909,0.091515,0.1619,0.0178,0.006639,3,persistent
XCH,2026-08-21,1,18,0.055556,0.054532,0.0403,0.0115,0.018597,2,persistent
XCUR,2024-08-28,21,100,0.21,0.209187,93.28,0.6909,0.003877,1,persistent
XELA,2022-07-26,5,64,0.078125,0.078152,0.2031,0.1068,0.000348,1,persistent
XELB,2025-02-25,10,7,1.428571,1.425435,1.0,1.21,0.002198,53,persistent
XELB,2025-03-28,31,22,1.409091,1.408537,1.0,2.0,0.000393,2,persistent
XFINW,2022-04-13,7,11,0.636364,0.637163,0.5,0.5,0.001255,14,persistent
XFLT,2026-03-23,1,5,0.2,0.197516,0.5518,0.0911,0.0125,3,persistent
XFOR,2025-04-28,3,100,0.03,0.030206,0.3175,0.3362,0.006855,3,persistent
XHG,2024-11-08,1,18,0.055556,0.055931,0.3574,0.0645,0.006742,1,persistent
XHLD,2025-12-02,4,65,0.061538,0.061447,0.0073,0.2218,0.001481,1,persistent
XIN,2022-11-28,1,10,0.1,0.100529,0.279,0.3048,0.005277,3,persistent
XLB,2025-12-05,2,1,2.0,1.995039,0.9184,1.7036,0.002483,1,persistent
XLE,2025-12-05,2,1,2.0,2.001519,1.3698,1.9287,0.000759,1,persistent
XLG,2023-07-17,10,1,10.0,9.967914,3.3642,11.2215,0.003214,3,persistent
XLO,2023-11-16,29,14,2.071429,2.070866,1.9506,2.4691,0.000272,13,persistent
XLO,2026-03-16,3,40,0.075,0.075218,1.7102,0.1033,0.002899,3,persistent
XLY,2025-12-05,2,1,2.0,1.997317,1.0245,0.9943,0.001343,1,persistent
XOS,2023-12-07,1,29,0.034483,0.03473,0.331,0.0382,0.007153,1,persistent
XOSWW,2022-09-19,7,3,2.333333,2.333333,1.875,3.125,0.0,73,persistent
XPDB,2024-03-11,6,13,0.461538,0.461947,4.818,0.074,0.000885,3,persistent
XPO,2022-11-01,30,19,1.578947,1.579847,2.0005,1.6413,0.00057,1,persistent
XPON,2026-07-21,9,100,0.09,0.089728,0.065,0.8,0.003032,1,persistent
XPP,2022-10-28,16,9,1.777778,1.780656,2.3529,2.3529,0.001617,42,persistent
XRPM,2026-07-01,10,7,1.428571,1.426912,0.6667,0.6667,0.001162,48,persistent
XRPT,2026-02-27,1,19,0.052632,0.051831,0.0034,0.0038,0.015334,1,persistent
XRTX,2023-04-11,17,25,0.68,0.680154,0.8889,0.5556,0.000226,8,persistent
XRTX,2023-11-14,7,50,0.14,0.139547,0.2462,0.4593,0.003239,1,persistent
XRXDW,2026-07-30,12,19,0.631579,0.631745,0.3158,0.6316,0.000263,2,persistent
XTKG,2024-11-22,1,18,0.055556,0.055773,0.0342,0.0371,0.00391,1,persistent
XTKG,2025-06-24,13,9,1.444444,1.444444,2.0942,2.0942,0.0,1,persistent
XTNT,2023-03-13,32,23,1.391304,1.391126,0.7933,0.6667,0.000128,6,persistent
XWEL,2023-09-28,1,17,0.058824,0.058598,0.464,0.8,0.003839,1,persistent
XXII,2023-07-05,1,14,0.071429,0.071487,0.1215,0.2389,0.000815,2,persistent
XXII,2025-06-20,1,20,0.05,0.051111,3.3972,0.0402,0.021979,2,persistent
XXII,2026-01-26,2,31,0.064516,0.064257,1.8823,0.0189,0.004026,3,persistent
XXII,2026-06-12,3,65,0.046154,0.045858,0.1926,0.4059,0.006431,1,persistent
XXRP,2026-06-29,1,10,0.1,0.098532,0.0085,0.0056,0.014794,3,persistent
XYLO,2024-08-05,7,16,0.4375,0.4375,0.3933,0.3333,0.0,3,persistent
XYZY,2025-12-02,14,65,0.215385,0.216362,0.5202,0.1066,0.004528,4,persistent
YANG,2024-11-04,1,19,0.052632,0.051554,0.0037,0.0134,0.020693,3,persistent
YBIT,2025-12-01,17,80,0.2125,0.212327,0.0149,0.017,0.000816,3,persistent
YCBD,2023-04-25,1,50,0.02,0.021723,0.56,0.2963,0.082632,1,persistent
YCBD,2025-05-07,3,22,0.136364,0.136413,0.5779,0.4543,0.000362,1,persistent
YCBD PRA,2025-02-19,11,17,0.647059,0.647887,0.3333,0.6667,0.00128,19,persistent
YGMZ,2024-07-01,4,27,0.148148,0.145822,1.4461,0.3122,0.015825,3,persistent
YGMZ,2025-10-20,19,4,4.75,4.752583,1353.43,11.0,0.000544,3,persistent
YHC,2025-04-21,1,27,0.037037,0.036848,0.1064,0.3285,0.005104,4,persistent
YHC,2025-07-18,80,29,2.758621,2.760504,3.8404,1.5757,0.000683,1,persistent
YHGJ,2024-08-23,29,20,1.45,1.448692,0.995,0.995,0.000902,35,bad-open-print
YHGJ,2025-03-14,16,25,0.64,0.640822,0.3402,0.7835,0.001284,39,persistent
YHGJ,2025-10-02,1,12,0.083333,0.082513,1.28,0.5,0.009898,2,persistent
YI,2025-01-24,3,31,0.096774,0.096386,0.6697,0.0767,0.004024,1,persistent
YINN,2022-05-31,1,23,0.043478,0.044146,1.4708,0.0809,0.015248,4,persistent
YINN,2024-10-08,13,9,1.444444,1.442868,1.0759,1.0384,0.001092,1,persistent
YJ,2023-06-21,1,10,0.1,0.099695,0.0176,0.0176,0.00305,5,persistent
YJ,2024-03-28,21,13,1.615385,1.615169,2.449,0.8163,0.000134,36,persistent
YJ,2024-08-09,3,2,1.5,1.496259,0.8163,1.6327,0.002497,52,persistent
YMAT,2026-05-26,15,31,0.483871,0.483632,1008.7978,0.8587,0.000495,4,persistent
YMAT,2026-07-10,5,28,0.178571,0.17807,24.3732,0.0191,0.002813,1,persistent
YMT,2026-05-18,1,20,0.05,0.050382,0.2305,0.1642,0.007605,3,persistent
YMT,2026-08-27,1,20,0.05,0.050743,20.8116,0.1828,0.014752,1,persistent
YOSH,2023-08-24,10,7,1.428571,1.429825,1.1696,1.3255,0.000877,1,bad-open-print
YOSH,2024-08-16,7,10,0.7,0.713799,0.8108,0.4324,0.019521,23,persistent
YOSH,2025-07-31,22,5,4.4,4.40201,2.7491,1.4545,0.000457,1,persistent
YQ,2023-12-19,3,11,0.272727,0.272867,0.34,0.5,0.000511,8,persistent
YQ,2024-01-11,13,22,0.590909,0.590106,0.6667,0.7733,0.00136,22,persistent
YSG,2024-03-18,13,64,0.203125,0.202479,0.1607,0.2247,0.003184,3,persistent
YTEN,2024-05-03,3,70,0.042857,0.0425,0.1413,0.2007,0.008368,1,persistent
YXI,2025-11-21,19,40,0.475,0.475229,0.3333,0.2333,0.000482,7,persistent
YYAI,2024-06-27,1,19,0.052632,0.052075,0.8887,0.3149,0.010629,1,persistent
YYAI,2026-05-18,1,35,0.028571,0.02686,0.2541,0.0694,0.061764,3,persistent
ZAPP,2024-04-23,2,35,0.057143,0.05736,9.1034,0.6332,0.003793,1,persistent
ZBAI,2025-08-08,2,31,0.064516,0.063555,0.371,0.1558,0.015013,1,persistent
ZCAR,2025-03-25,1,21,0.047619,0.04855,0.0328,0.0344,0.019359,4,persistent
ZCMD,2026-03-02,1,8,0.125,0.124518,0.2837,0.0057,0.003863,3,persistent
ZDAI,2026-02-19,2,27,0.074074,0.074508,0.5587,0.059,0.005842,1,persistent
ZEPP,2024-09-16,1,4,0.25,0.250302,0.4515,0.3367,0.001208,3,persistent
ZEST,2022-12-15,40,27,1.481481,1.485399,1.5267,1.5267,0.002641,10,persistent
ZEV,2023-04-28,1,18,0.055556,0.055523,0.2934,0.2955,0.000591,1,persistent
ZFOXW,2022-09-14,17,25,0.68,0.68,0.3333,0.6667,0.0,6,persistent
ZFOXW,2023-02-01,10,17,0.588235,0.588824,0.4,0.4,0.001,58,persistent
ZGN WS,2022-11-28,31,20,1.55,1.548387,0.8083,1.7932,0.001041,3,bad-open-print
ZH,2024-05-10,11,65,0.169231,0.169093,0.3054,0.6775,0.000813,1,persistent
ZINGW,2022-07-08,7,10,0.7,0.714572,0.4082,0.4082,0.020603,51,bad-open-print
ZIVO,2023-10-31,19,80,0.2375,0.237154,0.0183,0.445,0.001457,13,persistent
ZIVOW,2023-05-09,11,7,1.571429,1.574394,1.0,1.0,0.001886,19,persistent
ZJYL,2023-12-19,3,29,0.103448,0.103098,1.1041,0.8517,0.003389,1,persistent
ZJYL,2024-02-08,31,2,15.5,15.62347,56.125,39.0729,0.007934,1,persistent
ZJYL,2026-03-16,1,21,0.047619,0.048583,0.0728,0.0349,0.020041,3,persistent
ZKIN,2025-01-31,7,64,0.109375,0.108631,7.0029,0.0293,0.006826,1,persistent
ZME,2021-12-23,3,23,0.130435,0.130703,3.5083,0.9002,0.002053,1,persistent
ZNB,2026-03-12,1,80,0.0125,0.011637,0.0013,0.0379,0.071508,1,persistent
ZNB,2026-07-27,7,65,0.107692,0.107863,0.1507,0.6916,0.001581,3,persistent
ZNTEW,2022-03-11,17,11,1.545455,1.544546,1.5152,1.5152,0.000588,1,persistent
ZOOZ,2026-06-01,1,22,0.045455,0.045187,0.0501,0.0501,0.005912,3,persistent
ZSAN,2022-04-12,1,29,0.034483,0.034654,0.0522,0.0399,0.004959,1,persistent
ZSL,2024-11-07,7,27,0.259259,0.259083,0.0443,0.0355,0.000679,1,persistent
ZSL,2026-02-26,3,31,0.096774,0.097528,0.1614,0.1667,0.007761,1,persistent
ZTAQW,2022-05-12,21,13,1.615385,1.615385,0.738,0.8118,0.0,34,persistent
ZVIA,2026-02-26,7,5,1.4,1.396396,2.0118,0.9983,0.002577,1,persistent
ZVZZT,2023-04-25,31,16,1.9375,1.948233,1.5629,1.7408,0.005525,1,persistent
ZVZZT,2023-05-03,5,12,0.416667,0.416974,3.7498,0.3708,0.000738,1,persistent
ZVZZT,2023-05-10,31,3,10.333333,10.387469,0.5543,1.6406,0.005225,1,persistent
ZVZZT,2023-06-07,31,64,0.484375,0.485738,0.3618,0.5577,0.002811,1,persistent
ZVZZT,2023-06-22,13,7,1.857143,1.860606,2.7011,1.0954,0.001863,1,persistent
ZVZZT,2023-07-11,50,23,2.173913,2.171453,1.7187,1.2852,0.001132,1,bad-open-print
ZVZZT,2023-08-21,31,6,5.166667,5.123708,1.577,22.141,0.008349,3,persistent
ZVZZT,2023-08-28,5,11,0.454545,0.4552,7.2074,0.8523,0.001439,3,persistent
ZVZZT,2023-09-14,29,6,4.833333,4.835254,0.2611,1.0105,0.000397,1,persistent
ZVZZT,2023-09-15,22,3,7.333333,7.326007,6.838,1.4015,0.001,1,persistent
ZVZZT,2023-09-19,80,7,11.428571,11.305104,0.2824,1.1551,0.010862,1,persistent
ZVZZT,2023-10-03,20,3,6.666667,6.633158,0.7692,1.4538,0.005039,1,persistent
ZVZZT,2023-10-10,3,10,0.3,0.29988,2.3071,0.9524,0.000399,5,persistent
ZVZZT,2023-10-16,7,22,0.318182,0.318851,0.2792,0.5957,0.0021,3,persistent
ZVZZT,2023-10-17,9,28,0.321429,0.320819,2.14,0.8229,0.001897,1,persistent
ZVZZT,2023-10-25,26,1,26.0,26.225451,0.1717,1.9359,0.008634,7,persistent
ZVZZT,2023-12-05,29,10,2.9,2.902816,2.5168,2.0071,0.00097,1,bad-open-print
ZVZZT,2023-12-19,8,5,1.6,1.603195,0.8777,1.3954,0.001995,4,persistent
ZVZZT,2024-01-12,11,23,0.478261,0.477689,0.295,0.59,0.001196,1,persistent
ZVZZT,2024-01-17,15,28,0.535714,0.536566,0.2457,0.4866,0.001589,1,persistent
ZVZZT,2024-01-19,13,30,0.433333,0.432205,0.1824,0.6079,0.002606,2,persistent
ZVZZT,2024-01-22,11,19,0.578947,0.578266,0.7619,0.7048,0.001178,3,persistent
ZVZZT,2024-03-11,24,5,4.8,4.808754,3.3079,2.0407,0.001822,3,persistent
ZVZZT,2024-04-11,8,17,0.470588,0.472098,2.4941,0.212,0.003203,2,bad-open-print
ZVZZT,2024-04-23,29,65,0.446154,0.446855,1.0672,0.6558,0.001571,1,bad-open-print
ZVZZT,2024-04-24,65,16,4.0625,4.070229,0.5845,1.7101,0.001901,1,persistent
ZVZZT,2024-05-07,26,3,8.666667,8.645635,0.2523,2.521,0.00243,1,persistent
ZVZZT,2024-05-14,4,13,0.307692,0.308311,17.0113,0.8183,0.002009,4,persistent
ZVZZT,2024-05-24,14,29,0.482759,0.482604,0.3542,0.1498,0.000321,1,persistent
ZVZZT,2024-06-07,2,5,0.4,0.4002,1.3549,0.5387,0.0005,1,persistent
ZVZZT,2024-06-27,11,17,0.647059,0.646347,0.6656,0.3328,0.001101,1,persistent
ZVZZT,2024-07-08,11,25,0.44,0.438947,0.1661,0.8704,0.002397,3,bad-open-print
ZVZZT,2024-08-20,31,65,0.476923,0.477327,4.8994,0.1311,0.000847,1,persistent
ZVZZT,2024-09-06,25,3,8.333333,8.291874,6.979,1.873,0.004988,3,persistent
ZVZZT,2024-09-09,31,5,6.2,6.218905,0.2,1.873,0.003045,3,persistent
ZVZZT,2024-09-30,9,22,0.409091,0.409436,0.6695,0.9383,0.000844,3,persistent
ZVZZT,2024-10-07,31,21,1.47619,1.476134,0.8342,1.2185,3.8e-05,3,persistent
ZVZZT,2024-10-10,64,7,9.142857,9.174312,5.5189,2.1871,0.003434,1,persistent
ZVZZT,2024-10-18,6,13,0.461538,0.462242,1.5783,0.3861,0.001524,2,persistent
ZVZZT,2024-10-23,5,1,5.0,4.971957,0.2502,1.3844,0.005624,1,persistent
ZVZZT,2024-10-28,7,1,7.0,6.998014,8.1565,2.4903,0.000284,3,persistent
ZVZZT,2024-11-11,24,1,24.0,23.706491,0.0375,1.2415,0.012305,3,persistent
ZVZZT,2024-11-26,32,65,0.492308,0.490453,0.897,0.2829,0.003774,1,persistent
ZVZZT,2024-12-09,13,35,0.371429,0.371646,0.0293,0.5073,0.000584,5,bad-open-print
ZVZZT,2024-12-16,7,4,1.75,1.75198,2.3709,2.1596,0.001131,3,persistent
ZVZZT,2024-12-19,25,64,0.390625,0.389864,1.4603,0.6349,0.001949,1,persistent
ZVZZT,2024-12-26,31,64,0.484375,0.487005,0.4929,0.9419,0.005415,2,persistent
ZVZZT,2024-12-27,2,5,0.4,0.402074,0.9419,0.6279,0.005172,1,persistent
ZVZZT,2025-01-30,70,17,4.117647,4.108911,4.0185,2.284,0.002124,1,persistent
ZVZZT,2025-02-14,31,6,5.166667,5.183168,1.3472,2.7347,0.003189,1,persistent
ZVZZT,2025-02-20,13,32,0.40625,0.403194,23.7427,0.2339,0.007552,1,persistent
ZVZZT,2025-03-21,30,19,1.578947,1.575875,1.314,0.9329,0.001947,1,persistent
ZVZZT,2025-05-07,12,25,0.48,0.48,0.3342,0.0561,0.0,1,persistent
ZVZZT,2025-06-12,27,50,0.54,0.54,0.7152,0.7923,0.0,1,persistent
ZVZZT,2025-07-22,14,5,2.8,2.797443,1.7792,1.574,0.000914,1,persistent
ZVZZT,2025-07-29,10,23,0.434783,0.435754,0.8861,0.7676,0.002232,1,bad-open-print
ZVZZT,2025-08-01,3,8,0.375,0.374415,1.2294,0.2973,0.001561,2,persistent
ZVZZT,2025-08-07,9,22,0.409091,0.410097,0.0105,0.2712,0.002456,2,persistent
ZVZZT,2025-08-13,11,29,0.37931,0.37931,0.0025,0.7883,0.0,1,persistent
ZVZZT,2025-08-19,15,32,0.46875,0.469142,3.8762,0.2515,0.000835,1,persistent
ZVZZT,2025-08-28,9,5,1.8,1.794732,0.9714,0.981,0.002931,1,persistent
ZVZZT,2025-09-29,11,31,0.354839,0.355556,0.5615,0.3017,0.002018,3,persistent
ZVZZT,2025-10-02,10,29,0.344828,0.345304,0.532,0.4975,0.00138,1,bad-open-print
ZVZZT,2025-10-06,11,25,0.44,0.439564,0.6108,0.0296,0.000991,3,persistent
ZVZZT,2025-11-14,7,3,2.333333,2.342793,2.039,1.4732,0.004046,1,persistent
ZVZZT,2025-11-17,20,11,1.818182,1.820494,2.7692,0.8604,0.001271,3,persistent
ZVZZT,2025-11-21,17,28,0.607143,0.604435,0.5,0.8333,0.00447,1,persistent
ZVZZT,2025-12-03,2,5,0.4,0.40223,0.8333,0.0556,0.00556,1,persistent
ZVZZT,2025-12-12,12,25,0.48,0.479808,0.0379,0.4265,0.0004,1,bad-open-print
ZVZZT,2026-02-04,8,3,2.666667,2.662376,1.5558,1.2115,0.00161,1,persistent
ZVZZT,2026-03-02,10,21,0.47619,0.476322,0.2794,0.5135,0.000276,4,persistent
ZVZZT,2026-03-24,31,64,0.484375,0.488293,1.2987,0.7156,0.008056,1,persistent
ZVZZT,2026-03-31,31,70,0.442857,0.443023,0.59,0.4174,0.000374,1,bad-open-print
ZVZZT,2026-04-20,29,65,0.446154,0.446571,0.4106,0.4715,0.000935,4,persistent
ZVZZT,2026-06-17,15,31,0.483871,0.483819,6.8181,0.2402,0.000107,2,bad-open-print
ZVZZT,2026-06-18,11,28,0.392857,0.395,6.2901,0.2402,0.00544,1,persistent
ZVZZT,2026-08-20,31,3,10.333333,10.360555,0.3112,2.1936,0.002631,1,persistent
ZWRKW,2022-02-15,31,21,1.47619,1.47619,1.2121,1.2121,0.0,50,persistent
ZXZZT,2022-10-26,11,40,0.275,0.274379,0.0057,0.8857,0.002259,13,persistent
ZXZZT,2024-01-30,31,21,1.47619,1.476466,1.6667,1.6667,0.000186,4,persistent
ZXZZT,2024-02-28,40,27,1.481481,1.482305,1.0,1.0,0.000555,1,persistent
ZXZZT,2024-03-11,15,31,0.483871,0.483446,1.0,0.83,0.000878,4,persistent
ZXZZT,2024-03-20,17,27,0.62963,0.628571,0.6,0.6,0.001682,6,persistent
