symbol,reason,bars,first_date,last_date,median_volume
A,listed-nyse,1254,2021-09-03,2026-09-02,578823.0
AA,listed-nyse,1254,2021-09-03,2026-09-02,1297098.5
AAA,listed-nyse,142,2021-09-22,2026-06-09,100.0
AAAC,listed-nyse,4,2026-02-10,2026-07-10,750.0
AAAD,listed-nyse,1,2026-06-23,2026-06-23,1.0
AAC,listed-nyse,551,2021-09-03,2026-09-02,8252.0
AADX,listed-nyse,64,2026-06-03,2026-09-02,269955.5
AAMI,listed-nyse,418,2025-01-02,2026-09-02,96960.5
AAP,listed-nyse,1254,2021-09-03,2026-09-02,470388.0
AAT,listed-nyse,1254,2021-09-03,2026-09-02,135989.5
AAUC,listed-nyse,311,2025-06-09,2026-09-02,56191.0
AB,listed-nyse,1254,2021-09-03,2026-09-02,45455.0
ABBV,listed-nyse,1254,2021-09-03,2026-09-02,1942859.0
ABCB,listed-nyse,1254,2021-09-03,2026-09-02,6809.5
ABEQ,listed-nyse,261,2021-09-15,2026-08-24,400.0
ABEV,listed-nyse,1254,2021-09-03,2026-09-02,2564987.5
ABG,listed-nyse,1254,2021-09-03,2026-09-02,63441.0
ABM,listed-nyse,1254,2021-09-03,2026-09-02,173788.5
ABR,listed-nyse,1254,2021-09-03,2026-09-02,688562.0
ABT,listed-nyse,1254,2021-09-03,2026-09-02,2066055.0
ABX,listed-nyse,170,2025-12-30,2026-09-02,179154.0
ABXL,listed-nyse,170,2025-12-30,2026-09-02,1332.5
ACA,listed-nyse,1254,2021-09-03,2026-09-02,91263.0
ACCO,listed-nyse,1254,2021-09-03,2026-09-02,198470.0
ACCS,listed-nyse,157,2025-01-28,2026-09-02,21.0
ACEI,listed-nyse,26,2025-11-10,2026-08-31,200.0
ACEL,listed-nyse,1254,2021-09-03,2026-09-02,106529.5
ACES,listed-nyse,861,2021-09-03,2026-09-02,400.0
ACGR,listed-nyse,2,2024-12-12,2024-12-17,2.0
ACH,listed-nyse,419,2021-09-03,2026-09-02,79837.0
ACHR,listed-nyse,1245,2021-09-17,2026-09-02,1549229.0
ACI,listed-nyse,1254,2021-09-03,2026-09-02,1041278.0
ACII,listed-nyse,348,2021-09-03,2026-09-02,807.0
ACKY,listed-nyse,82,2025-09-09,2026-09-02,100.0
ACLC,listed-nyse,67,2025-03-07,2026-08-14,100.0
ACLO,listed-nyse,365,2024-11-18,2026-09-02,135.0
ACM,listed-nyse,1254,2021-09-03,2026-09-02,313106.0
ACN,listed-nyse,1254,2021-09-03,2026-09-02,962012.5
ACOM,listed-nyse,1,2026-08-24,2026-08-24,2.0
ACP,listed-nyse,1254,2021-09-03,2026-09-02,57199.0
ACR,listed-nyse,1254,2021-09-03,2026-09-02,4779.5
ACRE,listed-nyse,1254,2021-09-03,2026-09-02,164889.5
ACTS,listed-nyse,25,2026-03-19,2026-08-24,437.0
ACU,listed-nyse,775,2021-09-09,2026-09-02,52.0
ACV,listed-nyse,1254,2021-09-03,2026-09-02,5970.0
ACVA,listed-nyse,1254,2021-09-03,2026-09-02,20142.5
ACVF,listed-nyse,172,2021-09-03,2026-08-26,100.0
ACVT,listed-nyse,1,2025-08-28,2025-08-28,100.0
ACYN,listed-nyse,124,2026-02-25,2026-09-02,7774.5
ACYQ,listed-nyse,20,2026-06-24,2026-08-31,100.0
ACYS,listed-nyse,78,2026-04-23,2026-09-02,703.5
AD,listed-nyse,267,2025-08-12,2026-09-02,67977.0
ADBU,listed-nyse,56,2026-04-14,2026-09-02,345.5
ADC,listed-nyse,1254,2021-09-03,2026-09-02,322660.0
ADCT,listed-nyse,1254,2021-09-03,2026-09-02,107855.0
ADDS,listed-nyse,14,2026-06-09,2026-09-01,150.0
ADIG,listed-nyse,22,2026-08-04,2026-09-02,283629.0
ADIV,listed-nyse,39,2022-01-18,2026-08-26,115.0
ADM,listed-nyse,1254,2021-09-03,2026-09-02,1226998.5
ADNT,listed-nyse,1254,2021-09-03,2026-09-02,359384.0
ADPV,listed-nyse,285,2023-01-05,2026-09-01,416.0
ADT,listed-nyse,1254,2021-09-03,2026-09-02,1301601.5
ADVE,listed-nyse,5,2025-02-27,2026-04-08,200.0
ADX,listed-nyse,1254,2021-09-03,2026-09-02,28873.5
AEE,listed-nyse,1254,2021-09-03,2026-09-02,613920.5
AEF,listed-nyse,1186,2021-09-03,2026-09-02,1483.5
AEFC,listed-nyse,1254,2021-09-03,2026-09-02,12750.0
AEG,listed-nyse,1254,2021-09-03,2026-09-02,428899.0
AEM,listed-nyse,1254,2021-09-03,2026-09-02,585066.0
AEO,listed-nyse,1254,2021-09-03,2026-09-02,1252042.0
AEON,listed-nyse,578,2023-07-24,2026-09-02,500.0
AER,listed-nyse,1254,2021-09-03,2026-09-02,339258.5
AERO,listed-nyse,206,2025-11-06,2026-09-02,58811.5
AES,listed-nyse,1254,2021-09-03,2026-09-02,2161067.0
AESI,listed-nyse,875,2023-03-09,2026-09-02,408288.0
AETH,listed-nyse,168,2023-10-02,2026-08-24,100.0
AEXA,listed-nyse,235,2025-09-26,2026-09-02,21510.0
AFB,listed-nyse,1254,2021-09-03,2026-09-02,15092.0
AFG,listed-nyse,1254,2021-09-03,2026-09-02,141885.5
AFGB,listed-nyse,1254,2021-09-03,2026-09-02,1878.5
AFGC,listed-nyse,1254,2021-09-03,2026-09-02,2046.0
AFGD,listed-nyse,1254,2021-09-03,2026-09-02,1748.0
AFGE,listed-nyse,1250,2021-09-03,2026-09-02,1686.0
AFGR,listed-nyse,2,2026-06-08,2026-08-10,350.0
AFIX,listed-nyse,29,2025-02-14,2026-08-12,100.0
AFK,listed-nyse,820,2021-09-22,2026-09-01,160.5
AFL,listed-nyse,1254,2021-09-03,2026-09-02,937250.5
AFLG,listed-nyse,346,2022-01-24,2026-09-01,300.0
AFMC,listed-nyse,110,2021-09-28,2026-08-24,104.0
AFSM,listed-nyse,132,2021-09-28,2026-09-02,119.0
AG,listed-nyse,1254,2021-09-03,2026-09-02,1411210.0
AGBK,listed-nyse,141,2026-02-11,2026-09-02,90945.0
AGCO,listed-nyse,1254,2021-09-03,2026-09-02,227962.0
AGD,listed-nyse,1254,2021-09-03,2026-09-02,16810.5
AGG,listed-nyse,1254,2021-09-03,2026-09-02,142340.5
AGGH,listed-nyse,338,2022-08-01,2026-09-02,206.0
AGGS,listed-nyse,19,2024-07-02,2026-09-02,100.0
AGGY,listed-nyse,1010,2021-09-03,2026-09-02,400.0
AGI,listed-nyse,1254,2021-09-03,2026-09-02,618136.5
AGIG,listed-nyse,168,2025-12-08,2026-09-02,1891.0
AGIQ,listed-nyse,36,2025-09-12,2026-08-25,70.5
AGL,listed-nyse,1254,2021-09-03,2026-09-02,881341.0
AGM,listed-nyse,1254,2021-09-03,2026-09-02,17443.5
AGM A,listed-nyse,1204,2021-09-03,2026-09-02,85.0
AGO,listed-nyse,1254,2021-09-03,2026-09-02,133791.5
AGOX,listed-nyse,207,2021-09-29,2026-08-20,200.0
AGQ,listed-nyse,1254,2021-09-03,2026-09-02,24033.0
AGQI,listed-nyse,182,2023-11-21,2026-06-02,201.0
AGRO,listed-nyse,1254,2021-09-03,2026-09-02,183875.5
AGRW,listed-nyse,72,2025-04-03,2026-08-28,51.0
AGX,listed-nyse,1254,2021-09-03,2026-09-02,45057.0
AGZ,listed-nyse,407,2021-09-07,2026-08-31,100.0
AHLT,listed-nyse,87,2023-09-11,2026-08-31,100.0
AHR,listed-nyse,645,2024-02-07,2026-09-02,543621.0
AHRT,listed-nyse,129,2026-03-02,2026-09-02,273648.0
AHT,listed-nyse,1254,2021-09-03,2026-09-02,58533.5
AHYB,listed-nyse,56,2022-02-15,2026-08-27,100.0
AI,listed-nyse,1254,2021-09-03,2026-09-02,1092379.0
AIB,listed-nyse,144,2022-02-24,2026-09-02,6377.5
AIBD,listed-nyse,262,2024-06-26,2026-08-31,500.0
AIBU,listed-nyse,402,2024-05-30,2026-09-02,200.0
AIEQ,listed-nyse,276,2021-09-21,2026-08-31,100.0
AIG,listed-nyse,1254,2021-09-03,2026-09-02,1506743.0
AIHY,listed-nyse,3,2026-08-03,2026-08-25,60.0
AII,listed-nyse,332,2025-05-08,2026-09-02,35317.5
AIIA,listed-nyse,163,2025-11-24,2026-08-31,167.0
AIM,listed-nyse,750,2021-09-08,2026-09-02,409.5
AIN,listed-nyse,1254,2021-09-03,2026-09-02,64906.5
AINP,listed-nyse,54,2024-12-06,2026-09-02,100.0
AINT,listed-nyse,4,2026-07-01,2026-08-24,100.0
AIO,listed-nyse,1254,2021-09-03,2026-09-02,13788.5
AIQU,listed-nyse,12,2026-06-02,2026-08-26,61.0
AIR,listed-nyse,1254,2021-09-03,2026-09-02,102001.5
AIRI,listed-nyse,521,2021-09-03,2026-09-02,125.0
AIS,listed-nyse,247,2024-12-05,2026-09-02,1947.0
AIT,listed-nyse,1254,2021-09-03,2026-09-02,77111.0
AIUP,listed-nyse,4,2026-03-12,2026-08-14,280.0
AIV,listed-nyse,1254,2021-09-03,2026-09-02,309606.0
AIVC,listed-nyse,55,2024-10-23,2026-08-28,90.0
AIVI,listed-nyse,69,2022-01-20,2026-08-25,100.0
AIVL,listed-nyse,283,2022-01-18,2026-08-03,100.0
AIYY,listed-nyse,484,2023-12-07,2026-09-02,1870.0
AIZ,listed-nyse,1254,2021-09-03,2026-09-02,148674.5
AIZN,listed-nyse,1254,2021-09-03,2026-09-02,3320.0
AJG,listed-nyse,1254,2021-09-03,2026-09-02,365765.0
AKA,listed-nyse,1242,2021-09-22,2026-09-02,3439.5
AKAF,listed-nyse,243,2025-06-26,2026-09-02,3.0
AKO A,listed-nyse,1213,2021-09-03,2026-09-02,210.0
AKO B,listed-nyse,1254,2021-09-03,2026-09-02,2028.0
AKR,listed-nyse,1254,2021-09-03,2026-09-02,347421.5
AKRE,listed-nyse,214,2025-10-27,2026-09-02,7016.0
ALAI,listed-nyse,302,2024-06-20,2026-09-02,295.0
ALB,listed-nyse,1254,2021-09-03,2026-09-02,614412.5
ALC,listed-nyse,1254,2021-09-03,2026-09-02,206185.0
ALG,listed-nyse,1254,2021-09-03,2026-09-02,23087.0
ALH,listed-nyse,226,2025-10-09,2026-09-02,219971.5
ALIT,listed-nyse,1254,2021-09-03,2026-09-02,1210507.5
ALK,listed-nyse,1254,2021-09-03,2026-09-02,726440.5
ALL,listed-nyse,1254,2021-09-03,2026-09-02,558251.5
ALLE,listed-nyse,1254,2021-09-03,2026-09-02,264964.0
ALLY,listed-nyse,1254,2021-09-03,2026-09-02,1194056.0
ALRG,listed-nyse,38,2025-07-08,2026-09-02,19.0
ALSN,listed-nyse,1254,2021-09-03,2026-09-02,269659.0
ALTG,listed-nyse,1254,2021-09-03,2026-09-02,61191.5
ALTL,listed-nyse,872,2021-09-03,2026-08-21,791.5
ALUB,listed-nyse,115,2026-01-06,2026-08-31,374.0
ALV,listed-nyse,1254,2021-09-03,2026-09-02,194133.5
ALX,listed-nyse,1254,2021-09-03,2026-09-02,4079.5
AM,listed-nyse,1254,2021-09-03,2026-09-02,780108.0
AMAX,listed-nyse,195,2021-11-24,2026-09-02,100.0
AMBO,listed-nyse,372,2021-09-07,2026-08-27,114.5
AMBP,listed-nyse,1254,2021-09-03,2026-09-02,329628.5
AMBQ,listed-nyse,276,2025-07-30,2026-09-02,83106.0
AMC,listed-nyse,1254,2021-09-03,2026-09-02,2487557.0
AMCR,listed-nyse,1254,2021-09-03,2026-09-02,2766805.0
AMDY,listed-nyse,685,2023-09-19,2026-09-02,2544.0
AME,listed-nyse,1254,2021-09-03,2026-09-02,410375.5
AMG,listed-nyse,1254,2021-09-03,2026-09-02,76673.5
AMH,listed-nyse,1254,2021-09-03,2026-09-02,779393.5
AMJB,listed-nyse,291,2024-05-14,2026-09-01,330.0
AMLP,listed-nyse,1254,2021-09-03,2026-09-02,36040.0
AMMO,listed-nyse,1,2026-08-13,2026-08-13,100.0
AMN,listed-nyse,1254,2021-09-03,2026-09-02,234644.5
AMOM,listed-nyse,190,2021-09-30,2026-07-27,100.0
AMP,listed-nyse,1254,2021-09-03,2026-09-02,199184.5
AMPX,listed-nyse,995,2022-09-15,2026-09-02,310900.0
AMPY,listed-nyse,1254,2021-09-03,2026-09-02,167612.5
AMR,listed-nyse,1254,2021-09-03,2026-09-02,71962.5
AMRC,listed-nyse,1254,2021-09-03,2026-09-02,141712.5
AMRZ,listed-nyse,302,2025-06-23,2026-09-02,705936.5
AMS,listed-nyse,246,2021-09-03,2026-08-13,100.0
AMT,listed-nyse,1254,2021-09-03,2026-09-02,775729.0
AMTB,listed-nyse,1249,2021-09-03,2026-09-02,36871.0
AMTD,listed-nyse,1151,2022-01-31,2026-09-02,4611.0
AMTM,listed-nyse,483,2024-09-30,2026-09-02,578393.0
AMUB,listed-nyse,44,2022-05-10,2026-09-01,100.0
AMWL,listed-nyse,1254,2021-09-03,2026-09-02,249879.0
AMX,listed-nyse,1254,2021-09-03,2026-09-02,472714.0
AMZA,listed-nyse,582,2021-09-09,2026-09-02,182.0
AMZE,listed-nyse,292,2025-03-24,2026-09-02,3046.0
AMZY,listed-nyse,624,2023-07-25,2026-09-02,3125.5
AN,listed-nyse,1254,2021-09-03,2026-09-02,159454.0
ANDG,listed-nyse,178,2025-12-17,2026-09-02,62941.0
ANET,listed-nyse,1254,2021-09-03,2026-09-02,757059.5
ANEW,listed-nyse,18,2021-10-01,2026-09-01,100.0
ANF,listed-nyse,1254,2021-09-03,2026-09-02,438328.5
ANGX,listed-nyse,246,2025-09-11,2026-09-02,213299.0
ANRO,listed-nyse,648,2024-02-02,2026-09-02,61431.0
ANTW,listed-nyse,12,2026-08-17,2026-09-02,233.5
ANVS,listed-nyse,1251,2021-09-03,2026-09-02,26183.0
AOA,listed-nyse,937,2021-09-03,2026-09-02,300.0
AOD,listed-nyse,1254,2021-09-03,2026-09-02,80311.0
AOK,listed-nyse,1204,2021-09-07,2026-09-02,1171.0
AOM,listed-nyse,1079,2021-09-09,2026-09-02,700.0
AOMD,listed-nyse,317,2025-05-27,2026-09-02,1068.0
AOMN,listed-nyse,524,2024-08-01,2026-09-02,1020.0
AOMR,listed-nyse,1254,2021-09-03,2026-09-02,21613.5
AON,listed-nyse,1254,2021-09-03,2026-09-02,359301.0
AOR,listed-nyse,1158,2021-09-07,2026-09-02,2133.5
AORT,listed-nyse,1157,2022-01-24,2026-09-02,90974.0
AOS,listed-nyse,1254,2021-09-03,2026-09-02,421016.0
AP,listed-nyse,1254,2021-09-03,2026-09-02,5898.0
APAM,listed-nyse,1254,2021-09-03,2026-09-02,187487.5
APCB,listed-nyse,524,2023-05-08,2026-09-02,300.0
APD,listed-nyse,1254,2021-09-03,2026-09-02,391653.0
APG,listed-nyse,1254,2021-09-03,2026-09-02,455165.5
APH,listed-nyse,1254,2021-09-03,2026-09-02,1445149.0
APIE,listed-nyse,118,2023-05-31,2026-09-02,100.0
APLE,listed-nyse,1254,2021-09-03,2026-09-02,696114.5
APLU,listed-nyse,131,2024-12-06,2026-09-01,100.0
APLY,listed-nyse,529,2023-05-02,2026-09-02,800.0
APMU,listed-nyse,263,2023-05-16,2026-09-02,100.0
APO,listed-nyse,1254,2021-09-03,2026-09-02,850177.0
APOS,listed-nyse,756,2023-08-29,2026-09-02,9092.5
APT,listed-nyse,779,2021-09-03,2026-09-02,200.0
APTV,listed-nyse,1254,2021-09-03,2026-09-02,749815.0
APUE,listed-nyse,621,2023-05-09,2026-09-02,529.0
APUS,listed-nyse,189,2025-05-09,2026-09-02,200.0
AQN,listed-nyse,1254,2021-09-03,2026-09-02,949492.0
AQNB,listed-nyse,1254,2021-09-03,2026-09-02,3532.5
AR,listed-nyse,1254,2021-09-03,2026-09-02,1372690.0
ARB,listed-nyse,312,2022-02-03,2026-09-02,100.0
ARCO,listed-nyse,1254,2021-09-03,2026-09-02,241965.5
ARDC,listed-nyse,1254,2021-09-03,2026-09-02,16736.5
ARDT,listed-nyse,534,2024-07-18,2026-09-02,126327.5
ARE,listed-nyse,1254,2021-09-03,2026-09-02,417244.0
ARES,listed-nyse,1254,2021-09-03,2026-09-02,336409.5
ARGT,listed-nyse,798,2021-09-03,2026-09-02,1693.0
ARI,listed-nyse,1254,2021-09-03,2026-09-02,335906.5
ARIS,listed-nyse,1134,2021-10-22,2026-09-02,113848.5
ARL,listed-nyse,1254,2021-09-03,2026-09-02,1271.0
ARLO,listed-nyse,1254,2021-09-03,2026-09-02,319329.5
ARMH,listed-nyse,9,2025-04-10,2026-07-28,100.0
ARMK,listed-nyse,1254,2021-09-03,2026-09-02,756886.5
ARMP,listed-nyse,493,2021-09-20,2026-09-02,105.0
AROC,listed-nyse,1254,2021-09-03,2026-09-02,440852.5
ARP,listed-nyse,192,2023-01-09,2026-09-01,104.5
ARR,listed-nyse,1254,2021-09-03,2026-09-02,690086.5
ARTY,listed-nyse,477,2024-08-12,2026-09-02,2925.0
ARW,listed-nyse,1254,2021-09-03,2026-09-02,176758.0
ARX,listed-nyse,280,2025-07-24,2026-09-02,329684.5
AS,listed-nyse,649,2024-02-01,2026-09-02,860560.0
ASA,listed-nyse,1254,2021-09-03,2026-09-02,7954.0
ASAN,listed-nyse,1254,2021-09-03,2026-09-02,809466.5
ASB,listed-nyse,1254,2021-09-03,2026-09-02,576656.0
ASBA,listed-nyse,879,2023-03-03,2026-09-02,4982.0
ASC,listed-nyse,1254,2021-09-03,2026-09-02,191630.5
ASCE,listed-nyse,235,2025-07-08,2026-09-02,662.0
ASEA,listed-nyse,369,2021-09-20,2026-09-01,120.0
ASG,listed-nyse,1254,2021-09-03,2026-09-02,51021.5
ASGI,listed-nyse,1254,2021-09-03,2026-09-02,11487.5
ASGM,listed-nyse,1,2026-02-18,2026-02-18,100.0
ASH,listed-nyse,1254,2021-09-03,2026-09-02,156928.0
ASHR,listed-nyse,1254,2021-09-03,2026-09-02,120239.5
ASHS,listed-nyse,339,2021-09-16,2026-08-28,100.0
ASIA,listed-nyse,49,2023-10-16,2026-09-02,100.0
ASIC,listed-nyse,309,2025-06-11,2026-09-02,31247.0
ASIX,listed-nyse,1254,2021-09-03,2026-09-02,67836.0
ASLV,listed-nyse,122,2025-04-03,2026-08-26,233.5
ASM,listed-nyse,1126,2021-09-03,2026-09-02,5266.0
ASMF,listed-nyse,108,2024-06-04,2026-09-02,101.0
ASMH,listed-nyse,9,2025-04-24,2026-08-11,100.0
ASPN,listed-nyse,1254,2021-09-03,2026-09-02,323312.0
ASR,listed-nyse,1254,2021-09-03,2026-09-02,10033.0
ASX,listed-nyse,1254,2021-09-03,2026-09-02,2305643.0
ATCH,listed-nyse,501,2024-02-12,2026-09-02,5203.0
ATCL,listed-nyse,42,2026-02-27,2026-09-01,100.0
ATEN,listed-nyse,1254,2021-09-03,2026-09-02,236616.5
ATEST,listed-nyse,88,2023-11-03,2026-07-24,60.0
ATFV,listed-nyse,146,2021-09-22,2026-08-31,241.5
ATHM,listed-nyse,1254,2021-09-03,2026-09-02,123204.5
ATHS,listed-nyse,619,2024-03-15,2026-09-02,10556.0
ATI,listed-nyse,1254,2021-09-03,2026-09-02,423019.0
ATKR,listed-nyse,1254,2021-09-03,2026-09-02,148222.5
ATMU,listed-nyse,820,2023-05-26,2026-09-02,233692.0
ATNM,listed-nyse,1205,2021-09-03,2026-09-02,1230.0
ATO,listed-nyse,1254,2021-09-03,2026-09-02,399134.5
ATR,listed-nyse,1254,2021-09-03,2026-09-02,109722.0
ATS,listed-nyse,821,2023-05-25,2026-09-02,23516.0
AU,listed-nyse,1254,2021-09-03,2026-09-02,658505.0
AUAU,listed-nyse,11,2026-01-02,2026-06-10,100.0
AUB,listed-nyse,1253,2021-09-03,2026-09-02,183629.0
AUNA,listed-nyse,614,2024-03-22,2026-09-02,19759.5
AUSF,listed-nyse,602,2021-09-14,2026-09-01,300.0
AUSM,listed-nyse,7,2025-07-08,2026-04-09,200.0
AUST,listed-nyse,442,2022-05-04,2026-09-02,200.0
AVA,listed-nyse,1254,2021-09-03,2026-09-02,253968.0
AVAL,listed-nyse,1254,2021-09-03,2026-09-02,15200.0
AVBC,listed-nyse,274,2025-08-01,2026-09-02,23351.0
AVD,listed-nyse,1254,2021-09-03,2026-09-02,66946.0
AVDE,listed-nyse,1118,2021-09-09,2026-09-02,1408.5
AVDS,listed-nyse,104,2024-06-03,2026-08-28,100.0
AVDV,listed-nyse,1183,2021-09-07,2026-09-02,1929.0
AVEE,listed-nyse,69,2024-05-20,2026-09-02,100.0
AVEM,listed-nyse,1193,2021-09-03,2026-09-02,3121.0
AVES,listed-nyse,648,2021-10-04,2026-09-02,200.0
AVEX,listed-nyse,96,2026-04-17,2026-09-02,373190.5
AVGE,listed-nyse,257,2022-11-10,2026-09-01,100.0
AVGV,listed-nyse,138,2023-07-27,2026-09-02,100.0
AVIE,listed-nyse,4,2024-04-10,2026-03-24,100.0
AVIG,listed-nyse,758,2021-09-08,2026-09-02,624.5
AVIV,listed-nyse,446,2021-09-30,2026-09-02,200.0
AVK,listed-nyse,1254,2021-09-03,2026-09-02,20557.0
AVLC,listed-nyse,235,2024-04-18,2026-09-02,150.0
AVLV,listed-nyse,1156,2021-10-08,2026-09-02,2704.0
AVMA,listed-nyse,23,2024-12-24,2026-08-10,100.0
AVMC,listed-nyse,150,2024-10-28,2026-07-31,133.0
AVMU,listed-nyse,338,2021-09-13,2026-09-01,100.0
AVMV,listed-nyse,119,2024-10-31,2026-08-28,100.0
AVNM,listed-nyse,142,2023-06-30,2026-09-01,100.0
AVNT,listed-nyse,1254,2021-09-03,2026-09-02,205029.5
AVNV,listed-nyse,14,2025-03-28,2026-08-28,102.5
AVRE,listed-nyse,453,2021-10-04,2026-09-02,152.0
AVSC,listed-nyse,861,2022-05-20,2026-09-02,723.0
AVSD,listed-nyse,117,2022-05-09,2026-09-02,140.0
AVSE,listed-nyse,105,2022-03-31,2026-09-01,100.0
AVSF,listed-nyse,572,2021-11-04,2026-09-02,300.0
AVSU,listed-nyse,383,2022-04-05,2026-08-27,112.0
AVTM,listed-nyse,2,2026-02-18,2026-08-24,100.0
AVTR,listed-nyse,1254,2021-09-03,2026-09-02,1893885.5
AVUS,listed-nyse,1206,2021-09-07,2026-09-02,1501.0
AVUV,listed-nyse,1250,2021-09-03,2026-09-02,6877.5
AVY,listed-nyse,1254,2021-09-03,2026-09-02,195850.5
AWAY,listed-nyse,606,2021-09-03,2026-09-02,329.0
AWF,listed-nyse,1254,2021-09-03,2026-09-02,41218.5
AWI,listed-nyse,1254,2021-09-03,2026-09-02,100143.5
AWK,listed-nyse,1254,2021-09-03,2026-09-02,435958.5
AWP,listed-nyse,1254,2021-09-03,2026-09-02,57219.5
AWR,listed-nyse,1254,2021-09-03,2026-09-02,82833.5
AWX,listed-nyse,143,2021-09-03,2026-08-24,99.0
AX,listed-nyse,1254,2021-09-03,2026-09-02,157953.0
AXIL,listed-nyse,204,2024-03-20,2026-09-02,21.0
AXP,listed-nyse,1254,2021-09-03,2026-09-02,939995.5
AXR,listed-nyse,1254,2021-09-03,2026-09-02,2329.0
AXS,listed-nyse,1254,2021-09-03,2026-09-02,193190.0
AXTA,listed-nyse,1254,2021-09-03,2026-09-02,678474.5
AYI,listed-nyse,1254,2021-09-03,2026-09-02,82137.5
AZN,listed-nyse,1254,2021-09-03,2026-09-02,196774.0
AZO,listed-nyse,1254,2021-09-03,2026-09-02,38898.0
AZTD,listed-nyse,36,2022-12-02,2026-08-21,100.0
AZTR,listed-nyse,536,2023-06-16,2026-09-02,1204.0
AZUL,listed-nyse,999,2021-09-03,2026-09-02,395443.0
AZZ,listed-nyse,1254,2021-09-03,2026-09-02,59002.5
B,listed-nyse,1182,2021-09-03,2026-09-02,128327.0
BA,listed-nyse,1254,2021-09-03,2026-09-02,1450211.0
BAB,listed-nyse,1183,2021-09-03,2026-09-02,1218.0
BABA,listed-nyse,1254,2021-09-03,2026-09-02,2644564.5
BABO,listed-nyse,275,2024-08-08,2026-09-02,200.0
BAC,listed-nyse,1254,2021-09-03,2026-09-02,12253952.5
BAH,listed-nyse,1254,2021-09-03,2026-09-02,376473.0
BAI,listed-nyse,377,2024-10-23,2026-09-02,21460.0
BAK,listed-nyse,1254,2021-09-03,2026-09-02,176565.0
BALL,listed-nyse,1083,2022-05-10,2026-09-02,754893.0
BALY,listed-nyse,1253,2021-09-03,2026-09-02,87214.0
BAM,listed-nyse,1254,2021-09-03,2026-09-02,434136.5
BANC,listed-nyse,1254,2021-09-03,2026-09-02,526371.5
BAP,listed-nyse,1254,2021-09-03,2026-09-02,79910.0
BAR,listed-nyse,1241,2021-09-03,2026-09-02,9120.0
BARK,listed-nyse,1254,2021-09-03,2026-09-02,216197.0
BATL,listed-nyse,757,2021-09-07,2026-09-02,226.0
BATT,listed-nyse,519,2021-09-07,2026-09-01,200.0
BAVA,listed-nyse,5,2026-05-18,2026-08-31,100.0
BAX,listed-nyse,1254,2021-09-03,2026-09-02,1464291.5
BB,listed-nyse,1254,2021-09-03,2026-09-02,1302094.0
BBAI,listed-nyse,1188,2021-12-08,2026-09-02,758077.0
BBAR,listed-nyse,1254,2021-09-03,2026-09-02,117786.0
BBBI,listed-nyse,100,2024-04-12,2026-09-01,200.0
BBBL,listed-nyse,9,2024-06-03,2025-10-21,100.0
BBBS,listed-nyse,218,2024-04-15,2026-08-25,161.0
BBC,listed-nyse,138,2021-12-08,2026-08-13,100.0
BBD,listed-nyse,1254,2021-09-03,2026-09-02,3174745.5
BBDC,listed-nyse,1254,2021-09-03,2026-09-02,96861.0
BBDO,listed-nyse,1254,2021-09-03,2026-09-02,3991.0
BBHL,listed-nyse,36,2025-12-03,2026-09-02,100.0
BBHM,listed-nyse,95,2025-11-26,2026-09-02,700.0
BBLU,listed-nyse,683,2022-11-15,2026-09-02,551.0
BBN,listed-nyse,1254,2021-09-03,2026-09-02,27737.5
BBP,listed-nyse,46,2021-11-05,2026-08-26,70.0
BBT,listed-nyse,253,2025-09-02,2026-09-02,354272.0
BBUC,listed-nyse,1122,2022-03-15,2026-09-02,23202.5
BBVA,listed-nyse,1254,2021-09-03,2026-09-02,270926.5
BBW,listed-nyse,1254,2021-09-03,2026-09-02,75704.5
BBWI,listed-nyse,1254,2021-09-03,2026-09-02,1233548.0
BBY,listed-nyse,1254,2021-09-03,2026-09-02,946836.5
BC,listed-nyse,1254,2021-09-03,2026-09-02,214774.5
BCAT,listed-nyse,1254,2021-09-03,2026-09-02,63167.5
BCC,listed-nyse,1254,2021-09-03,2026-09-02,117262.0
BCD,listed-nyse,559,2021-10-04,2026-09-01,218.0
BCDF,listed-nyse,42,2022-08-09,2026-06-25,100.0
BCE,listed-nyse,1254,2021-09-03,2026-09-02,624156.0
BCEM,listed-nyse,99,2026-04-09,2026-09-02,892.0
BCGD,listed-nyse,178,2025-12-15,2026-09-02,410.0
BCGS,listed-nyse,15,2026-03-13,2026-08-24,100.0
BCH,listed-nyse,1254,2021-09-03,2026-09-02,47833.0
BCHT,listed-nyse,105,2026-02-26,2026-09-01,310.0
BCI,listed-nyse,1177,2021-09-03,2026-09-02,3214.0
BCIL,listed-nyse,63,2025-01-02,2026-09-02,112.0
BCO,listed-nyse,1254,2021-09-03,2026-09-02,102295.5
BCOR,listed-nyse,366,2021-09-03,2026-08-31,2607.5
BCPL,listed-nyse,41,2026-01-30,2026-09-02,100.0
BCS,listed-nyse,1254,2021-09-03,2026-09-02,1222622.0
BCSF,listed-nyse,1254,2021-09-03,2026-09-02,56958.5
BCSM,listed-nyse,178,2025-12-15,2026-09-02,603.5
BCSS,listed-nyse,182,2025-11-20,2026-09-02,706.0
BCUS,listed-nyse,192,2023-12-28,2026-08-24,300.0
BCV,listed-nyse,552,2021-09-03,2026-09-01,200.0
BCX,listed-nyse,1254,2021-09-03,2026-09-02,41682.0
BD,listed-nyse,2,2026-06-23,2026-08-11,150.0
BDBT,listed-nyse,161,2025-06-24,2026-09-02,601.0
BDC,listed-nyse,1254,2021-09-03,2026-09-02,97637.5
BDCX,listed-nyse,12,2023-01-25,2026-04-30,100.0
BDCZ,listed-nyse,60,2022-06-17,2026-08-21,100.0
BDIV,listed-nyse,16,2025-02-28,2026-08-26,98.0
BDJ,listed-nyse,1254,2021-09-03,2026-09-02,91216.5
BDL,listed-nyse,190,2021-09-14,2026-09-02,10.0
BDN,listed-nyse,1254,2021-09-03,2026-09-02,657121.5
BDRY,listed-nyse,950,2021-09-03,2026-09-02,900.0
BDVG,listed-nyse,92,2023-07-13,2026-08-27,100.0
BDX,listed-nyse,1254,2021-09-03,2026-09-02,485423.5
BE,listed-nyse,1254,2021-09-03,2026-09-02,1300095.5
BEBE,listed-nyse,57,2026-02-06,2026-08-28,286.0
BEKE,listed-nyse,1254,2021-09-03,2026-09-02,1666512.5
BEN,listed-nyse,1254,2021-09-03,2026-09-02,1261207.5
BENJ,listed-nyse,134,2025-02-07,2026-09-02,113.0
BEP,listed-nyse,1254,2021-09-03,2026-09-02,107799.5
BEPC,listed-nyse,1254,2021-09-03,2026-09-02,271792.0
BEPH,listed-nyse,1254,2021-09-03,2026-09-02,5439.5
BEPI,listed-nyse,1184,2021-12-14,2026-09-02,4053.0
BEPJ,listed-nyse,611,2024-03-27,2026-09-02,2757.0
BERZ,listed-nyse,1037,2021-11-09,2026-09-02,3853.0
BESS,listed-nyse,104,2026-02-20,2026-09-02,655.5
BETA,listed-nyse,208,2025-11-04,2026-09-02,352616.5
BETE,listed-nyse,88,2023-12-27,2026-09-01,100.0
BETH,listed-nyse,102,2024-01-25,2026-08-24,100.0
BETZ,listed-nyse,509,2021-09-03,2026-08-28,200.0
BF A,listed-nyse,1254,2021-09-03,2026-09-02,23697.5
BF B,listed-nyse,1254,2021-09-03,2026-09-02,685002.5
BFAM,listed-nyse,1254,2021-09-03,2026-09-02,137928.5
BFAP,listed-nyse,3,2026-02-11,2026-05-14,100.0
BFH,listed-nyse,1108,2022-04-04,2026-09-02,247891.5
BFIX,listed-nyse,160,2022-04-18,2026-08-26,100.0
BFJA,listed-nyse,1,2026-06-18,2026-06-18,100.0
BFJL,listed-nyse,15,2025-07-18,2026-07-02,100.0
BFLY,listed-nyse,1254,2021-09-03,2026-09-02,608011.0
BFOC,listed-nyse,4,2026-03-13,2026-09-01,150.0
BFOR,listed-nyse,377,2021-09-08,2026-09-02,130.0
BFRZ,listed-nyse,194,2025-05-14,2026-09-02,346.0
BFS,listed-nyse,1254,2021-09-03,2026-09-02,20665.0
BG,listed-nyse,1254,2021-09-03,2026-09-02,494460.0
BGB,listed-nyse,1254,2021-09-03,2026-09-02,25111.0
BGDV,listed-nyse,18,2025-03-10,2026-07-31,100.0
BGH,listed-nyse,1254,2021-09-03,2026-09-02,16260.0
BGIG,listed-nyse,122,2023-12-29,2026-09-02,200.0
BGR,listed-nyse,1254,2021-09-03,2026-09-02,17091.0
BGS,listed-nyse,1254,2021-09-03,2026-09-02,370418.0
BGSF,listed-nyse,1254,2021-09-03,2026-09-02,3333.0
BGSI,listed-nyse,210,2025-10-31,2026-09-02,5485.0
BGT,listed-nyse,1254,2021-09-03,2026-09-02,18273.0
BGX,listed-nyse,1254,2021-09-03,2026-09-02,12290.0
BGY,listed-nyse,1254,2021-09-03,2026-09-02,56974.5
BH,listed-nyse,1254,2021-09-03,2026-09-02,1281.0
BH A,listed-nyse,1238,2021-09-03,2026-09-02,41.0
BHB,listed-nyse,1091,2021-09-07,2026-09-02,235.0
BHC,listed-nyse,1254,2021-09-03,2026-09-02,604269.0
BHE,listed-nyse,1254,2021-09-03,2026-09-02,91139.0
BHK,listed-nyse,1254,2021-09-03,2026-09-02,30184.5
BHM,listed-nyse,299,2022-10-06,2026-08-21,100.0
BHP,listed-nyse,1254,2021-09-03,2026-09-02,563619.5
BHR,listed-nyse,1254,2021-09-03,2026-09-02,110541.0
BHV,listed-nyse,1182,2021-09-03,2026-09-02,638.0
BHVN,listed-nyse,1254,2021-09-03,2026-09-02,343296.0
BHYP,listed-nyse,76,2026-05-15,2026-09-02,4127.0
BIBL,listed-nyse,669,2021-09-07,2026-09-02,520.0
BIDD,listed-nyse,297,2024-11-19,2026-09-01,276.0
BIGY,listed-nyse,109,2022-03-22,2026-09-01,100.0
BIII,listed-nyse,99,2026-01-29,2026-09-02,200.0
BIL,listed-nyse,1242,2021-09-03,2026-09-02,38044.0
BILL,listed-nyse,1254,2021-09-03,2026-09-02,521316.0
BILS,listed-nyse,957,2021-10-06,2026-09-02,1900.0
BILZ,listed-nyse,665,2023-07-12,2026-09-02,775.0
BINC,listed-nyse,752,2023-05-24,2026-09-02,8926.5
BINT,listed-nyse,182,2025-06-24,2026-09-02,477.0
BIO,listed-nyse,1254,2021-09-03,2026-09-02,59191.5
BIO B,listed-nyse,663,2021-09-03,2026-09-02,3.0
BIP,listed-nyse,1254,2021-09-03,2026-09-02,108363.5
BIPC,listed-nyse,1254,2021-09-03,2026-09-02,171950.0
BIPH,listed-nyse,1253,2021-09-03,2026-09-02,2688.0
BIPI,listed-nyse,1154,2022-01-26,2026-09-02,3676.0
BIPJ,listed-nyse,563,2024-06-05,2026-09-02,3597.0
BIRK,listed-nyse,726,2023-10-11,2026-09-02,496672.5
BIT,listed-nyse,1254,2021-09-03,2026-09-02,20741.0
BITB,listed-nyse,663,2024-01-11,2026-09-02,102907.0
BITC,listed-nyse,295,2023-03-22,2026-08-31,123.0
BITI,listed-nyse,1054,2022-06-21,2026-09-02,45219.0
BITO,listed-nyse,1223,2021-10-19,2026-09-02,377847.0
BITQ,listed-nyse,972,2021-09-03,2026-09-01,528.0
BITU,listed-nyse,607,2024-04-03,2026-09-02,45288.0
BITW,listed-nyse,144,2025-12-09,2026-09-02,519.5
BIV,listed-nyse,1254,2021-09-03,2026-09-02,16219.5
BIZD,listed-nyse,1230,2021-09-03,2026-09-02,9337.0
BJ,listed-nyse,1254,2021-09-03,2026-09-02,467845.5
BKAG,listed-nyse,929,2021-09-03,2026-09-02,500.0
BKCG,listed-nyse,16,2025-04-07,2026-08-10,90.0
BKCI,listed-nyse,141,2022-02-28,2026-08-31,109.0
BKD,listed-nyse,1254,2021-09-03,2026-09-02,650799.5
BKDV,listed-nyse,357,2024-12-23,2026-09-02,3682.0
BKE,listed-nyse,1254,2021-09-03,2026-09-02,164128.5
BKEM,listed-nyse,139,2021-11-29,2026-08-26,100.0
BKF,listed-nyse,248,2021-09-09,2026-08-21,100.0
BKFI,listed-nyse,12,2026-02-04,2026-08-25,150.0
BKH,listed-nyse,1254,2021-09-03,2026-09-02,181246.0
BKHY,listed-nyse,526,2021-09-10,2026-08-28,125.0
BKIE,listed-nyse,363,2022-06-17,2026-09-02,150.0
BKKT,listed-nyse,1224,2021-10-18,2026-09-02,273294.5
BKLC,listed-nyse,636,2022-02-08,2026-09-02,660.0
BKLN,listed-nyse,1254,2021-09-03,2026-09-02,135573.0
BKMC,listed-nyse,64,2022-06-13,2026-09-02,30.5
BKSE,listed-nyse,41,2022-02-15,2026-08-18,100.0
BKSY,listed-nyse,1250,2021-09-10,2026-09-02,204981.0
BKT,listed-nyse,1254,2021-09-03,2026-09-02,13930.5
BKTI,listed-nyse,680,2021-09-03,2026-09-02,267.0
BKU,listed-nyse,1254,2021-09-03,2026-09-02,328720.0
BKUI,listed-nyse,223,2022-01-06,2026-08-28,100.0
BKV,listed-nyse,485,2024-09-26,2026-09-02,168279.0
BLCO,listed-nyse,1085,2022-05-06,2026-09-02,110758.0
BLCV,listed-nyse,161,2023-05-24,2026-08-26,151.0
BLDR,listed-nyse,1254,2021-09-03,2026-09-02,562061.0
BLDX,listed-nyse,7,2026-02-13,2026-08-31,100.0
BLES,listed-nyse,159,2021-09-21,2026-09-02,100.0
BLGR,listed-nyse,155,2025-06-25,2026-09-02,345.0
BLK,listed-nyse,1254,2021-09-03,2026-09-02,202816.5
BLND,listed-nyse,1254,2021-09-03,2026-09-02,405942.5
BLOK,listed-nyse,1209,2021-09-03,2026-09-02,1390.0
BLOX,listed-nyse,282,2025-07-10,2026-09-02,658.5
BLSH,listed-nyse,266,2025-08-13,2026-09-02,429002.5
BLST,listed-nyse,121,2025-06-24,2026-09-01,200.0
BLTD,listed-nyse,181,2025-06-26,2026-09-02,281.0
BLUC,listed-nyse,194,2025-06-30,2026-09-02,518.0
BLUI,listed-nyse,68,2025-06-24,2026-09-02,164.5
BLUX,listed-nyse,135,2025-06-30,2026-08-27,403.0
BLV,listed-nyse,1253,2021-09-03,2026-09-02,5094.0
BLW,listed-nyse,1254,2021-09-03,2026-09-02,16996.5
BLX,listed-nyse,1254,2021-09-03,2026-09-02,38818.0
BMA,listed-nyse,1254,2021-09-03,2026-09-02,59562.5
BME,listed-nyse,1254,2021-09-03,2026-09-02,5910.5
BMED,listed-nyse,28,2023-06-13,2026-08-20,198.5
BMEZ,listed-nyse,1254,2021-09-03,2026-09-02,44836.5
BMI,listed-nyse,1254,2021-09-03,2026-09-02,65518.5
BMN,listed-nyse,960,2022-10-27,2026-09-02,2281.5
BMNP,listed-nyse,55,2026-06-16,2026-09-02,6393.0
BMNR,listed-nyse,306,2025-06-05,2026-09-02,692453.5
BMNZ,listed-nyse,200,2025-11-14,2026-09-02,7361.0
BMO,listed-nyse,1254,2021-09-03,2026-09-02,183244.5
BMVP,listed-nyse,25,2024-05-03,2026-07-31,100.0
BMY,listed-nyse,1254,2021-09-03,2026-09-02,3736664.5
BN,listed-nyse,934,2022-12-12,2026-09-02,687027.5
BNDC,listed-nyse,493,2021-09-07,2026-08-28,159.0
BNDD,listed-nyse,487,2021-11-11,2026-08-19,200.0
BNDI,listed-nyse,78,2023-05-10,2026-09-02,100.0
BNDS,listed-nyse,65,2025-01-15,2026-09-02,100.0
BNED,listed-nyse,1254,2021-09-03,2026-09-02,84030.5
BNGE,listed-nyse,22,2022-03-15,2026-03-17,50.0
BNH,listed-nyse,934,2022-12-12,2026-09-02,5221.5
BNJ,listed-nyse,934,2022-12-12,2026-09-02,2914.0
BNKD,listed-nyse,390,2021-09-21,2026-02-23,2201.0
BNKU,listed-nyse,732,2021-09-08,2026-09-02,986.0
BNL,listed-nyse,1254,2021-09-03,2026-09-02,427294.0
BNO,listed-nyse,1252,2021-09-03,2026-09-02,11383.5
BNS,listed-nyse,1254,2021-09-03,2026-09-02,481718.0
BNT,listed-nyse,499,2024-09-06,2026-09-02,2993.0
BNY,listed-nyse,1183,2021-09-03,2026-09-02,11679.0
BOAT,listed-nyse,300,2021-09-07,2026-09-01,103.0
BOBP,listed-nyse,148,2025-05-22,2026-08-25,299.0
BOBS,listed-nyse,145,2026-02-05,2026-09-02,231827.0
BOC,listed-nyse,1137,2022-02-22,2026-09-02,42196.0
BOE,listed-nyse,1254,2021-09-03,2026-09-02,34841.0
BOH,listed-nyse,1254,2021-09-03,2026-09-02,125736.5
BOIL,listed-nyse,1254,2021-09-03,2026-09-02,92926.0
BOND,listed-nyse,1231,2021-09-03,2026-09-02,22764.0
BOOT,listed-nyse,1254,2021-09-03,2026-09-02,189783.0
BORR,listed-nyse,1254,2021-09-03,2026-09-02,542127.0
BOUT,listed-nyse,58,2021-10-27,2026-07-28,89.5
BOW,listed-nyse,571,2024-05-23,2026-09-02,63708.0
BOX,listed-nyse,1254,2021-09-03,2026-09-02,505663.0
BP,listed-nyse,1254,2021-09-03,2026-09-02,1580944.5
BPAY,listed-nyse,7,2024-02-05,2026-04-29,24.0
BPI,listed-nyse,18,2025-08-14,2026-06-24,190.5
BPRE,listed-nyse,179,2025-12-16,2026-09-02,79555.0
BPRO,listed-nyse,15,2026-01-23,2026-08-20,200.0
BQ,listed-nyse,927,2021-09-03,2026-08-31,2501.0
BR,listed-nyse,1254,2021-09-03,2026-09-02,227006.5
BRAZ,listed-nyse,17,2024-06-07,2026-06-15,100.0
BRBR,listed-nyse,1254,2021-09-03,2026-09-02,380695.0
BRBS,listed-nyse,1128,2021-09-03,2026-09-02,1209.5
BRC,listed-nyse,1254,2021-09-03,2026-09-02,83342.5
BRCC,listed-nyse,1144,2022-02-10,2026-09-02,163982.5
BRCE,listed-nyse,167,2025-10-22,2026-09-02,400.0
BREE,listed-nyse,121,2026-03-05,2026-09-02,644.0
BRF,listed-nyse,274,2021-09-20,2026-08-25,200.0
BRIA,listed-nyse,103,2024-11-27,2026-08-03,103.0
BRIB,listed-nyse,19,2026-03-26,2026-08-18,100.0
BRIE,listed-nyse,217,2025-10-22,2026-09-02,7028.0
BRIF,listed-nyse,43,2025-01-06,2026-06-25,149.0
BRK A,xnys-only-backstop,1254,2021-09-03,2026-09-02,99.5
BRK B,listed-nyse,1254,2021-09-03,2026-09-02,1437511.5
BRKC,listed-nyse,10,2025-06-26,2026-09-02,64.5
BRN,listed-nyse,488,2021-09-07,2026-09-01,217.0
BRO,listed-nyse,1254,2021-09-03,2026-09-02,600763.0
BROL,listed-nyse,69,2026-05-27,2026-09-02,308.0
BROS,listed-nyse,1247,2021-09-15,2026-09-02,467372.0
BRSL,listed-nyse,295,2025-07-02,2026-09-02,583182.0
BRSM,listed-nyse,1,2026-07-13,2026-07-13,3.0
BRSP,listed-nyse,1254,2021-09-03,2026-09-02,214115.0
BRT,listed-nyse,1254,2021-09-03,2026-09-02,13382.5
BRW,listed-nyse,1254,2021-09-03,2026-09-02,21487.5
BRX,listed-nyse,1254,2021-09-03,2026-09-02,838018.0
BRZU,listed-nyse,1108,2021-09-03,2026-09-02,352.0
BSAC,listed-nyse,1254,2021-09-03,2026-09-02,100780.0
BSBR,listed-nyse,1254,2021-09-03,2026-09-02,153276.5
BSL,listed-nyse,1254,2021-09-03,2026-09-02,8742.5
BSM,listed-nyse,1254,2021-09-03,2026-09-02,79438.5
BSOL,listed-nyse,213,2025-10-28,2026-09-02,55813.0
BSR,listed-nyse,2,2023-05-17,2025-12-30,100.0
BST,listed-nyse,1254,2021-09-03,2026-09-02,17162.0
BSTP,listed-nyse,44,2022-04-11,2026-09-02,100.0
BSTZ,listed-nyse,1254,2021-09-03,2026-09-02,34393.0
BSV,listed-nyse,1254,2021-09-03,2026-09-02,26729.0
BSX,listed-nyse,1254,2021-09-03,2026-09-02,2568485.5
BTA,listed-nyse,1121,2021-09-03,2026-08-28,7306.0
BTAL,listed-nyse,1099,2021-09-23,2026-09-02,2164.0
BTC,listed-nyse,525,2024-07-31,2026-09-02,73652.0
BTCC,listed-nyse,69,2025-05-27,2026-08-26,103.0
BTCK,listed-nyse,3,2026-06-09,2026-07-29,6.0
BTCU,listed-nyse,35,2026-05-29,2026-08-28,200.0
BTE,listed-nyse,885,2023-02-23,2026-09-02,1926080.0
BTG,listed-nyse,1254,2021-09-03,2026-09-02,470859.5
BTGO,listed-nyse,155,2026-01-22,2026-09-02,198123.0
BTI,listed-nyse,1254,2021-09-03,2026-09-02,807276.0
BTO,listed-nyse,1254,2021-09-03,2026-09-02,7341.5
BTOT,listed-nyse,16,2025-12-16,2026-08-14,100.0
BTR,listed-nyse,3,2025-05-02,2026-07-24,100.0
BTRN,listed-nyse,19,2024-04-04,2026-04-23,100.0
BTT,listed-nyse,1254,2021-09-03,2026-09-02,17978.0
BTU,listed-nyse,1254,2021-09-03,2026-09-02,894605.5
BTX,listed-nyse,657,2021-09-03,2026-09-02,68491.0
BTZ,listed-nyse,1254,2021-09-03,2026-09-02,45351.5
BUCK,listed-nyse,446,2023-03-30,2026-09-02,547.5
BUD,listed-nyse,1254,2021-09-03,2026-09-02,325498.5
BUDA,listed-nyse,68,2026-01-08,2026-08-25,43.0
BUI,listed-nyse,1254,2021-09-03,2026-09-02,8119.0
BUL,listed-nyse,212,2021-09-30,2026-08-25,200.0
BULZ,listed-nyse,1246,2021-09-03,2026-09-02,2001.0
BUR,listed-nyse,1254,2021-09-03,2026-09-02,176903.0
BURL,listed-nyse,1254,2021-09-03,2026-09-02,235869.0
BUXX,listed-nyse,768,2023-08-10,2026-09-02,5797.0
BUYO,listed-nyse,4,2024-10-21,2026-07-10,100.0
BUZZ,listed-nyse,631,2021-09-07,2026-09-02,400.0
BV,listed-nyse,1254,2021-09-03,2026-09-02,157040.5
BVAL,listed-nyse,200,2025-07-01,2026-09-02,711.0
BVN,listed-nyse,1254,2021-09-03,2026-09-02,327572.0
BW,listed-nyse,1254,2021-09-03,2026-09-02,221565.5
BWA,listed-nyse,1254,2021-09-03,2026-09-02,864597.0
BWET,listed-nyse,175,2023-05-05,2026-09-02,280.0
BWG,listed-nyse,1254,2021-09-03,2026-09-02,9548.5
BWIV,listed-nyse,57,2026-05-11,2026-09-02,500.0
BWLP,listed-nyse,589,2024-04-29,2026-09-02,81340.0
BWMX,listed-nyse,1075,2021-09-03,2026-09-02,2652.0
BWOW,listed-nyse,16,2025-11-26,2026-08-28,100.0
BWX,listed-nyse,1229,2021-09-03,2026-09-02,3730.0
BWXT,listed-nyse,1254,2021-09-03,2026-09-02,225457.0
BWZ,listed-nyse,640,2021-09-08,2026-09-01,173.5
BX,listed-nyse,1254,2021-09-03,2026-09-02,1061796.5
BXC,listed-nyse,1254,2021-09-03,2026-09-02,29794.5
BXDC,listed-nyse,77,2026-05-14,2026-09-02,226201.0
BXMT,listed-nyse,1254,2021-09-03,2026-09-02,525907.0
BXP,listed-nyse,1254,2021-09-03,2026-09-02,499404.5
BXSL,listed-nyse,1216,2021-10-28,2026-09-02,182230.5
BY,listed-nyse,1254,2021-09-03,2026-09-02,57533.5
BYD,listed-nyse,1254,2021-09-03,2026-09-02,291750.5
BYLD,listed-nyse,625,2021-10-13,2026-09-01,360.0
BYRE,listed-nyse,45,2022-10-19,2026-08-11,25.0
BZH,listed-nyse,1254,2021-09-03,2026-09-02,129376.5
BZQ,listed-nyse,647,2021-09-03,2026-08-13,478.0
C,listed-nyse,1254,2021-09-03,2026-09-02,4437356.0
CAAA,listed-nyse,92,2024-06-05,2026-09-01,100.0
CAAP,listed-nyse,1254,2021-09-03,2026-09-02,28757.5
CABO,listed-nyse,1254,2021-09-03,2026-09-02,22757.5
CACI,listed-nyse,1254,2021-09-03,2026-09-02,49561.5
CAF,listed-nyse,1254,2021-09-03,2026-09-02,4362.0
CAFX,listed-nyse,228,2024-09-17,2026-08-07,200.0
CAG,listed-nyse,1254,2021-09-03,2026-09-02,1623103.5
CAGE,listed-nyse,49,2026-04-17,2026-09-02,200.0
CAH,listed-nyse,1254,2021-09-03,2026-09-02,799574.0
CAIE,listed-nyse,282,2025-06-27,2026-09-02,2328.5
CAL,listed-nyse,1254,2021-09-03,2026-09-02,213301.5
CALX,listed-nyse,1254,2021-09-03,2026-09-02,220981.0
CALY,listed-nyse,232,2023-08-15,2026-09-02,625605.5
CAM,listed-nyse,138,2025-10-07,2026-09-02,300.0
CAML,listed-nyse,276,2023-10-13,2026-09-01,145.5
CAMX,listed-nyse,2,2026-07-30,2026-07-31,97.0
CANE,listed-nyse,744,2021-09-13,2026-09-02,330.0
CANF,listed-nyse,631,2021-09-03,2026-09-02,384.0
CANG,listed-nyse,1254,2021-09-03,2026-09-02,22474.0
CAPE,listed-nyse,406,2021-09-07,2026-08-20,200.0
CAPL,listed-nyse,1254,2021-09-03,2026-09-02,6269.5
CARD,listed-nyse,43,2023-10-30,2026-07-13,200.0
CARK,listed-nyse,4,2024-11-20,2025-12-24,62.5
CARR,listed-nyse,1254,2021-09-03,2026-09-02,1603523.0
CARS,listed-nyse,1254,2021-09-03,2026-09-02,207463.0
CARU,listed-nyse,6,2025-04-04,2026-08-25,55.5
CAS,listed-nyse,156,2021-09-03,2025-12-22,269.5
CAT,listed-nyse,1254,2021-09-03,2026-09-02,869062.5
CATF,listed-nyse,55,2024-07-19,2026-09-02,100.0
CATO,listed-nyse,1254,2021-09-03,2026-09-02,21106.5
CATX,listed-nyse,850,2023-02-21,2026-09-02,14573.0
CAVA,listed-nyse,807,2023-06-15,2026-09-02,628161.0
CB,listed-nyse,1254,2021-09-03,2026-09-02,572034.0
CBAN,listed-nyse,1078,2021-09-03,2026-09-02,430.5
CBL,listed-nyse,1213,2021-11-02,2026-09-02,39463.0
CBLS,listed-nyse,17,2024-09-23,2026-08-04,100.0
CBNA,listed-nyse,479,2024-10-04,2026-09-02,2856.0
CBO,listed-nyse,12,2021-09-28,2025-08-01,1615.0
CBON,listed-nyse,225,2021-09-09,2026-09-01,100.0
CBRE,listed-nyse,1254,2021-09-03,2026-09-02,583765.0
CBSE,listed-nyse,9,2025-04-21,2026-08-12,100.0
CBT,listed-nyse,1254,2021-09-03,2026-09-02,132882.0
CBU,listed-nyse,1254,2021-09-03,2026-09-02,111455.0
CBX,xnys-only-backstop,3,2021-09-28,2022-05-06,200.0
CBZ,listed-nyse,1254,2021-09-03,2026-09-02,106744.5
CC,listed-nyse,1254,2021-09-03,2026-09-02,533576.5
CCEF,listed-nyse,165,2024-01-25,2026-08-05,200.0
CCEL,listed-nyse,353,2021-11-15,2026-08-31,8.0
CCI,listed-nyse,1254,2021-09-03,2026-09-02,888442.0
CCID,listed-nyse,188,2025-11-04,2026-09-02,295.5
CCIF,listed-nyse,779,2023-07-27,2026-09-02,9992.0
CCJ,listed-nyse,1254,2021-09-03,2026-09-02,947029.0
CCK,listed-nyse,1254,2021-09-03,2026-09-02,358850.0
CCL,listed-nyse,1254,2021-09-03,2026-09-02,5660971.5
CCM,listed-nyse,1185,2021-09-03,2026-09-02,545.0
CCO,listed-nyse,1254,2021-09-03,2026-09-02,507150.5
CCOM,listed-nyse,1,2026-03-04,2026-03-04,1.0
CCOR,listed-nyse,154,2021-09-10,2026-06-10,178.5
CCS,listed-nyse,1254,2021-09-03,2026-09-02,103438.5
CCU,listed-nyse,1254,2021-09-03,2026-09-02,38250.0
CCZ,listed-nyse,622,2021-09-03,2026-09-02,101.0
CDE,listed-nyse,1254,2021-09-03,2026-09-02,1523080.5
CDEI,listed-nyse,70,2023-03-09,2026-07-23,8.5
CDLR,listed-nyse,677,2023-12-20,2026-09-02,17255.0
CDP,listed-nyse,744,2023-09-15,2026-09-02,321500.0
CDRE,listed-nyse,1211,2021-11-04,2026-09-02,65142.0
CDX,listed-nyse,361,2022-06-02,2026-08-31,200.0
CE,listed-nyse,1254,2021-09-03,2026-09-02,386401.0
CEE,listed-nyse,1251,2021-09-03,2026-09-02,3792.0
CEF,listed-nyse,1254,2021-09-03,2026-09-02,13200.0
CEFD,listed-nyse,92,2022-06-09,2026-02-12,100.0
CEPU,listed-nyse,1254,2021-09-03,2026-09-02,56204.5
CERY,listed-nyse,257,2024-12-05,2026-09-02,253.0
CET,listed-nyse,690,2021-09-13,2026-09-02,300.0
CEV,listed-nyse,1066,2021-09-03,2026-09-02,500.0
CEW,listed-nyse,157,2021-09-28,2026-07-30,100.0
CF,listed-nyse,1254,2021-09-03,2026-09-02,773405.5
CFG,listed-nyse,1254,2021-09-03,2026-09-02,1654216.5
CFND,listed-nyse,270,2025-08-07,2026-09-02,6474.5
CFR,listed-nyse,1254,2021-09-03,2026-09-02,152267.0
CGAU,listed-nyse,1254,2021-09-03,2026-09-02,83604.5
CGBL,listed-nyse,609,2023-09-29,2026-09-02,6659.0
CGCB,listed-nyse,673,2023-09-29,2026-09-02,7990.0
CGCP,listed-nyse,1079,2022-02-25,2026-09-02,6646.0
CGCV,listed-nyse,461,2024-07-01,2026-09-02,1990.0
CGDG,listed-nyse,653,2023-09-29,2026-09-02,3005.0
CGDV,listed-nyse,1113,2022-02-25,2026-09-02,33532.0
CGGE,listed-nyse,439,2024-07-26,2026-09-02,5464.0
CGGG,listed-nyse,83,2025-06-26,2026-08-31,200.0
CGGO,listed-nyse,1100,2022-02-24,2026-09-02,11659.0
CGGR,listed-nyse,1108,2022-02-25,2026-09-02,30822.0
CGHM,listed-nyse,422,2024-07-01,2026-09-02,1773.0
CGHY,listed-nyse,158,2025-07-16,2026-09-01,300.0
CGIB,listed-nyse,229,2024-08-23,2026-09-02,300.0
CGIC,listed-nyse,423,2024-08-05,2026-09-02,2733.0
CGIE,listed-nyse,456,2023-09-28,2026-09-02,2121.5
CGMM,listed-nyse,403,2025-01-16,2026-09-02,10777.0
CGMS,listed-nyse,832,2022-11-15,2026-09-02,5374.0
CGMU,listed-nyse,860,2022-11-03,2026-09-02,5292.0
CGNG,listed-nyse,457,2024-07-11,2026-09-02,4516.0
CGRO,listed-nyse,7,2024-10-10,2026-03-19,100.0
CGSD,listed-nyse,878,2022-11-23,2026-09-02,1776.0
CGSM,listed-nyse,569,2023-11-14,2026-09-02,1106.0
CGUI,listed-nyse,299,2024-07-15,2026-09-02,500.0
CGUS,listed-nyse,1072,2022-02-25,2026-09-02,10383.5
CGV,listed-nyse,695,2022-08-10,2026-09-02,500.0
CGVV,listed-nyse,130,2025-06-27,2026-09-02,402.0
CGW,listed-nyse,633,2021-09-03,2026-08-24,200.0
CGXU,listed-nyse,1093,2022-02-25,2026-09-02,7513.0
CHAT,listed-nyse,578,2023-05-18,2026-09-02,900.0
CHAU,listed-nyse,964,2021-09-07,2026-09-02,1415.5
CHCT,listed-nyse,1254,2021-09-03,2026-09-02,60011.5
CHD,listed-nyse,1254,2021-09-03,2026-09-02,615036.0
CHE,listed-nyse,1254,2021-09-03,2026-09-02,26406.5
CHGG,listed-nyse,1254,2021-09-03,2026-09-02,624746.0
CHH,listed-nyse,1254,2021-09-03,2026-09-02,133778.0
CHIQ,listed-nyse,919,2021-09-03,2026-09-01,600.0
CHMI,listed-nyse,1254,2021-09-03,2026-09-02,38774.5
CHOW,listed-nyse,221,2025-09-16,2026-09-02,1037.0
CHPT,listed-nyse,1254,2021-09-03,2026-09-02,1642668.0
CHPY,listed-nyse,260,2025-04-21,2026-09-02,778.0
CHT,listed-nyse,1254,2021-09-03,2026-09-02,39522.0
CHWY,listed-nyse,1254,2021-09-03,2026-09-02,1293069.0
CI,listed-nyse,1254,2021-09-03,2026-09-02,501006.5
CIA,listed-nyse,1254,2021-09-03,2026-09-02,24744.5
CIB,listed-nyse,1254,2021-09-03,2026-09-02,74695.5
CICB,listed-nyse,473,2024-10-09,2026-09-02,1798.0
CICC,listed-nyse,138,2026-02-12,2026-09-02,1533.5
CIEN,listed-nyse,1254,2021-09-03,2026-09-02,507587.0
CIG,listed-nyse,1254,2021-09-03,2026-09-02,545202.0
CIG C,listed-nyse,1251,2021-09-03,2026-09-02,2643.0
CII,listed-nyse,1254,2021-09-03,2026-09-02,16317.0
CIK,listed-nyse,1246,2021-09-03,2026-09-02,5240.0
CIM,listed-nyse,1254,2021-09-03,2026-09-02,360146.0
CIMN,listed-nyse,569,2024-05-28,2026-09-02,1924.0
CIMO,listed-nyse,506,2024-08-22,2026-09-02,1976.0
CIMP,listed-nyse,241,2025-09-18,2026-09-02,3746.0
CINT,listed-nyse,1207,2021-11-10,2026-09-02,23030.0
CION,listed-nyse,1233,2021-10-05,2026-09-02,58420.0
CITR,listed-nyse,138,2025-12-05,2026-09-02,125.0
CIX,listed-nyse,610,2021-09-13,2026-09-02,15.0
CJUL,xnys-only-backstop,1,2026-08-31,2026-08-31,5.0
CKX,listed-nyse,118,2022-03-07,2026-08-26,18.5
CL,listed-nyse,1254,2021-09-03,2026-09-02,1727952.5
CLB,listed-nyse,1254,2021-09-03,2026-09-02,134267.5
CLBR,listed-nyse,802,2021-09-03,2026-09-02,2849.0
CLCG,listed-nyse,28,2025-07-24,2026-08-11,100.0
CLCV,listed-nyse,28,2025-07-24,2026-07-21,100.0
CLDI,listed-nyse,631,2023-09-13,2026-09-02,1150.0
CLDT,listed-nyse,1254,2021-09-03,2026-09-02,106942.0
CLF,listed-nyse,1254,2021-09-03,2026-09-02,3050715.5
CLH,listed-nyse,1254,2021-09-03,2026-09-02,112229.5
CLIM,listed-nyse,288,2021-09-03,2026-08-03,374.5
CLIP,listed-nyse,679,2023-06-23,2026-09-02,982.0
CLIX,listed-nyse,2,2025-09-17,2026-02-02,50.5
CLM,listed-nyse,1254,2021-09-03,2026-09-02,20384.0
CLNK,listed-nyse,84,2026-01-14,2026-09-01,400.0
CLOB,listed-nyse,98,2024-10-04,2026-08-27,100.0
CLOC,listed-nyse,28,2025-11-24,2026-08-27,298.5
CLOI,listed-nyse,668,2022-09-22,2026-09-02,653.5
CLOO,listed-nyse,4,2026-06-11,2026-07-06,1250.0
CLOX,listed-nyse,419,2023-07-21,2026-09-02,500.0
CLOZ,listed-nyse,696,2023-03-09,2026-09-02,2673.0
CLPR,listed-nyse,1254,2021-09-03,2026-09-02,16520.5
CLS,listed-nyse,1254,2021-09-03,2026-09-02,301352.5
CLUB,listed-nyse,26,2026-05-07,2026-08-11,101.0
CLVT,listed-nyse,1254,2021-09-03,2026-09-02,1341701.0
CLW,listed-nyse,1254,2021-09-03,2026-09-02,52373.5
CLX,listed-nyse,1254,2021-09-03,2026-09-02,456861.0
CM,listed-nyse,1254,2021-09-03,2026-09-02,261587.0
CMAY,xnys-only-backstop,3,2026-08-04,2026-08-13,100.0
CMBS,listed-nyse,713,2021-09-10,2026-09-02,250.0
CMBT,listed-nyse,537,2024-07-15,2026-09-02,98673.0
CMC,listed-nyse,1254,2021-09-03,2026-09-02,354870.0
CMCL,listed-nyse,1050,2021-09-07,2026-09-02,438.5
CMCM,listed-nyse,1254,2021-09-03,2026-09-02,5116.0
CMDB,listed-nyse,333,2025-05-07,2026-09-02,24076.0
CMDT,listed-nyse,362,2023-05-16,2026-09-01,200.0
CMDY,listed-nyse,621,2021-09-03,2026-09-02,200.0
CMF,listed-nyse,1227,2021-09-07,2026-09-02,2690.0
CMG,listed-nyse,1254,2021-09-03,2026-09-02,90240.0
CMI,listed-nyse,1254,2021-09-03,2026-09-02,285864.5
CMP,listed-nyse,1254,2021-09-03,2026-09-02,150180.5
CMRE,listed-nyse,1254,2021-09-03,2026-09-02,193330.0
CMS,listed-nyse,1254,2021-09-03,2026-09-02,816715.5
CMSA,listed-nyse,1254,2021-09-03,2026-09-02,2541.0
CMSC,listed-nyse,1254,2021-09-03,2026-09-02,3368.0
CMSD,listed-nyse,1254,2021-09-03,2026-09-02,7513.0
CMT,listed-nyse,998,2021-09-03,2026-09-02,194.0
CMTG,listed-nyse,1212,2021-11-03,2026-09-02,143012.0
CNA,listed-nyse,1254,2021-09-03,2026-09-02,93669.0
CNBS,listed-nyse,210,2021-09-13,2026-09-01,100.0
CNC,listed-nyse,1254,2021-09-03,2026-09-02,1329228.5
CNEQ,listed-nyse,279,2024-04-15,2026-09-02,200.0
CNF,listed-nyse,1248,2021-09-03,2026-09-02,5049.5
CNH,listed-nyse,574,2024-05-20,2026-09-02,3272020.0
CNI,listed-nyse,1254,2021-09-03,2026-09-02,304465.5
CNK,listed-nyse,1254,2021-09-03,2026-09-02,737563.5
CNM,listed-nyse,1254,2021-09-03,2026-09-02,464579.5
CNMD,listed-nyse,1254,2021-09-03,2026-09-02,128639.0
CNNE,listed-nyse,1254,2021-09-03,2026-09-02,182863.0
CNO,listed-nyse,1254,2021-09-03,2026-09-02,303428.0
CNP,listed-nyse,1254,2021-09-03,2026-09-02,1600740.5
CNQ,listed-nyse,1254,2021-09-03,2026-09-02,952947.0
CNR,listed-nyse,632,2021-09-03,2026-09-02,250017.5
CNRG,listed-nyse,418,2021-09-22,2026-08-27,100.0
CNS,listed-nyse,1254,2021-09-03,2026-09-02,60305.0
CNX,listed-nyse,1254,2021-09-03,2026-09-02,907495.5
CNXT,listed-nyse,394,2021-09-27,2026-09-02,200.0
COAL,listed-nyse,136,2024-02-20,2026-09-02,200.0
CODI,listed-nyse,1254,2021-09-03,2026-09-02,100018.5
COE,listed-nyse,685,2021-09-03,2026-09-02,1869.0
COF,listed-nyse,1254,2021-09-03,2026-09-02,887186.0
COHN,listed-nyse,382,2021-09-10,2026-09-02,33.5
COHR,listed-nyse,1207,2021-09-03,2026-09-02,566294.0
COIA,listed-nyse,153,2025-09-23,2026-09-02,905.0
COLD,listed-nyse,1254,2021-09-03,2026-09-02,660635.5
COLO,listed-nyse,224,2025-06-23,2026-09-02,795.5
COM,listed-nyse,755,2021-09-03,2026-09-02,344.0
COMB,listed-nyse,661,2021-09-24,2026-09-02,201.0
COMP,listed-nyse,1254,2021-09-03,2026-09-02,1134483.5
CON,listed-nyse,529,2024-07-25,2026-09-02,279433.0
CONY,listed-nyse,750,2023-08-23,2026-09-02,14826.5
COOK,listed-nyse,1254,2021-09-03,2026-09-02,72047.0
COP,listed-nyse,1254,2021-09-03,2026-09-02,2244029.0
COPL,listed-nyse,225,2025-06-02,2026-09-01,253.0
COPR,listed-nyse,31,2026-07-02,2026-09-02,452.0
COPX,listed-nyse,1251,2021-09-03,2026-09-02,14190.0
COPY,listed-nyse,296,2024-12-27,2026-09-02,828.5
COPZ,listed-nyse,63,2026-02-23,2026-09-02,200.0
COR,listed-nyse,834,2021-09-03,2026-09-02,449273.0
CORB,listed-nyse,10,2026-01-09,2026-08-20,100.0
CORN,listed-nyse,897,2021-09-07,2026-09-02,600.0
CORP,listed-nyse,963,2021-09-03,2026-09-02,230.0
COSO,listed-nyse,295,2025-07-02,2026-09-02,14144.0
COTY,listed-nyse,1254,2021-09-03,2026-09-02,1733651.5
COUR,listed-nyse,1254,2021-09-03,2026-09-02,544906.0
CP,listed-nyse,1254,2021-09-03,2026-09-02,552031.0
CPA,listed-nyse,1254,2021-09-03,2026-09-02,83785.0
CPAC,listed-nyse,1252,2021-09-03,2026-09-02,1297.5
CPAI,listed-nyse,491,2023-11-29,2026-09-02,1281.0
CPAY,listed-nyse,613,2024-03-25,2026-09-02,160609.0
CPER,listed-nyse,979,2021-09-07,2026-09-02,800.0
CPF,listed-nyse,1254,2021-09-03,2026-09-02,68353.0
CPHI,listed-nyse,673,2021-09-03,2026-09-02,900.0
CPII,listed-nyse,12,2022-06-30,2026-09-01,100.0
CPK,listed-nyse,1254,2021-09-03,2026-09-02,37485.0
CPLB,listed-nyse,79,2025-04-07,2026-09-01,179.0
CPNG,listed-nyse,1254,2021-09-03,2026-09-02,1977904.5
CPNJ,listed-nyse,145,2024-06-03,2026-09-02,100.0
CPNM,listed-nyse,88,2025-03-03,2026-09-02,100.0
CPNQ,listed-nyse,113,2024-12-02,2026-09-02,100.0
CPNS,listed-nyse,87,2024-09-03,2026-09-02,100.0
CPRA,listed-nyse,61,2025-04-01,2026-07-28,100.0
CPRI,listed-nyse,1254,2021-09-03,2026-09-02,612509.5
CPRJ,listed-nyse,134,2024-07-01,2026-09-02,123.0
CPRO,listed-nyse,127,2024-10-01,2026-08-31,100.0
CPRY,listed-nyse,112,2025-01-02,2026-09-02,100.0
CPS,listed-nyse,1254,2021-09-03,2026-09-02,51366.5
CPSA,listed-nyse,162,2024-08-01,2026-08-31,100.0
CPSD,listed-nyse,136,2024-12-02,2026-09-02,100.0
CPSF,listed-nyse,103,2025-02-03,2026-09-01,100.0
CPSJ,listed-nyse,142,2024-07-01,2026-09-01,100.0
CPSM,listed-nyse,158,2024-05-01,2026-09-01,100.0
CPSN,listed-nyse,83,2024-11-01,2026-09-01,100.0
CPSO,listed-nyse,85,2024-10-01,2026-09-01,100.0
CPSP,listed-nyse,50,2025-04-01,2026-08-31,100.0
CPSR,listed-nyse,153,2021-09-03,2026-08-24,400.0
CPST,listed-nyse,83,2024-09-03,2026-09-01,100.0
CPSU,listed-nyse,34,2025-06-02,2026-09-01,100.0
CPSY,listed-nyse,81,2025-01-02,2026-08-28,100.0
CPT,listed-nyse,1254,2021-09-03,2026-09-02,318007.5
CPXR,listed-nyse,142,2025-03-04,2026-08-28,231.0
CQP,listed-nyse,1252,2021-09-03,2026-09-02,13140.5
CQQQ,listed-nyse,1247,2021-09-03,2026-09-02,3170.0
CR,listed-nyse,1254,2021-09-03,2026-09-02,89659.0
CRAK,listed-nyse,227,2021-09-22,2026-09-02,200.0
CRBD,listed-nyse,435,2024-12-06,2026-09-02,12622.0
CRBG,listed-nyse,995,2022-09-15,2026-09-02,1062202.0
CRBN,listed-nyse,242,2021-09-07,2026-08-31,61.5
CRC,listed-nyse,1254,2021-09-03,2026-09-02,268799.5
CRCA,listed-nyse,270,2025-08-07,2026-09-02,20395.0
CRCL,listed-nyse,313,2025-06-05,2026-09-02,2471644.0
CRCO,listed-nyse,139,2025-10-22,2026-09-02,145.0
CRD A,listed-nyse,1254,2021-09-03,2026-09-02,17677.0
CRD B,listed-nyse,1254,2021-09-03,2026-09-02,2133.0
CRDT,listed-nyse,170,2023-06-29,2026-07-28,100.0
CRF,listed-nyse,1250,2021-09-03,2026-09-02,9716.5
CRGY,listed-nyse,1188,2021-12-08,2026-09-02,547504.0
CRH,listed-nyse,1254,2021-09-03,2026-09-02,843196.0
CRI,listed-nyse,1254,2021-09-03,2026-09-02,277999.0
CRIB,listed-nyse,1,2026-06-26,2026-06-26,3.0
CRK,listed-nyse,1254,2021-09-03,2026-09-02,877645.5
CRL,listed-nyse,1254,2021-09-03,2026-09-02,181270.0
CRM,listed-nyse,1254,2021-09-03,2026-09-02,1920652.5
CRPT,listed-nyse,578,2021-09-23,2026-08-27,232.0
CRS,listed-nyse,1254,2021-09-03,2026-09-02,159530.0
CRSH,listed-nyse,308,2024-06-13,2026-08-31,820.0
CRT,listed-nyse,1254,2021-09-03,2026-09-02,4604.5
CRTC,listed-nyse,57,2023-12-08,2026-09-01,100.0
CRUX,listed-nyse,111,2026-03-16,2026-09-02,800.0
CRXP,listed-nyse,1,2026-08-13,2026-08-13,1.0
CSAN,listed-nyse,1254,2021-09-03,2026-09-02,153928.0
CSD,listed-nyse,93,2021-10-04,2026-08-19,100.0
CSHI,listed-nyse,656,2022-12-19,2026-09-02,400.0
CSHP,listed-nyse,12,2025-02-25,2026-08-21,100.0
CSIO,listed-nyse,11,2025-12-24,2026-08-21,100.0
CSL,listed-nyse,1254,2021-09-03,2026-09-02,112774.5
CSMD,listed-nyse,308,2023-10-03,2026-09-02,124.5
CSNR,listed-nyse,25,2025-02-10,2026-07-15,200.0
CSPF,listed-nyse,185,2025-02-18,2026-09-02,200.0
CSQR,listed-nyse,35,2026-07-16,2026-09-02,242705.0
CSR,listed-nyse,1254,2021-09-03,2026-09-02,34763.0
CSRA,listed-nyse,2,2026-08-18,2026-09-01,250.0
CSRE,listed-nyse,189,2025-03-25,2026-09-02,300.0
CSSD,listed-nyse,46,2026-01-21,2026-09-02,100.0
CSTM,listed-nyse,1254,2021-09-03,2026-09-02,311246.0
CSV,listed-nyse,1254,2021-09-03,2026-09-02,34677.5
CSW,listed-nyse,311,2025-06-09,2026-09-02,44124.0
CTA,listed-nyse,732,2022-03-09,2026-09-02,800.5
CTAP,listed-nyse,77,2026-01-06,2026-09-01,100.0
CTAU,xnys-only-backstop,1,2026-08-25,2026-08-25,1.0
CTEST,listed-nyse,10,2021-09-28,2024-04-10,50.0
CTEST A,xnys-only-backstop,4,2021-09-27,2023-03-30,50.0
CTEV,listed-nyse,380,2025-02-28,2026-09-02,37678.5
CTEX,listed-nyse,14,2021-10-14,2025-12-29,100.0
CTGG,listed-nyse,54,2026-06-17,2026-09-02,29837.5
CTGO,listed-nyse,837,2022-03-01,2026-09-02,592.0
CTHH,listed-nyse,54,2026-06-17,2026-09-02,24929.0
CTJN,xnys-only-backstop,1,2026-08-14,2026-08-14,100.0
CTM,listed-nyse,661,2022-10-13,2026-09-02,4554.0
CTO,listed-nyse,1254,2021-09-03,2026-09-02,59456.5
CTOS,listed-nyse,1254,2021-09-03,2026-09-02,178145.5
CTRE,listed-nyse,1254,2021-09-03,2026-09-02,425964.0
CTRI,listed-nyse,596,2024-04-18,2026-09-02,256066.5
CTS,listed-nyse,1254,2021-09-03,2026-09-02,64023.5
CTVA,listed-nyse,1254,2021-09-03,2026-09-02,1250055.5
CTWO,listed-nyse,2,2026-02-05,2026-07-29,100.0
CUBB,listed-nyse,976,2021-09-07,2026-09-01,363.5
CUBE,listed-nyse,1254,2021-09-03,2026-09-02,567681.0
CUBI,listed-nyse,1254,2021-09-03,2026-09-02,126950.5
CURB,listed-nyse,482,2024-10-01,2026-09-02,247874.5
CURE,listed-nyse,1194,2021-09-03,2026-09-02,603.0
CURV,listed-nyse,1254,2021-09-03,2026-09-02,72007.0
CUT,listed-nyse,177,2021-09-16,2026-07-16,100.0
CUZ,listed-nyse,1254,2021-09-03,2026-09-02,480575.5
CVE,listed-nyse,1254,2021-09-03,2026-09-02,1863792.5
CVEO,listed-nyse,1254,2021-09-03,2026-09-02,15361.0
CVGD,listed-nyse,9,2026-07-16,2026-08-31,500.0
CVI,listed-nyse,1254,2021-09-03,2026-09-02,329979.5
CVIE,listed-nyse,81,2023-05-11,2026-08-28,100.0
CVLC,listed-nyse,290,2023-02-13,2026-08-28,82.0
CVLG,listed-nyse,1249,2021-09-07,2026-09-02,1347.0
CVM,listed-nyse,1206,2021-09-03,2026-09-02,1900.0
CVMC,listed-nyse,108,2023-03-09,2026-08-31,26.0
CVNA,listed-nyse,1254,2021-09-03,2026-09-02,1018446.5
CVNY,listed-nyse,197,2025-02-13,2026-09-02,123.0
CVR,listed-nyse,151,2021-10-04,2026-08-26,12.0
CVRD,listed-nyse,25,2023-11-16,2026-04-10,100.0
CVRT,listed-nyse,26,2023-10-12,2026-08-24,100.0
CVS,listed-nyse,1254,2021-09-03,2026-09-02,2215695.0
CVSA,listed-nyse,133,2026-02-24,2026-09-02,122164.0
CVSB,listed-nyse,200,2023-04-26,2026-09-02,100.0
CVSM,listed-nyse,17,2026-06-09,2026-08-26,103.0
CVU,listed-nyse,574,2021-09-03,2026-09-02,200.0
CVX,listed-nyse,1254,2021-09-03,2026-09-02,2785211.5
CVY,listed-nyse,191,2021-10-26,2026-08-18,163.0
CW,listed-nyse,1254,2021-09-03,2026-09-02,72084.0
CWB,listed-nyse,1254,2021-09-03,2026-09-02,7196.5
CWEB,listed-nyse,1252,2021-09-03,2026-09-02,6026.0
CWEN,listed-nyse,1254,2021-09-03,2026-09-02,317739.5
CWH,listed-nyse,1254,2021-09-03,2026-09-02,347756.0
CWI,listed-nyse,1238,2021-09-03,2026-09-02,4207.5
CWK,listed-nyse,1254,2021-09-03,2026-09-02,622213.5
CWS,listed-nyse,177,2021-12-29,2026-08-28,71.0
CWT,listed-nyse,1254,2021-09-03,2026-09-02,123302.0
CX,listed-nyse,1254,2021-09-03,2026-09-02,1013766.5
CXM,listed-nyse,1254,2021-09-03,2026-09-02,453439.5
CXRN,listed-nyse,49,2025-10-10,2026-08-31,200.0
CXT,listed-nyse,857,2023-04-04,2026-09-02,139535.0
CXW,listed-nyse,1254,2021-09-03,2026-09-02,328234.0
CYD,listed-nyse,1254,2021-09-03,2026-09-02,6542.0
CYH,listed-nyse,1254,2021-09-03,2026-09-02,382472.5
CZA,listed-nyse,125,2021-11-11,2026-08-28,100.0
D,listed-nyse,1254,2021-09-03,2026-09-02,1459989.5
DABS,listed-nyse,43,2025-03-14,2026-08-18,100.0
DAC,listed-nyse,1254,2021-09-03,2026-09-02,31510.0
DAL,listed-nyse,1254,2021-09-03,2026-09-02,2469480.0
DAMD,listed-nyse,194,2025-11-17,2026-09-02,10349.0
DAN,listed-nyse,1254,2021-09-03,2026-09-02,475178.0
DANA,listed-nyse,7,2026-01-12,2026-08-14,100.0
DAO,listed-nyse,1254,2021-09-03,2026-09-02,32192.5
DAR,listed-nyse,1254,2021-09-03,2026-09-02,567439.0
DARP,listed-nyse,83,2024-06-07,2026-09-02,132.0
DAT,listed-nyse,44,2021-10-13,2026-08-27,117.0
DAVA,listed-nyse,1254,2021-09-03,2026-09-02,65425.0
DB,listed-nyse,1254,2021-09-03,2026-09-02,643443.5
DBA,listed-nyse,1253,2021-09-03,2026-09-02,10406.0
DBAW,listed-nyse,281,2021-09-10,2026-09-01,100.0
DBB,listed-nyse,1114,2021-09-03,2026-09-02,1407.5
DBC,listed-nyse,1254,2021-09-03,2026-09-02,34363.0
DBD,listed-nyse,1202,2021-09-03,2026-09-02,98076.5
DBE,listed-nyse,584,2021-09-07,2026-09-02,200.0
DBEF,listed-nyse,1254,2021-09-03,2026-09-02,8169.0
DBEM,listed-nyse,162,2021-09-27,2026-08-24,100.0
DBEU,listed-nyse,823,2021-09-09,2026-09-02,300.0
DBEZ,listed-nyse,55,2022-05-24,2026-07-30,100.0
DBI,listed-nyse,1254,2021-09-03,2026-09-02,405012.5
DBJP,listed-nyse,474,2021-09-07,2026-08-19,125.0
DBL,listed-nyse,1254,2021-09-03,2026-09-02,7598.0
DBMF,listed-nyse,1062,2021-12-29,2026-09-02,3743.0
DBND,listed-nyse,604,2022-06-15,2026-09-02,200.0
DBO,listed-nyse,1253,2021-09-03,2026-09-02,12713.0
DBP,listed-nyse,287,2021-09-07,2026-08-31,100.0
DBRG,listed-nyse,1254,2021-09-03,2026-09-02,608342.5
DC,listed-nyse,1102,2022-04-05,2026-09-02,3756.0
DCBG,listed-nyse,100,2026-04-07,2026-09-02,160.0
DCH,listed-nyse,145,2026-02-05,2026-09-02,1232327.0
DCI,listed-nyse,1254,2021-09-03,2026-09-02,183306.5
DCMT,listed-nyse,101,2024-02-07,2026-09-02,100.0
DCO,listed-nyse,1254,2021-09-03,2026-09-02,25769.5
DCOM,listed-nyse,1254,2021-09-03,2026-09-02,1764.5
DCOR,listed-nyse,723,2023-09-21,2026-09-02,1227.0
DCRE,listed-nyse,198,2024-02-02,2026-08-31,100.0
DD,listed-nyse,1254,2021-09-03,2026-09-02,966517.0
DDC,listed-nyse,479,2023-11-17,2026-09-02,400.0
DDD,listed-nyse,1254,2021-09-03,2026-09-02,464052.5
DDDD,listed-nyse,19,2026-03-20,2026-08-03,35.0
DDL,listed-nyse,1254,2021-09-03,2026-09-02,120398.0
DDM,listed-nyse,1252,2021-09-03,2026-09-02,3851.5
DDS,listed-nyse,1254,2021-09-03,2026-09-02,36175.5
DDT,listed-nyse,1250,2021-09-03,2026-09-02,1281.0
DE,listed-nyse,1254,2021-09-03,2026-09-02,430303.5
DEA,listed-nyse,1254,2021-09-03,2026-09-02,263367.5
DEC,listed-nyse,679,2023-12-18,2026-09-02,111597.0
DECK,listed-nyse,1254,2021-09-03,2026-09-02,146654.5
DEED,listed-nyse,449,2021-09-09,2026-08-31,165.0
DEEF,listed-nyse,52,2021-10-18,2026-05-15,100.0
DEEP,listed-nyse,191,2021-09-03,2026-07-29,100.0
DEHP,listed-nyse,389,2022-05-12,2026-09-01,170.0
DEI,listed-nyse,1254,2021-09-03,2026-09-02,645766.5
DELL,listed-nyse,1254,2021-09-03,2026-09-02,1338454.0
DEM,listed-nyse,1249,2021-09-03,2026-09-02,2718.0
DEO,listed-nyse,1254,2021-09-03,2026-09-02,104240.5
DEPW,listed-nyse,5,2026-08-17,2026-09-02,3.0
DES,listed-nyse,1224,2021-09-03,2026-09-02,1076.5
DESK,listed-nyse,23,2024-10-29,2026-08-26,175.0
DEUS,listed-nyse,222,2021-09-08,2026-06-02,200.0
DEW,listed-nyse,164,2021-09-27,2026-09-01,100.0
DEXC,listed-nyse,106,2024-11-19,2026-09-02,100.0
DFAC,listed-nyse,1249,2021-09-03,2026-09-02,20127.0
DFAE,listed-nyse,1197,2021-09-08,2026-09-02,11861.0
DFAI,listed-nyse,1204,2021-09-13,2026-09-02,15303.0
DFAR,listed-nyse,1077,2022-03-03,2026-09-02,2365.0
DFAS,listed-nyse,1203,2021-09-10,2026-09-02,2733.0
DFAT,listed-nyse,1217,2021-09-03,2026-09-02,2400.0
DFAU,listed-nyse,1236,2021-09-03,2026-09-02,5594.0
DFAW,listed-nyse,519,2023-10-02,2026-09-02,241.0
DFAX,listed-nyse,1232,2021-09-14,2026-09-02,8069.5
DFCA,listed-nyse,461,2023-07-11,2026-09-02,200.0
DFCF,listed-nyse,1158,2021-11-17,2026-09-02,3346.0
DFE,listed-nyse,307,2021-09-14,2026-08-28,102.0
DFEM,listed-nyse,1087,2022-04-28,2026-09-02,11281.0
DFEN,listed-nyse,1243,2021-09-03,2026-09-02,2294.0
DFEV,listed-nyse,859,2022-05-03,2026-09-02,680.0
DFGR,listed-nyse,861,2022-12-08,2026-09-02,3176.0
DFH,listed-nyse,1253,2021-09-03,2026-09-02,101587.0
DFII,listed-nyse,26,2025-08-07,2026-08-27,100.0
DFIN,listed-nyse,1254,2021-09-03,2026-09-02,75521.5
DFIP,listed-nyse,898,2021-11-17,2026-09-02,456.0
DFIV,listed-nyse,1219,2021-09-15,2026-09-02,11405.0
DFJ,listed-nyse,369,2021-09-07,2026-08-25,121.0
DFLV,listed-nyse,918,2022-12-08,2026-09-02,10967.5
DFMC,listed-nyse,10,2026-05-26,2026-09-02,100.0
DFNM,listed-nyse,939,2021-11-17,2026-09-02,700.0
DFP,listed-nyse,1254,2021-09-03,2026-09-02,10146.0
DFSB,listed-nyse,423,2022-11-18,2026-09-02,150.0
DFSD,listed-nyse,1079,2021-11-17,2026-09-02,1800.0
DFSE,listed-nyse,297,2022-11-22,2026-08-25,100.0
DFSI,listed-nyse,443,2022-11-09,2026-09-02,200.0
DFSU,listed-nyse,843,2022-11-10,2026-09-02,820.0
DFSV,listed-nyse,1119,2022-03-02,2026-09-02,9906.0
DFTT,listed-nyse,17,2025-11-26,2026-08-31,100.0
DFUS,listed-nyse,1218,2021-09-10,2026-09-02,3054.0
DFUV,listed-nyse,1083,2022-05-09,2026-09-02,5615.0
DFVE,listed-nyse,64,2024-02-28,2026-08-13,200.0
DFVX,listed-nyse,94,2024-02-12,2026-08-12,138.5
DG,listed-nyse,1254,2021-09-03,2026-09-02,718499.0
DGAC,listed-nyse,27,2026-07-17,2026-09-02,1022.0
DGIN,listed-nyse,46,2023-01-31,2026-08-25,100.0
DGP,listed-nyse,351,2021-09-03,2026-09-02,310.0
DGRO,listed-nyse,1254,2021-09-03,2026-09-02,28248.0
DGS,listed-nyse,1173,2021-09-03,2026-09-02,1117.0
DGT,listed-nyse,194,2021-11-02,2026-08-27,55.0
DGX,listed-nyse,1254,2021-09-03,2026-09-02,348622.5
DGZ,listed-nyse,87,2021-09-08,2026-08-14,150.0
DHF,listed-nyse,1254,2021-09-03,2026-09-02,55191.5
DHI,listed-nyse,1254,2021-09-03,2026-09-02,906578.5
DHLX,listed-nyse,32,2025-12-17,2026-08-28,300.0
DHR,listed-nyse,1254,2021-09-03,2026-09-02,911527.0
DHS,listed-nyse,861,2021-09-28,2026-09-02,204.0
DHSB,listed-nyse,25,2025-03-03,2026-05-22,99.0
DHT,listed-nyse,1254,2021-09-03,2026-09-02,548108.5
DHX,listed-nyse,1254,2021-09-03,2026-09-02,41433.0
DHY,listed-nyse,1245,2021-09-03,2026-09-02,8205.0
DIA,listed-nyse,1254,2021-09-03,2026-09-02,74154.5
DIAL,listed-nyse,887,2021-09-03,2026-08-06,301.0
DIEM,listed-nyse,66,2022-11-11,2026-08-24,100.0
DIG,listed-nyse,812,2021-09-09,2026-09-01,200.0
DIM,listed-nyse,62,2021-09-22,2026-04-21,100.0
DIN,listed-nyse,1254,2021-09-03,2026-09-02,96874.5
DINO,listed-nyse,1122,2022-03-15,2026-09-02,720231.0
DIPS,listed-nyse,215,2024-07-25,2026-08-20,150.0
DIS,listed-nyse,1254,2021-09-03,2026-09-02,2759508.5
DISK,listed-nyse,44,2026-06-30,2026-09-02,4618.5
DIT,listed-nyse,137,2021-09-17,2026-08-26,9.0
DIV,listed-nyse,1222,2021-09-03,2026-09-02,1841.0
DIVE,listed-nyse,22,2025-10-13,2026-08-18,129.0
DIVG,listed-nyse,68,2024-01-04,2026-07-31,14.0
DIVI,listed-nyse,683,2022-08-24,2026-09-02,400.0
DIVL,listed-nyse,169,2023-08-16,2026-09-01,109.0
DIVO,listed-nyse,1176,2021-09-07,2026-09-02,1504.5
DIVP,listed-nyse,41,2024-10-16,2026-08-18,100.0
DIVS,listed-nyse,45,2021-09-28,2026-08-13,100.0
DIVY,listed-nyse,550,2023-10-11,2026-09-02,314.5
DIVZ,listed-nyse,360,2022-05-05,2026-09-02,200.0
DJD,listed-nyse,637,2021-12-01,2026-09-02,200.0
DJIA,listed-nyse,286,2022-03-08,2026-09-02,200.0
DJP,listed-nyse,930,2021-09-09,2026-09-01,451.0
DK,listed-nyse,1254,2021-09-03,2026-09-02,425082.5
DKL,listed-nyse,1254,2021-09-03,2026-09-02,12363.0
DKS,listed-nyse,1254,2021-09-03,2026-09-02,334044.5
DLB,listed-nyse,1254,2021-09-03,2026-09-02,152749.5
DLN,listed-nyse,1203,2021-09-03,2026-09-02,2279.0
DLNG,listed-nyse,1254,2021-09-03,2026-09-02,7665.0
DLR,listed-nyse,1254,2021-09-03,2026-09-02,659307.5
DLS,listed-nyse,628,2021-09-08,2026-08-18,200.0
DLUX,listed-nyse,7,2026-04-21,2026-07-20,100.0
DLX,listed-nyse,1254,2021-09-03,2026-09-02,100997.5
DLY,listed-nyse,1254,2021-09-03,2026-09-02,22291.5
DMA,listed-nyse,1156,2022-01-13,2026-09-02,3818.5
DMB,listed-nyse,1254,2021-09-03,2026-09-02,12063.0
DMBS,listed-nyse,358,2023-06-08,2026-09-02,122.0
DMC,listed-nyse,47,2026-06-29,2026-09-02,159663.0
DMO,listed-nyse,1254,2021-09-03,2026-09-02,6770.0
DMX,listed-nyse,106,2024-12-12,2026-09-02,100.0
DNA,listed-nyse,1245,2021-09-17,2026-09-02,1837855.0
DNL,listed-nyse,474,2021-10-20,2026-09-02,154.0
DNN,listed-nyse,1254,2021-09-03,2026-09-02,463845.0
DNOW,listed-nyse,1254,2021-09-03,2026-09-02,296094.0
DNP,listed-nyse,1254,2021-09-03,2026-09-02,72162.5
DOC,listed-nyse,1253,2021-09-03,2026-09-02,1223899.0
DOCN,listed-nyse,1254,2021-09-03,2026-09-02,419226.5
DOCS,listed-nyse,1254,2021-09-03,2026-09-02,538965.0
DOG,listed-nyse,1254,2021-09-03,2026-09-02,15194.0
DOL,listed-nyse,343,2021-09-17,2026-08-25,130.0
DOLE,listed-nyse,1254,2021-09-03,2026-09-02,189892.5
DON,listed-nyse,1157,2021-09-07,2026-09-02,729.0
DOUG,listed-nyse,1173,2021-12-30,2026-09-02,124906.0
DOV,listed-nyse,1254,2021-09-03,2026-09-02,308500.0
DOW,listed-nyse,1254,2021-09-03,2026-09-02,1958289.5
DPC,listed-nyse,49,2026-06-25,2026-09-02,154199.0
DPG,listed-nyse,1254,2021-09-03,2026-09-02,14690.5
DPRE,listed-nyse,2,2026-04-23,2026-06-29,51.0
DPST,listed-nyse,1240,2021-09-03,2026-09-02,5592.5
DQ,listed-nyse,1254,2021-09-03,2026-09-02,317002.5
DRAI,listed-nyse,171,2024-07-17,2026-08-21,267.0
DRAY,listed-nyse,135,2021-09-15,2026-08-25,200.0
DRD,listed-nyse,1254,2021-09-03,2026-09-02,65640.0
DRES,listed-nyse,11,2025-10-01,2026-08-21,102.0
DRI,listed-nyse,1254,2021-09-03,2026-09-02,380920.0
DRIP,listed-nyse,1254,2021-09-03,2026-09-02,20498.5
DRKY,listed-nyse,26,2025-10-10,2026-08-06,100.0
DRLL,listed-nyse,936,2022-08-09,2026-09-02,3675.5
DRMY,listed-nyse,3,2026-07-24,2026-08-19,100.0
DRN,listed-nyse,1210,2021-09-03,2026-09-02,9276.0
DRUP,listed-nyse,105,2023-08-15,2026-08-27,111.0
DRV,listed-nyse,1163,2021-09-03,2026-09-02,974.0
DRVR,listed-nyse,6,2026-07-13,2026-09-02,6.5
DSCO,listed-nyse,92,2026-02-03,2026-08-28,200.0
DSI,listed-nyse,1247,2021-09-03,2026-09-02,1645.0
DSL,listed-nyse,1254,2021-09-03,2026-09-02,69367.0
DSM,listed-nyse,1254,2021-09-03,2026-09-02,28864.0
DSMC,listed-nyse,767,2022-10-06,2026-09-02,686.0
DSPY,listed-nyse,23,2026-01-30,2026-09-02,87.0
DSS,listed-nyse,610,2021-09-03,2026-09-02,481.0
DSTL,listed-nyse,1068,2021-09-03,2026-09-02,482.0
DSTX,listed-nyse,716,2021-10-28,2026-09-02,220.0
DSU,listed-nyse,1254,2021-09-03,2026-09-02,31549.5
DSX,listed-nyse,1254,2021-09-03,2026-09-02,117153.5
DT,listed-nyse,1254,2021-09-03,2026-09-02,858860.0
DTAN,listed-nyse,37,2024-09-10,2026-08-28,100.0
DTB,listed-nyse,1254,2021-09-03,2026-09-02,4149.0
DTD,listed-nyse,529,2021-09-15,2026-08-24,158.0
DTE,listed-nyse,1254,2021-09-03,2026-09-02,469392.0
DTEC,listed-nyse,147,2021-09-08,2026-09-02,104.0
DTF,listed-nyse,1244,2021-09-03,2026-09-02,1211.0
DTG,listed-nyse,1195,2021-11-29,2026-09-02,5956.0
DTH,listed-nyse,502,2021-09-03,2026-08-27,200.0
DTK,listed-nyse,239,2025-09-22,2026-09-02,11949.0
DTM,listed-nyse,1254,2021-09-03,2026-09-02,217373.0
DTRE,listed-nyse,11,2022-10-07,2026-06-03,100.0
DTW,listed-nyse,1254,2021-09-03,2026-09-02,5197.5
DUG,listed-nyse,851,2021-09-03,2026-09-02,307.0
DUHP,listed-nyse,1115,2022-03-08,2026-09-02,9109.0
DUK,listed-nyse,1254,2021-09-03,2026-09-02,1085287.5
DUKB,listed-nyse,1254,2021-09-03,2026-09-02,6870.5
DUKQ,listed-nyse,37,2024-11-19,2026-07-06,120.0
DUKU,listed-nyse,13,2026-08-17,2026-09-02,6980.0
DUKZ,listed-nyse,50,2024-07-25,2026-08-18,100.0
DULL,listed-nyse,351,2023-06-22,2026-09-02,900.0
DUNK,listed-nyse,41,2025-09-17,2026-08-14,100.0
DUSB,listed-nyse,666,2023-09-27,2026-09-02,1419.0
DUSL,listed-nyse,563,2021-09-07,2026-09-01,120.0
DUST,listed-nyse,1254,2021-09-03,2026-09-02,55222.5
DUTY,listed-nyse,17,2026-04-09,2026-09-01,9.0
DV,listed-nyse,1254,2021-09-03,2026-09-02,542869.0
DVA,listed-nyse,1254,2021-09-03,2026-09-02,263428.5
DVDN,listed-nyse,140,2024-05-31,2026-09-01,174.0
DVN,listed-nyse,1254,2021-09-03,2026-09-02,2339994.0
DVND,listed-nyse,21,2022-08-10,2026-07-30,21.0
DVYA,listed-nyse,90,2021-09-28,2026-08-04,100.0
DVYE,listed-nyse,1009,2021-09-03,2026-09-02,578.0
DWM,listed-nyse,323,2021-09-22,2026-08-28,161.0
DWMF,listed-nyse,117,2021-12-14,2026-04-27,100.0
DWX,listed-nyse,424,2021-09-03,2026-08-17,200.0
DX,listed-nyse,1254,2021-09-03,2026-09-02,405389.5
DXC,listed-nyse,1254,2021-09-03,2026-09-02,681412.5
DXD,listed-nyse,1254,2021-09-03,2026-09-02,21647.0
DXF,listed-nyse,666,2021-09-07,2026-09-02,500.0
DXIV,listed-nyse,94,2024-09-12,2026-09-02,100.0
DXJ,listed-nyse,1254,2021-09-03,2026-09-02,7115.0
DXUV,listed-nyse,149,2024-09-12,2026-08-31,100.0
DXYZ,listed-nyse,612,2024-03-26,2026-09-02,107064.5
DY,listed-nyse,1254,2021-09-03,2026-09-02,100285.0
DYLD,listed-nyse,176,2021-09-03,2026-08-27,100.0
DYLG,listed-nyse,74,2023-08-08,2026-08-17,100.0
DYNF,listed-nyse,796,2021-10-07,2026-09-02,28201.0
DZZ,listed-nyse,171,2021-09-15,2026-08-24,196.0
E,listed-nyse,1254,2021-09-03,2026-09-02,73066.5
EAD,listed-nyse,1228,2021-09-03,2026-09-02,3307.0
EAF,listed-nyse,1254,2021-09-03,2026-09-02,491879.5
EAFG,listed-nyse,3,2025-01-02,2026-08-19,100.0
EAGG,listed-nyse,1138,2021-09-07,2026-09-02,1287.5
EAGL,listed-nyse,401,2024-03-26,2026-09-02,1000.0
EAI,listed-nyse,1254,2021-09-03,2026-09-02,4476.0
EAPR,listed-nyse,288,2021-09-16,2026-08-19,100.0
EARN,listed-nyse,1254,2021-09-03,2026-09-02,39096.0
EASG,listed-nyse,79,2021-09-21,2026-08-18,100.0
EAT,listed-nyse,1254,2021-09-03,2026-09-02,329880.0
EBF,listed-nyse,1254,2021-09-03,2026-09-02,44596.5
EBIT,listed-nyse,9,2024-11-21,2025-09-22,5.0
EBND,listed-nyse,1254,2021-09-03,2026-09-02,4553.0
EBS,listed-nyse,1254,2021-09-03,2026-09-02,334085.0
EBUF,listed-nyse,112,2024-07-15,2026-08-18,100.0
EC,listed-nyse,1254,2021-09-03,2026-09-02,466262.5
ECAT,listed-nyse,1238,2021-09-28,2026-09-02,50527.5
ECC,listed-nyse,1254,2021-09-03,2026-09-02,69934.5
ECCC,listed-nyse,1207,2021-09-03,2026-09-02,703.0
ECCU,listed-nyse,425,2024-12-19,2026-09-02,1344.0
ECCV,listed-nyse,1064,2022-01-26,2026-09-02,566.0
ECF,listed-nyse,795,2021-09-03,2026-08-27,300.0
ECG,listed-nyse,459,2024-11-01,2026-09-02,172391.0
ECL,listed-nyse,1254,2021-09-03,2026-09-02,430276.0
ECML,listed-nyse,119,2024-05-30,2026-08-17,104.0
ECNS,listed-nyse,314,2021-09-10,2026-08-07,107.5
ECO,listed-nyse,684,2023-12-11,2026-09-02,34485.0
ECON,listed-nyse,421,2021-09-24,2026-09-02,150.0
ECVT,listed-nyse,1254,2021-09-03,2026-09-02,292998.0
ED,listed-nyse,1254,2021-09-03,2026-09-02,807901.5
EDC,listed-nyse,1022,2021-09-03,2026-09-02,380.0
EDD,listed-nyse,1254,2021-09-03,2026-09-02,48855.0
EDF,listed-nyse,1254,2021-09-03,2026-09-02,13874.0
EDGF,listed-nyse,332,2024-10-08,2026-09-02,478.5
EDGH,listed-nyse,320,2024-10-08,2026-08-28,633.0
EDGI,listed-nyse,274,2024-10-08,2026-09-02,404.0
EDGQ,listed-nyse,13,2026-02-20,2026-07-07,100.0
EDGU,listed-nyse,281,2024-10-07,2026-09-02,465.0
EDGX,listed-nyse,13,2026-03-17,2026-07-02,9.0
EDIV,listed-nyse,766,2021-09-08,2026-09-02,249.5
EDN,listed-nyse,1253,2021-09-03,2026-09-02,15248.0
EDOG,listed-nyse,76,2021-11-08,2026-08-19,100.0
EDOW,listed-nyse,357,2021-09-09,2026-08-04,151.0
EDU,listed-nyse,1254,2021-09-03,2026-09-02,392926.0
EDV,listed-nyse,1249,2021-09-03,2026-09-02,7941.0
EDVA,listed-nyse,8,2026-08-24,2026-09-02,666.5
EDZ,listed-nyse,1220,2021-09-03,2026-09-01,2121.0
EE,listed-nyse,1101,2022-04-13,2026-09-02,97160.0
EEA,listed-nyse,1232,2021-09-03,2026-09-02,1679.0
EELV,listed-nyse,854,2021-09-14,2026-09-02,900.0
EEM,listed-nyse,1254,2021-09-03,2026-09-02,790061.0
EEMO,listed-nyse,88,2022-02-16,2026-09-02,100.0
EEMS,listed-nyse,452,2021-09-07,2026-08-27,142.5
EEMX,listed-nyse,116,2021-10-27,2026-09-02,100.0
EES,listed-nyse,619,2021-09-20,2026-09-01,200.0
EET,listed-nyse,94,2021-10-06,2026-07-31,100.0
EETH,listed-nyse,657,2023-10-03,2026-09-02,753.0
EEV,listed-nyse,325,2021-09-17,2026-09-02,200.0
EFA,listed-nyse,1254,2021-09-03,2026-09-02,497076.0
EFAA,listed-nyse,106,2025-03-26,2026-08-27,148.0
EFAX,listed-nyse,139,2021-11-29,2026-08-21,100.0
EFC,listed-nyse,1254,2021-09-03,2026-09-02,241706.0
EFFI,listed-nyse,7,2026-03-20,2026-08-25,100.0
EFIV,listed-nyse,836,2021-09-08,2026-09-02,462.5
EFO,listed-nyse,162,2021-09-30,2026-09-01,145.0
EFOR,listed-nyse,91,2026-04-24,2026-09-02,370419.0
EFR,listed-nyse,1254,2021-09-03,2026-09-02,17169.5
EFT,listed-nyse,1254,2021-09-03,2026-09-02,16357.5
EFU,listed-nyse,191,2021-11-26,2026-08-25,245.0
EFX,listed-nyse,1254,2021-09-03,2026-09-02,285041.5
EFXT,listed-nyse,975,2022-10-13,2026-09-02,61537.0
EFZ,listed-nyse,481,2021-11-10,2026-07-28,330.0
EG,listed-nyse,792,2023-07-10,2026-09-02,127524.0
EGG,listed-nyse,162,2025-06-18,2026-09-02,100.0
EGGS,listed-nyse,78,2025-01-07,2026-08-28,100.0
EGGY,listed-nyse,200,2024-12-27,2026-09-02,101.0
EGLE,listed-nyse,654,2021-09-03,2026-07-31,7392.0
EGO,listed-nyse,1254,2021-09-03,2026-09-02,437050.0
EGP,listed-nyse,1254,2021-09-03,2026-09-02,105882.5
EGY,listed-nyse,1254,2021-09-03,2026-09-02,277958.5
EHC,listed-nyse,1254,2021-09-03,2026-09-02,240539.0
EHI,listed-nyse,1254,2021-09-03,2026-09-02,10714.5
EIC,listed-nyse,1254,2021-09-03,2026-09-02,9718.0
EICA,listed-nyse,1062,2021-10-27,2026-09-02,400.0
EIDO,listed-nyse,1254,2021-09-03,2026-09-02,12949.5
EIG,listed-nyse,1254,2021-09-03,2026-09-02,59941.5
EIIA,listed-nyse,460,2024-10-18,2026-09-02,502.0
EIM,listed-nyse,1240,2021-09-03,2026-09-02,2640.0
EINC,listed-nyse,116,2021-12-20,2026-08-27,100.0
EIPI,listed-nyse,292,2024-05-06,2026-09-02,202.0
EIPX,listed-nyse,269,2022-11-29,2026-09-01,104.0
EIRL,listed-nyse,101,2021-09-20,2026-08-13,66.0
EIS,listed-nyse,662,2021-09-14,2026-08-28,200.0
EIX,listed-nyse,1254,2021-09-03,2026-09-02,882357.5
EJAN,listed-nyse,351,2021-09-27,2026-08-25,200.0
EJUL,listed-nyse,376,2021-10-04,2026-09-02,200.0
EL,listed-nyse,1254,2021-09-03,2026-09-02,768626.0
ELA,listed-nyse,955,2021-09-08,2026-09-02,199.0
ELAN,listed-nyse,1254,2021-09-03,2026-09-02,1399928.5
ELC,listed-nyse,1254,2021-09-03,2026-09-02,3886.5
ELCV,listed-nyse,252,2024-11-21,2026-09-01,800.5
ELD,listed-nyse,338,2021-09-03,2026-08-28,100.0
ELF,listed-nyse,1254,2021-09-03,2026-09-02,329927.0
ELLA,listed-nyse,102,2026-04-07,2026-09-02,1962.5
ELLO,listed-nyse,146,2021-12-20,2026-09-02,20.5
ELM,listed-nyse,47,2025-02-14,2026-09-01,100.0
ELMD,listed-nyse,833,2021-09-03,2026-09-02,292.0
ELME,listed-nyse,970,2022-10-20,2026-09-02,245390.0
ELPC,listed-nyse,671,2023-12-29,2026-09-02,1865.0
ELS,listed-nyse,1254,2021-09-03,2026-09-02,442901.5
ELV,listed-nyse,1050,2022-06-28,2026-09-02,422182.5
EMA,listed-nyse,319,2025-05-28,2026-09-02,56149.0
EMBD,listed-nyse,556,2021-09-07,2026-09-02,100.0
EMBJ,listed-nyse,209,2025-11-03,2026-09-02,216327.0
EMBX,listed-nyse,111,2025-10-06,2026-08-28,100.0
EMC,listed-nyse,145,2023-05-16,2026-09-02,158.0
EMCR,listed-nyse,112,2021-11-04,2026-08-18,100.0
EMCS,listed-nyse,41,2024-12-17,2026-09-02,100.0
EMD,listed-nyse,1254,2021-09-03,2026-09-02,34052.5
EMDM,listed-nyse,36,2024-01-11,2026-09-02,100.0
EME,listed-nyse,1254,2021-09-03,2026-09-02,115920.0
EMES,listed-nyse,1,2026-06-26,2026-06-26,100.0
EMET,listed-nyse,4,2026-02-13,2026-06-02,17.5
EMF,listed-nyse,1254,2021-09-03,2026-09-02,4202.0
EMFI,listed-nyse,1,2026-07-08,2026-07-08,100.0
EMHC,listed-nyse,414,2021-10-07,2026-08-28,200.0
EMKT,listed-nyse,36,2025-10-28,2026-08-28,100.0
EMLC,listed-nyse,1254,2021-09-03,2026-09-02,26768.5
EMLP,listed-nyse,1247,2021-09-03,2026-09-02,2585.0
EMM,listed-nyse,97,2023-05-22,2026-08-05,100.0
EMMF,listed-nyse,104,2022-02-10,2026-08-31,100.0
EMN,listed-nyse,1254,2021-09-03,2026-09-02,364082.5
EMNT,listed-nyse,241,2021-09-16,2026-08-27,100.0
EMO,listed-nyse,1254,2021-09-03,2026-09-02,8045.5
EMOP,listed-nyse,45,2025-11-04,2026-09-02,100.0
EMOT,listed-nyse,17,2024-08-05,2026-07-07,100.0
EMP,listed-nyse,1254,2021-09-03,2026-09-02,3196.0
EMPB,listed-nyse,116,2025-03-10,2026-09-01,275.0
EMQQ,listed-nyse,852,2021-09-03,2026-08-28,381.0
EMR,listed-nyse,1254,2021-09-03,2026-09-02,962514.0
EMSF,listed-nyse,59,2023-12-04,2026-09-01,100.0
EMTY,listed-nyse,88,2022-03-03,2026-07-29,100.0
ENB,listed-nyse,1254,2021-09-03,2026-09-02,1036719.0
ENFR,listed-nyse,495,2021-09-20,2026-09-02,141.0
ENHA,listed-nyse,81,2026-05-08,2026-09-02,134875.0
ENIC,listed-nyse,1254,2021-09-03,2026-09-02,133713.0
ENJ,listed-nyse,1045,2021-09-03,2026-09-02,311.0
ENO,listed-nyse,1254,2021-09-03,2026-09-02,1422.0
ENOV,listed-nyse,1107,2022-04-05,2026-09-02,192021.0
ENR,listed-nyse,1254,2021-09-03,2026-09-02,263005.0
ENS,listed-nyse,1254,2021-09-03,2026-09-02,102026.5
ENVA,listed-nyse,1254,2021-09-03,2026-09-02,86318.5
EOCT,listed-nyse,225,2021-11-05,2026-08-26,100.0
EOD,listed-nyse,1254,2021-09-03,2026-09-02,24182.5
EOG,listed-nyse,1254,2021-09-03,2026-09-02,1170431.5
EOI,listed-nyse,1254,2021-09-03,2026-09-02,12799.0
EONR,listed-nyse,463,2024-09-18,2026-09-02,3300.0
EOS,listed-nyse,1254,2021-09-03,2026-09-02,19093.0
EOT,listed-nyse,1254,2021-09-03,2026-09-02,6227.0
EP,listed-nyse,991,2022-03-08,2026-09-02,165.0
EPAC,listed-nyse,1254,2021-09-03,2026-09-02,125836.5
EPAI,listed-nyse,2,2026-05-18,2026-06-29,127.5
EPAM,listed-nyse,1254,2021-09-03,2026-09-02,170917.5
EPC,listed-nyse,1254,2021-09-03,2026-09-02,187339.0
EPD,listed-nyse,1254,2021-09-03,2026-09-02,845239.5
EPHE,listed-nyse,926,2021-09-03,2026-09-02,515.0
EPI,listed-nyse,1254,2021-09-03,2026-09-02,14308.5
EPM,listed-nyse,1254,2021-09-03,2026-09-02,2838.0
EPOL,listed-nyse,1230,2021-09-03,2026-09-02,2599.0
EPP,listed-nyse,1253,2021-09-03,2026-09-02,8010.0
EPR,listed-nyse,1254,2021-09-03,2026-09-02,215652.5
EPRT,listed-nyse,1254,2021-09-03,2026-09-02,435344.5
EPS,listed-nyse,827,2021-09-24,2026-09-02,265.0
EPSB,listed-nyse,1,2026-08-25,2026-08-25,100.0
EPSV,listed-nyse,1,2026-05-12,2026-05-12,1640.0
EPU,listed-nyse,584,2021-09-08,2026-09-02,200.0
EPV,listed-nyse,804,2021-09-14,2026-09-02,1200.0
EQAL,listed-nyse,869,2021-09-03,2026-09-02,327.0
EQBK,listed-nyse,1240,2021-09-07,2026-09-02,15473.5
EQH,listed-nyse,1254,2021-09-03,2026-09-02,927168.0
EQIN,listed-nyse,46,2024-06-17,2026-08-27,100.0
EQL,listed-nyse,582,2021-10-05,2026-09-02,300.0
EQNR,listed-nyse,1254,2021-09-03,2026-09-02,721223.5
EQS,listed-nyse,1177,2021-09-03,2026-09-02,602.0
EQT,listed-nyse,1254,2021-09-03,2026-09-02,1869406.0
EQTY,listed-nyse,634,2022-12-14,2026-08-31,1300.0
EQWL,listed-nyse,595,2021-09-15,2026-09-02,200.0
EQX,listed-nyse,1254,2021-09-03,2026-09-02,149349.0
ERC,listed-nyse,1016,2021-09-08,2026-09-02,713.0
ERH,listed-nyse,387,2021-09-15,2026-09-02,131.0
ERO,listed-nyse,1254,2021-09-03,2026-09-02,70486.5
EROC,listed-nyse,59,2026-06-10,2026-09-02,420744.0
EROK,listed-nyse,77,2026-05-14,2026-09-02,44709.0
ERTH,listed-nyse,247,2021-09-03,2026-08-06,100.0
ERX,listed-nyse,1254,2021-09-03,2026-09-02,10927.0
ERY,listed-nyse,1254,2021-09-03,2026-09-02,8876.5
ES,listed-nyse,1254,2021-09-03,2026-09-02,835726.0
ESAB,listed-nyse,1107,2022-04-05,2026-09-02,94249.0
ESBA,listed-nyse,201,2021-09-09,2026-09-01,196.0
ESBG,listed-nyse,16,2025-12-31,2026-09-01,100.0
ESE,listed-nyse,1254,2021-09-03,2026-09-02,46419.5
ESI,listed-nyse,1254,2021-09-03,2026-09-02,496067.5
ESIM,listed-nyse,20,2025-12-22,2026-08-31,150.0
ESLG,listed-nyse,11,2025-11-10,2026-08-24,21.0
ESLV,listed-nyse,10,2025-10-23,2026-08-28,200.0
ESNT,listed-nyse,1254,2021-09-03,2026-09-02,243657.5
ESP,listed-nyse,522,2021-09-27,2026-09-02,89.5
ESRT,listed-nyse,1254,2021-09-03,2026-09-02,412542.5
ESS,listed-nyse,1254,2021-09-03,2026-09-02,150678.5
ESSC,listed-nyse,193,2021-09-14,2026-08-17,868.0
ESTC,listed-nyse,1254,2021-09-03,2026-09-02,335147.0
ESUM,listed-nyse,102,2025-09-12,2026-09-01,387.5
ET,listed-nyse,1254,2021-09-03,2026-09-02,1833584.0
ETB,listed-nyse,1254,2021-09-03,2026-09-02,12907.0
ETCO,listed-nyse,28,2025-09-04,2026-08-13,100.0
ETD,listed-nyse,1254,2021-09-03,2026-09-02,96399.5
ETFT,listed-nyse,65,2025-12-11,2026-08-27,25.0
ETG,listed-nyse,1254,2021-09-03,2026-09-02,22923.5
ETH,listed-nyse,531,2024-07-23,2026-09-02,163744.0
ETHD,listed-nyse,522,2024-06-21,2026-09-01,4421.5
ETHE,listed-nyse,531,2024-07-23,2026-09-02,143094.0
ETHO,listed-nyse,176,2021-09-07,2026-07-10,92.0
ETHT,listed-nyse,550,2024-06-10,2026-09-02,16408.0
ETHW,listed-nyse,531,2024-07-23,2026-09-02,29821.0
ETJ,listed-nyse,1254,2021-09-03,2026-09-02,31945.5
ETN,listed-nyse,1254,2021-09-03,2026-09-02,638318.5
ETO,listed-nyse,1254,2021-09-03,2026-09-02,6669.0
ETR,listed-nyse,1254,2021-09-03,2026-09-02,616510.0
ETSS,listed-nyse,39,2026-06-04,2026-09-02,101.0
ETSY,listed-nyse,1254,2021-09-03,2026-09-02,44162.5
ETV,listed-nyse,1254,2021-09-03,2026-09-02,40068.5
ETW,listed-nyse,1254,2021-09-03,2026-09-02,70573.5
ETX,listed-nyse,1254,2021-09-03,2026-09-02,3792.5
ETY,listed-nyse,1254,2021-09-03,2026-09-02,35931.5
EUDG,listed-nyse,75,2022-01-25,2026-08-25,100.0
EUM,listed-nyse,862,2021-09-03,2026-09-02,308.0
EUO,listed-nyse,320,2021-10-25,2026-08-24,200.0
EURL,listed-nyse,654,2021-09-13,2026-09-02,203.5
EUSA,listed-nyse,717,2021-09-09,2026-09-02,200.0
EUSB,listed-nyse,605,2021-09-03,2026-09-02,200.0
EVAC,listed-nyse,251,2025-08-22,2026-09-02,1469.0
EVC,listed-nyse,1254,2021-09-03,2026-09-02,106155.5
EVEX,listed-nyse,1083,2022-05-10,2026-09-02,39352.0
EVF,listed-nyse,1254,2021-09-03,2026-09-02,11509.0
EVG,listed-nyse,1254,2021-09-03,2026-09-02,5802.0
EVH,listed-nyse,1254,2021-09-03,2026-09-02,457173.0
EVHY,listed-nyse,40,2023-10-25,2026-09-01,100.0
EVI,listed-nyse,1023,2021-09-03,2026-09-02,92.0
EVIM,listed-nyse,190,2024-09-16,2026-09-02,200.0
EVLN,listed-nyse,299,2024-04-08,2026-08-26,300.0
EVMN,listed-nyse,206,2025-11-06,2026-09-02,79682.0
EVMO,listed-nyse,217,2025-08-05,2026-09-02,269.0
EVMU,listed-nyse,17,2026-06-04,2026-08-31,100.0
EVN,listed-nyse,1254,2021-09-03,2026-09-02,17240.0
EVNT,listed-nyse,107,2021-10-14,2026-09-02,100.0
EVR,listed-nyse,1254,2021-09-03,2026-09-02,116920.0
EVSB,listed-nyse,176,2024-02-07,2026-08-21,200.0
EVSM,listed-nyse,426,2024-04-01,2026-09-01,264.0
EVT,listed-nyse,1254,2021-09-03,2026-09-02,17882.0
EVTC,listed-nyse,1254,2021-09-03,2026-09-02,133507.5
EVTL,listed-nyse,1182,2021-12-16,2026-09-02,60108.0
EVTR,listed-nyse,613,2024-03-25,2026-09-02,18776.0
EVV,listed-nyse,1241,2021-09-03,2026-09-02,5174.0
EVX,listed-nyse,141,2021-10-07,2026-08-24,91.0
EW,listed-nyse,1254,2021-09-03,2026-09-02,1198331.5
EWA,listed-nyse,1254,2021-09-03,2026-09-02,63702.5
EWC,listed-nyse,1254,2021-09-03,2026-09-02,54599.0
EWD,listed-nyse,1240,2021-09-03,2026-09-02,2912.5
EWG,listed-nyse,1254,2021-09-03,2026-09-02,53653.0
EWH,listed-nyse,1254,2021-09-03,2026-09-02,92767.0
EWI,listed-nyse,1254,2021-09-03,2026-09-02,8604.5
EWJ,listed-nyse,1254,2021-09-03,2026-09-02,198796.0
EWK,listed-nyse,233,2022-01-12,2026-09-02,100.0
EWL,listed-nyse,1254,2021-09-03,2026-09-02,13570.0
EWM,listed-nyse,1254,2021-09-03,2026-09-02,8206.5
EWN,listed-nyse,1152,2021-09-03,2026-09-02,810.0
EWO,listed-nyse,305,2021-09-03,2026-09-02,104.0
EWP,listed-nyse,1254,2021-09-03,2026-09-02,7884.5
EWQ,listed-nyse,1254,2021-09-03,2026-09-02,7582.5
EWS,listed-nyse,1254,2021-09-03,2026-09-02,11176.0
EWT,listed-nyse,1254,2021-09-03,2026-09-02,113663.5
EWU,listed-nyse,1254,2021-09-03,2026-09-02,44263.0
EWV,listed-nyse,343,2021-09-10,2026-08-31,300.0
EWW,listed-nyse,1254,2021-09-03,2026-09-02,47517.0
EWX,listed-nyse,557,2021-09-14,2026-09-02,138.0
EWY,listed-nyse,1254,2021-09-03,2026-09-02,115951.0
EWZ,listed-nyse,1254,2021-09-03,2026-09-02,938506.0
EXEQ,listed-nyse,2,2026-03-31,2026-06-12,100.0
EXG,listed-nyse,1254,2021-09-03,2026-09-02,92687.5
EXI,listed-nyse,862,2021-09-08,2026-09-02,100.0
EXK,listed-nyse,1254,2021-09-03,2026-09-02,852702.0
EXOD,listed-nyse,415,2024-12-19,2026-09-02,714.0
EXP,listed-nyse,1254,2021-09-03,2026-09-02,101434.0
EXPD,listed-nyse,1254,2021-09-03,2026-09-02,306229.5
EXR,listed-nyse,1254,2021-09-03,2026-09-02,368140.0
EZA,listed-nyse,1246,2021-09-03,2026-09-02,2362.0
EZJ,listed-nyse,206,2021-09-13,2026-08-07,100.0
EZM,listed-nyse,626,2021-09-03,2026-08-27,123.0
F,listed-nyse,1254,2021-09-03,2026-09-02,11262774.0
FAF,listed-nyse,1254,2021-09-03,2026-09-02,236555.5
FAI,listed-nyse,74,2024-11-22,2026-09-01,142.5
FAN,listed-nyse,688,2021-09-07,2026-09-01,205.0
FARX,listed-nyse,100,2024-12-23,2026-08-31,100.0
FAS,listed-nyse,1254,2021-09-03,2026-09-02,11734.5
FAX,listed-nyse,1254,2021-09-03,2026-09-02,9877.5
FAZ,listed-nyse,1254,2021-09-03,2026-09-02,55512.0
FBDC,listed-nyse,37,2025-06-30,2026-09-02,121.0
FBIN,listed-nyse,931,2022-12-15,2026-09-02,444250.0
FBK,listed-nyse,1254,2021-09-03,2026-09-02,72688.0
FBND,listed-nyse,1239,2021-09-07,2026-09-02,5443.0
FBP,listed-nyse,1254,2021-09-03,2026-09-02,518880.5
FBRT,listed-nyse,1223,2021-10-19,2026-09-02,145630.0
FBT,listed-nyse,845,2021-09-03,2026-09-02,125.0
FBY,listed-nyse,579,2023-07-28,2026-09-02,722.0
FC,listed-nyse,1254,2021-09-03,2026-09-02,25195.5
FCBD,listed-nyse,32,2024-12-23,2026-05-13,100.0
FCBM,listed-nyse,53,2026-06-18,2026-09-02,16967.0
FCF,listed-nyse,1254,2021-09-03,2026-09-02,275610.0
FCG,listed-nyse,1250,2021-09-03,2026-09-02,8196.5
FCN,listed-nyse,1254,2021-09-03,2026-09-02,74572.5
FCOM,listed-nyse,1195,2021-09-03,2026-09-02,1032.0
FCOR,listed-nyse,501,2021-10-12,2026-09-02,100.0
FCPT,listed-nyse,1254,2021-09-03,2026-09-02,205096.0
FCRS,listed-nyse,198,2025-11-17,2026-09-02,5901.0
FCSH,listed-nyse,47,2022-05-16,2026-08-11,100.0
FCUS,listed-nyse,26,2024-04-17,2026-09-01,100.0
FCX,listed-nyse,1254,2021-09-03,2026-09-02,3847842.0
FDAT,listed-nyse,146,2023-05-09,2026-08-28,117.0
FDD,listed-nyse,1066,2021-09-07,2026-09-02,722.5
FDG,listed-nyse,147,2022-03-15,2026-08-07,100.0
FDHY,listed-nyse,669,2021-09-22,2026-09-02,172.0
FDIS,listed-nyse,1205,2021-09-03,2026-09-02,756.0
FDL,listed-nyse,1250,2021-09-03,2026-09-02,8877.0
FDLO,listed-nyse,907,2021-09-16,2026-08-27,238.0
FDLS,listed-nyse,528,2022-10-28,2026-09-02,303.0
FDM,listed-nyse,201,2021-11-18,2026-09-02,100.0
FDMO,listed-nyse,523,2021-09-13,2026-09-01,166.0
FDN,listed-nyse,1254,2021-09-03,2026-09-02,6578.0
FDRR,listed-nyse,418,2021-09-09,2026-08-26,100.0
FDS,listed-nyse,1254,2021-09-03,2026-09-02,102821.0
FDV,listed-nyse,449,2022-11-21,2026-09-01,300.0
FDVV,listed-nyse,1155,2021-09-09,2026-09-02,1640.0
FDX,listed-nyse,1254,2021-09-03,2026-09-02,515551.0
FDXF,listed-nyse,66,2026-06-01,2026-09-02,402936.0
FE,listed-nyse,1254,2021-09-03,2026-09-02,1200886.0
FEAC,listed-nyse,12,2024-11-22,2026-08-20,100.0
FECM,listed-nyse,1,2026-09-01,2026-09-01,100.0
FEDM,listed-nyse,23,2022-02-28,2026-06-11,100.0
FEDU,listed-nyse,1168,2021-09-03,2026-09-02,257.0
FEGE,listed-nyse,358,2024-12-24,2026-09-02,14153.0
FEIG,listed-nyse,32,2022-04-11,2026-09-02,100.0
FELC,listed-nyse,679,2023-11-20,2026-09-02,14054.0
FELG,listed-nyse,672,2023-11-27,2026-09-02,5664.5
FELV,listed-nyse,628,2023-12-11,2026-09-02,724.0
FEMD,listed-nyse,20,2026-02-11,2026-08-20,100.0
FEMR,listed-nyse,94,2025-03-11,2026-09-01,194.5
FENG,listed-nyse,1248,2021-09-03,2026-09-02,1704.5
FENI,listed-nyse,516,2023-11-20,2026-09-02,7206.5
FENY,listed-nyse,1253,2021-09-03,2026-09-02,10469.0
FEOE,listed-nyse,352,2025-02-28,2026-09-02,7287.5
FERG,listed-nyse,1254,2021-09-03,2026-09-02,331784.0
FESM,listed-nyse,462,2023-12-08,2026-09-02,2243.0
FET,listed-nyse,1254,2021-09-03,2026-09-02,15177.5
FEUS,listed-nyse,16,2021-12-22,2026-07-07,100.0
FEZ,listed-nyse,1254,2021-09-03,2026-09-02,50349.5
FF,listed-nyse,1254,2021-09-03,2026-09-02,81798.5
FFA,listed-nyse,1254,2021-09-03,2026-09-02,4294.0
FFC,listed-nyse,1254,2021-09-03,2026-09-02,18525.5
FFIU,listed-nyse,85,2021-10-12,2026-08-25,100.0
FFLS,listed-nyse,235,2023-08-02,2026-09-02,169.0
FFLX,listed-nyse,17,2026-08-11,2026-09-02,1000.0
FFND,listed-nyse,245,2021-09-28,2026-09-02,505.0
FFOX,listed-nyse,162,2025-06-12,2026-08-26,500.0
FFTY,listed-nyse,1120,2021-09-03,2026-09-02,1254.5
FG,listed-nyse,941,2022-12-01,2026-09-02,51344.0
FGD,listed-nyse,982,2021-09-07,2026-09-02,510.5
FGDL,listed-nyse,292,2023-05-26,2026-08-20,119.5
FGN,listed-nyse,683,2023-12-12,2026-09-02,5762.0
FGSM,listed-nyse,8,2024-12-23,2026-07-13,364.5
FGSN,listed-nyse,407,2025-01-21,2026-09-02,5759.0
FHI,listed-nyse,1254,2021-09-03,2026-09-02,219531.5
FHLC,listed-nyse,1225,2021-09-03,2026-09-02,1107.0
FHN,listed-nyse,1254,2021-09-03,2026-09-02,1667221.0
FHYS,listed-nyse,205,2021-12-30,2026-09-02,100.0
FIAT,listed-nyse,471,2024-08-07,2026-09-02,1387.0
FIAX,listed-nyse,326,2022-12-09,2026-07-24,200.0
FICO,listed-nyse,1254,2021-09-03,2026-09-02,61922.0
FIDI,listed-nyse,351,2021-09-07,2026-08-28,120.0
FIDU,listed-nyse,1000,2021-09-03,2026-09-02,362.5
FIG,listed-nyse,285,2022-07-22,2026-09-02,2050856.0
FIGB,listed-nyse,543,2021-10-12,2026-09-02,120.0
FIGS,listed-nyse,1254,2021-09-03,2026-09-02,744500.0
FIIG,listed-nyse,639,2023-08-10,2026-09-02,921.0
FINA,listed-nyse,1,2026-07-24,2026-07-24,100.0
FINS,listed-nyse,1254,2021-09-03,2026-09-02,6355.0
FINT,listed-nyse,129,2024-12-23,2026-08-31,200.0
FINV,listed-nyse,1254,2021-09-03,2026-09-02,234572.0
FIRY,listed-nyse,52,2026-06-22,2026-09-02,36459.5
FIS,listed-nyse,1254,2021-09-03,2026-09-02,1352221.0
FISK,listed-nyse,19,2022-01-07,2026-07-30,200.0
FISR,listed-nyse,879,2021-09-24,2026-09-02,308.0
FITB,listed-nyse,1254,2021-09-03,2026-09-02,169867.0
FITE,listed-nyse,229,2021-09-07,2026-08-28,96.0
FITZ,listed-nyse,33,2026-05-28,2026-08-25,300.0
FIVA,listed-nyse,418,2021-10-04,2026-09-02,300.0
FIW,listed-nyse,700,2021-09-03,2026-09-02,101.0
FIX,listed-nyse,1254,2021-09-03,2026-09-02,88050.5
FIXP,listed-nyse,56,2025-01-23,2026-09-02,100.0
FIXT,listed-nyse,309,2023-06-23,2026-09-02,1494.0
FIZY,listed-nyse,6,2026-08-04,2026-09-02,8.5
FJET,listed-nyse,177,2025-12-18,2026-09-02,8760.0
FLAG,listed-nyse,230,2021-11-01,2023-09-12,241.5
FLAU,listed-nyse,70,2021-11-16,2026-09-01,100.0
FLAX,listed-nyse,68,2021-11-03,2026-08-19,100.0
FLBR,listed-nyse,622,2021-09-16,2026-09-01,276.5
FLC,listed-nyse,1254,2021-09-03,2026-09-02,5558.0
FLCA,listed-nyse,365,2021-10-12,2026-09-02,123.0
FLCB,listed-nyse,768,2021-09-23,2026-09-02,1637.5
FLCC,listed-nyse,19,2025-04-07,2026-08-25,100.0
FLCE,listed-nyse,52,2024-12-23,2026-07-13,163.0
FLCG,listed-nyse,108,2025-01-17,2026-08-21,100.0
FLCH,listed-nyse,707,2021-09-07,2026-09-02,275.0
FLCO,listed-nyse,725,2021-09-08,2026-09-01,300.0
FLCV,listed-nyse,16,2024-11-07,2026-08-20,100.0
FLEE,listed-nyse,772,2021-09-03,2026-09-01,109.5
FLEU,listed-nyse,64,2023-08-01,2026-09-02,200.0
FLG,listed-nyse,463,2024-10-28,2026-09-02,1580270.0
FLGB,listed-nyse,988,2021-09-03,2026-09-02,697.5
FLGR,listed-nyse,608,2021-09-08,2026-08-28,100.0
FLGV,listed-nyse,866,2021-09-03,2026-09-02,200.0
FLIN,listed-nyse,1016,2021-09-10,2026-09-02,1335.0
FLJH,listed-nyse,148,2022-06-09,2026-08-28,100.0
FLJP,listed-nyse,1189,2021-09-03,2026-09-02,8460.0
FLKR,listed-nyse,615,2021-10-20,2026-09-02,500.0
FLLA,listed-nyse,199,2021-12-17,2026-09-01,100.0
FLMB,listed-nyse,471,2021-09-10,2026-09-02,100.0
FLMI,listed-nyse,1053,2021-09-16,2026-09-02,800.0
FLMX,listed-nyse,262,2021-10-20,2026-08-12,106.5
FLNG,listed-nyse,1254,2021-09-03,2026-09-02,96399.5
FLO,listed-nyse,1254,2021-09-03,2026-09-02,593638.5
FLOC,listed-nyse,409,2025-01-16,2026-09-02,125554.0
FLOW,listed-nyse,205,2021-09-03,2026-08-31,76002.0
FLR,listed-nyse,1254,2021-09-03,2026-09-02,584061.5
FLRG,listed-nyse,339,2022-11-08,2026-09-02,127.0
FLRN,listed-nyse,1233,2021-09-03,2026-09-02,7421.0
FLRT,listed-nyse,741,2021-09-20,2026-09-01,501.0
FLS,listed-nyse,1254,2021-09-03,2026-09-02,378398.0
FLSA,listed-nyse,76,2021-10-13,2026-02-20,94.5
FLSP,listed-nyse,135,2022-04-22,2026-09-02,100.0
FLSW,listed-nyse,135,2022-06-07,2026-08-21,80.0
FLTB,listed-nyse,556,2021-09-08,2026-09-02,105.5
FLTR,listed-nyse,1225,2021-09-03,2026-09-02,4533.0
FLTW,listed-nyse,641,2021-10-28,2026-09-01,411.0
FLUD,listed-nyse,243,2021-09-21,2026-09-02,297.0
FLUT,listed-nyse,652,2024-01-29,2026-09-02,375010.0
FLV,listed-nyse,70,2021-09-15,2026-08-10,100.0
FLXR,listed-nyse,551,2024-06-24,2026-09-02,18350.0
FLYD,listed-nyse,472,2022-06-23,2026-09-02,226.5
FLYU,listed-nyse,181,2022-06-28,2026-08-04,65.0
FLYX,listed-nyse,453,2023-12-28,2026-09-02,609.0
FMAT,listed-nyse,852,2021-09-03,2026-09-02,200.0
FMC,listed-nyse,1254,2021-09-03,2026-09-02,506018.0
FMCE,listed-nyse,3,2024-11-13,2025-05-14,36.0
FMDE,listed-nyse,653,2023-11-20,2026-09-02,3553.0
FMF,listed-nyse,355,2021-09-22,2026-09-01,100.0
FMKT,listed-nyse,129,2025-06-10,2026-08-28,340.0
FMN,listed-nyse,1254,2021-09-03,2026-09-02,6460.5
FMNY,listed-nyse,115,2021-09-23,2026-08-31,100.0
FMQQ,listed-nyse,104,2021-09-29,2026-08-18,100.0
FMS,listed-nyse,1254,2021-09-03,2026-09-02,121044.0
FMTL,listed-nyse,15,2026-01-08,2026-06-24,100.0
FMX,listed-nyse,1254,2021-09-03,2026-09-02,129591.5
FMY,listed-nyse,1202,2021-09-03,2026-09-02,648.5
FN,listed-nyse,1254,2021-09-03,2026-09-02,113362.0
FNB,listed-nyse,1254,2021-09-03,2026-09-02,889660.5
FNCL,listed-nyse,1195,2021-09-03,2026-09-02,775.0
FND,listed-nyse,1254,2021-09-03,2026-09-02,423714.5
FNDA,listed-nyse,1253,2021-09-03,2026-09-02,6586.0
FNDB,listed-nyse,848,2021-09-08,2026-09-02,533.0
FNDC,listed-nyse,1202,2021-09-03,2026-09-02,1800.0
FNDE,listed-nyse,1254,2021-09-03,2026-09-02,16471.5
FNDF,listed-nyse,1254,2021-09-03,2026-09-02,16941.5
FNDX,listed-nyse,1254,2021-09-03,2026-09-02,8304.5
FNF,listed-nyse,1254,2021-09-03,2026-09-02,525117.5
FNGD,listed-nyse,1254,2021-09-03,2026-09-02,72611.5
FNGG,listed-nyse,333,2021-12-06,2026-08-04,99.0
FNGO,listed-nyse,294,2021-09-03,2026-08-31,100.0
FNGS,listed-nyse,870,2021-09-16,2026-09-01,1200.5
FNGU,listed-nyse,1176,2021-09-03,2026-09-02,20610.5
FNV,listed-nyse,1254,2021-09-03,2026-09-02,157363.0
FOA,listed-nyse,1254,2021-09-03,2026-09-02,33005.0
FOF,listed-nyse,1254,2021-09-03,2026-09-02,6258.0
FOIL,listed-nyse,14,2026-08-12,2026-09-02,7898.0
FOPC,listed-nyse,121,2025-01-03,2026-08-20,100.0
FOR,listed-nyse,1254,2021-09-03,2026-09-02,53018.0
FOUR,listed-nyse,1254,2021-09-03,2026-09-02,318342.0
FOXY,listed-nyse,40,2025-02-19,2026-09-02,100.0
FPE,listed-nyse,1254,2021-09-03,2026-09-02,17610.5
FPEI,listed-nyse,1220,2021-09-07,2026-09-02,2996.5
FPF,listed-nyse,1254,2021-09-03,2026-09-02,19400.5
FPH,listed-nyse,1254,2021-09-03,2026-09-02,25364.5
FPI,listed-nyse,1254,2021-09-03,2026-09-02,133020.0
FPS,listed-nyse,145,2026-02-05,2026-09-02,1022402.0
FPWR,listed-nyse,11,2025-10-03,2026-08-06,100.0
FPX,listed-nyse,1063,2021-09-03,2026-09-01,218.0
FQAL,listed-nyse,741,2021-09-03,2026-09-02,201.0
FR,listed-nyse,1254,2021-09-03,2026-09-02,353042.5
FRA,listed-nyse,1254,2021-09-03,2026-09-02,24663.5
FREL,listed-nyse,1253,2021-09-03,2026-09-02,5139.0
FRGN,listed-nyse,8,2026-02-25,2026-07-31,300.0
FRI,listed-nyse,913,2021-09-03,2026-09-02,600.0
FRO,listed-nyse,1254,2021-09-03,2026-09-02,626680.5
FRT,listed-nyse,1254,2021-09-03,2026-09-02,228982.5
FRTY,listed-nyse,337,2021-09-07,2026-08-21,379.0
FSCC,listed-nyse,54,2025-02-20,2026-08-31,100.0
FSCO,listed-nyse,953,2022-11-14,2026-09-02,114909.0
FSEC,listed-nyse,425,2023-04-21,2026-09-02,1000.0
FSI,listed-nyse,344,2021-09-14,2026-09-02,100.5
FSIG,listed-nyse,953,2021-12-01,2026-09-02,2725.0
FSK,listed-nyse,1254,2021-09-03,2026-09-02,348039.5
FSM,listed-nyse,1254,2021-09-03,2026-09-02,1097737.5
FSMB,listed-nyse,1022,2021-09-24,2026-09-02,900.0
FSMD,listed-nyse,511,2021-10-26,2026-09-02,210.0
FSOL,listed-nyse,196,2025-11-18,2026-09-02,4410.5
FSP,listed-nyse,1254,2021-09-03,2026-09-02,11638.0
FSPC,listed-nyse,1,2026-08-04,2026-08-04,200.0
FSS,listed-nyse,1254,2021-09-03,2026-09-02,127783.5
FSSL,listed-nyse,201,2025-11-13,2026-09-02,54853.0
FSTA,listed-nyse,1108,2021-09-03,2026-09-02,494.5
FSYD,listed-nyse,283,2022-03-10,2026-09-01,100.0
FT,listed-nyse,1254,2021-09-03,2026-09-02,6885.5
FTBD,listed-nyse,92,2023-02-03,2026-08-03,100.0
FTBI,listed-nyse,27,2025-06-17,2026-08-27,100.0
FTCA,listed-nyse,177,2025-10-28,2026-09-02,1100.0
FTCB,listed-nyse,521,2023-12-14,2026-09-02,5454.0
FTCE,listed-nyse,61,2024-10-15,2026-08-24,115.0
FTEC,listed-nyse,1254,2021-09-03,2026-09-02,2750.5
FTF,listed-nyse,1213,2021-09-03,2026-09-02,3090.0
FTHB,listed-nyse,7,2026-03-19,2026-08-14,100.0
FTHF,listed-nyse,20,2024-01-23,2026-09-01,100.0
FTHY,listed-nyse,1254,2021-09-03,2026-09-02,13613.0
FTI,listed-nyse,1254,2021-09-03,2026-09-02,1144400.0
FTIF,listed-nyse,4,2025-09-24,2026-03-30,76.0
FTK,listed-nyse,1254,2021-09-03,2026-09-02,45169.5
FTKI,listed-nyse,22,2025-10-07,2026-07-30,250.0
FTLS,listed-nyse,447,2021-09-10,2026-09-02,125.0
FTMA,listed-nyse,152,2025-11-11,2026-09-01,580.5
FTMH,listed-nyse,175,2025-10-28,2026-09-02,621.0
FTMN,listed-nyse,114,2025-11-11,2026-09-02,304.5
FTMS,listed-nyse,133,2025-10-28,2026-09-02,396.0
FTMU,listed-nyse,171,2025-10-28,2026-09-02,545.0
FTNJ,listed-nyse,137,2025-11-14,2026-09-02,487.0
FTNY,listed-nyse,157,2025-10-28,2026-09-01,500.0
FTOH,listed-nyse,80,2025-11-11,2026-08-28,159.0
FTPA,listed-nyse,125,2021-09-21,2026-08-31,200.0
FTRA,listed-nyse,22,2026-07-27,2026-09-02,450.0
FTRB,listed-nyse,407,2024-01-05,2026-09-02,200.0
FTS,listed-nyse,1254,2021-09-03,2026-09-02,215013.5
FTSD,listed-nyse,481,2021-09-03,2026-08-28,100.0
FTV,listed-nyse,1254,2021-09-03,2026-09-02,769366.5
FTW,listed-nyse,209,2025-11-03,2026-09-02,14474.0
FTWO,listed-nyse,669,2023-09-28,2026-09-02,1243.0
FUBO,listed-nyse,1254,2021-09-03,2026-09-02,1700956.5
FUL,listed-nyse,1254,2021-09-03,2026-09-02,131515.5
FUMB,listed-nyse,940,2021-09-07,2026-09-01,516.0
FUN,listed-nyse,1254,2021-09-03,2026-09-02,100006.0
FURY,listed-nyse,704,2021-09-03,2026-09-02,500.0
FUSI,listed-nyse,52,2023-05-25,2026-09-02,100.0
FUTY,listed-nyse,1226,2021-09-03,2026-09-02,2451.0
FVAL,listed-nyse,737,2021-09-07,2026-08-20,300.0
FVD,listed-nyse,1254,2021-09-03,2026-09-02,15925.5
FVR,listed-nyse,481,2024-10-02,2026-09-02,48836.0
FVRR,listed-nyse,1254,2021-09-03,2026-09-02,200338.0
FWD,listed-nyse,342,2024-03-04,2026-09-02,300.0
FXA,listed-nyse,602,2021-09-29,2026-08-27,204.0
FXB,listed-nyse,651,2021-10-08,2026-09-02,223.0
FXC,listed-nyse,844,2021-09-17,2026-09-02,500.0
FXD,listed-nyse,951,2021-09-07,2026-08-25,464.0
FXE,listed-nyse,1019,2021-09-03,2026-09-02,861.0
FXED,listed-nyse,621,2023-04-03,2026-09-02,417.0
FXF,listed-nyse,767,2021-09-28,2026-09-02,632.0
FXG,listed-nyse,952,2021-09-03,2026-09-02,301.0
FXH,listed-nyse,841,2021-09-08,2026-09-02,250.0
FXI,listed-nyse,1254,2021-09-03,2026-09-02,885126.5
FXL,listed-nyse,734,2021-09-08,2026-09-02,137.5
FXN,listed-nyse,1244,2021-09-03,2026-09-02,16369.0
FXO,listed-nyse,1144,2021-09-03,2026-09-02,742.5
FXP,listed-nyse,364,2021-09-14,2026-07-31,150.0
FXR,listed-nyse,1133,2021-09-03,2026-09-02,800.0
FXU,listed-nyse,1108,2021-09-07,2026-09-02,2467.5
FXY,listed-nyse,978,2021-09-30,2026-09-02,2221.5
FXZ,listed-nyse,1089,2021-09-09,2026-09-02,500.0
G,listed-nyse,1254,2021-09-03,2026-09-02,451209.0
GAB,listed-nyse,1254,2021-09-03,2026-09-02,99322.0
GABF,listed-nyse,159,2024-02-13,2026-07-01,309.0
GAEM,listed-nyse,32,2024-10-07,2026-09-02,100.0
GAL,listed-nyse,306,2021-10-26,2026-08-24,200.0
GALX,listed-nyse,12,2026-07-17,2026-08-27,57.0
GAM,listed-nyse,1254,2021-09-03,2026-09-02,4064.5
GAMR,listed-nyse,95,2021-10-14,2026-07-30,32.0
GAP,listed-nyse,509,2024-08-22,2026-09-02,1905508.0
GATX,listed-nyse,1254,2021-09-03,2026-09-02,63874.0
GAU,listed-nyse,1115,2021-09-03,2026-09-02,12561.0
GBAB,listed-nyse,1254,2021-09-03,2026-09-02,9629.5
GBCI,listed-nyse,1254,2021-09-03,2026-09-02,233961.0
GBHI,listed-nyse,5,2025-11-18,2026-04-29,100.0
GBIL,listed-nyse,1215,2021-09-03,2026-09-02,2827.0
GBND,listed-nyse,77,2025-11-04,2026-09-01,200.0
GBR,listed-nyse,381,2021-09-07,2026-08-03,200.0
GBTC,listed-nyse,663,2024-01-11,2026-09-02,114766.0
GBTG,listed-nyse,1069,2022-05-31,2026-09-02,207219.0
GBX,listed-nyse,1254,2021-09-03,2026-09-02,112564.0
GCAD,listed-nyse,74,2023-02-21,2026-09-01,200.0
GCAL,listed-nyse,117,2024-08-30,2026-08-28,200.0
GCC,listed-nyse,501,2021-09-15,2026-09-02,245.0
GCDT,listed-nyse,82,2026-01-13,2026-08-28,300.0
GCLO,listed-nyse,2,2026-08-25,2026-08-31,752.0
GCO,listed-nyse,1254,2021-09-03,2026-09-02,57789.0
GCOR,listed-nyse,799,2021-09-03,2026-09-01,200.0
GCPB,listed-nyse,18,2026-08-10,2026-09-02,1267.0
GCSH,listed-nyse,5,2026-07-15,2026-08-20,200.0
GCTS,listed-nyse,611,2024-03-27,2026-09-02,37001.0
GCV,listed-nyse,1253,2021-09-03,2026-09-02,4512.0
GD,listed-nyse,1254,2021-09-03,2026-09-02,394886.0
GDDY,listed-nyse,1254,2021-09-03,2026-09-02,449257.5
GDIV,listed-nyse,939,2022-07-08,2026-09-02,1988.0
GDL,listed-nyse,1236,2021-09-07,2026-09-02,2886.5
GDLC,listed-nyse,189,2025-09-19,2026-09-02,600.0
GDO,listed-nyse,1254,2021-09-03,2026-09-02,5509.5
GDOC,listed-nyse,62,2021-12-03,2026-04-23,133.0
GDOG,listed-nyse,162,2025-11-24,2026-09-02,938.5
GDOT,listed-nyse,1254,2021-09-03,2026-09-02,188690.5
GDV,listed-nyse,1254,2021-09-03,2026-09-02,26702.0
GDX,listed-nyse,1254,2021-09-03,2026-09-02,590292.5
GDXD,listed-nyse,1113,2021-09-03,2026-09-02,16830.0
GDXJ,listed-nyse,1254,2021-09-03,2026-09-02,173315.5
GDXU,listed-nyse,1247,2021-09-03,2026-09-02,5957.0
GDXY,listed-nyse,512,2024-05-21,2026-09-02,3026.0
GE,listed-nyse,1254,2021-09-03,2026-09-02,1625632.0
GEEQ,listed-nyse,1,2026-08-25,2026-08-25,100.0
GEF,listed-nyse,1254,2021-09-03,2026-09-02,72312.5
GEF B,listed-nyse,1254,2021-09-03,2026-09-02,6133.5
GEL,listed-nyse,1254,2021-09-03,2026-09-02,102812.5
GEM,listed-nyse,999,2021-09-07,2026-09-02,500.0
GENC,listed-nyse,927,2021-09-03,2026-09-02,140.0
GEND,listed-nyse,80,2025-02-10,2026-09-01,57.0
GENI,listed-nyse,1254,2021-09-03,2026-09-02,531131.0
GENM,listed-nyse,121,2024-07-03,2026-09-01,100.0
GENT,listed-nyse,220,2024-06-17,2026-09-02,100.0
GENW,listed-nyse,32,2025-02-12,2026-08-28,100.0
GEO,listed-nyse,1254,2021-09-03,2026-09-02,597419.5
GETY,listed-nyse,1032,2022-07-25,2026-09-02,151691.5
GEV,listed-nyse,608,2024-04-02,2026-09-02,621600.5
GF,listed-nyse,1254,2021-09-03,2026-09-02,4656.0
GFF,listed-nyse,1254,2021-09-03,2026-09-02,134366.0
GFI,listed-nyse,1254,2021-09-03,2026-09-02,843603.5
GFL,listed-nyse,1254,2021-09-03,2026-09-02,295980.5
GFR,listed-nyse,740,2023-09-21,2026-09-02,15025.5
GGB,listed-nyse,1254,2021-09-03,2026-09-02,1427450.5
GGG,listed-nyse,1254,2021-09-03,2026-09-02,297318.0
GGM,listed-nyse,81,2021-09-03,2026-08-31,490.0
GGME,listed-nyse,83,2023-08-30,2026-08-21,100.0
GGN,listed-nyse,1254,2021-09-03,2026-09-02,10802.5
GGOV,listed-nyse,71,2025-11-03,2026-09-02,1400.0
GGRW,listed-nyse,19,2026-01-02,2026-08-20,100.0
GGT,listed-nyse,1254,2021-09-03,2026-09-02,10099.0
GGTL,listed-nyse,20,2025-12-23,2026-09-02,11.5
GGUS,listed-nyse,30,2024-12-11,2026-08-21,97.5
GGZ,listed-nyse,1252,2021-09-03,2026-09-02,2708.5
GHC,listed-nyse,1254,2021-09-03,2026-09-02,6611.0
GHG,listed-nyse,1254,2021-09-03,2026-09-02,2409.5
GHI,listed-nyse,939,2022-12-05,2026-09-02,5565.0
GHM,listed-nyse,1254,2021-09-03,2026-09-02,12888.5
GHY,listed-nyse,1254,2021-09-03,2026-09-02,33352.0
GHYB,listed-nyse,336,2021-09-03,2026-09-02,100.0
GIAX,listed-nyse,146,2024-08-23,2026-09-02,106.0
GIB,listed-nyse,1254,2021-09-03,2026-09-02,54723.5
GIC,listed-nyse,1254,2021-09-03,2026-09-02,25318.5
GIGB,listed-nyse,790,2021-09-03,2026-09-01,256.0
GIGL,listed-nyse,90,2025-11-12,2026-09-02,200.0
GII,listed-nyse,415,2021-10-05,2026-08-31,100.0
GIL,listed-nyse,1254,2021-09-03,2026-09-02,188114.0
GINC,listed-nyse,4,2026-08-13,2026-09-02,250.0
GINN,listed-nyse,197,2021-09-14,2026-08-31,100.0
GIS,listed-nyse,1254,2021-09-03,2026-09-02,1561101.5
GISC,listed-nyse,12,2026-06-16,2026-09-02,100.0
GJH,listed-nyse,625,2021-09-13,2026-09-01,301.0
GJO,listed-nyse,585,2021-09-08,2026-08-28,251.0
GJP,listed-nyse,458,2021-09-03,2026-09-02,129.0
GJR,listed-nyse,539,2021-09-08,2026-09-02,90.0
GJS,listed-nyse,761,2021-09-03,2026-09-01,212.0
GJT,listed-nyse,649,2021-09-03,2026-08-31,251.0
GK,listed-nyse,117,2021-09-03,2026-08-27,100.0
GKOS,listed-nyse,1254,2021-09-03,2026-09-02,175366.0
GL,listed-nyse,1254,2021-09-03,2026-09-02,213069.5
GLAS,listed-nyse,46,2026-06-30,2026-09-02,84401.5
GLD,listed-nyse,1254,2021-09-03,2026-09-02,194580.5
GLDG,listed-nyse,1131,2021-09-03,2026-09-02,5533.0
GLDM,listed-nyse,1254,2021-09-03,2026-09-02,44637.5
GLDN,listed-nyse,5,2026-02-19,2026-08-18,100.0
GLED,listed-nyse,77,2026-04-14,2026-09-02,1052.0
GLIN,listed-nyse,300,2021-09-07,2026-09-01,102.5
GLIX,listed-nyse,10,2025-10-07,2026-08-10,100.0
GLL,listed-nyse,1095,2021-09-03,2026-09-02,2002.0
GLNK,listed-nyse,181,2025-12-02,2026-09-02,4000.0
GLO,listed-nyse,1210,2021-09-03,2026-09-02,3706.5
GLOB,listed-nyse,1254,2021-09-03,2026-09-02,125588.0
GLOF,listed-nyse,108,2023-03-17,2026-09-01,100.0
GLP,listed-nyse,1254,2021-09-03,2026-09-02,16194.5
GLQ,listed-nyse,1107,2021-09-03,2026-09-02,1040.0
GLRY,listed-nyse,378,2021-10-11,2026-09-02,407.0
GLTR,listed-nyse,550,2021-09-10,2026-09-02,169.0
GLU,listed-nyse,406,2021-09-14,2026-09-02,100.0
GLV,listed-nyse,850,2021-09-08,2026-08-31,600.0
GLW,listed-nyse,1254,2021-09-03,2026-09-02,1523894.5
GM,listed-nyse,1254,2021-09-03,2026-09-02,3582310.0
GME,listed-nyse,1254,2021-09-03,2026-09-02,879401.5
GMED,listed-nyse,1254,2021-09-03,2026-09-02,299686.0
GMEY,listed-nyse,26,2025-09-22,2026-09-01,100.0
GMF,listed-nyse,287,2021-09-20,2026-08-17,100.0
GMMA,listed-nyse,60,2024-10-03,2026-08-24,100.0
GMMF,listed-nyse,268,2025-02-18,2026-09-02,520.5
GMNY,listed-nyse,101,2024-09-06,2026-09-01,100.0
GMOC,listed-nyse,2,2026-01-28,2026-06-03,750.0
GMOD,listed-nyse,7,2025-10-14,2026-07-07,100.0
GMOI,listed-nyse,168,2024-10-30,2026-09-02,300.0
GMOV,listed-nyse,99,2025-03-07,2026-08-28,121.0
GMRS,listed-nyse,78,2026-05-13,2026-09-02,173833.5
GMTL,listed-nyse,114,2026-03-23,2026-09-02,3567.5
GMUB,listed-nyse,229,2024-08-09,2026-09-02,300.0
GNE,listed-nyse,1254,2021-09-03,2026-09-02,26751.0
GNK,listed-nyse,1254,2021-09-03,2026-09-02,221614.0
GNL,listed-nyse,1254,2021-09-03,2026-09-02,474363.5
GNR,listed-nyse,1217,2021-09-03,2026-09-02,1357.0
GNRC,listed-nyse,1254,2021-09-03,2026-09-02,253094.0
GNS,listed-nyse,1043,2022-04-12,2026-09-02,5607.0
GNT,listed-nyse,1254,2021-09-03,2026-09-02,10034.5
GNW,listed-nyse,1254,2021-09-03,2026-09-02,1190692.0
GOAU,listed-nyse,355,2021-09-13,2026-09-01,100.0
GOEX,listed-nyse,130,2021-09-24,2026-08-24,100.0
GOF,listed-nyse,1254,2021-09-03,2026-09-02,112525.0
GOLD,listed-nyse,1112,2021-09-03,2026-09-02,3007232.5
GOLF,listed-nyse,1254,2021-09-03,2026-09-02,110255.0
GOLS,listed-nyse,8,2026-01-08,2026-09-02,100.0
GOOS,listed-nyse,1254,2021-09-03,2026-09-02,238362.5
GOOY,listed-nyse,656,2023-07-31,2026-09-02,1793.5
GORO,listed-nyse,1185,2021-09-03,2026-09-02,6318.0
GOTU,listed-nyse,1254,2021-09-03,2026-09-02,296291.5
GPC,listed-nyse,1254,2021-09-03,2026-09-02,371719.5
GPGI,listed-nyse,154,2026-01-23,2026-09-02,755250.0
GPI,listed-nyse,1254,2021-09-03,2026-09-02,48152.5
GPJA,listed-nyse,1254,2021-09-03,2026-09-02,3591.0
GPK,listed-nyse,1254,2021-09-03,2026-09-02,898888.5
GPMT,listed-nyse,1254,2021-09-03,2026-09-02,119278.5
GPN,listed-nyse,1254,2021-09-03,2026-09-02,701597.0
GPOR,listed-nyse,1254,2021-09-03,2026-09-02,52927.0
GPRK,listed-nyse,1254,2021-09-03,2026-09-02,89666.5
GPTY,listed-nyse,274,2025-01-23,2026-09-01,110.0
GPUS,listed-nyse,452,2024-09-10,2026-09-02,22081.5
GPZ,listed-nyse,195,2025-07-28,2026-09-02,971.0
GQGU,listed-nyse,88,2025-07-18,2026-09-02,300.0
GQI,listed-nyse,50,2024-02-16,2026-09-02,104.0
GQRE,listed-nyse,83,2021-12-21,2026-08-26,100.0
GRBK,listed-nyse,1254,2021-09-03,2026-09-02,118399.5
GRC,listed-nyse,1254,2021-09-03,2026-09-02,28472.0
GRDN,listed-nyse,485,2024-09-26,2026-09-02,79856.0
GREK,listed-nyse,679,2021-09-03,2026-09-01,241.0
GRF,listed-nyse,100,2021-09-20,2026-06-05,100.0
GRMN,listed-nyse,1254,2021-09-03,2026-09-02,295783.0
GRN,listed-nyse,138,2021-09-08,2026-02-27,117.5
GRNB,listed-nyse,366,2021-09-14,2026-08-28,100.0
GRND,listed-nyse,949,2022-11-18,2026-09-02,249157.0
GRNI,listed-nyse,54,2025-11-18,2026-08-21,100.0
GRNJ,listed-nyse,183,2025-11-18,2026-09-02,753.0
GRNT,listed-nyse,967,2022-10-25,2026-09-02,157951.0
GRNY,listed-nyse,455,2024-11-07,2026-09-02,47161.0
GRO,listed-nyse,396,2024-11-27,2026-09-02,2320.0
GROV,listed-nyse,1056,2022-06-17,2026-09-02,13658.5
GROY,listed-nyse,1251,2021-09-03,2026-09-02,16421.0
GRPM,listed-nyse,417,2023-08-29,2026-08-13,200.0
GRX,listed-nyse,1254,2021-09-03,2026-09-02,5963.5
GS,listed-nyse,1254,2021-09-03,2026-09-02,703699.0
GSBD,listed-nyse,1254,2021-09-03,2026-09-02,134472.0
GSC,listed-nyse,157,2023-12-28,2026-08-28,100.0
GSEU,listed-nyse,104,2021-09-20,2026-07-27,100.0
GSG,listed-nyse,1254,2021-09-03,2026-09-02,15368.5
GSIE,listed-nyse,1254,2021-09-03,2026-09-02,8119.5
GSJY,listed-nyse,18,2022-12-14,2026-07-20,150.0
GSK,listed-nyse,1251,2021-09-03,2026-09-02,758628.0
GSL,listed-nyse,1254,2021-09-03,2026-09-02,119715.5
GSLC,listed-nyse,1254,2021-09-03,2026-09-02,2680.5
GSOL,listed-nyse,212,2025-10-29,2026-09-02,55224.0
GSPY,listed-nyse,95,2021-12-16,2026-08-24,100.0
GSSC,listed-nyse,578,2021-09-07,2026-09-01,124.5
GSUI,listed-nyse,90,2026-02-19,2026-08-31,916.0
GSY,listed-nyse,1218,2021-09-03,2026-09-02,3618.0
GTE,listed-nyse,1254,2021-09-03,2026-09-02,12199.5
GTEK,listed-nyse,397,2021-09-16,2026-09-02,200.0
GTES,listed-nyse,1254,2021-09-03,2026-09-02,552990.0
GTN,listed-nyse,1254,2021-09-03,2026-09-02,351913.5
GTN A,listed-nyse,1248,2021-09-03,2026-09-02,223.5
GTO,listed-nyse,1170,2021-09-03,2026-09-02,866.5
GTY,listed-nyse,1254,2021-09-03,2026-09-02,126341.5
GUG,listed-nyse,1197,2021-11-24,2026-09-02,14348.0
GUMI,listed-nyse,66,2024-10-03,2026-09-01,100.0
GUNR,listed-nyse,1254,2021-09-03,2026-09-02,16339.0
GURU,listed-nyse,259,2021-09-03,2026-07-28,105.0
GUSA,listed-nyse,19,2022-06-01,2026-03-26,100.0
GUSH,listed-nyse,1254,2021-09-03,2026-09-02,9065.5
GUT,listed-nyse,1254,2021-09-03,2026-09-02,16587.5
GVA,listed-nyse,1254,2021-09-03,2026-09-02,148008.0
GVIP,listed-nyse,92,2021-09-22,2026-07-23,100.0
GVLU,listed-nyse,272,2023-02-02,2026-08-31,300.0
GVUS,listed-nyse,8,2025-12-12,2026-08-25,100.0
GWH,listed-nyse,1229,2021-10-11,2026-09-02,138682.0
GWRE,listed-nyse,1254,2021-09-03,2026-09-02,218955.0
GWW,listed-nyse,1254,2021-09-03,2026-09-02,88208.5
GWX,listed-nyse,787,2021-09-03,2026-09-02,243.0
GXC,listed-nyse,886,2021-09-03,2026-08-26,300.0
GXIG,listed-nyse,67,2025-06-18,2026-08-12,400.0
GXLC,listed-nyse,1,2026-02-09,2026-02-09,72.0
GXO,listed-nyse,1254,2021-09-03,2026-09-02,288900.0
GXPC,listed-nyse,178,2025-08-01,2026-09-02,375.0
GXPD,listed-nyse,64,2025-08-27,2026-09-01,200.0
GXPE,listed-nyse,1,2026-03-24,2026-03-24,1.0
GXPS,listed-nyse,26,2025-11-28,2026-09-02,104.0
GXPT,listed-nyse,183,2025-07-29,2026-09-02,300.0
GXRP,listed-nyse,169,2025-11-24,2026-09-02,609.0
GXUS,listed-nyse,6,2025-11-14,2026-07-13,158.0
GYLD,listed-nyse,664,2021-11-18,2026-09-02,713.0
H,listed-nyse,1254,2021-09-03,2026-09-02,228579.0
HACK,listed-nyse,1171,2021-09-03,2026-09-02,575.0
HAE,listed-nyse,1254,2021-09-03,2026-09-02,161808.5
HAFN,listed-nyse,603,2024-04-09,2026-09-02,382886.0
HAIL,listed-nyse,175,2021-09-07,2026-08-11,100.0
HAKY,listed-nyse,6,2026-01-26,2026-08-13,100.0
HAL,listed-nyse,1254,2021-09-03,2026-09-02,2999343.0
HAP,listed-nyse,220,2021-09-10,2026-08-25,100.0
HAPI,listed-nyse,82,2023-12-07,2026-07-01,172.5
HAPS,listed-nyse,22,2023-06-07,2024-08-26,10.5
HARD,listed-nyse,147,2023-07-26,2026-09-02,200.0
HASI,listed-nyse,1254,2021-09-03,2026-09-02,331588.0
HAUZ,listed-nyse,1030,2021-09-07,2026-09-01,600.0
HAWK,listed-nyse,82,2026-05-07,2026-09-02,227284.0
HAWX,listed-nyse,231,2022-03-03,2026-08-19,100.0
HAYW,listed-nyse,1254,2021-09-03,2026-09-02,503120.5
HBB,listed-nyse,1254,2021-09-03,2026-09-02,7558.0
HBM,listed-nyse,1254,2021-09-03,2026-09-02,647973.5
HBRD,listed-nyse,1,2026-05-05,2026-05-05,100.0
HBTA,listed-nyse,65,2025-04-09,2026-09-02,200.0
HCA,listed-nyse,1254,2021-09-03,2026-09-02,402584.5
HCC,listed-nyse,1254,2021-09-03,2026-09-02,252902.5
HCI,listed-nyse,1254,2021-09-03,2026-09-02,31845.0
HCMT,listed-nyse,456,2023-06-28,2026-09-02,1404.5
HCWC,listed-nyse,251,2024-09-16,2026-09-02,501.0
HCXY,listed-nyse,977,2021-09-03,2026-09-02,300.0
HD,listed-nyse,1254,2021-09-03,2026-09-02,1192359.5
HDB,listed-nyse,1254,2021-09-03,2026-09-02,615139.0
HDEF,listed-nyse,1222,2021-09-07,2026-09-02,2400.0
HDG,listed-nyse,127,2021-09-08,2026-07-15,200.0
HDGE,listed-nyse,1054,2021-09-03,2026-09-01,1100.0
HDLB,listed-nyse,16,2022-01-06,2026-06-03,100.0
HDMV,listed-nyse,823,2021-09-03,2026-08-31,100.0
HDUS,listed-nyse,45,2023-07-14,2026-08-31,82.0
HDV,listed-nyse,1252,2021-09-03,2026-09-02,6694.0
HE,listed-nyse,1254,2021-09-03,2026-09-02,516323.5
HECA,listed-nyse,230,2025-07-01,2026-09-02,780.5
HEDG,listed-nyse,42,2025-10-13,2026-08-24,200.0
HEDJ,listed-nyse,1087,2021-09-03,2026-09-02,400.0
HEFT,listed-nyse,51,2025-11-21,2026-08-25,100.0
HEI,listed-nyse,1254,2021-09-03,2026-09-02,122043.0
HEI A,listed-nyse,1254,2021-09-03,2026-09-02,70274.5
HELO,listed-nyse,597,2023-10-03,2026-09-02,557.0
HELS,listed-nyse,105,2025-12-11,2026-09-02,1006.0
HEQ,listed-nyse,1254,2021-09-03,2026-09-02,7658.5
HEQT,listed-nyse,451,2022-01-24,2026-09-02,300.0
HESM,listed-nyse,1254,2021-09-03,2026-09-02,236019.0
HEWJ,listed-nyse,1020,2021-09-03,2026-09-02,828.5
HEZU,listed-nyse,942,2021-09-03,2026-08-31,500.0
HF,listed-nyse,414,2023-08-07,2026-09-02,100.0
HFEQ,listed-nyse,165,2025-10-10,2026-09-02,100.0
HFGM,listed-nyse,297,2025-04-15,2026-09-02,2222.0
HFMF,listed-nyse,169,2025-07-17,2026-09-02,579.0
HFND,listed-nyse,443,2022-10-11,2026-09-02,314.0
HFRO,listed-nyse,1254,2021-09-03,2026-09-02,24793.0
HFXI,listed-nyse,798,2021-09-21,2026-09-02,402.5
HG,listed-nyse,704,2023-11-10,2026-09-02,152695.0
HGER,listed-nyse,996,2022-02-10,2026-09-02,3673.5
HGLB,listed-nyse,1254,2021-09-03,2026-09-02,7103.5
HGRO,listed-nyse,180,2025-06-13,2026-08-28,437.0
HGTY,listed-nyse,1191,2021-12-03,2026-09-02,28005.0
HGV,listed-nyse,1254,2021-09-03,2026-09-02,271450.0
HHH,listed-nyse,770,2021-10-25,2026-09-02,116160.0
HIBL,listed-nyse,1102,2021-09-07,2026-09-02,482.0
HIBS,listed-nyse,1229,2021-09-07,2026-09-02,5394.0
HIDV,listed-nyse,15,2024-07-26,2026-06-29,63.0
HIG,listed-nyse,1254,2021-09-03,2026-09-02,634900.5
HIGH,listed-nyse,532,2023-02-08,2026-09-01,721.0
HII,listed-nyse,1254,2021-09-03,2026-09-02,130996.5
HIMS,listed-nyse,1254,2021-09-03,2026-09-02,1309975.0
HIO,listed-nyse,1254,2021-09-03,2026-09-02,48666.0
HIPO,listed-nyse,1254,2021-09-03,2026-09-02,53243.0
HIPS,listed-nyse,243,2021-09-20,2026-08-31,107.0
HIW,listed-nyse,1254,2021-09-03,2026-09-02,357330.0
HIX,listed-nyse,1254,2021-09-03,2026-09-02,44775.5
HIYY,listed-nyse,66,2025-09-23,2026-08-31,100.0
HKD,listed-nyse,1038,2022-07-15,2026-09-02,41711.5
HL,listed-nyse,1254,2021-09-03,2026-09-02,2148857.5
HLF,listed-nyse,1254,2021-09-03,2026-09-02,432336.5
HLI,listed-nyse,1254,2021-09-03,2026-09-02,125156.5
HLIO,listed-nyse,1253,2021-09-03,2026-09-02,61756.0
HLLY,listed-nyse,1254,2021-09-03,2026-09-02,147433.5
HLN,listed-nyse,1033,2022-07-22,2026-09-02,1005864.0
HLT,listed-nyse,1254,2021-09-03,2026-09-02,529601.5
HMC,listed-nyse,1254,2021-09-03,2026-09-02,267457.5
HMN,listed-nyse,1254,2021-09-03,2026-09-02,96203.5
HMOP,listed-nyse,770,2021-09-03,2026-09-02,200.0
HMY,listed-nyse,1254,2021-09-03,2026-09-02,1012138.0
HNGE,listed-nyse,322,2025-05-22,2026-09-02,305521.5
HNI,listed-nyse,1254,2021-09-03,2026-09-02,100646.5
HOG,listed-nyse,1254,2021-09-03,2026-09-02,543524.0
HOLA,listed-nyse,20,2025-09-10,2026-08-31,100.0
HOLD,listed-nyse,2,2021-10-06,2022-09-01,50.5
HOMB,listed-nyse,1254,2021-09-03,2026-09-02,441547.0
HOMZ,listed-nyse,209,2021-09-08,2026-07-23,100.0
HOOY,listed-nyse,283,2025-05-28,2026-08-31,464.0
HOS,xnys-only-backstop,1,2026-09-02,2026-09-02,950663.0
HOV,listed-nyse,1254,2021-09-03,2026-09-02,20843.5
HP,listed-nyse,1254,2021-09-03,2026-09-02,469961.0
HPE,listed-nyse,1254,2021-09-03,2026-09-02,3724693.0
HPF,listed-nyse,1254,2021-09-03,2026-09-02,6699.5
HPI,listed-nyse,1254,2021-09-03,2026-09-02,9425.0
HPP,listed-nyse,1254,2021-09-03,2026-09-02,725842.5
HPQ,listed-nyse,1254,2021-09-03,2026-09-02,2923857.5
HPS,listed-nyse,1254,2021-09-03,2026-09-02,9120.5
HQH,listed-nyse,1254,2021-09-03,2026-09-02,23571.5
HQL,listed-nyse,1254,2021-09-03,2026-09-02,16418.0
HR,listed-nyse,1254,2021-09-03,2026-09-02,1031301.0
HRB,listed-nyse,1254,2021-09-03,2026-09-02,505017.5
HRI,listed-nyse,1254,2021-09-03,2026-09-02,86592.0
HRL,listed-nyse,1254,2021-09-03,2026-09-02,947853.0
HRSK,listed-nyse,4,2026-06-16,2026-08-31,53.5
HRTG,listed-nyse,1254,2021-09-03,2026-09-02,79572.0
HSBC,listed-nyse,1254,2021-09-03,2026-09-02,387721.5
HSBH,listed-nyse,2,2025-07-23,2026-08-24,1.5
HSCZ,listed-nyse,271,2021-09-24,2026-08-20,111.0
HSHP,listed-nyse,859,2023-03-31,2026-09-02,41387.0
HSLV,listed-nyse,122,2026-03-11,2026-09-02,8478.5
HSMV,listed-nyse,32,2022-03-23,2026-08-26,39.0
HSY,listed-nyse,1254,2021-09-03,2026-09-02,437768.5
HTAB,listed-nyse,741,2021-09-03,2026-09-02,471.0
HTAX,listed-nyse,29,2025-04-01,2026-08-27,100.0
HTB,listed-nyse,384,2025-02-24,2026-09-02,26849.0
HTD,listed-nyse,1254,2021-09-03,2026-09-02,11518.0
HTEC,listed-nyse,183,2021-09-09,2026-08-19,110.0
HTFC,listed-nyse,894,2022-06-27,2026-09-02,423.0
HTGC,listed-nyse,1254,2021-09-03,2026-09-02,249531.5
HTH,listed-nyse,1254,2021-09-03,2026-09-02,153772.5
HTRB,listed-nyse,918,2021-09-08,2026-09-02,913.0
HTT,listed-nyse,175,2025-12-22,2026-09-02,33320.0
HUBB,listed-nyse,1254,2021-09-03,2026-09-02,134363.5
HUBS,listed-nyse,1254,2021-09-03,2026-09-02,141586.5
HUM,listed-nyse,1254,2021-09-03,2026-09-02,332170.5
HUN,listed-nyse,1254,2021-09-03,2026-09-02,736533.0
HUSV,listed-nyse,196,2021-11-17,2026-08-28,186.5
HUYA,listed-nyse,1254,2021-09-03,2026-09-02,336675.5
HVAC,listed-nyse,99,2025-04-08,2026-08-28,76.0
HVT,listed-nyse,1254,2021-09-03,2026-09-02,44389.0
HVT A,listed-nyse,1003,2021-09-07,2026-09-02,14.0
HWM,listed-nyse,1254,2021-09-03,2026-09-02,832202.5
HXL,listed-nyse,1254,2021-09-03,2026-09-02,235425.0
HY,listed-nyse,1254,2021-09-03,2026-09-02,25855.0
HYBB,listed-nyse,453,2021-09-29,2026-09-02,200.0
HYBX,listed-nyse,424,2024-11-18,2026-09-02,457.0
HYDW,listed-nyse,183,2021-09-13,2026-08-28,100.0
HYEM,listed-nyse,1089,2021-09-03,2026-09-02,600.0
HYFI,listed-nyse,411,2023-05-16,2026-09-02,100.0
HYG,listed-nyse,1254,2021-09-03,2026-09-02,1050381.0
HYGH,listed-nyse,491,2021-09-07,2026-09-02,176.0
HYGV,listed-nyse,1052,2021-09-08,2026-09-02,1110.5
HYI,listed-nyse,1254,2021-09-03,2026-09-02,9371.0
HYLB,listed-nyse,1254,2021-09-03,2026-09-02,77531.5
HYLN,listed-nyse,1254,2021-09-03,2026-09-02,236507.0
HYMB,listed-nyse,1225,2021-09-07,2026-09-02,7027.0
HYNX,listed-nyse,37,2026-07-14,2026-09-02,7833.0
HYS,listed-nyse,1221,2021-09-03,2026-09-02,1218.0
HYSA,listed-nyse,242,2023-09-19,2026-09-02,141.5
HYSD,listed-nyse,32,2024-09-11,2026-08-28,100.0
HYT,listed-nyse,1254,2021-09-03,2026-09-02,93036.5
HYTI,listed-nyse,87,2025-03-11,2026-09-02,100.0
HYTR,listed-nyse,482,2021-09-08,2026-09-02,1605.5
HYUP,listed-nyse,284,2021-09-03,2026-08-31,92.5
HZO,listed-nyse,1254,2021-09-03,2026-09-02,102122.0
IAE,listed-nyse,1254,2021-09-03,2026-09-02,5747.5
IAF,listed-nyse,901,2021-09-09,2026-08-28,597.0
IAG,listed-nyse,1254,2021-09-03,2026-09-02,1003354.5
IAI,listed-nyse,1137,2021-09-07,2026-09-02,673.0
IAK,listed-nyse,972,2021-10-13,2026-09-02,375.5
IAPR,listed-nyse,341,2022-03-31,2026-08-13,200.0
IAT,listed-nyse,1193,2021-09-03,2026-09-02,3200.0
IAU,listed-nyse,1254,2021-09-03,2026-09-02,154296.0
IAUG,listed-nyse,121,2024-08-01,2026-09-01,200.0
IAUM,listed-nyse,1145,2021-09-07,2026-09-02,14140.0
IAUX,listed-nyse,1069,2022-05-19,2026-09-02,48069.0
IBCA,listed-nyse,270,2025-03-27,2026-09-01,540.5
IBCB,listed-nyse,78,2026-03-27,2026-09-02,200.0
IBD,listed-nyse,675,2021-09-07,2026-09-02,200.0
IBDR,listed-nyse,1179,2021-09-03,2026-09-02,1906.0
IBDS,listed-nyse,1156,2021-09-03,2026-09-02,1706.0
IBDT,listed-nyse,1092,2021-09-13,2026-09-02,2397.0
IBDU,listed-nyse,1054,2021-09-08,2026-09-02,1800.0
IBDV,listed-nyse,1053,2021-09-03,2026-09-02,1855.0
IBDW,listed-nyse,1044,2021-09-03,2026-09-02,1500.0
IBDX,listed-nyse,887,2022-07-21,2026-09-02,1209.0
IBDY,listed-nyse,738,2023-06-27,2026-09-02,1067.0
IBDZ,listed-nyse,459,2024-05-28,2026-09-02,630.0
IBFR,listed-nyse,2,2026-02-26,2026-08-21,100.0
IBIC,listed-nyse,294,2023-10-31,2026-08-26,200.0
IBID,listed-nyse,239,2023-10-18,2026-09-02,200.0
IBIE,listed-nyse,312,2023-10-16,2026-09-02,150.0
IBIF,listed-nyse,245,2023-10-19,2026-08-31,125.0
IBIG,listed-nyse,282,2023-10-16,2026-09-01,102.5
IBIH,listed-nyse,203,2023-11-06,2026-08-28,100.0
IBII,listed-nyse,139,2023-11-21,2026-09-01,100.0
IBIJ,listed-nyse,192,2023-09-22,2026-09-02,100.0
IBIK,listed-nyse,187,2024-06-13,2026-09-01,200.0
IBIL,listed-nyse,82,2025-03-31,2026-08-25,123.0
IBIM,listed-nyse,24,2026-03-27,2026-08-28,100.0
IBLC,listed-nyse,186,2022-06-13,2026-09-01,100.0
IBM,listed-nyse,1254,2021-09-03,2026-09-02,1511515.5
IBN,listed-nyse,1254,2021-09-03,2026-09-02,1344462.0
IBND,listed-nyse,599,2021-09-07,2026-09-02,200.0
IBO,listed-nyse,334,2024-09-16,2026-08-26,500.0
IBP,listed-nyse,1254,2021-09-03,2026-09-02,84558.0
IBRN,listed-nyse,58,2023-01-06,2026-09-01,100.0
IBTA,listed-nyse,596,2024-04-18,2026-09-02,82682.0
IBUF,listed-nyse,187,2024-07-15,2026-08-28,200.0
IBUY,listed-nyse,574,2021-09-03,2026-09-02,142.5
ICAP,listed-nyse,91,2022-02-16,2026-08-28,100.0
ICE,listed-nyse,1254,2021-09-03,2026-09-02,1002164.5
ICL,listed-nyse,1254,2021-09-03,2026-09-02,205517.0
ICPI,listed-nyse,20,2026-01-27,2026-08-28,100.0
ICPY,listed-nyse,133,2025-09-10,2026-09-02,109.0
IDA,listed-nyse,1254,2021-09-03,2026-09-02,114293.0
IDE,listed-nyse,1254,2021-09-03,2026-09-02,9281.5
IDEC,listed-nyse,94,2023-12-01,2026-07-27,200.0
IDEQ,listed-nyse,154,2025-09-19,2026-09-02,593.5
IDEV,listed-nyse,1254,2021-09-03,2026-09-02,12590.5
IDGT,listed-nyse,219,2023-12-27,2026-09-02,100.0
IDHQ,listed-nyse,531,2021-09-08,2026-09-02,200.0
IDLV,listed-nyse,622,2021-09-03,2026-09-01,200.0
IDMO,listed-nyse,470,2022-02-23,2026-09-02,1166.5
IDNA,listed-nyse,478,2021-09-03,2026-09-02,121.0
IDOG,listed-nyse,271,2021-11-08,2026-08-19,100.0
IDR,listed-nyse,728,2022-03-11,2026-09-02,1560.5
IDRV,listed-nyse,800,2021-09-08,2026-09-02,270.0
IDT,listed-nyse,1254,2021-09-03,2026-09-02,42267.0
IDU,listed-nyse,1164,2021-09-07,2026-09-02,848.0
IDVO,listed-nyse,344,2022-12-13,2026-09-02,776.0
IDX,listed-nyse,481,2021-09-03,2026-08-27,200.0
IDYN,listed-nyse,10,2025-08-11,2026-08-13,100.0
IE,listed-nyse,1049,2022-06-28,2026-09-02,6918.0
IEMG,listed-nyse,1254,2021-09-03,2026-09-02,319045.5
IEUR,listed-nyse,1254,2021-09-03,2026-09-02,19226.5
IEV,listed-nyse,1254,2021-09-03,2026-09-02,4897.0
IEX,listed-nyse,1254,2021-09-03,2026-09-02,171412.5
IEZ,listed-nyse,1207,2021-09-03,2026-09-02,3048.0
IFEB,listed-nyse,114,2024-02-01,2026-08-21,200.0
IFED,listed-nyse,9,2022-11-16,2026-08-19,98.0
IFF,listed-nyse,1254,2021-09-03,2026-09-02,625406.0
IFLN,listed-nyse,79,2026-02-24,2026-09-02,200.0
IFLR,listed-nyse,19,2025-11-25,2026-08-18,100.0
IFN,listed-nyse,1254,2021-09-03,2026-09-02,18378.5
IFS,listed-nyse,1254,2021-09-03,2026-09-02,18770.5
IGA,listed-nyse,1254,2021-09-03,2026-09-02,11180.5
IGBH,listed-nyse,488,2021-09-03,2026-09-02,200.0
IGC,listed-nyse,762,2021-09-03,2026-09-02,900.0
IGCB,listed-nyse,345,2024-11-18,2026-09-02,6.0
IGD,listed-nyse,1254,2021-09-03,2026-09-02,57869.0
IGGY,listed-nyse,1,2025-10-28,2025-10-28,100.0
IGI,listed-nyse,1254,2021-09-03,2026-09-02,3912.5
IGLB,listed-nyse,1249,2021-09-03,2026-09-02,8426.0
IGM,listed-nyse,1210,2021-09-03,2026-09-02,1413.0
IGPT,listed-nyse,469,2023-08-28,2026-09-02,200.0
IGR,listed-nyse,1254,2021-09-03,2026-09-02,84853.5
IH,listed-nyse,1249,2021-09-03,2026-09-02,2246.0
IHAK,listed-nyse,933,2021-09-07,2026-09-02,354.0
IHD,listed-nyse,1254,2021-09-03,2026-09-02,9401.0
IHDG,listed-nyse,1198,2021-09-03,2026-09-02,1024.5
IHE,listed-nyse,852,2021-09-13,2026-09-02,299.0
IHF,listed-nyse,1089,2021-09-07,2026-09-02,795.0
IHG,listed-nyse,1254,2021-09-03,2026-09-02,34428.5
IHI,listed-nyse,1254,2021-09-03,2026-09-02,33881.5
IHS,listed-nyse,1226,2021-10-14,2026-09-02,77358.0
IHT,listed-nyse,237,2021-09-03,2026-08-28,100.0
IHY,listed-nyse,416,2021-09-13,2026-08-31,101.0
IIF,listed-nyse,1254,2021-09-03,2026-09-02,4733.5
IIGD,listed-nyse,224,2021-09-23,2026-08-20,100.0
IIIN,listed-nyse,1254,2021-09-03,2026-09-02,43048.5
IIM,listed-nyse,1254,2021-09-03,2026-09-02,27058.0
IINC,listed-nyse,5,2026-06-25,2026-08-20,100.0
IIPR,listed-nyse,1254,2021-09-03,2026-09-02,78877.5
IJAN,listed-nyse,355,2021-09-21,2026-08-17,196.0
IJH,listed-nyse,1254,2021-09-03,2026-09-02,97630.0
IJJ,listed-nyse,1250,2021-09-03,2026-09-02,2159.0
IJK,listed-nyse,1247,2021-09-03,2026-09-02,3718.0
IJR,listed-nyse,1254,2021-09-03,2026-09-02,83675.0
IJS,listed-nyse,1254,2021-09-03,2026-09-02,3885.0
IJUL,listed-nyse,342,2021-09-15,2026-09-01,200.0
IJUN,listed-nyse,139,2024-06-03,2026-09-01,200.0
ILCB,listed-nyse,679,2021-09-07,2026-08-21,200.0
ILCG,listed-nyse,1187,2021-09-07,2026-09-02,578.0
ILCV,listed-nyse,867,2021-09-08,2026-08-26,302.0
ILDR,listed-nyse,169,2021-10-07,2026-09-02,200.0
ILF,listed-nyse,1254,2021-09-03,2026-09-02,29392.0
ILOW,listed-nyse,133,2024-07-29,2026-09-01,200.0
ILS,listed-nyse,107,2025-04-01,2026-09-02,100.0
ILTB,listed-nyse,806,2021-09-03,2026-08-25,200.0
IMAR,listed-nyse,163,2024-03-01,2026-09-02,200.0
IMAX,listed-nyse,1254,2021-09-03,2026-09-02,237115.0
IMAY,listed-nyse,94,2024-05-01,2026-08-31,192.0
IMC,listed-nyse,26,2026-07-29,2026-09-02,1154.0
IMCB,listed-nyse,782,2021-09-17,2026-09-02,200.0
IMCG,listed-nyse,1211,2021-09-08,2026-09-02,1089.0
IMO,listed-nyse,1254,2021-09-03,2026-09-02,9136.5
IMTB,listed-nyse,338,2021-09-03,2026-08-21,100.0
IMTM,listed-nyse,1168,2021-09-03,2026-09-02,1799.5
IMVP,listed-nyse,48,2026-02-25,2026-09-02,100.0
INCE,listed-nyse,63,2024-06-04,2026-07-31,100.0
INCM,listed-nyse,369,2023-06-30,2026-09-02,763.0
INCO,listed-nyse,437,2021-09-09,2026-09-01,100.0
INDE,listed-nyse,33,2023-10-31,2026-07-07,100.0
INDL,listed-nyse,739,2021-09-03,2026-09-02,167.0
INDO,listed-nyse,1058,2021-09-28,2026-09-02,1771.5
INDS,listed-nyse,405,2021-09-07,2026-08-17,200.0
INDZ,listed-nyse,10,2026-03-04,2026-08-28,95.0
INEQ,listed-nyse,36,2025-07-07,2026-08-28,175.5
INFL,listed-nyse,1043,2021-09-03,2026-09-02,800.0
INFO,listed-nyse,292,2021-09-03,2026-09-02,1856.0
INFQ,listed-nyse,138,2026-02-17,2026-09-02,1528446.0
INFU,listed-nyse,1174,2021-09-03,2026-09-02,501.0
INFY,listed-nyse,1254,2021-09-03,2026-09-02,2240405.0
ING,listed-nyse,1254,2021-09-03,2026-09-02,556513.5
INGM,listed-nyse,465,2024-10-24,2026-09-02,138655.0
INGR,listed-nyse,1254,2021-09-03,2026-09-02,149375.0
INKM,listed-nyse,246,2022-06-15,2026-08-31,100.0
INLX,listed-nyse,106,2022-09-09,2026-08-31,11.0
INMU,listed-nyse,448,2021-11-11,2026-09-02,605.0
INN,listed-nyse,1254,2021-09-03,2026-09-02,276390.0
INOV,listed-nyse,144,2021-09-03,2026-08-26,350.0
INQQ,listed-nyse,201,2022-05-05,2026-09-02,100.0
INR,listed-nyse,399,2025-01-31,2026-09-02,84565.0
INSP,listed-nyse,1254,2021-09-03,2026-09-02,113811.0
INSW,listed-nyse,1254,2021-09-03,2026-09-02,204901.5
INTF,listed-nyse,1036,2021-09-03,2026-09-02,704.0
INTT,listed-nyse,1071,2021-09-03,2026-09-02,422.0
INUV,listed-nyse,1018,2021-09-03,2026-08-27,881.5
INVG,listed-nyse,16,2025-06-05,2026-08-17,200.0
INVH,listed-nyse,1254,2021-09-03,2026-09-02,1268392.0
INVN,listed-nyse,2,2025-11-06,2026-01-30,538.0
INVX,listed-nyse,498,2024-09-09,2026-09-02,149283.5
INYY,listed-nyse,27,2026-06-17,2026-09-02,144.0
IOCT,listed-nyse,268,2021-10-04,2026-09-01,136.5
ION,listed-nyse,22,2022-12-07,2026-08-17,100.0
IONQ,listed-nyse,1235,2021-10-01,2026-09-02,1663632.0
IOO,listed-nyse,1151,2021-09-09,2026-09-02,560.0
IOPP,listed-nyse,28,2024-03-06,2026-08-11,100.0
IOR,listed-nyse,86,2021-11-18,2026-08-14,11.5
IOT,listed-nyse,1183,2021-12-15,2026-09-02,792146.0
IP,listed-nyse,1254,2021-09-03,2026-09-02,1259421.0
IPAC,listed-nyse,1042,2021-09-03,2026-09-02,366.5
IPAY,listed-nyse,714,2021-09-03,2026-09-02,210.5
IPB,listed-nyse,501,2021-11-05,2026-09-01,200.0
IPI,listed-nyse,1254,2021-09-03,2026-09-02,45303.5
IPO,listed-nyse,969,2021-09-03,2026-09-01,502.0
IPOS,listed-nyse,29,2021-11-23,2026-08-24,148.0
IQDF,listed-nyse,852,2021-09-07,2026-09-02,300.0
IQDY,listed-nyse,128,2021-12-08,2026-07-23,200.0
IQHI,listed-nyse,62,2024-04-05,2026-09-02,100.0
IQI,listed-nyse,1254,2021-09-03,2026-09-02,27072.5
IQLT,listed-nyse,1254,2021-09-03,2026-09-02,23476.0
IQMM,listed-nyse,35,2026-02-27,2026-08-26,100.0
IQSI,listed-nyse,38,2022-03-17,2026-08-14,56.5
IQSU,listed-nyse,28,2022-12-30,2026-07-23,60.0
IQSZ,listed-nyse,1,2026-01-28,2026-01-28,89.0
IQV,listed-nyse,1254,2021-09-03,2026-09-02,369179.0
IR,listed-nyse,1254,2021-09-03,2026-09-02,851925.0
IRAB,listed-nyse,88,2026-02-24,2026-08-31,100.0
IRE,listed-nyse,218,2025-10-21,2026-09-02,51136.0
IRM,listed-nyse,1254,2021-09-03,2026-09-02,577128.5
IRS,listed-nyse,1254,2021-09-03,2026-09-02,24160.5
IRT,listed-nyse,1254,2021-09-03,2026-09-02,758424.5
IRTR,listed-nyse,69,2024-06-28,2026-09-02,100.0
IRVH,listed-nyse,15,2022-07-26,2026-08-28,100.0
ISCB,listed-nyse,216,2021-09-20,2026-09-02,100.0
ISCF,listed-nyse,620,2021-10-14,2026-09-02,200.0
ISCG,listed-nyse,621,2021-09-07,2026-09-01,210.0
ISCV,listed-nyse,480,2021-09-03,2026-09-01,123.5
ISD,listed-nyse,1254,2021-09-03,2026-09-02,22255.5
ISEP,listed-nyse,176,2023-09-01,2026-09-02,200.0
ISMD,listed-nyse,442,2021-12-02,2026-09-02,400.5
ISOU,listed-nyse,302,2025-05-05,2026-09-02,767.0
ISRA,listed-nyse,76,2021-10-29,2026-08-26,100.0
ISWN,listed-nyse,40,2021-09-14,2026-07-27,100.0
IT,listed-nyse,1254,2021-09-03,2026-09-02,168078.5
ITAN,listed-nyse,14,2023-07-05,2026-08-20,41.5
ITDB,listed-nyse,68,2024-10-23,2026-08-20,200.0
ITDC,listed-nyse,175,2024-06-26,2026-08-31,200.0
ITDD,listed-nyse,107,2024-09-09,2026-09-01,200.0
ITDE,listed-nyse,51,2024-09-06,2026-08-13,100.0
ITDF,listed-nyse,81,2024-09-12,2026-09-01,100.0
ITDG,listed-nyse,58,2024-11-06,2026-09-02,100.0
ITDH,listed-nyse,29,2024-09-23,2026-08-06,100.0
ITDI,listed-nyse,27,2024-03-07,2026-08-31,100.0
ITDJ,listed-nyse,19,2024-12-27,2026-07-30,100.0
ITEQ,listed-nyse,174,2021-09-22,2026-08-10,100.0
ITGR,listed-nyse,1254,2021-09-03,2026-09-02,89577.5
ITOT,listed-nyse,1254,2021-09-03,2026-09-02,17864.0
ITP,listed-nyse,549,2021-09-03,2026-09-01,1000.0
ITRG,listed-nyse,860,2021-09-03,2026-09-02,4289.0
ITT,listed-nyse,1254,2021-09-03,2026-09-02,150060.0
ITUB,listed-nyse,1254,2021-09-03,2026-09-02,3122725.5
ITW,listed-nyse,1254,2021-09-03,2026-09-02,383045.5
IVE,listed-nyse,1254,2021-09-03,2026-09-02,12711.5
IVEP,listed-nyse,22,2026-04-20,2026-08-31,100.0
IVES,listed-nyse,340,2021-10-27,2026-09-02,12192.0
IVLU,listed-nyse,1251,2021-09-03,2026-09-02,8539.0
IVOG,listed-nyse,434,2021-09-07,2026-08-27,100.0
IVOL,listed-nyse,1162,2021-09-03,2026-09-02,1329.0
IVOO,listed-nyse,1037,2021-09-03,2026-09-02,499.0
IVOV,listed-nyse,479,2021-09-03,2026-08-04,100.0
IVR,listed-nyse,1254,2021-09-03,2026-09-02,337209.0
IVT,listed-nyse,1228,2021-10-12,2026-09-02,130418.5
IVV,listed-nyse,1254,2021-09-03,2026-09-02,88027.5
IVW,listed-nyse,1254,2021-09-03,2026-09-02,53079.0
IVZ,listed-nyse,1254,2021-09-03,2026-09-02,1430868.5
IWB,listed-nyse,1254,2021-09-03,2026-09-02,13116.5
IWC,listed-nyse,1085,2021-09-03,2026-09-02,249.0
IWD,listed-nyse,1254,2021-09-03,2026-09-02,60631.5
IWF,listed-nyse,1254,2021-09-03,2026-09-02,25916.5
IWFG,listed-nyse,4,2025-02-19,2025-09-25,32.0
IWL,listed-nyse,1179,2021-09-03,2026-09-01,540.0
IWLG,listed-nyse,63,2024-08-05,2026-08-06,108.0
IWM,listed-nyse,1254,2021-09-03,2026-09-02,812549.0
IWMY,listed-nyse,621,2023-11-30,2026-09-01,633.0
IWN,listed-nyse,1254,2021-09-03,2026-09-02,38896.5
IWO,listed-nyse,1254,2021-09-03,2026-09-02,11747.5
IWP,listed-nyse,1254,2021-09-03,2026-09-02,18608.0
IWR,listed-nyse,1254,2021-09-03,2026-09-02,43624.0
IWS,listed-nyse,1254,2021-09-03,2026-09-02,7604.5
IWV,listed-nyse,1249,2021-09-03,2026-09-02,1834.0
IWX,listed-nyse,1207,2021-09-03,2026-09-02,900.0
IWY,listed-nyse,1252,2021-09-03,2026-09-02,3670.5
IX,listed-nyse,1254,2021-09-03,2026-09-02,9761.0
IXC,listed-nyse,1254,2021-09-03,2026-09-02,10219.5
IXG,listed-nyse,666,2021-09-03,2026-09-02,202.5
IXJ,listed-nyse,1232,2021-09-03,2026-09-02,969.5
IXN,listed-nyse,1253,2021-09-03,2026-09-02,1891.0
IXP,listed-nyse,513,2021-09-20,2026-09-01,100.0
IYC,listed-nyse,1232,2021-09-03,2026-09-02,1302.5
IYE,listed-nyse,1253,2021-09-03,2026-09-02,15450.0
IYF,listed-nyse,1254,2021-09-03,2026-09-02,3118.5
IYG,listed-nyse,1134,2021-09-07,2026-09-02,599.5
IYH,listed-nyse,1195,2021-09-03,2026-09-02,1461.0
IYK,listed-nyse,1137,2021-09-07,2026-09-02,1101.0
IYM,listed-nyse,1083,2021-09-03,2026-09-02,400.0
IYR,listed-nyse,1254,2021-09-03,2026-09-02,255786.5
IYW,listed-nyse,1254,2021-09-03,2026-09-02,11945.5
IYY,listed-nyse,862,2021-09-13,2026-09-02,200.0
J,listed-nyse,1254,2021-09-03,2026-09-02,252908.5
JA,listed-nyse,39,2026-03-04,2026-09-01,655.0
JAAA,listed-nyse,1181,2021-09-03,2026-09-02,10576.0
JABS,listed-nyse,44,2025-09-17,2026-08-19,100.0
JACS,listed-nyse,315,2025-01-30,2026-09-01,226.0
JADE,listed-nyse,36,2024-05-20,2026-09-02,100.0
JAGU,listed-nyse,118,2026-02-10,2026-09-01,609.5
JAN,listed-nyse,392,2021-09-03,2026-09-02,940.0
JAVA,listed-nyse,934,2022-10-26,2026-09-02,2409.5
JBGS,listed-nyse,1254,2021-09-03,2026-09-02,375003.0
JBI,listed-nyse,1254,2021-09-03,2026-09-02,355510.0
JBK,listed-nyse,513,2021-09-08,2026-09-02,106.0
JBL,listed-nyse,1254,2021-09-03,2026-09-02,368410.5
JBND,listed-nyse,684,2023-10-16,2026-09-02,18654.0
JBS,listed-nyse,307,2025-06-13,2026-09-02,1373512.0
JBTM,listed-nyse,417,2025-01-03,2026-09-02,160371.0
JCAL,listed-nyse,11,2026-06-17,2026-08-28,200.0
JCE,listed-nyse,1254,2021-09-03,2026-09-02,8586.0
JCHI,listed-nyse,16,2024-04-08,2026-07-30,100.0
JCI,listed-nyse,1254,2021-09-03,2026-09-02,1413129.5
JCPB,listed-nyse,958,2021-09-20,2026-09-02,3742.5
JCPI,listed-nyse,652,2022-04-27,2026-09-02,200.0
JDIV,listed-nyse,111,2021-09-13,2026-08-24,100.0
JDST,listed-nyse,1254,2021-09-03,2026-09-02,60109.0
JDVI,listed-nyse,27,2024-08-01,2026-08-28,100.0
JDVL,listed-nyse,20,2026-03-26,2026-09-02,151.5
JEDI,listed-nyse,160,2025-09-29,2026-09-02,238.0
JEF,listed-nyse,1254,2021-09-03,2026-09-02,459337.5
JELD,listed-nyse,1254,2021-09-03,2026-09-02,308302.0
JEMB,listed-nyse,33,2024-11-19,2026-08-31,100.0
JENA,listed-nyse,171,2025-07-21,2026-09-02,146.0
JEPI,listed-nyse,1254,2021-09-03,2026-09-02,39178.0
JETD,listed-nyse,97,2023-07-21,2026-08-31,236.0
JETS,listed-nyse,1254,2021-09-03,2026-09-02,114453.0
JETU,listed-nyse,10,2026-03-09,2026-07-14,200.0
JFLI,listed-nyse,18,2025-02-14,2026-07-14,100.0
JFLX,listed-nyse,177,2025-09-29,2026-09-02,200.0
JFR,listed-nyse,1254,2021-09-03,2026-09-02,80414.5
JGH,listed-nyse,1254,2021-09-03,2026-09-02,9763.5
JGRO,listed-nyse,897,2022-09-16,2026-09-02,2980.0
JGRW,listed-nyse,84,2024-08-22,2026-08-17,100.0
JHAC,listed-nyse,2,2023-11-24,2023-12-01,24.0
JHCB,listed-nyse,225,2021-12-17,2026-09-01,200.0
JHCP,listed-nyse,51,2025-02-03,2026-09-02,259.0
JHCR,listed-nyse,51,2025-03-03,2026-09-02,200.0
JHDG,listed-nyse,5,2026-04-22,2026-07-31,100.0
JHDV,listed-nyse,6,2023-01-26,2026-06-12,13.0
JHEM,listed-nyse,396,2021-09-28,2026-09-02,200.0
JHHY,listed-nyse,87,2024-05-03,2026-09-02,100.0
JHI,listed-nyse,1254,2021-09-03,2026-09-02,3700.0
JHID,listed-nyse,6,2023-07-12,2026-07-01,100.0
JHLN,listed-nyse,31,2025-09-10,2026-09-02,100.0
JHMB,listed-nyse,204,2022-06-07,2026-08-18,102.0
JHMD,listed-nyse,595,2021-09-03,2026-08-28,200.0
JHML,listed-nyse,689,2021-09-10,2026-08-28,217.0
JHMM,listed-nyse,1229,2021-09-07,2026-09-02,1501.0
JHMU,listed-nyse,70,2021-09-10,2026-08-10,100.0
JHPI,listed-nyse,331,2021-12-21,2026-08-25,100.0
JHS,listed-nyse,1254,2021-09-03,2026-09-02,3397.0
JHSC,listed-nyse,513,2021-09-16,2026-08-27,200.0
JHX,listed-nyse,1254,2021-09-03,2026-09-02,23017.0
JIDE,listed-nyse,1,2026-03-03,2026-03-03,200.0
JIG,listed-nyse,280,2021-09-14,2026-09-01,106.5
JIII,listed-nyse,103,2024-12-31,2026-09-01,100.0
JILL,listed-nyse,1254,2021-09-03,2026-09-02,18981.5
JIRE,listed-nyse,814,2022-06-23,2026-09-02,586.5
JKS,listed-nyse,1254,2021-09-03,2026-09-02,217786.5
JLCO,listed-nyse,1,2026-09-02,2026-09-02,12.0
JLL,listed-nyse,1254,2021-09-03,2026-09-02,109866.5
JLQD,listed-nyse,9,2025-05-23,2026-09-01,100.0
JLS,listed-nyse,1253,2021-09-03,2026-09-02,1816.0
JMBS,listed-nyse,1131,2021-09-07,2026-09-02,3137.0
JMEE,listed-nyse,744,2022-06-14,2026-09-02,628.0
JMHI,listed-nyse,237,2023-07-19,2026-09-01,100.0
JMIA,listed-nyse,1254,2021-09-03,2026-09-02,567594.0
JMKE,listed-nyse,25,2026-07-30,2026-09-02,492153.0
JMM,listed-nyse,1213,2021-09-03,2026-09-02,801.0
JMMF,listed-nyse,21,2025-12-23,2026-08-27,100.0
JMOM,listed-nyse,705,2021-09-03,2026-09-02,200.0
JMSI,listed-nyse,307,2023-07-19,2026-09-02,100.0
JMST,listed-nyse,1239,2021-09-03,2026-09-02,4606.0
JMTG,listed-nyse,296,2025-06-30,2026-09-02,1550.5
JMUB,listed-nyse,930,2021-09-30,2026-09-02,2463.5
JNJ,listed-nyse,1254,2021-09-03,2026-09-02,2804339.0
JNK,listed-nyse,1254,2021-09-03,2026-09-02,246919.0
JNUG,listed-nyse,1254,2021-09-03,2026-09-02,6908.0
JOB,listed-nyse,886,2021-09-03,2026-09-02,785.0
JOBY,listed-nyse,1254,2021-09-03,2026-09-02,1610052.0
JOE,listed-nyse,1254,2021-09-03,2026-09-02,72802.5
JOET,listed-nyse,498,2021-09-21,2026-09-01,200.0
JOF,listed-nyse,1254,2021-09-03,2026-09-02,7702.0
JOJO,listed-nyse,194,2021-09-13,2026-09-01,192.0
JPAN,listed-nyse,6,2025-04-04,2026-05-14,300.0
JPC,listed-nyse,1254,2021-09-03,2026-09-02,112087.0
JPEM,listed-nyse,324,2021-09-03,2026-09-01,100.0
JPHY,listed-nyse,291,2021-11-03,2026-09-02,200.0
JPIB,listed-nyse,809,2021-12-06,2026-09-02,500.0
JPIE,listed-nyse,992,2021-11-04,2026-09-02,2240.5
JPIN,listed-nyse,561,2021-09-03,2026-08-07,225.0
JPLD,listed-nyse,641,2023-08-01,2026-09-02,1161.0
JPM,listed-nyse,1254,2021-09-03,2026-09-02,3307357.0
JPMB,listed-nyse,358,2021-09-09,2026-09-02,100.0
JPME,listed-nyse,282,2021-10-22,2026-08-28,61.0
JPO,listed-nyse,14,2026-04-02,2026-09-02,100.0
JPRE,listed-nyse,532,2022-06-27,2026-09-02,167.5
JPRF,listed-nyse,28,2026-07-13,2026-09-02,355.0
JPSE,listed-nyse,389,2021-09-09,2026-08-19,181.0
JPST,listed-nyse,1252,2021-09-03,2026-09-02,23808.5
JPSV,listed-nyse,1,2025-11-14,2025-11-14,25.0
JPUS,listed-nyse,258,2021-09-07,2026-08-31,100.0
JPXN,listed-nyse,181,2021-11-15,2026-09-01,100.0
JQC,listed-nyse,1254,2021-09-03,2026-09-02,100475.5
JQUA,listed-nyse,1117,2021-09-03,2026-09-02,5274.0
JRI,listed-nyse,1254,2021-09-03,2026-09-02,14333.0
JRS,listed-nyse,1254,2021-09-03,2026-09-02,13362.0
JSCP,listed-nyse,672,2021-09-14,2026-09-02,300.0
JSI,listed-nyse,497,2023-12-06,2026-09-01,300.0
JSTC,listed-nyse,215,2021-10-05,2026-08-31,100.0
JTNY,listed-nyse,18,2026-06-17,2026-08-28,100.0
JUSA,listed-nyse,54,2022-12-05,2026-09-01,89.5
JUST,listed-nyse,179,2021-09-10,2026-09-02,100.0
JVAL,listed-nyse,826,2021-09-03,2026-09-02,371.5
JXI,listed-nyse,487,2021-09-09,2026-09-02,101.0
JXN,listed-nyse,1244,2021-09-20,2026-09-02,264111.5
KAI,listed-nyse,1254,2021-09-03,2026-09-02,23204.5
KAIT,listed-nyse,2,2026-08-21,2026-08-28,125.5
KAPA,listed-nyse,335,2024-09-16,2026-09-02,556.0
KARS,listed-nyse,392,2021-09-07,2026-08-25,105.0
KB,listed-nyse,1254,2021-09-03,2026-09-02,55091.5
KBA,listed-nyse,1057,2021-09-03,2026-09-02,806.0
KBDC,listed-nyse,572,2024-05-22,2026-09-02,41102.5
KBE,listed-nyse,1254,2021-09-03,2026-09-02,73925.0
KBFR,listed-nyse,7,2026-02-24,2026-07-29,100.0
KBH,listed-nyse,1254,2021-09-03,2026-09-02,420562.0
KBR,listed-nyse,1254,2021-09-03,2026-09-02,437417.5
KBUF,listed-nyse,35,2024-04-02,2026-05-26,200.0
KCAI,listed-nyse,6,2025-05-05,2025-11-13,100.0
KCCA,listed-nyse,480,2021-10-05,2026-08-28,221.0
KCE,listed-nyse,633,2021-09-16,2026-09-02,100.0
KCSH,listed-nyse,22,2024-08-06,2026-08-14,100.0
KD,listed-nyse,1211,2021-11-04,2026-09-02,640484.0
KDEF,listed-nyse,232,2025-02-19,2026-09-01,334.5
KDRN,listed-nyse,19,2022-01-14,2025-10-31,100.0
KDVD,listed-nyse,2,2026-01-27,2026-01-29,300.0
KEMQ,listed-nyse,218,2021-09-13,2026-08-20,300.0
KEMX,listed-nyse,143,2021-10-22,2026-08-31,100.0
KEN,listed-nyse,1254,2021-09-03,2026-09-02,3103.0
KEP,listed-nyse,1254,2021-09-03,2026-09-02,68308.5
KEX,listed-nyse,1254,2021-09-03,2026-09-02,151768.5
KEY,listed-nyse,1254,2021-09-03,2026-09-02,3508977.0
KEYS,listed-nyse,1254,2021-09-03,2026-09-02,376553.0
KF,listed-nyse,1252,2021-09-03,2026-09-02,1893.5
KFRC,listed-nyse,1253,2021-09-03,2026-09-02,3755.0
KFY,listed-nyse,1254,2021-09-03,2026-09-02,130884.5
KGC,listed-nyse,1254,2021-09-03,2026-09-02,2446455.5
KGRN,listed-nyse,412,2021-09-03,2026-08-21,200.0
KGS,listed-nyse,798,2023-06-29,2026-09-02,298272.5
KHYB,listed-nyse,161,2021-10-21,2026-08-25,100.0
KIE,listed-nyse,1254,2021-09-03,2026-09-02,30824.0
KIM,listed-nyse,1254,2021-09-03,2026-09-02,1635281.5
KIO,listed-nyse,1254,2021-09-03,2026-09-02,24328.0
KKR,listed-nyse,1254,2021-09-03,2026-09-02,1032824.0
KKRS,listed-nyse,1254,2021-09-03,2026-09-02,7577.0
KKRT,listed-nyse,317,2025-05-30,2026-09-02,15969.0
KLAR,listed-nyse,247,2025-09-10,2026-09-02,861915.0
KLC,listed-nyse,476,2024-10-09,2026-09-02,214522.5
KLIP,listed-nyse,561,2023-02-10,2026-09-02,889.0
KLMN,listed-nyse,23,2025-03-24,2026-08-24,400.0
KLMT,listed-nyse,5,2025-09-30,2026-07-23,100.0
KMCA,listed-nyse,8,2026-05-14,2026-08-20,58.0
KMI,listed-nyse,1254,2021-09-03,2026-09-02,3892022.5
KMID,listed-nyse,94,2024-11-15,2026-08-03,345.0
KMLM,listed-nyse,729,2021-09-14,2026-09-02,300.0
KMPB,listed-nyse,1123,2022-03-14,2026-09-02,2676.0
KMPR,listed-nyse,1254,2021-09-03,2026-09-02,131252.0
KMT,listed-nyse,1254,2021-09-03,2026-09-02,291471.0
KMX,listed-nyse,1254,2021-09-03,2026-09-02,577604.5
KN,listed-nyse,1254,2021-09-03,2026-09-02,273114.5
KNCT,listed-nyse,33,2023-11-13,2026-08-10,100.0
KNF,listed-nyse,817,2023-06-01,2026-09-02,151741.0
KNO,listed-nyse,16,2024-12-11,2025-11-07,92.0
KNOP,listed-nyse,1254,2021-09-03,2026-09-02,19714.5
KNRG,listed-nyse,46,2025-05-28,2026-09-02,100.0
KNRX,listed-nyse,108,2025-09-29,2026-09-02,116.5
KNSL,listed-nyse,1254,2021-09-03,2026-09-02,44978.5
KNTK,listed-nyse,1136,2022-02-23,2026-09-02,164170.5
KNX,listed-nyse,1254,2021-09-03,2026-09-02,603092.5
KO,listed-nyse,1254,2021-09-03,2026-09-02,5296419.0
KODK,listed-nyse,1254,2021-09-03,2026-09-02,208172.5
KOF,listed-nyse,1254,2021-09-03,2026-09-02,35113.0
KOKU,listed-nyse,71,2021-09-10,2026-05-14,82.0
KOLD,listed-nyse,1254,2021-09-03,2026-09-02,49667.5
KOMP,listed-nyse,1066,2021-09-03,2026-09-02,400.0
KOOL,listed-nyse,101,2024-04-05,2026-09-01,199.0
KOP,listed-nyse,1254,2021-09-03,2026-09-02,48333.0
KORP,listed-nyse,464,2021-10-11,2026-09-02,200.0
KORU,listed-nyse,1219,2021-09-03,2026-09-02,1850.0
KOS,listed-nyse,1254,2021-09-03,2026-09-02,1690888.0
KPET,listed-nyse,44,2026-05-21,2026-09-02,7.5
KPHO,listed-nyse,8,2025-12-16,2026-02-10,100.0
KPRO,listed-nyse,16,2024-08-30,2026-08-12,100.0
KR,listed-nyse,1254,2021-09-03,2026-09-02,1872278.5
KRBN,listed-nyse,885,2021-09-03,2026-09-02,411.0
KRC,listed-nyse,1254,2021-09-03,2026-09-02,377526.0
KRE,listed-nyse,1254,2021-09-03,2026-09-02,427079.0
KREF,listed-nyse,1254,2021-09-03,2026-09-02,180258.0
KRG,listed-nyse,1254,2021-09-03,2026-09-02,601154.0
KRMN,listed-nyse,390,2025-02-13,2026-09-02,439725.0
KRO,listed-nyse,1254,2021-09-03,2026-09-02,75640.0
KRP,listed-nyse,1254,2021-09-03,2026-09-02,90369.0
KRSP,listed-nyse,174,2025-11-21,2026-09-02,366.5
KSA,listed-nyse,1254,2021-09-03,2026-09-02,11133.0
KSPY,listed-nyse,108,2024-07-16,2026-09-01,200.0
KSS,listed-nyse,1254,2021-09-03,2026-09-02,1206280.5
KSTR,listed-nyse,549,2021-09-03,2026-09-02,400.0
KT,listed-nyse,1254,2021-09-03,2026-09-02,275561.0
KTB,listed-nyse,1254,2021-09-03,2026-09-02,183429.0
KTEC,listed-nyse,350,2021-10-07,2026-09-02,200.0
KTF,listed-nyse,1254,2021-09-03,2026-09-02,15890.5
KTH,listed-nyse,892,2021-09-03,2026-08-31,200.0
KTN,listed-nyse,1010,2021-09-03,2026-09-02,300.0
KULR,listed-nyse,1217,2021-09-03,2026-09-02,9834.0
KURE,listed-nyse,399,2021-09-08,2026-09-02,200.0
KVLE,listed-nyse,274,2021-11-03,2026-08-25,263.5
KVUE,listed-nyse,836,2023-05-04,2026-09-02,4927786.5
KVYO,listed-nyse,741,2023-09-20,2026-09-02,432216.0
KWEB,listed-nyse,1254,2021-09-03,2026-09-02,645498.5
KWH,listed-nyse,5,2026-07-15,2026-08-21,100.0
KWIN,listed-nyse,68,2025-11-18,2026-09-02,200.0
KWR,listed-nyse,1254,2021-09-03,2026-09-02,29062.0
KWY,listed-nyse,74,2026-05-19,2026-09-02,20794.0
KXI,listed-nyse,1072,2021-09-03,2026-09-02,296.5
KYN,listed-nyse,1254,2021-09-03,2026-09-02,88081.0
L,listed-nyse,1254,2021-09-03,2026-09-02,389262.0
LABD,listed-nyse,1253,2021-09-03,2026-09-02,82682.0
LABU,listed-nyse,1254,2021-09-03,2026-09-02,18043.5
LAC,listed-nyse,1254,2021-09-03,2026-09-02,700668.5
LAD,listed-nyse,1254,2021-09-03,2026-09-02,83623.0
LADR,listed-nyse,1254,2021-09-03,2026-09-02,227003.0
LALT,listed-nyse,148,2023-02-27,2026-09-01,100.0
LANV,listed-nyse,929,2022-12-15,2026-09-02,2972.0
LAR,listed-nyse,403,2025-01-27,2026-09-02,527134.0
LAW,listed-nyse,1254,2021-09-03,2026-09-02,73792.0
LAZ,listed-nyse,1254,2021-09-03,2026-09-02,254321.5
LAZR,listed-nyse,1126,2021-09-03,2026-09-02,85926.5
LB,listed-nyse,547,2024-06-28,2026-09-02,103149.0
LBAY,listed-nyse,317,2022-02-24,2026-09-02,232.0
LBRT,listed-nyse,1254,2021-09-03,2026-09-02,851130.0
LCII,listed-nyse,1254,2021-09-03,2026-09-02,73542.0
LCLG,listed-nyse,103,2022-10-03,2026-09-01,57.0
LCLN,listed-nyse,73,2026-05-20,2026-09-02,88852.0
LCO,listed-nyse,1,2026-04-28,2026-04-28,5.0
LCR,listed-nyse,247,2021-11-19,2026-08-26,119.0
LCTD,listed-nyse,97,2022-07-05,2026-08-19,100.0
LCTU,listed-nyse,610,2021-09-13,2026-09-02,208.0
LCTX,listed-nyse,1253,2021-09-03,2026-09-02,11660.0
LDI,listed-nyse,1254,2021-09-03,2026-09-02,141040.0
LDOS,listed-nyse,1254,2021-09-03,2026-09-02,319704.0
LDP,listed-nyse,1254,2021-09-03,2026-09-02,12104.5
LDRC,listed-nyse,113,2024-11-14,2026-08-27,200.0
LDRH,listed-nyse,32,2024-11-26,2026-08-27,100.0
LDRI,listed-nyse,82,2024-11-13,2026-09-02,100.0
LDRT,listed-nyse,158,2024-11-14,2026-09-02,200.0
LDUR,listed-nyse,673,2021-09-03,2026-09-02,200.0
LEA,listed-nyse,1254,2021-09-03,2026-09-02,189608.0
LEGO,listed-nyse,91,2021-09-03,2026-09-02,600.0
LEMB,listed-nyse,1062,2021-09-08,2026-09-02,500.0
LEN,listed-nyse,1254,2021-09-03,2026-09-02,795880.5
LEN B,listed-nyse,1254,2021-09-03,2026-09-02,21753.0
LEO,listed-nyse,1254,2021-09-03,2026-09-02,38574.0
LEU,listed-nyse,1253,2021-09-03,2026-09-02,2745.0
LEVI,listed-nyse,1254,2021-09-03,2026-09-02,532984.5
LFEQ,listed-nyse,168,2021-09-15,2026-08-28,100.0
LFGY,listed-nyse,294,2025-01-14,2026-08-27,211.5
LFT,listed-nyse,1254,2021-09-03,2026-09-02,13836.0
LGCY,listed-nyse,419,2024-09-26,2026-09-02,230.0
LGDX,listed-nyse,44,2025-02-28,2025-12-23,140.0
LGH,listed-nyse,709,2021-09-08,2026-09-02,500.0
LGI,listed-nyse,1254,2021-09-03,2026-09-02,8985.0
LGL,listed-nyse,169,2021-09-29,2026-08-27,57.0
LGLV,listed-nyse,669,2021-09-07,2026-09-02,100.0
LGOV,listed-nyse,913,2021-09-17,2026-09-02,961.0
LGPS,listed-nyse,152,2025-03-25,2026-09-02,300.0
LH,listed-nyse,1254,2021-09-03,2026-09-02,223043.5
LHX,listed-nyse,1254,2021-09-03,2026-09-02,362835.5
LII,listed-nyse,1254,2021-09-03,2026-09-02,101140.5
LION,listed-nyse,634,2021-12-09,2026-09-02,363032.0
LIT,listed-nyse,1254,2021-09-03,2026-09-02,6236.0
LITB,listed-nyse,1254,2021-09-03,2026-09-02,6636.0
LITL,listed-nyse,3,2025-06-30,2026-07-10,100.0
LLDR,listed-nyse,7,2024-09-25,2025-12-30,100.0
LLY,listed-nyse,1254,2021-09-03,2026-09-02,888862.5
LLYX,listed-nyse,500,2024-08-08,2026-09-02,2587.5
LMND,listed-nyse,1254,2021-09-03,2026-09-02,419652.0
LMT,listed-nyse,1254,2021-09-03,2026-09-02,370804.0
LMUB,listed-nyse,143,2025-03-27,2026-09-02,700.0
LNC,listed-nyse,1254,2021-09-03,2026-09-02,649558.5
LND,listed-nyse,1254,2021-09-03,2026-09-02,8228.5
LNG,listed-nyse,1254,2021-09-03,2026-09-02,310828.5
LNGX,listed-nyse,29,2025-12-04,2026-08-19,100.0
LNN,listed-nyse,1254,2021-09-03,2026-09-02,28493.0
LOAR,listed-nyse,591,2024-04-25,2026-09-02,195167.0
LOB,listed-nyse,1254,2021-09-03,2026-09-02,74508.0
LOCL,listed-nyse,1199,2021-11-22,2026-09-02,5073.0
LODE,listed-nyse,1200,2021-09-03,2026-09-02,7004.5
LODI,listed-nyse,109,2024-12-23,2026-09-02,100.0
LOEV,listed-nyse,4,2026-07-24,2026-08-14,480.0
LOFD,listed-nyse,13,2026-08-07,2026-08-31,900.0
LOFF,listed-nyse,56,2026-06-15,2026-09-02,30586.0
LOMA,listed-nyse,1254,2021-09-03,2026-09-02,64653.0
LONZ,listed-nyse,711,2022-06-13,2026-09-02,305.0
LOPP,listed-nyse,5,2025-03-11,2026-06-30,100.0
LOUP,listed-nyse,153,2021-09-09,2026-08-24,100.0
LOW,listed-nyse,1254,2021-09-03,2026-09-02,963566.0
LOWV,listed-nyse,19,2024-10-15,2026-06-10,57.0
LPA,listed-nyse,491,2024-03-28,2026-08-28,138.0
LPG,listed-nyse,1254,2021-09-03,2026-09-02,192018.0
LPL,listed-nyse,1254,2021-09-03,2026-09-02,110261.5
LPRE,listed-nyse,54,2025-04-04,2026-08-26,100.0
LPX,listed-nyse,1254,2021-09-03,2026-09-02,270518.5
LQAI,listed-nyse,40,2023-11-16,2026-06-29,18.0
LQD,listed-nyse,1254,2021-09-03,2026-09-02,597547.5
LQDB,listed-nyse,27,2021-11-22,2026-09-02,100.0
LQDH,listed-nyse,445,2021-09-07,2026-08-31,100.0
LQTI,listed-nyse,235,2025-03-04,2026-09-02,200.0
LRGC,listed-nyse,26,2024-10-28,2026-08-20,100.0
LRGF,listed-nyse,1211,2021-09-03,2026-09-02,1218.0
LRGG,listed-nyse,218,2024-09-18,2026-08-26,213.0
LRN,listed-nyse,1254,2021-09-03,2026-09-02,197421.5
LSAF,listed-nyse,191,2021-10-04,2026-08-28,100.0
LSAT,listed-nyse,347,2021-09-27,2026-07-13,100.0
LSCP,listed-nyse,2,2026-07-02,2026-08-04,150.0
LSEQ,listed-nyse,20,2023-12-07,2026-05-14,100.0
LSF,listed-nyse,790,2021-09-03,2026-08-31,227.0
LSGR,listed-nyse,185,2024-07-18,2026-08-26,200.0
LSPD,listed-nyse,1254,2021-09-03,2026-09-02,226545.0
LST,listed-nyse,173,2025-02-07,2026-09-02,587.0
LSTB,listed-nyse,2,2026-06-24,2026-06-25,100.0
LSVD,listed-nyse,7,2025-06-06,2026-09-01,100.0
LTC,listed-nyse,1254,2021-09-03,2026-09-02,115282.0
LTH,listed-nyse,1231,2021-10-07,2026-09-02,342307.0
LTL,listed-nyse,19,2021-09-28,2026-07-14,100.0
LTM,listed-nyse,529,2024-07-25,2026-09-02,144964.0
LTPZ,listed-nyse,1175,2021-09-03,2026-09-02,900.0
LTTI,listed-nyse,77,2025-02-28,2026-08-28,100.0
LU,listed-nyse,1254,2021-09-03,2026-09-02,1086967.0
LUCK,listed-nyse,431,2024-12-12,2026-09-02,65321.0
LUD,listed-nyse,181,2025-02-27,2026-09-01,100.0
LUMA,listed-nyse,5,2026-07-30,2026-08-24,100.0
LUMN,listed-nyse,1254,2021-09-03,2026-09-02,3372733.0
LUV,listed-nyse,1254,2021-09-03,2026-09-02,2055525.0
LUXE,listed-nyse,358,2021-09-10,2026-09-02,41429.5
LVLN,listed-nyse,4,2026-06-03,2026-08-21,100.0
LVS,listed-nyse,1254,2021-09-03,2026-09-02,1508382.5
LVWR,listed-nyse,987,2022-09-27,2026-09-02,13652.0
LW,listed-nyse,1254,2021-09-03,2026-09-02,558307.5
LXFR,listed-nyse,1254,2021-09-03,2026-09-02,40564.5
LXP,listed-nyse,1254,2021-09-03,2026-09-02,665051.5
LXU,listed-nyse,1254,2021-09-03,2026-09-02,183046.5
LYB,listed-nyse,1254,2021-09-03,2026-09-02,806476.5
LYG,listed-nyse,1254,2021-09-03,2026-09-02,1028713.0
LYNX,listed-nyse,11,2026-08-19,2026-09-02,111747.0
LYV,listed-nyse,1254,2021-09-03,2026-09-02,551838.5
LZB,listed-nyse,1254,2021-09-03,2026-09-02,160606.0
LZM,listed-nyse,794,2023-07-06,2026-09-02,34756.5
M,listed-nyse,1254,2021-09-03,2026-09-02,2037400.5
MA,listed-nyse,1254,2021-09-03,2026-09-02,944135.5
MAA,listed-nyse,1254,2021-09-03,2026-09-02,275125.5
MAC,listed-nyse,1254,2021-09-03,2026-09-02,662132.0
MADE,listed-nyse,185,2024-12-04,2026-08-28,200.0
MAGA,listed-nyse,68,2021-09-13,2026-07-20,100.0
MAGG,listed-nyse,47,2023-10-10,2026-08-28,100.0
MAGN,listed-nyse,457,2024-11-05,2026-09-02,182858.0
MAIA,listed-nyse,784,2022-07-28,2026-09-02,920.5
MAIN,listed-nyse,1254,2021-09-03,2026-09-02,88419.5
MAIR,listed-nyse,97,2026-04-16,2026-09-02,427539.0
MAKX,listed-nyse,31,2023-09-08,2026-08-19,53.0
MAN,listed-nyse,1254,2021-09-03,2026-09-02,189162.0
MANE,listed-nyse,146,2026-02-04,2026-09-02,102793.5
MANI,listed-nyse,2,2026-04-02,2026-06-08,100.0
MANU,listed-nyse,1254,2021-09-03,2026-09-02,119365.0
MARO,listed-nyse,369,2024-12-26,2026-09-02,576.0
MAS,listed-nyse,1254,2021-09-03,2026-09-02,679780.0
MATV,listed-nyse,1045,2022-07-06,2026-09-02,154192.0
MATX,listed-nyse,1254,2021-09-03,2026-09-02,103116.5
MAVF,listed-nyse,3,2026-01-30,2026-06-02,63.0
MAX,listed-nyse,1254,2021-09-03,2026-09-02,115203.5
MBC,listed-nyse,931,2022-12-15,2026-09-02,361339.0
MBGL,listed-nyse,45,2026-07-01,2026-09-02,1267683.0
MBI,listed-nyse,1254,2021-09-03,2026-09-02,109245.0
MBOX,listed-nyse,32,2024-09-16,2026-09-01,100.0
MBSD,listed-nyse,421,2021-09-10,2026-08-24,122.0
MBSF,listed-nyse,350,2024-03-04,2026-09-02,200.0
MBSX,listed-nyse,28,2025-05-14,2026-08-14,100.0
MC,listed-nyse,1254,2021-09-03,2026-09-02,222316.0
MCB,listed-nyse,1254,2021-09-03,2026-09-02,31977.5
MCD,listed-nyse,1254,2021-09-03,2026-09-02,1097225.0
MCH,listed-nyse,67,2022-07-15,2026-08-27,100.0
MCI,listed-nyse,1254,2021-09-03,2026-09-02,3274.5
MCK,listed-nyse,1254,2021-09-03,2026-09-02,283623.0
MCN,listed-nyse,1254,2021-09-03,2026-09-02,7158.0
MCO,listed-nyse,1254,2021-09-03,2026-09-02,269084.0
MCRP,listed-nyse,270,2025-03-07,2026-09-02,505.0
MCS,listed-nyse,1254,2021-09-03,2026-09-02,89638.5
MCVT,listed-nyse,151,2022-08-09,2026-08-31,100.0
MCY,listed-nyse,1254,2021-09-03,2026-09-02,85560.0
MD,listed-nyse,1254,2021-09-03,2026-09-02,232174.0
MDA,listed-nyse,121,2026-03-12,2026-09-02,202327.0
MDST,listed-nyse,603,2024-04-09,2026-09-02,3309.0
MDT,listed-nyse,1254,2021-09-03,2026-09-02,2068098.0
MDU,listed-nyse,1254,2021-09-03,2026-09-02,519585.0
MDY,listed-nyse,1254,2021-09-03,2026-09-02,17573.0
MDYG,listed-nyse,1157,2021-09-03,2026-09-02,436.0
MDYV,listed-nyse,1204,2021-09-08,2026-09-02,851.0
MEC,listed-nyse,1254,2021-09-03,2026-09-02,28937.0
MED,listed-nyse,1254,2021-09-03,2026-09-02,53140.0
MEDI,listed-nyse,193,2024-06-03,2026-09-01,266.0
MEGI,listed-nyse,1217,2021-10-27,2026-09-02,22674.0
MEI,listed-nyse,1254,2021-09-03,2026-09-02,103758.5
MEM,listed-nyse,83,2022-07-21,2026-07-29,100.0
MEME,listed-nyse,221,2021-12-08,2026-09-02,2717.0
MEMX,listed-nyse,35,2023-01-26,2026-08-11,100.0
MET,listed-nyse,1254,2021-09-03,2026-09-02,1355037.0
METV,listed-nyse,1075,2022-01-31,2026-08-27,3344.0
MEXX,listed-nyse,507,2021-09-03,2026-08-31,600.0
MFA,listed-nyse,1254,2021-09-03,2026-09-02,363871.5
MFAN,listed-nyse,655,2024-01-24,2026-09-02,3325.0
MFAO,listed-nyse,591,2024-04-24,2026-09-02,2195.0
MFC,listed-nyse,1254,2021-09-03,2026-09-02,541617.5
MFDX,listed-nyse,136,2022-03-14,2026-07-31,113.0
MFEM,listed-nyse,279,2021-09-09,2026-09-01,100.0
MFG,listed-nyse,1254,2021-09-03,2026-09-02,242744.0
MFM,listed-nyse,1254,2021-09-03,2026-09-02,21653.5
MFSB,listed-nyse,400,2024-12-05,2026-09-02,5539.0
MFSG,listed-nyse,431,2024-12-05,2026-09-02,4165.0
MFSI,listed-nyse,436,2024-12-05,2026-09-02,10606.5
MFSM,listed-nyse,370,2024-12-05,2026-09-02,1017.5
MFSV,listed-nyse,431,2024-12-05,2026-09-02,4740.0
MFUS,listed-nyse,111,2022-06-21,2026-08-31,100.0
MG,listed-nyse,1254,2021-09-03,2026-09-02,32414.5
MGA,listed-nyse,1254,2021-09-03,2026-09-02,332440.5
MGC,listed-nyse,1203,2021-09-03,2026-09-02,581.0
MGF,listed-nyse,1253,2021-09-03,2026-09-02,6008.0
MGK,listed-nyse,1254,2021-09-03,2026-09-02,3749.0
MGLD,listed-nyse,215,2022-03-10,2026-09-02,100.0
MGM,listed-nyse,1254,2021-09-03,2026-09-02,1356784.0
MGMT,listed-nyse,261,2021-11-02,2026-09-02,300.0
MGNR,listed-nyse,160,2024-02-12,2026-09-01,200.0
MGOV,listed-nyse,315,2023-08-07,2026-09-01,100.0
MGR,listed-nyse,1254,2021-09-03,2026-09-02,5101.0
MGRB,listed-nyse,1254,2021-09-03,2026-09-02,4383.5
MGRD,listed-nyse,1254,2021-09-03,2026-09-02,3058.0
MGRE,listed-nyse,611,2024-03-27,2026-09-02,8043.0
MGV,listed-nyse,1245,2021-09-03,2026-09-02,1698.0
MGY,listed-nyse,1254,2021-09-03,2026-09-02,766433.5
MH,listed-nyse,280,2025-07-24,2026-09-02,173240.5
MHD,listed-nyse,1254,2021-09-03,2026-09-02,22830.5
MHF,listed-nyse,1254,2021-09-03,2026-09-02,9250.0
MHH,listed-nyse,487,2021-09-14,2026-09-02,55.0
MHIG,listed-nyse,1,2026-05-14,2026-05-14,100.0
MHIP,listed-nyse,2,2026-05-06,2026-05-08,150.0
MHK,listed-nyse,1254,2021-09-03,2026-09-02,223825.5
MHLA,listed-nyse,1174,2021-09-03,2026-09-02,440.0
MHNC,listed-nyse,1223,2021-09-03,2026-09-02,795.0
MHO,listed-nyse,1254,2021-09-03,2026-09-02,92524.5
MHY,listed-nyse,6,2025-09-18,2026-09-02,100.0
MI,listed-nyse,275,2023-09-18,2026-09-02,200.0
MIAX,listed-nyse,265,2025-08-14,2026-09-02,337857.0
MICC,listed-nyse,185,2025-12-08,2026-09-02,230319.0
MID,listed-nyse,57,2022-01-24,2026-07-14,40.0
MIDE,listed-nyse,31,2022-12-08,2026-06-29,55.0
MIDU,listed-nyse,644,2021-10-01,2026-09-02,200.0
MIGO,listed-nyse,8,2026-05-21,2026-08-25,199.5
MIN,listed-nyse,1254,2021-09-03,2026-09-02,29683.5
MINE,listed-nyse,106,2026-01-27,2026-09-02,300.0
MINO,listed-nyse,681,2021-10-14,2026-09-02,200.0
MINT,listed-nyse,1253,2021-09-03,2026-09-02,9714.0
MINV,listed-nyse,166,2022-07-15,2026-08-20,147.5
MINY,listed-nyse,33,2026-02-27,2026-09-01,200.0
MIR,listed-nyse,1221,2021-10-21,2026-09-02,540863.0
MISL,listed-nyse,240,2023-05-23,2026-09-02,387.0
MITN,listed-nyse,628,2024-02-06,2026-09-02,848.0
MITP,listed-nyse,566,2024-05-20,2026-09-02,1341.5
MITQ,listed-nyse,401,2021-09-07,2026-08-18,400.0
MITT,listed-nyse,1254,2021-09-03,2026-09-02,45078.5
MIVL,listed-nyse,1,2026-06-17,2026-06-17,300.0
MIY,listed-nyse,1254,2021-09-03,2026-09-02,8119.5
MJ,listed-nyse,1125,2021-09-03,2026-09-02,10666.0
MJSC,listed-nyse,20,2025-10-01,2026-08-24,300.0
MKC,listed-nyse,1254,2021-09-03,2026-09-02,689157.0
MKC V,listed-nyse,1249,2021-09-03,2026-09-02,422.0
MKL,listed-nyse,1254,2021-09-03,2026-09-02,16190.0
MKOR,listed-nyse,117,2023-07-25,2026-08-19,100.0
MKTN,listed-nyse,55,2025-09-26,2026-09-02,161.0
MLDR,listed-nyse,4,2026-01-08,2026-05-14,100.0
MLI,listed-nyse,1254,2021-09-03,2026-09-02,216421.5
MLM,listed-nyse,1254,2021-09-03,2026-09-02,128179.0
MLP,listed-nyse,1254,2021-09-03,2026-09-02,4939.0
MLPA,listed-nyse,1117,2021-09-03,2026-09-02,1224.0
MLPB,listed-nyse,158,2021-12-17,2026-08-05,200.0
MLPD,listed-nyse,124,2024-05-22,2026-08-25,100.0
MLPR,listed-nyse,4,2023-08-25,2026-01-30,83.5
MLPX,listed-nyse,1003,2021-09-03,2026-09-02,1453.0
MLR,listed-nyse,1254,2021-09-03,2026-09-02,19752.0
MLSS,listed-nyse,681,2021-09-03,2026-09-01,300.0
MMA,listed-nyse,325,2024-03-28,2026-09-02,600.0
MMCA,listed-nyse,225,2022-01-07,2026-08-28,200.0
MMD,listed-nyse,1254,2021-09-03,2026-09-02,12151.5
MMI,listed-nyse,1254,2021-09-03,2026-09-02,55278.0
MMID,listed-nyse,196,2025-09-24,2026-09-02,199.5
MMIN,listed-nyse,839,2021-09-23,2026-09-02,374.0
MMIT,listed-nyse,1055,2021-09-10,2026-09-02,1100.0
MMK,listed-nyse,104,2026-02-12,2026-09-02,188.0
MMKT,listed-nyse,486,2024-09-25,2026-09-02,1581.5
MMM,listed-nyse,1254,2021-09-03,2026-09-02,1132683.0
MMMA,listed-nyse,3,2026-06-10,2026-08-31,100.0
MMS,listed-nyse,1254,2021-09-03,2026-09-02,151737.0
MMSC,listed-nyse,115,2022-09-07,2026-09-02,114.0
MMSD,listed-nyse,50,2025-07-31,2026-09-02,100.0
MMT,listed-nyse,1254,2021-09-03,2026-09-02,14254.5
MMTM,listed-nyse,85,2022-03-03,2026-07-30,13.0
MMU,listed-nyse,1254,2021-09-03,2026-09-02,24333.5
MNA,listed-nyse,376,2021-09-07,2026-08-28,149.0
MNBD,listed-nyse,40,2023-09-01,2026-08-31,100.0
MNGU,listed-nyse,1,2026-08-27,2026-08-27,100.0
MNR,listed-nyse,837,2021-09-03,2026-09-02,46487.0
MNRS,listed-nyse,51,2025-01-30,2026-06-25,100.0
MNSO,listed-nyse,1254,2021-09-03,2026-09-02,207007.0
MNTN,listed-nyse,787,2022-01-14,2026-09-02,5650.0
MO,listed-nyse,1254,2021-09-03,2026-09-02,2629183.5
MOD,listed-nyse,1254,2021-09-03,2026-09-02,198968.0
MOG A,listed-nyse,1254,2021-09-03,2026-09-02,55053.0
MOG B,listed-nyse,888,2021-09-03,2026-09-02,8.0
MOGU,listed-nyse,1227,2021-09-03,2026-09-02,813.0
MOH,listed-nyse,1254,2021-09-03,2026-09-02,166796.5
MOO,listed-nyse,1102,2021-09-14,2026-09-02,520.5
MORT,listed-nyse,1205,2021-09-03,2026-09-02,5819.0
MOS,listed-nyse,1254,2021-09-03,2026-09-02,1426977.5
MOTO,listed-nyse,3,2024-09-18,2025-02-20,100.0
MOV,listed-nyse,1254,2021-09-03,2026-09-02,53044.0
MP,listed-nyse,1254,2021-09-03,2026-09-02,802475.5
MPA,listed-nyse,1254,2021-09-03,2026-09-02,4104.5
MPC,listed-nyse,1254,2021-09-03,2026-09-02,1063054.5
MPDY,listed-nyse,5,2026-08-18,2026-08-28,100.0
MPIM,listed-nyse,9,2026-08-13,2026-08-31,200.0
MPLX,listed-nyse,1254,2021-09-03,2026-09-02,337162.0
MPT,listed-nyse,148,2026-02-02,2026-09-02,1696675.0
MPTI,listed-nyse,728,2022-10-10,2026-09-02,293.5
MPU,listed-nyse,582,2023-02-06,2026-09-02,616.0
MPV,listed-nyse,1251,2021-09-03,2026-09-02,1769.0
MQY,listed-nyse,1254,2021-09-03,2026-09-02,38895.0
MRK,listed-nyse,1254,2021-09-03,2026-09-02,3302042.0
MRNX,listed-nyse,68,2026-02-05,2026-09-02,200.0
MRNY,listed-nyse,523,2024-01-05,2026-09-02,5433.0
MRP,listed-nyse,394,2025-02-07,2026-09-02,423213.5
MRSH,listed-nyse,160,2026-01-14,2026-09-02,996934.5
MRSK,listed-nyse,151,2021-10-14,2026-07-31,100.0
MRT,listed-nyse,395,2023-07-11,2026-09-02,242.0
MS,listed-nyse,1254,2021-09-03,2026-09-02,2274344.5
MSA,listed-nyse,1254,2021-09-03,2026-09-02,50273.5
MSB,listed-nyse,1254,2021-09-03,2026-09-02,6517.5
MSBT,listed-nyse,103,2026-04-08,2026-09-02,11346.0
MSC,listed-nyse,1224,2021-09-03,2026-09-02,539.0
MSCI,listed-nyse,1254,2021-09-03,2026-09-02,151762.0
MSD,listed-nyse,1254,2021-09-03,2026-09-02,12208.5
MSDL,listed-nyse,655,2024-01-24,2026-09-02,109051.0
MSFO,listed-nyse,495,2023-08-25,2026-09-01,350.0
MSGE,listed-nyse,1254,2021-09-03,2026-09-02,100388.0
MSGS,listed-nyse,1254,2021-09-03,2026-09-02,44219.0
MSI,listed-nyse,1254,2021-09-03,2026-09-02,281437.0
MSIF,listed-nyse,401,2025-01-29,2026-09-02,42477.0
MSLC,listed-nyse,287,2024-12-11,2026-09-01,268.0
MSM,listed-nyse,1254,2021-09-03,2026-09-02,160584.5
MSN,listed-nyse,332,2021-09-08,2026-09-02,200.0
MSOL,listed-nyse,9,2026-07-28,2026-08-31,181.0
MSOS,listed-nyse,1254,2021-09-03,2026-09-02,48050.5
MSOX,listed-nyse,882,2022-08-26,2026-09-02,7672.0
MSSE,listed-nyse,11,2026-07-28,2026-09-01,452.0
MSSM,listed-nyse,89,2024-12-11,2026-08-17,100.0
MSTI,listed-nyse,35,2024-02-09,2026-08-28,100.0
MSTY,listed-nyse,634,2024-02-22,2026-09-02,29453.5
MT,listed-nyse,1254,2021-09-03,2026-09-02,402356.5
MTA,listed-nyse,1232,2021-09-03,2026-09-02,6469.0
MTAL,listed-nyse,988,2021-09-20,2026-08-31,8364.0
MTAW,listed-nyse,2,2026-08-24,2026-08-25,1.0
MTB,listed-nyse,1254,2021-09-03,2026-09-02,354041.5
MTBA,listed-nyse,681,2023-11-07,2026-09-02,800.0
MTD,listed-nyse,1254,2021-09-03,2026-09-02,40904.0
MTDR,listed-nyse,1254,2021-09-03,2026-09-02,459389.0
MTEST A,xnys-only-backstop,2,2022-05-05,2022-05-06,50.0
MTG,listed-nyse,1254,2021-09-03,2026-09-02,709178.0
MTGP,listed-nyse,183,2021-09-07,2026-08-26,100.0
MTH,listed-nyse,1254,2021-09-03,2026-09-02,154120.0
MTN,listed-nyse,1254,2021-09-03,2026-09-02,135322.0
MTNB,listed-nyse,932,2021-09-03,2026-09-02,1200.0
MTNE,listed-nyse,38,2026-06-22,2026-09-02,359.0
MTR,listed-nyse,1254,2021-09-03,2026-09-02,1378.5
MTRN,listed-nyse,1254,2021-09-03,2026-09-02,41066.5
MTUS,listed-nyse,632,2024-02-27,2026-09-02,137604.5
MTW,listed-nyse,1254,2021-09-03,2026-09-02,92204.0
MTX,listed-nyse,1254,2021-09-03,2026-09-02,63029.0
MTZ,listed-nyse,1254,2021-09-03,2026-09-02,229908.0
MUA,listed-nyse,1254,2021-09-03,2026-09-02,17526.0
MUB,listed-nyse,1254,2021-09-03,2026-09-02,59313.0
MUC,listed-nyse,1254,2021-09-03,2026-09-02,42436.5
MUFG,listed-nyse,1254,2021-09-03,2026-09-02,555223.0
MUJ,listed-nyse,1254,2021-09-03,2026-09-02,16504.5
MUNA,listed-nyse,9,2026-03-30,2026-06-17,98.0
MUNB,listed-nyse,5,2026-05-05,2026-07-08,33.0
MUNI,listed-nyse,1080,2021-09-03,2026-09-02,2144.0
MUNX,listed-nyse,21,2025-11-21,2026-06-03,100.0
MUR,listed-nyse,1254,2021-09-03,2026-09-02,625318.5
MUSA,listed-nyse,1254,2021-09-03,2026-09-02,75220.5
MUSE,listed-nyse,182,2024-11-19,2026-09-02,3.0
MUSI,listed-nyse,180,2021-09-30,2026-08-31,100.0
MUSQ,listed-nyse,33,2023-07-17,2026-08-31,44.0
MUST,listed-nyse,825,2021-09-07,2026-09-02,204.0
MUX,listed-nyse,1254,2021-09-03,2026-09-02,194147.0
MUZ,listed-nyse,60,2026-06-09,2026-09-02,40009.5
MVPA,listed-nyse,26,2024-01-31,2026-09-02,100.0
MVPL,listed-nyse,2,2026-08-17,2026-08-27,1255.0
MVRL,listed-nyse,26,2021-12-28,2026-06-08,97.0
MVV,listed-nyse,212,2021-09-07,2026-09-01,100.0
MWA,listed-nyse,1254,2021-09-03,2026-09-02,414752.0
MWG,listed-nyse,294,2023-04-03,2026-08-25,373.0
MWHS,listed-nyse,9,2026-07-06,2026-08-28,90.0
MX,listed-nyse,1254,2021-09-03,2026-09-02,74748.5
MXC,listed-nyse,303,2021-09-13,2026-09-02,68.0
MXE,listed-nyse,1226,2021-09-03,2026-09-02,840.5
MXF,listed-nyse,1254,2021-09-03,2026-09-02,4420.0
MXI,listed-nyse,521,2021-09-16,2026-09-02,139.0
MYE,listed-nyse,1254,2021-09-03,2026-09-02,74511.0
MYI,listed-nyse,1254,2021-09-03,2026-09-02,40177.5
MYN,listed-nyse,1254,2021-09-03,2026-09-02,17006.5
MYND,listed-nyse,203,2023-12-13,2026-08-26,100.0
MYO,listed-nyse,988,2021-09-03,2026-09-02,2253.0
MYY,listed-nyse,213,2022-02-01,2026-08-28,200.0
MZYX,listed-nyse,76,2026-04-20,2026-09-02,900.0
MZZ,listed-nyse,40,2021-11-19,2026-08-03,100.0
NABL,listed-nyse,1254,2021-09-03,2026-09-02,220676.5
NAC,listed-nyse,1254,2021-09-03,2026-09-02,76322.0
NACP,listed-nyse,246,2021-10-29,2026-09-01,174.0
NAD,listed-nyse,1254,2021-09-03,2026-09-02,117247.0
NAIL,listed-nyse,1248,2021-09-03,2026-09-02,2291.0
NAK,listed-nyse,1240,2021-09-03,2026-09-02,12907.0
NAN,listed-nyse,1254,2021-09-03,2026-09-02,13835.0
NANR,listed-nyse,387,2021-10-12,2026-09-02,100.0
NASA,listed-nyse,108,2026-03-31,2026-09-02,39987.0
NAT,listed-nyse,1254,2021-09-03,2026-09-02,627947.0
NATL,listed-nyse,722,2023-10-17,2026-09-02,171087.5
NAZ,listed-nyse,1249,2021-09-03,2026-09-02,2716.0
NBB,listed-nyse,1254,2021-09-03,2026-09-02,10249.0
NBCE,listed-nyse,1,2025-06-30,2025-06-30,40.0
NBCM,listed-nyse,319,2022-11-18,2026-09-02,200.0
NBCR,listed-nyse,142,2024-10-31,2026-09-02,200.0
NBDS,listed-nyse,16,2023-01-26,2026-09-02,100.0
NBET,listed-nyse,8,2024-12-02,2026-07-16,42.0
NBFC,listed-nyse,9,2025-02-04,2026-08-11,100.0
NBFR,listed-nyse,16,2026-02-27,2026-08-14,100.0
NBGX,listed-nyse,3,2026-06-04,2026-06-24,9.0
NBH,listed-nyse,1084,2021-09-10,2026-09-01,900.0
NBHC,listed-nyse,1254,2021-09-03,2026-09-02,93000.5
NBIE,listed-nyse,9,2026-03-17,2026-08-31,100.0
NBJP,listed-nyse,6,2025-03-10,2025-10-27,200.0
NBOS,listed-nyse,33,2024-03-25,2026-08-03,200.0
NBR,listed-nyse,1254,2021-09-03,2026-09-02,67000.0
NBSD,listed-nyse,314,2024-07-09,2026-09-02,316.0
NBSM,listed-nyse,125,2024-09-11,2026-08-21,143.0
NBTR,listed-nyse,10,2025-11-17,2026-09-02,17.5
NBXG,listed-nyse,1254,2021-09-03,2026-09-02,39070.0
NC,listed-nyse,1254,2021-09-03,2026-09-02,3687.5
NCA,listed-nyse,1254,2021-09-03,2026-09-02,13514.0
NCDL,listed-nyse,654,2024-01-25,2026-09-02,46036.0
NCLH,listed-nyse,1254,2021-09-03,2026-09-02,3012809.0
NCLO,listed-nyse,141,2024-12-13,2026-09-02,300.0
NCV,listed-nyse,1254,2021-09-03,2026-09-02,53602.5
NCZ,listed-nyse,1254,2021-09-03,2026-09-02,59788.0
NDIA,listed-nyse,61,2023-11-02,2026-08-25,100.0
NDIV,listed-nyse,136,2024-04-29,2026-09-02,209.5
NDMO,listed-nyse,1254,2021-09-03,2026-09-02,25077.5
NE,listed-nyse,1254,2021-09-03,2026-09-02,463049.0
NEA,listed-nyse,1254,2021-09-03,2026-09-02,149599.0
NEE,listed-nyse,1254,2021-09-03,2026-09-02,2931461.5
NEM,listed-nyse,1254,2021-09-03,2026-09-02,2671597.5
NEMD,listed-nyse,18,2025-10-03,2026-08-27,100.0
NEN,listed-nyse,86,2021-09-10,2025-04-09,100.0
NET,listed-nyse,1254,2021-09-03,2026-09-02,852959.5
NETL,listed-nyse,70,2021-09-09,2026-07-10,66.5
NEU,listed-nyse,1254,2021-09-03,2026-09-02,13904.5
NEWP,listed-nyse,1228,2021-09-03,2026-09-02,5079.0
NEXA,listed-nyse,1254,2021-09-03,2026-09-02,20624.0
NFG,listed-nyse,1254,2021-09-03,2026-09-02,209333.5
NFGC,listed-nyse,1227,2021-09-29,2026-09-02,9965.0
NFJ,listed-nyse,1254,2021-09-03,2026-09-02,40369.0
NFLT,listed-nyse,636,2021-09-10,2026-09-02,144.0
NFLY,listed-nyse,500,2023-08-29,2026-09-02,483.5
NFRA,listed-nyse,667,2021-09-03,2026-08-28,115.0
NG,listed-nyse,1254,2021-09-03,2026-09-02,56708.0
NGG,listed-nyse,1254,2021-09-03,2026-09-02,118319.0
NGIF,listed-nyse,4,2026-06-08,2026-08-20,100.0
NGL,listed-nyse,1254,2021-09-03,2026-09-02,64844.0
NGS,listed-nyse,1254,2021-09-03,2026-09-02,14378.5
NGVC,listed-nyse,1254,2021-09-03,2026-09-02,28463.0
NGVT,listed-nyse,1254,2021-09-03,2026-09-02,88746.5
NHC,listed-nyse,1241,2021-09-03,2026-09-02,479.0
NHI,listed-nyse,1254,2021-09-03,2026-09-02,89531.0
NHS,listed-nyse,1185,2021-09-10,2026-09-02,1762.0
NHYB,listed-nyse,18,2026-01-05,2026-09-02,1550.0
NHYM,listed-nyse,86,2025-04-25,2026-09-02,100.0
NI,listed-nyse,1254,2021-09-03,2026-09-02,1373344.5
NIC,listed-nyse,1073,2022-05-24,2026-09-02,20324.0
NIE,listed-nyse,1254,2021-09-03,2026-09-02,12374.0
NIM,listed-nyse,1254,2021-09-03,2026-09-02,4142.0
NINE,listed-nyse,1189,2021-09-03,2026-09-02,102596.0
NIO,listed-nyse,1254,2021-09-03,2026-09-02,6856469.0
NIQ,listed-nyse,733,2021-09-03,2026-09-02,9105.0
NITE,listed-nyse,150,2024-08-05,2026-08-24,200.0
NJNK,listed-nyse,30,2024-09-13,2026-08-27,100.0
NJR,listed-nyse,1254,2021-09-03,2026-09-02,236125.5
NKE,listed-nyse,1254,2021-09-03,2026-09-02,2809356.0
NKX,listed-nyse,1254,2021-09-03,2026-09-02,26190.5
NL,listed-nyse,1254,2021-09-03,2026-09-02,7681.5
NLOP,listed-nyse,710,2023-11-02,2026-09-02,41061.0
NLR,listed-nyse,747,2021-09-30,2026-09-02,2404.0
NLY,listed-nyse,1254,2021-09-03,2026-09-02,1943841.0
NMAI,listed-nyse,1199,2021-11-22,2026-09-02,12633.0
NMAX,listed-nyse,359,2025-03-31,2026-09-02,183300.0
NMB,listed-nyse,34,2024-09-30,2026-08-12,100.0
NMBL,listed-nyse,12,2025-11-21,2026-06-22,100.0
NMCO,listed-nyse,1254,2021-09-03,2026-09-02,27649.0
NMG,listed-nyse,1254,2021-09-03,2026-09-02,11726.0
NMI,listed-nyse,1254,2021-09-03,2026-09-02,3875.5
NML,listed-nyse,1210,2021-09-03,2026-09-02,1825.5
NMM,listed-nyse,1254,2021-09-03,2026-09-02,31299.0
NMR,listed-nyse,1254,2021-09-03,2026-09-02,248720.0
NMS,listed-nyse,1233,2021-09-03,2026-09-02,1539.0
NMT,listed-nyse,1247,2021-09-03,2026-09-02,2278.0
NMZ,listed-nyse,1254,2021-09-03,2026-09-02,55823.0
NNI,listed-nyse,1254,2021-09-03,2026-09-02,27635.0
NNN,listed-nyse,1254,2021-09-03,2026-09-02,430472.5
NNVC,listed-nyse,795,2021-09-07,2026-09-02,600.0
NNY,listed-nyse,1254,2021-09-03,2026-09-02,5578.5
NOA,listed-nyse,1254,2021-09-03,2026-09-02,15471.0
NOAH,listed-nyse,1254,2021-09-03,2026-09-02,28537.0
NOC,listed-nyse,1254,2021-09-03,2026-09-02,242979.5
NOG,listed-nyse,1254,2021-09-03,2026-09-02,463140.5
NOK,listed-nyse,1254,2021-09-03,2026-09-02,2619630.0
NOMD,listed-nyse,1254,2021-09-03,2026-09-02,195992.5
NORW,listed-nyse,287,2021-09-20,2026-08-28,113.0
NOV,listed-nyse,1254,2021-09-03,2026-09-02,1187325.5
NOW,listed-nyse,1254,2021-09-03,2026-09-02,381806.0
NP,listed-nyse,441,2021-09-03,2026-09-02,58268.0
NPB,listed-nyse,389,2025-02-14,2026-09-02,61160.0
NPCT,listed-nyse,1254,2021-09-03,2026-09-02,15900.5
NPFD,listed-nyse,1182,2021-12-16,2026-09-02,9919.5
NPK,listed-nyse,1254,2021-09-03,2026-09-02,12587.0
NPKI,listed-nyse,426,2024-12-19,2026-09-02,252157.0
NPO,listed-nyse,1254,2021-09-03,2026-09-02,39405.0
NPV,listed-nyse,1252,2021-09-03,2026-09-02,4821.0
NPWR,listed-nyse,811,2023-06-09,2026-09-02,180034.0
NQLT,listed-nyse,1,2026-07-29,2026-07-29,2.0
NRDY,listed-nyse,1243,2021-09-21,2026-09-02,178842.0
NREF,listed-nyse,1254,2021-09-03,2026-09-02,13030.5
NRG,listed-nyse,1254,2021-09-03,2026-09-02,899010.5
NRGD,listed-nyse,772,2021-09-03,2026-09-02,300.0
NRGU,listed-nyse,975,2021-09-03,2026-09-02,232.0
NRGV,listed-nyse,1142,2022-02-14,2026-09-02,268647.5
NRK,listed-nyse,1254,2021-09-03,2026-09-02,36493.0
NRO,listed-nyse,1191,2021-09-03,2026-09-02,3123.0
NRP,listed-nyse,1254,2021-09-03,2026-09-02,4393.0
NRSH,listed-nyse,25,2024-09-25,2026-08-31,14.0
NRT,listed-nyse,1254,2021-09-03,2026-09-02,7425.5
NRUC,listed-nyse,1254,2021-09-03,2026-09-02,3862.0
NRXS,listed-nyse,430,2023-08-09,2026-09-02,200.0
NSAI,xnys-only-backstop,1,2026-09-02,2026-09-02,601.0
NSC,listed-nyse,1254,2021-09-03,2026-09-02,395097.0
NSCI,listed-nyse,4,2025-09-26,2026-07-22,100.0
NSIG,listed-nyse,1,2026-08-14,2026-08-14,1.0
NSIV,listed-nyse,1,2026-08-19,2026-08-19,900.0
NSP,listed-nyse,1254,2021-09-03,2026-09-02,103835.5
NSRX,listed-nyse,81,2025-08-13,2026-08-28,100.0
NTB,listed-nyse,1254,2021-09-03,2026-09-02,55470.0
NTEST,listed-nyse,613,2021-09-07,2026-09-02,5041.0
NTEST G,xnys-only-backstop,1,2023-01-24,2023-01-24,1520.0
NTEST H,xnys-only-backstop,1185,2021-09-03,2026-09-02,1840.0
NTEST I,xnys-only-backstop,1183,2021-09-03,2026-09-02,1840.0
NTEST J,xnys-only-backstop,1,2023-01-24,2023-01-24,1960.0
NTEST K,xnys-only-backstop,1,2023-01-24,2023-01-24,2080.0
NTEST L,xnys-only-backstop,2,2022-02-03,2023-01-24,1790.0
NTEST M,xnys-only-backstop,1,2023-01-24,2023-01-24,2320.0
NTEST N,xnys-only-backstop,50,2021-09-03,2023-01-24,1640.0
NTEST O,xnys-only-backstop,49,2021-09-03,2026-02-19,1680.0
NTEST Q,xnys-only-backstop,1,2023-01-24,2023-01-24,1840.0
NTEST Y,xnys-only-backstop,10,2022-06-01,2023-07-25,1720.0
NTEST Z,xnys-only-backstop,6,2022-06-01,2025-04-04,500.0
NTIP,listed-nyse,452,2021-09-03,2026-09-02,170.0
NTR,listed-nyse,1254,2021-09-03,2026-09-02,538038.0
NTRL,listed-nyse,1,2023-11-01,2023-11-01,1.0
NTSD,listed-nyse,10,2026-04-28,2026-09-01,50.0
NTSE,listed-nyse,41,2022-05-17,2026-08-05,100.0
NTSI,listed-nyse,89,2021-10-18,2026-08-10,100.0
NTST,listed-nyse,1254,2021-09-03,2026-09-02,274395.5
NTSX,listed-nyse,524,2021-09-09,2026-08-31,157.5
NU,listed-nyse,1187,2021-12-09,2026-09-02,5952220.0
NUAG,listed-nyse,294,2021-09-07,2026-08-24,100.0
NUBD,listed-nyse,770,2021-09-15,2026-09-02,400.0
NUE,listed-nyse,1254,2021-09-03,2026-09-02,596866.0
NUGO,listed-nyse,359,2021-12-02,2026-08-28,113.0
NUGT,listed-nyse,1254,2021-09-03,2026-09-02,17201.5
NUHY,listed-nyse,614,2021-09-09,2026-09-01,200.0
NUKX,listed-nyse,11,2026-03-16,2026-07-28,20.0
NUKZ,listed-nyse,450,2024-05-08,2026-09-02,652.0
NUMI,listed-nyse,45,2025-04-29,2026-09-02,100.0
NUS,listed-nyse,1254,2021-09-03,2026-09-02,194118.0
NUSA,listed-nyse,111,2021-09-09,2026-08-21,100.0
NUV,listed-nyse,1254,2021-09-03,2026-09-02,91522.0
NUVB,listed-nyse,1254,2021-09-03,2026-09-02,393274.0
NUW,listed-nyse,1254,2021-09-03,2026-09-02,6270.0
NVA,listed-nyse,400,2024-07-24,2026-09-02,1726.0
NVDB,listed-nyse,130,2025-10-03,2026-09-02,300.0
NVDY,listed-nyse,791,2023-05-11,2026-09-02,28445.0
NVG,listed-nyse,1254,2021-09-03,2026-09-02,96347.5
NVGS,listed-nyse,1254,2021-09-03,2026-09-02,49389.5
NVIR,listed-nyse,7,2023-10-13,2026-03-13,100.0
NVO,listed-nyse,1254,2021-09-03,2026-09-02,679580.0
NVOH,listed-nyse,16,2025-08-18,2026-05-08,100.0
NVOX,listed-nyse,420,2024-12-03,2026-09-02,8613.0
NVR,listed-nyse,1254,2021-09-03,2026-09-02,8408.5
NVRI,listed-nyse,804,2023-06-20,2026-09-02,220301.0
NVS,listed-nyse,1254,2021-09-03,2026-09-02,324875.5
NVST,listed-nyse,1254,2021-09-03,2026-09-02,609874.5
NVT,listed-nyse,1254,2021-09-03,2026-09-02,410411.0
NWAX,listed-nyse,149,2026-01-26,2026-09-02,5005.0
NWG,listed-nyse,1252,2021-09-03,2026-09-02,406086.0
NWN,listed-nyse,1254,2021-09-03,2026-09-02,91221.0
NX,listed-nyse,1254,2021-09-03,2026-09-02,96345.5
NXB,listed-nyse,27,2026-05-29,2026-09-02,100.0
NXDR,listed-nyse,283,2025-07-21,2026-09-02,730266.0
NXDT,listed-nyse,1209,2021-11-08,2026-09-02,39397.0
NXE,listed-nyse,1254,2021-09-03,2026-09-02,1065096.5
NXG,listed-nyse,962,2022-11-01,2026-09-02,4308.5
NXP,listed-nyse,1254,2021-09-03,2026-09-02,16138.5
NXRT,listed-nyse,1254,2021-09-03,2026-09-02,55240.5
NXTE,listed-nyse,49,2022-10-03,2026-07-15,100.0
NXUS,listed-nyse,21,2026-01-12,2026-07-20,100.0
NYC,listed-nyse,1249,2021-09-03,2026-09-02,1099.0
NYF,listed-nyse,752,2021-09-03,2026-09-02,323.5
NYM,listed-nyse,108,2025-11-11,2026-09-01,200.0
NYSX,listed-nyse,1,2026-06-18,2026-06-18,200.0
NYT,listed-nyse,1254,2021-09-03,2026-09-02,459687.0
NZF,listed-nyse,1254,2021-09-03,2026-09-02,91219.0
O,listed-nyse,1254,2021-09-03,2026-09-02,1673497.5
OACP,listed-nyse,396,2022-04-01,2026-09-02,200.0
OAEM,listed-nyse,97,2022-10-04,2026-08-31,100.0
OAIM,listed-nyse,136,2022-10-24,2026-07-17,100.0
OAIW,listed-nyse,12,2026-08-17,2026-09-02,17.5
OAKG,listed-nyse,3,2026-03-25,2026-06-29,2.0
OAKI,listed-nyse,14,2025-12-11,2026-08-13,100.0
OAKM,listed-nyse,329,2024-12-04,2026-09-02,1748.0
OALC,listed-nyse,164,2021-11-18,2026-08-31,200.0
OARK,listed-nyse,625,2023-03-13,2026-08-21,784.0
OASC,listed-nyse,52,2024-06-27,2026-08-31,437.5
OBDC,listed-nyse,794,2023-07-06,2026-09-02,656040.5
OBE,listed-nyse,1152,2022-01-31,2026-09-02,16679.5
OBK,listed-nyse,824,2023-05-22,2026-09-02,50921.5
OBOR,listed-nyse,78,2022-08-24,2026-08-14,100.0
OC,listed-nyse,1254,2021-09-03,2026-09-02,292760.5
OCAC,listed-nyse,17,2026-08-03,2026-09-01,3735.0
OCIO,listed-nyse,9,2022-08-19,2026-08-20,100.0
ODC,listed-nyse,1254,2021-09-03,2026-09-02,9038.0
OEC,listed-nyse,1254,2021-09-03,2026-09-02,157210.0
OEF,listed-nyse,1253,2021-09-03,2026-09-02,4247.0
OEFA,listed-nyse,11,2025-10-07,2026-07-07,100.0
OEI,listed-nyse,58,2025-10-29,2026-08-31,200.0
OFG,listed-nyse,1254,2021-09-03,2026-09-02,114589.5
OFRM,listed-nyse,144,2026-02-06,2026-09-02,114023.0
OGC,listed-nyse,104,2026-04-07,2026-09-02,52068.5
OGCP,listed-nyse,32,2021-11-08,2026-08-21,110.0
OGE,listed-nyse,1254,2021-09-03,2026-09-02,452668.5
OGEN,listed-nyse,794,2021-09-03,2026-09-01,714.5
OGG,listed-nyse,33,2026-07-20,2026-09-02,353105.0
OGIG,listed-nyse,589,2021-09-03,2026-09-01,119.0
OGN,listed-nyse,1254,2021-09-03,2026-09-02,727650.0
OGS,listed-nyse,1254,2021-09-03,2026-09-02,161359.5
OGSP,listed-nyse,18,2024-04-17,2026-06-11,57.0
OHI,listed-nyse,1254,2021-09-03,2026-09-02,685671.5
OI,listed-nyse,1254,2021-09-03,2026-09-02,436074.5
OIA,listed-nyse,1254,2021-09-03,2026-09-02,18093.0
OIH,listed-nyse,1254,2021-09-03,2026-09-02,9209.5
OII,listed-nyse,1254,2021-09-03,2026-09-02,330476.5
OILD,listed-nyse,1022,2022-01-24,2026-09-02,2118.0
OILT,listed-nyse,52,2024-02-26,2026-08-31,100.0
OILU,listed-nyse,1091,2021-12-09,2026-09-02,1277.0
OIS,listed-nyse,1254,2021-09-03,2026-09-02,229915.0
OKE,listed-nyse,1254,2021-09-03,2026-09-02,1094327.5
OKLO,listed-nyse,580,2024-05-10,2026-09-02,2230567.0
OLN,listed-nyse,1254,2021-09-03,2026-09-02,517462.5
OLP,listed-nyse,1254,2021-09-03,2026-09-02,21468.0
OMAH,listed-nyse,360,2025-03-10,2026-09-02,7570.5
OMC,listed-nyse,1254,2021-09-03,2026-09-02,705866.0
OMF,listed-nyse,1254,2021-09-03,2026-09-02,368843.0
OND,listed-nyse,11,2021-11-11,2026-08-14,100.0
ONEO,listed-nyse,19,2022-07-01,2026-04-28,70.0
ONEV,listed-nyse,305,2021-11-03,2026-07-24,100.0
ONEY,listed-nyse,443,2021-10-05,2026-08-17,108.0
ONIT,listed-nyse,560,2024-06-10,2026-09-02,15166.0
ONL,listed-nyse,1204,2021-11-15,2026-09-02,132306.0
ONLN,listed-nyse,696,2021-09-28,2026-08-27,200.0
ONOF,listed-nyse,171,2021-09-30,2026-08-31,426.0
ONON,listed-nyse,1247,2021-09-15,2026-09-02,876670.0
ONT,listed-nyse,85,2026-05-04,2026-09-02,223301.0
ONTO,listed-nyse,1254,2021-09-03,2026-09-02,156864.0
OOMA,listed-nyse,1254,2021-09-03,2026-09-02,35346.5
OOSP,listed-nyse,39,2024-07-02,2026-07-22,100.0
OPER,listed-nyse,197,2021-10-04,2026-08-26,100.0
OPFI,listed-nyse,1254,2021-09-03,2026-09-02,61039.0
OPHC,listed-nyse,288,2021-09-24,2026-09-02,100.0
OPLN,listed-nyse,172,2025-12-26,2026-09-02,333170.5
OPP,listed-nyse,1254,2021-09-03,2026-09-02,13417.5
OPPE,listed-nyse,117,2025-07-21,2026-08-21,169.0
OPTT,listed-nyse,1070,2021-09-03,2026-09-02,6484.0
OPTU,listed-nyse,197,2025-11-19,2026-09-02,615041.0
OPY,listed-nyse,1254,2021-09-03,2026-09-02,14832.5
OR,listed-nyse,1254,2021-09-03,2026-09-02,258792.0
ORA,listed-nyse,1254,2021-09-03,2026-09-02,176530.5
ORC,listed-nyse,1254,2021-09-03,2026-09-02,556553.5
ORCL,listed-nyse,1254,2021-09-03,2026-09-02,2789930.0
ORI,listed-nyse,1254,2021-09-03,2026-09-02,530004.5
ORN,listed-nyse,1254,2021-09-03,2026-09-02,56061.0
OSCR,listed-nyse,1254,2021-09-03,2026-09-02,860045.0
OSEA,listed-nyse,203,2022-09-09,2026-08-28,200.0
OSG,listed-nyse,910,2021-09-03,2026-09-02,106367.0
OSK,listed-nyse,1254,2021-09-03,2026-09-02,186254.0
OSTX,listed-nyse,441,2024-08-01,2026-09-02,3865.0
OTAI,listed-nyse,47,2026-06-29,2026-09-02,1265.0
OTAX,listed-nyse,6,2026-08-26,2026-09-02,1660.5
OTF,listed-nyse,308,2025-06-12,2026-09-02,324475.5
OTIS,listed-nyse,1254,2021-09-03,2026-09-02,859443.0
OUNZ,listed-nyse,1247,2021-09-03,2026-09-02,14191.0
OUSA,listed-nyse,842,2021-09-09,2026-08-26,300.0
OUSM,listed-nyse,804,2021-11-01,2026-09-01,441.5
OUT,listed-nyse,1254,2021-09-03,2026-09-02,484439.0
OVV,listed-nyse,1254,2021-09-03,2026-09-02,999096.0
OWL,listed-nyse,1254,2021-09-03,2026-09-02,1398260.5
OWLT,listed-nyse,1254,2021-09-03,2026-09-02,24013.0
OWNB,listed-nyse,37,2025-03-12,2026-08-26,100.0
OWNS,listed-nyse,310,2021-11-19,2026-09-01,100.0
OXM,listed-nyse,1254,2021-09-03,2026-09-02,79567.5
OXY,listed-nyse,1254,2021-09-03,2026-09-02,2753673.5
OZ,listed-nyse,228,2021-10-18,2026-08-25,100.0
P,listed-nyse,96,2026-04-17,2026-09-02,961846.0
PAAA,listed-nyse,657,2023-08-04,2026-09-02,5539.0
PAAI,listed-nyse,3,2026-08-31,2026-09-02,217.0
PAAS,listed-nyse,1254,2021-09-03,2026-09-02,704306.5
PAB,listed-nyse,73,2022-10-05,2026-09-02,100.0
PAC,listed-nyse,1254,2021-09-03,2026-09-02,15954.0
PACK,listed-nyse,1254,2021-09-03,2026-09-02,140663.5
PACS,listed-nyse,601,2024-04-11,2026-09-02,204357.0
PAG,listed-nyse,1254,2021-09-03,2026-09-02,85042.0
PAGS,listed-nyse,1254,2021-09-03,2026-09-02,941574.0
PAI,listed-nyse,1254,2021-09-03,2026-09-02,3153.5
PAII,listed-nyse,164,2025-09-08,2026-09-02,413.0
PALC,listed-nyse,608,2021-09-23,2026-08-26,300.0
PALL,listed-nyse,1026,2021-09-03,2026-09-02,806.5
PAM,listed-nyse,1254,2021-09-03,2026-09-02,37029.5
PAMC,listed-nyse,345,2021-09-13,2026-08-19,105.0
PAPI,listed-nyse,407,2023-10-23,2026-09-02,223.0
PAPL,listed-nyse,310,2023-11-01,2026-09-02,533.5
PAR,listed-nyse,1254,2021-09-03,2026-09-02,104760.0
PARR,listed-nyse,1254,2021-09-03,2026-09-02,329151.0
PATH,listed-nyse,1254,2021-09-03,2026-09-02,2025004.5
PAXS,listed-nyse,1154,2022-01-27,2026-09-02,22985.0
PAY,listed-nyse,1254,2021-09-03,2026-09-02,68367.5
PAYC,listed-nyse,1254,2021-09-03,2026-09-02,174039.5
PB,listed-nyse,1254,2021-09-03,2026-09-02,229852.5
PBA,listed-nyse,1254,2021-09-03,2026-09-02,320804.0
PBD,listed-nyse,485,2021-09-08,2026-09-02,200.0
PBDC,listed-nyse,247,2023-07-14,2026-09-02,178.0
PBE,listed-nyse,239,2021-09-14,2026-09-01,91.0
PBF,listed-nyse,1254,2021-09-03,2026-09-02,833164.0
PBH,listed-nyse,1254,2021-09-03,2026-09-02,108186.0
PBI,listed-nyse,1254,2021-09-03,2026-09-02,578707.0
PBJ,listed-nyse,665,2021-10-04,2026-09-02,280.0
PBOT,listed-nyse,22,2026-06-02,2026-08-31,100.0
PBR,listed-nyse,1254,2021-09-03,2026-09-02,3756418.0
PBR A,listed-nyse,1254,2021-09-03,2026-09-02,1657830.0
PBT,listed-nyse,1254,2021-09-03,2026-09-02,20865.5
PBW,listed-nyse,1253,2021-09-03,2026-09-02,6109.0
PCEB,listed-nyse,18,2026-05-11,2026-08-21,100.0
PCEF,listed-nyse,912,2021-09-08,2026-09-02,540.0
PCF,listed-nyse,1254,2021-09-03,2026-09-02,8720.5
PCFI,listed-nyse,24,2025-06-27,2026-08-20,100.0
PCG,listed-nyse,1254,2021-09-03,2026-09-02,4639086.0
PCHI,listed-nyse,29,2025-05-01,2026-06-11,100.0
PCLC,listed-nyse,1,2026-05-21,2026-05-21,100.0
PCLG,listed-nyse,21,2025-10-23,2026-08-18,200.0
PCLN,listed-nyse,1,2026-04-27,2026-04-27,1.0
PCLO,listed-nyse,50,2024-12-16,2026-09-02,101.0
PCM,listed-nyse,1254,2021-09-03,2026-09-02,4066.0
PCN,listed-nyse,1254,2021-09-03,2026-09-02,29311.0
PCOR,listed-nyse,1254,2021-09-03,2026-09-02,319115.5
PCQ,listed-nyse,1254,2021-09-03,2026-09-02,11277.5
PCR,listed-nyse,2,2025-09-26,2026-02-09,156.0
PCY,listed-nyse,1254,2021-09-03,2026-09-02,8491.5
PD,listed-nyse,1254,2021-09-03,2026-09-02,366468.5
PDCC,listed-nyse,512,2024-07-18,2026-09-02,493.5
PDI,listed-nyse,1254,2021-09-03,2026-09-02,171598.0
PDM,listed-nyse,1254,2021-09-03,2026-09-02,313278.5
PDN,listed-nyse,701,2021-09-03,2026-09-02,300.0
PDO,listed-nyse,1254,2021-09-03,2026-09-02,66594.5
PDPA,listed-nyse,376,2024-12-20,2026-09-02,201.5
PDS,listed-nyse,1254,2021-09-03,2026-09-02,16644.5
PDT,listed-nyse,1254,2021-09-03,2026-09-02,18801.0
PDX,listed-nyse,697,2023-11-21,2026-09-02,13633.0
PEB,listed-nyse,1254,2021-09-03,2026-09-02,565763.0
PED,listed-nyse,776,2021-09-09,2026-09-02,800.5
PEG,listed-nyse,1254,2021-09-03,2026-09-02,961613.0
PEJ,listed-nyse,1112,2021-09-03,2026-09-02,530.0
PEMX,listed-nyse,13,2025-08-18,2026-08-24,8.0
PEN,listed-nyse,1254,2021-09-03,2026-09-02,99765.5
PEO,listed-nyse,1254,2021-09-03,2026-09-02,9508.0
PERF,listed-nyse,963,2022-10-31,2026-09-02,8199.0
PEVC,listed-nyse,2,2026-04-06,2026-05-13,1189.5
PEW,listed-nyse,286,2025-07-16,2026-09-02,76673.0
PEXL,listed-nyse,31,2022-08-16,2026-08-20,100.0
PFD,listed-nyse,1254,2021-09-03,2026-09-02,5423.0
PFE,listed-nyse,1254,2021-09-03,2026-09-02,9158325.0
PFFA,listed-nyse,1052,2021-09-03,2026-09-02,1898.0
PFFD,listed-nyse,1254,2021-09-03,2026-09-02,9330.5
PFFL,listed-nyse,43,2022-07-25,2026-07-20,100.0
PFFR,listed-nyse,269,2021-09-21,2026-09-02,136.0
PFFV,listed-nyse,798,2021-09-30,2026-09-02,400.0
PFGC,listed-nyse,1254,2021-09-03,2026-09-02,390565.0
PFH,listed-nyse,1254,2021-09-03,2026-09-02,10527.5
PFIG,listed-nyse,312,2021-09-03,2026-08-31,100.0
PFIX,listed-nyse,1056,2021-09-03,2026-09-02,500.0
PFL,listed-nyse,1254,2021-09-03,2026-09-02,20336.0
PFLA,listed-nyse,64,2026-06-03,2026-09-02,1036.5
PFLD,listed-nyse,821,2021-09-17,2026-09-02,853.0
PFLT,listed-nyse,1248,2021-09-03,2026-09-02,105923.5
PFN,listed-nyse,1254,2021-09-03,2026-09-02,46150.5
PFO,listed-nyse,1254,2021-09-03,2026-09-02,4685.0
PFRL,listed-nyse,246,2022-08-10,2026-08-26,100.0
PFS,listed-nyse,1254,2021-09-03,2026-09-02,260828.5
PFSI,listed-nyse,1254,2021-09-03,2026-09-02,133044.5
PFXF,listed-nyse,1185,2021-09-03,2026-09-02,5478.0
PG,listed-nyse,1254,2021-09-03,2026-09-02,2789295.0
PGF,listed-nyse,1237,2021-09-03,2026-09-02,2986.0
PGHY,listed-nyse,701,2021-09-03,2026-09-02,190.0
PGP,listed-nyse,1254,2021-09-03,2026-09-02,5008.5
PGR,listed-nyse,1254,2021-09-03,2026-09-02,907432.5
PGRO,listed-nyse,51,2023-06-15,2026-07-06,84.0
PGX,listed-nyse,1254,2021-09-03,2026-09-02,89073.5
PGZ,listed-nyse,1254,2021-09-03,2026-09-02,3584.5
PH,listed-nyse,1254,2021-09-03,2026-09-02,212804.0
PHDG,listed-nyse,175,2021-09-08,2026-09-01,200.0
PHEQ,listed-nyse,203,2023-11-06,2026-09-02,267.0
PHG,listed-nyse,1254,2021-09-03,2026-09-02,217774.0
PHGE,listed-nyse,611,2021-09-08,2026-09-02,600.0
PHI,listed-nyse,1254,2021-09-03,2026-09-02,13501.5
PHIN,listed-nyse,795,2023-07-05,2026-09-02,171324.0
PHK,listed-nyse,1254,2021-09-03,2026-09-02,78331.5
PHM,listed-nyse,1254,2021-09-03,2026-09-02,720547.5
PHOX,listed-nyse,5,2026-08-14,2026-08-27,100.0
PHR,listed-nyse,1254,2021-09-03,2026-09-02,153564.0
PHYL,listed-nyse,601,2021-10-07,2026-09-02,500.0
PHYS,listed-nyse,1254,2021-09-03,2026-09-02,64228.0
PICB,listed-nyse,716,2021-09-03,2026-08-27,200.0
PIFI,listed-nyse,42,2021-09-23,2026-06-30,100.0
PII,listed-nyse,1254,2021-09-03,2026-09-02,209751.0
PILL,listed-nyse,758,2021-09-03,2026-09-02,402.0
PIM,listed-nyse,1254,2021-09-03,2026-09-02,9527.5
PINE,listed-nyse,1254,2021-09-03,2026-09-02,19348.0
PINK,listed-nyse,819,2021-10-11,2026-09-02,600.0
PINS,listed-nyse,1254,2021-09-03,2026-09-02,2513321.0
PIPR,listed-nyse,1254,2021-09-03,2026-09-02,37713.0
PJFG,listed-nyse,18,2024-02-06,2026-05-27,100.0
PJFV,listed-nyse,12,2025-03-11,2026-08-26,100.0
PJIO,listed-nyse,25,2024-04-11,2026-08-25,100.0
PJP,listed-nyse,390,2021-09-03,2026-09-01,100.0
PJT,listed-nyse,1254,2021-09-03,2026-09-02,71673.5
PK,listed-nyse,1254,2021-09-03,2026-09-02,1057970.0
PKB,listed-nyse,497,2021-09-20,2026-09-01,100.0
PKE,listed-nyse,1254,2021-09-03,2026-09-02,27622.5
PKG,listed-nyse,1254,2021-09-03,2026-09-02,242414.5
PKX,listed-nyse,1254,2021-09-03,2026-09-02,53546.0
PL,listed-nyse,1188,2021-12-08,2026-09-02,623289.0
PLAG,listed-nyse,391,2021-09-08,2026-09-02,200.0
PLD,listed-nyse,1254,2021-09-03,2026-09-02,1324883.5
PLG,listed-nyse,1241,2021-09-03,2026-09-02,11351.0
PLGO,listed-nyse,79,2026-05-12,2026-09-02,148793.0
PLNT,listed-nyse,1254,2021-09-03,2026-09-02,351899.0
PLOW,listed-nyse,1254,2021-09-03,2026-09-02,47099.5
PLTA,listed-nyse,136,2025-09-10,2026-09-02,301.5
PLTM,listed-nyse,838,2021-09-07,2026-09-02,1060.5
PLTY,listed-nyse,456,2024-10-08,2026-09-02,1094.5
PLUN,listed-nyse,42,2026-06-18,2026-08-31,100.0
PLX,listed-nyse,1216,2021-09-03,2026-09-02,8962.0
PM,listed-nyse,1254,2021-09-03,2026-09-02,1862115.0
PMI,listed-nyse,246,2025-08-29,2026-09-02,2973.5
PMIO,listed-nyse,43,2025-01-08,2026-08-28,100.0
PML,listed-nyse,1254,2021-09-03,2026-09-02,39214.0
PMM,listed-nyse,1254,2021-09-03,2026-09-02,20778.5
PMMF,listed-nyse,366,2025-02-20,2026-09-02,2606.5
PMO,listed-nyse,1254,2021-09-03,2026-09-02,15062.0
PMT,listed-nyse,1254,2021-09-03,2026-09-02,298328.5
PMTU,listed-nyse,720,2023-09-28,2026-09-02,532.5
PMTV,listed-nyse,389,2025-02-14,2026-09-02,3477.0
PMTW,listed-nyse,308,2025-06-12,2026-09-02,2600.0
PNC,listed-nyse,1254,2021-09-03,2026-09-02,659465.0
PNFP,listed-nyse,1254,2021-09-03,2026-09-02,5866.0
PNI,listed-nyse,1254,2021-09-03,2026-09-02,6397.5
PNNT,listed-nyse,1247,2021-09-03,2026-09-02,67743.0
PNR,listed-nyse,1254,2021-09-03,2026-09-02,483844.0
PNW,listed-nyse,1254,2021-09-03,2026-09-02,380823.0
POAS,listed-nyse,169,2025-11-13,2026-08-28,1565.0
POR,listed-nyse,1254,2021-09-03,2026-09-02,353951.5
POST,listed-nyse,1254,2021-09-03,2026-09-02,183708.5
POW,listed-nyse,110,2021-09-09,2026-09-01,200.0
POWA,listed-nyse,159,2023-08-30,2026-08-13,100.0
POWR,listed-nyse,151,2025-11-04,2026-09-02,350.0
PPA,listed-nyse,1105,2021-09-20,2026-09-02,1035.0
PPG,listed-nyse,1254,2021-09-03,2026-09-02,549342.5
PPL,listed-nyse,1254,2021-09-03,2026-09-02,1850755.0
PPLC,listed-nyse,126,2026-03-04,2026-09-02,2102.5
PPLT,listed-nyse,1117,2021-09-03,2026-09-02,1287.0
PPT,listed-nyse,1254,2021-09-03,2026-09-02,30025.0
PPTY,listed-nyse,643,2021-09-03,2026-08-26,300.0
PQDI,listed-nyse,80,2021-09-13,2026-09-02,100.0
PQNT,listed-nyse,14,2025-11-07,2026-05-27,100.0
PQUS,listed-nyse,52,2026-03-10,2026-09-02,545.0
PR,listed-nyse,1003,2022-09-02,2026-09-02,2357481.0
PRAB,listed-nyse,3,2026-04-08,2026-07-07,100.0
PRAE,listed-nyse,8,2025-04-22,2026-08-31,90.5
PRAY,listed-nyse,49,2023-05-02,2026-07-15,100.0
PRCS,listed-nyse,430,2024-12-12,2026-09-02,1959.0
PREF,listed-nyse,1067,2021-09-07,2026-09-02,1416.0
PRF,listed-nyse,1221,2021-09-07,2026-09-02,3343.0
PRFD,listed-nyse,217,2023-01-24,2026-09-02,100.0
PRG,listed-nyse,1254,2021-09-03,2026-09-02,158684.0
PRGO,listed-nyse,1254,2021-09-03,2026-09-02,490225.5
PRH,listed-nyse,1013,2022-08-19,2026-09-02,6672.0
PRI,listed-nyse,1254,2021-09-03,2026-09-02,59107.5
PRIM,listed-nyse,1254,2021-09-03,2026-09-02,137761.0
PRIV,listed-nyse,147,2025-02-27,2026-08-25,200.0
PRIZ,listed-nyse,5,2026-06-08,2026-08-25,200.0
PRK,listed-nyse,1251,2021-09-03,2026-09-02,621.0
PRKS,listed-nyse,641,2024-02-13,2026-09-02,318815.0
PRLB,listed-nyse,1254,2021-09-03,2026-09-02,68734.5
PRM,listed-nyse,1208,2021-11-09,2026-09-02,273046.0
PRMB,listed-nyse,453,2024-11-11,2026-09-02,1262419.0
PRS,listed-nyse,1254,2021-09-03,2026-09-02,7310.5
PRSD,listed-nyse,28,2025-12-12,2026-07-28,100.0
PRSU,listed-nyse,418,2025-01-02,2026-09-02,80056.5
PRT,listed-nyse,1254,2021-09-03,2026-09-02,4903.0
PRU,listed-nyse,1254,2021-09-03,2026-09-02,670609.5
PRVS,listed-nyse,402,2024-12-12,2026-09-02,529.0
PRXG,listed-nyse,72,2025-05-22,2026-08-27,191.0
PRXV,listed-nyse,68,2025-05-01,2026-08-24,195.0
PS,listed-nyse,88,2026-04-29,2026-09-02,42156.0
PSA,listed-nyse,1254,2021-09-03,2026-09-02,298494.5
PSBD,listed-nyse,659,2024-01-18,2026-09-02,12365.0
PSF,listed-nyse,1254,2021-09-03,2026-09-02,5593.5
PSFE,listed-nyse,1254,2021-09-03,2026-09-02,156584.0
PSI,listed-nyse,935,2021-09-10,2026-09-02,339.0
PSIL,listed-nyse,292,2021-09-20,2026-09-01,300.0
PSK,listed-nyse,1054,2021-09-03,2026-09-02,628.0
PSLV,listed-nyse,1254,2021-09-03,2026-09-02,140861.0
PSN,listed-nyse,1254,2021-09-03,2026-09-02,223239.5
PSO,listed-nyse,1254,2021-09-03,2026-09-02,156217.0
PSP,listed-nyse,624,2021-09-03,2026-08-24,300.0
PSQ,listed-nyse,1254,2021-09-03,2026-09-02,146802.0
PSQA,listed-nyse,71,2024-12-12,2026-08-28,200.0
PSQH,listed-nyse,784,2023-07-20,2026-09-02,41271.0
PSQO,listed-nyse,163,2024-10-02,2026-09-02,200.0
PSR,listed-nyse,290,2021-10-01,2026-08-28,100.0
PST,listed-nyse,871,2021-09-07,2026-08-28,729.0
PSTL,listed-nyse,1254,2021-09-03,2026-09-02,38464.0
PSTP,listed-nyse,104,2022-03-28,2026-09-02,100.0
PSUS,listed-nyse,88,2026-04-29,2026-09-02,49794.0
PSX,listed-nyse,1254,2021-09-03,2026-09-02,1048700.5
PTA,listed-nyse,1254,2021-09-03,2026-09-02,22816.0
PTBD,listed-nyse,842,2021-09-03,2026-08-19,301.5
PTEST,xnys-only-backstop,1,2023-06-06,2023-06-06,1.0
PTHS,listed-nyse,190,2025-07-02,2026-09-02,100.0
PTIN,listed-nyse,600,2021-09-03,2026-09-02,199.0
PTL,listed-nyse,293,2024-04-05,2026-09-01,199.0
PTRB,listed-nyse,481,2022-01-24,2026-09-02,200.0
PTY,listed-nyse,1254,2021-09-03,2026-09-02,78787.0
PUK,listed-nyse,1254,2021-09-03,2026-09-02,202204.0
PULS,listed-nyse,1215,2021-09-07,2026-09-02,5981.0
PUMP,listed-nyse,1254,2021-09-03,2026-09-02,506432.5
PUSH,listed-nyse,106,2024-08-15,2026-09-02,102.5
PVAL,listed-nyse,670,2021-10-15,2026-09-02,5422.5
PVH,listed-nyse,1254,2021-09-03,2026-09-02,309492.5
PVI,listed-nyse,329,2021-10-05,2026-09-01,100.0
PVL,listed-nyse,1254,2021-09-03,2026-09-02,9717.0
PW,listed-nyse,521,2021-09-07,2026-09-01,156.0
PWB,listed-nyse,739,2021-09-10,2026-09-02,212.0
PWER,listed-nyse,5,2024-07-11,2026-02-20,200.0
PWR,listed-nyse,1254,2021-09-03,2026-09-02,298322.5
PWV,listed-nyse,834,2021-09-10,2026-09-02,300.0
PWZ,listed-nyse,1043,2021-09-03,2026-09-02,1109.0
PXE,listed-nyse,600,2021-09-14,2026-08-25,273.0
PXED,listed-nyse,226,2025-10-09,2026-09-02,30096.0
PXF,listed-nyse,989,2021-09-08,2026-09-02,400.0
PXH,listed-nyse,1236,2021-09-03,2026-09-02,3311.0
PXJ,listed-nyse,611,2021-09-03,2026-09-02,250.0
PYLD,listed-nyse,760,2023-06-26,2026-09-02,16734.0
PYPU,listed-nyse,22,2026-04-10,2026-08-14,250.0
PYPY,listed-nyse,196,2023-12-11,2026-08-27,100.0
PYT,listed-nyse,452,2021-09-03,2026-09-01,160.5
PZA,listed-nyse,1251,2021-09-03,2026-09-02,8226.0
PZG,listed-nyse,717,2021-09-15,2026-09-02,1284.0
PZIV,listed-nyse,1,2026-05-06,2026-05-06,1.0
PZLV,listed-nyse,1,2026-06-23,2026-06-23,200.0
PZT,listed-nyse,497,2021-09-15,2026-09-02,200.0
Q,listed-nyse,209,2025-11-03,2026-09-02,531478.0
QAI,listed-nyse,943,2021-09-03,2026-09-02,600.0
QARP,listed-nyse,56,2021-09-07,2026-05-26,100.0
QDEF,listed-nyse,448,2021-09-29,2026-07-09,200.0
QDF,listed-nyse,887,2021-09-07,2026-08-31,220.0
QDIV,listed-nyse,226,2021-11-04,2026-08-24,100.0
QDPL,listed-nyse,526,2021-10-29,2026-09-02,1327.5
QDVO,listed-nyse,351,2024-08-23,2026-09-02,895.0
QEFA,listed-nyse,764,2021-09-15,2026-09-01,200.0
QEMM,listed-nyse,53,2021-10-28,2026-08-06,100.0
QFLR,listed-nyse,396,2024-01-25,2026-09-01,300.0
QGEN,listed-nyse,1254,2021-09-03,2026-09-02,283009.5
QGRO,listed-nyse,745,2021-10-04,2026-09-02,200.0
QGRW,listed-nyse,638,2023-05-24,2026-09-02,1355.5
QID,listed-nyse,1254,2021-09-03,2026-09-02,271070.5
QIDX,listed-nyse,141,2025-01-03,2026-08-27,270.0
QINT,listed-nyse,281,2021-09-07,2026-09-02,100.0
QIS,listed-nyse,27,2023-07-14,2026-08-19,100.0
QLD,listed-nyse,1254,2021-09-03,2026-09-02,45106.5
QLEP,listed-nyse,50,2026-06-23,2026-09-02,518.5
QLTA,listed-nyse,1147,2021-09-03,2026-09-02,1012.0
QLTI,listed-nyse,41,2025-02-10,2026-08-10,100.0
QLTY,listed-nyse,617,2024-01-08,2026-09-02,1469.0
QLV,listed-nyse,364,2021-10-12,2026-08-28,121.5
QLVD,listed-nyse,23,2022-01-14,2026-01-02,100.0
QLVE,listed-nyse,34,2022-05-23,2026-08-26,100.0
QNC,listed-nyse,133,2026-02-24,2026-09-02,7200.0
QPX,listed-nyse,119,2021-09-09,2026-08-14,100.0
QQH,listed-nyse,662,2021-09-28,2026-09-02,591.0
QQJN,xnys-only-backstop,2,2026-06-29,2026-08-31,28.0
QQMY,xnys-only-backstop,5,2026-05-21,2026-06-08,100.0
QQQD,listed-nyse,452,2024-04-02,2026-08-27,1723.0
QQQU,listed-nyse,541,2024-03-07,2026-09-02,456.0
QRED,listed-nyse,53,2026-05-07,2026-09-02,400.0
QSR,listed-nyse,1254,2021-09-03,2026-09-02,386235.0
QSU,listed-nyse,181,2025-10-21,2026-09-02,1200.0
QTPI,listed-nyse,109,2025-02-18,2026-09-01,200.0
QTWO,listed-nyse,1254,2021-09-03,2026-09-02,191185.0
QUAD,listed-nyse,1254,2021-09-03,2026-09-02,57796.0
QUIZ,listed-nyse,88,2025-09-03,2026-09-02,300.0
QUS,listed-nyse,612,2021-09-10,2026-08-26,110.0
QUSA,listed-nyse,119,2025-05-07,2026-09-01,100.0
QVML,listed-nyse,16,2023-01-20,2026-08-31,100.0
QVMM,listed-nyse,16,2022-07-05,2026-09-02,4.5
QVMS,listed-nyse,14,2022-08-11,2026-08-04,10.5
QVMT,listed-nyse,9,2026-02-25,2026-06-17,100.0
QWLD,listed-nyse,37,2023-04-21,2026-06-01,21.0
QXO,listed-nyse,557,2024-06-06,2026-09-02,1339136.0
R,listed-nyse,1254,2021-09-03,2026-09-02,117914.5
RA,listed-nyse,1254,2021-09-03,2026-09-02,29506.5
RAAA,listed-nyse,26,2025-07-09,2026-08-28,300.0
RAAR,listed-nyse,11,2026-03-04,2026-08-20,100.0
RAAX,listed-nyse,321,2021-12-01,2026-09-02,204.0
RAC,listed-nyse,286,2025-04-21,2026-09-02,501.0
RACE,listed-nyse,1254,2021-09-03,2026-09-02,63148.5
RAFE,listed-nyse,103,2021-12-08,2026-09-02,100.0
RAL,listed-nyse,297,2025-06-30,2026-09-02,396059.0
RAMP,listed-nyse,1254,2021-09-03,2026-09-02,217649.5
RANK,listed-nyse,15,2026-07-01,2026-08-27,500.0
RAVI,listed-nyse,573,2021-09-07,2026-09-02,200.0
RBA,listed-nyse,1254,2021-09-03,2026-09-02,257062.0
RBC,listed-nyse,1009,2021-09-03,2026-09-02,48902.0
RBLD,listed-nyse,32,2023-08-04,2026-08-28,86.0
RBLX,listed-nyse,1254,2021-09-03,2026-09-02,1883238.0
RBLY,listed-nyse,37,2025-09-29,2026-09-01,100.0
RBRK,listed-nyse,591,2024-04-25,2026-09-02,704709.0
RC,listed-nyse,1254,2021-09-03,2026-09-02,423830.0
RCD,listed-nyse,744,2021-09-03,2026-09-02,1122.5
RCG,listed-nyse,103,2021-09-10,2026-08-21,100.0
RCI,listed-nyse,1254,2021-09-03,2026-09-02,202318.0
RCL,listed-nyse,1254,2021-09-03,2026-09-02,736325.5
RCLO,listed-nyse,14,2025-11-24,2026-08-25,432.5
RCLR,listed-nyse,11,2026-03-10,2026-08-19,100.0
RCS,listed-nyse,1254,2021-09-03,2026-09-02,16861.5
RCTR,listed-nyse,20,2025-09-16,2026-08-11,100.0
RCUS,listed-nyse,1254,2021-09-03,2026-09-02,317268.0
RDDT,listed-nyse,615,2024-03-21,2026-09-02,982462.0
RDIV,listed-nyse,913,2021-09-22,2026-09-02,330.0
RDN,listed-nyse,1254,2021-09-03,2026-09-02,449739.5
RDOG,listed-nyse,44,2021-09-16,2026-08-04,93.5
RDW,listed-nyse,1254,2021-09-03,2026-09-02,94320.5
RDY,listed-nyse,1254,2021-09-03,2026-09-02,75433.5
RDYY,listed-nyse,77,2025-09-10,2026-09-02,100.0
REA,listed-nyse,82,2026-05-06,2026-09-02,999.0
RECS,listed-nyse,754,2022-06-28,2026-09-02,4974.5
REED,listed-nyse,356,2021-09-03,2026-09-01,802.0
REET,listed-nyse,1254,2021-09-03,2026-09-02,14684.0
REF,listed-nyse,25,2026-07-30,2026-09-02,108340.0
REGS,listed-nyse,5,2026-03-17,2026-06-17,100.0
REI,listed-nyse,1254,2021-09-03,2026-09-02,65964.5
REK,listed-nyse,459,2022-02-17,2026-09-01,200.0
RELX,listed-nyse,1254,2021-09-03,2026-09-02,239210.0
REMC,listed-nyse,3,2026-05-12,2026-05-18,100.0
REMX,listed-nyse,1221,2021-09-03,2026-09-02,1260.0
REPX,listed-nyse,1213,2021-09-07,2026-09-02,635.0
RERE,listed-nyse,1254,2021-09-03,2026-09-02,92200.5
RES,listed-nyse,1254,2021-09-03,2026-09-02,474326.5
RESM,listed-nyse,3,2026-07-14,2026-07-16,100.0
RETL,listed-nyse,1184,2021-09-08,2026-09-02,2535.0
REVS,listed-nyse,30,2021-11-23,2026-08-25,100.0
REW,listed-nyse,570,2021-12-17,2026-09-02,313.5
REX,listed-nyse,1254,2021-09-03,2026-09-02,43138.0
REXR,listed-nyse,1254,2021-09-03,2026-09-02,636273.5
REZ,listed-nyse,1170,2021-09-03,2026-09-02,604.5
REZI,listed-nyse,1254,2021-09-03,2026-09-02,321843.0
RF,listed-nyse,1254,2021-09-03,2026-09-02,2774571.5
RFCI,listed-nyse,58,2021-12-02,2026-08-27,100.0
RFDA,listed-nyse,130,2021-09-07,2026-08-06,100.0
RFFC,listed-nyse,104,2021-09-10,2026-06-29,100.0
RFG,listed-nyse,417,2021-10-25,2026-08-28,135.0
RFI,listed-nyse,1254,2021-09-03,2026-09-02,9318.5
RFIX,listed-nyse,315,2024-12-17,2026-09-02,532.0
RFL,listed-nyse,1254,2021-09-03,2026-09-02,8380.5
RFLR,listed-nyse,202,2024-09-17,2026-08-31,280.0
RFM,listed-nyse,1254,2021-09-03,2026-09-02,2792.0
RFMZ,listed-nyse,1254,2021-09-03,2026-09-02,9596.0
RFV,listed-nyse,417,2021-09-28,2026-08-19,100.0
RGA,listed-nyse,1254,2021-09-03,2026-09-02,124040.5
RGEF,listed-nyse,37,2025-04-04,2026-08-24,300.0
RGNT,listed-nyse,74,2025-12-04,2026-09-02,297.5
RGR,listed-nyse,1254,2021-09-03,2026-09-02,50008.5
RGT,listed-nyse,1252,2021-09-03,2026-09-02,1974.0
RH,listed-nyse,1254,2021-09-03,2026-09-02,162648.0
RHI,listed-nyse,1254,2021-09-03,2026-09-02,399816.0
RHLD,listed-nyse,380,2025-02-28,2026-09-02,13197.5
RHP,listed-nyse,1254,2021-09-03,2026-09-02,155306.0
RHRX,listed-nyse,35,2022-08-31,2026-03-09,100.0
RHTX,listed-nyse,97,2022-01-20,2026-08-31,100.0
RIET,listed-nyse,685,2021-09-22,2026-09-01,500.0
RIG,listed-nyse,1254,2021-09-03,2026-09-02,3662876.0
RIGS,listed-nyse,455,2021-09-08,2026-09-02,100.0
RILA,listed-nyse,153,2025-01-06,2026-08-24,229.0
RINF,listed-nyse,164,2021-09-10,2026-09-01,100.0
RIO,listed-nyse,1254,2021-09-03,2026-09-02,567840.0
RIOX,listed-nyse,408,2025-01-03,2026-09-02,2007.5
RISE,listed-nyse,1,2026-06-05,2026-06-05,416.0
RISN,listed-nyse,321,2021-09-30,2026-08-31,200.0
RISR,listed-nyse,470,2021-10-28,2026-08-31,161.0
RITA,listed-nyse,51,2022-04-25,2026-08-27,32.0
RITM,listed-nyse,1026,2022-08-02,2026-09-02,1220953.5
RIV,listed-nyse,1254,2021-09-03,2026-09-02,9631.0
RJCA,listed-nyse,2,2026-08-04,2026-08-21,100.0
RJDI,listed-nyse,24,2025-10-09,2026-07-30,100.0
RJF,listed-nyse,1254,2021-09-03,2026-09-02,404151.0
RJMI,listed-nyse,38,2025-11-05,2026-08-26,100.0
RJVI,listed-nyse,10,2026-03-09,2026-07-14,100.0
RKSG,listed-nyse,2,2026-05-06,2026-07-17,100.0
RKT,listed-nyse,1254,2021-09-03,2026-09-02,999208.0
RL,listed-nyse,1254,2021-09-03,2026-09-02,236048.5
RLGT,listed-nyse,1242,2021-09-03,2026-09-02,976.0
RLI,listed-nyse,1254,2021-09-03,2026-09-02,79290.0
RLJ,listed-nyse,1254,2021-09-03,2026-09-02,508691.0
RLTY,listed-nyse,1135,2022-02-24,2026-09-02,10894.0
RLX,listed-nyse,1254,2021-09-03,2026-09-02,712621.0
RLY,listed-nyse,907,2021-11-15,2026-09-02,587.0
RM,listed-nyse,1254,2021-09-03,2026-09-02,13703.5
RMCA,listed-nyse,28,2024-08-20,2026-08-25,100.0
RMD,listed-nyse,1254,2021-09-03,2026-09-02,285834.5
RMHY,listed-nyse,11,2026-06-29,2026-08-26,100.0
RMI,listed-nyse,1253,2021-09-03,2026-09-02,2766.0
RMM,listed-nyse,1254,2021-09-03,2026-09-02,6739.0
RMMZ,listed-nyse,1137,2022-02-11,2026-09-02,3202.0
RMNY,listed-nyse,19,2024-08-26,2026-07-30,100.0
RMOP,listed-nyse,322,2024-08-20,2026-09-02,200.0
RMRC,listed-nyse,4,2026-04-23,2026-05-27,100.0
RMT,listed-nyse,1254,2021-09-03,2026-09-02,20508.0
RND,listed-nyse,7,2024-11-20,2026-08-26,100.0
RNG,listed-nyse,1254,2021-09-03,2026-09-02,451125.5
RNGR,listed-nyse,1254,2021-09-03,2026-09-02,33484.5
RNP,listed-nyse,1254,2021-09-03,2026-09-02,16652.5
RNR,listed-nyse,1254,2021-09-03,2026-09-02,117358.0
RNST,listed-nyse,1254,2021-09-03,2026-09-02,101652.5
RNTY,listed-nyse,33,2025-04-23,2026-08-28,24.0
ROAM,listed-nyse,99,2021-10-18,2026-08-06,100.0
ROBO,listed-nyse,1130,2021-09-03,2026-09-02,380.5
RODM,listed-nyse,1125,2021-09-03,2026-09-02,936.0
ROG,listed-nyse,1254,2021-09-03,2026-09-02,49826.5
ROK,listed-nyse,1254,2021-09-03,2026-09-02,232339.0
ROKT,listed-nyse,113,2022-10-26,2026-08-28,51.0
ROL,listed-nyse,1254,2021-09-03,2026-09-02,669320.5
ROLR,listed-nyse,254,2024-10-23,2026-09-02,341.0
ROM,listed-nyse,937,2021-09-07,2026-09-02,230.0
RONB,listed-nyse,180,2025-12-15,2026-09-02,29280.0
ROPE,listed-nyse,1,2026-08-19,2026-08-19,100.0
ROSC,listed-nyse,16,2022-08-11,2026-08-26,100.0
ROUS,listed-nyse,406,2021-09-14,2026-08-31,200.0
RPAR,listed-nyse,684,2021-09-08,2026-08-12,205.0
RPC,listed-nyse,141,2026-02-11,2026-09-02,203708.0
RPG,listed-nyse,1248,2021-09-03,2026-09-02,3835.5
RPM,listed-nyse,1254,2021-09-03,2026-09-02,240645.5
RPT,listed-nyse,1022,2021-09-03,2026-09-02,140046.0
RPV,listed-nyse,1254,2021-09-03,2026-09-02,4214.5
RQI,listed-nyse,1254,2021-09-03,2026-09-02,52202.0
RRC,listed-nyse,1254,2021-09-03,2026-09-02,916846.0
RRX,listed-nyse,1233,2021-10-05,2026-09-02,150903.0
RS,listed-nyse,1254,2021-09-03,2026-09-02,117795.5
RSDE,listed-nyse,84,2024-12-27,2026-08-19,100.0
RSF,listed-nyse,1253,2021-09-03,2026-09-02,1306.0
RSG,listed-nyse,1254,2021-09-03,2026-09-02,446418.0
RSI,listed-nyse,1254,2021-09-03,2026-09-02,359978.5
RSJN,listed-nyse,79,2024-06-24,2026-09-01,196.0
RSKD,listed-nyse,1254,2021-09-03,2026-09-02,136980.0
RSMC,listed-nyse,67,2024-10-25,2026-09-01,91.0
RSMR,listed-nyse,35,2025-03-25,2026-08-12,100.0
RSMV,listed-nyse,19,2025-01-22,2026-09-02,100.0
RSP,listed-nyse,1254,2021-09-03,2026-09-02,182634.0
RSPA,listed-nyse,207,2024-07-19,2026-09-02,299.0
RSPC,listed-nyse,179,2023-06-12,2026-08-14,185.0
RSPD,listed-nyse,656,2023-06-07,2026-09-02,500.0
RSPE,listed-nyse,70,2022-03-21,2026-08-25,180.5
RSPF,listed-nyse,249,2023-06-07,2026-09-02,117.0
RSPG,listed-nyse,739,2023-06-07,2026-09-02,800.0
RSPH,listed-nyse,706,2023-06-08,2026-09-02,456.0
RSPM,listed-nyse,457,2023-06-09,2026-09-02,326.0
RSPN,listed-nyse,744,2023-06-08,2026-09-02,600.5
RSPR,listed-nyse,93,2023-06-08,2026-06-25,100.0
RSPS,listed-nyse,688,2023-06-08,2026-08-31,712.0
RSPT,listed-nyse,812,2023-06-07,2026-09-02,10072.5
RSPU,listed-nyse,618,2023-06-07,2026-09-01,331.5
RSSE,listed-nyse,85,2024-09-23,2026-09-01,200.0
RSSL,listed-nyse,166,2024-06-18,2026-08-21,100.0
RTO,listed-nyse,976,2022-10-12,2026-09-02,119340.5
RTOO,listed-nyse,20,2026-07-17,2026-08-31,151.0
RTX,listed-nyse,1254,2021-09-03,2026-09-02,1727125.5
RVER,listed-nyse,44,2024-04-03,2026-07-28,100.0
RVI,listed-nyse,274,2021-09-03,2026-09-02,48230.5
RVII,listed-nyse,15,2026-08-13,2026-09-02,18508.0
RVLV,listed-nyse,1254,2021-09-03,2026-09-02,353137.0
RVNU,listed-nyse,425,2021-09-03,2026-09-02,100.0
RVP,listed-nyse,595,2021-09-03,2026-08-27,224.0
RVT,listed-nyse,1254,2021-09-03,2026-09-02,39484.5
RVTY,listed-nyse,828,2023-05-16,2026-09-02,321050.0
RW,listed-nyse,54,2025-06-20,2026-09-02,162.0
RWEM,listed-nyse,31,2026-01-26,2026-08-26,100.0
RWJ,listed-nyse,1076,2021-09-03,2026-09-02,606.5
RWK,listed-nyse,561,2021-09-28,2026-08-28,100.0
RWL,listed-nyse,1114,2021-09-03,2026-09-02,832.0
RWLC,listed-nyse,6,2025-12-30,2026-07-09,150.0
RWM,listed-nyse,1252,2021-09-03,2026-09-02,75643.5
RWO,listed-nyse,862,2021-09-07,2026-09-02,259.5
RWR,listed-nyse,1252,2021-09-03,2026-09-02,4470.5
RWT,listed-nyse,1254,2021-09-03,2026-09-02,328789.0
RWTN,listed-nyse,644,2024-02-02,2026-09-02,1174.0
RWTO,listed-nyse,547,2024-06-25,2026-09-02,1506.0
RWTP,listed-nyse,400,2025-01-30,2026-09-02,1900.0
RWTQ,listed-nyse,193,2025-11-25,2026-09-02,5063.0
RWTS,listed-nyse,67,2026-05-29,2026-09-02,3623.0
RWX,listed-nyse,773,2021-09-03,2026-09-01,400.0
RXD,listed-nyse,59,2022-10-04,2026-08-27,100.0
RXI,listed-nyse,304,2021-09-07,2026-09-02,100.0
RXL,listed-nyse,216,2022-01-03,2026-08-28,100.0
RXO,listed-nyse,962,2022-11-01,2026-09-02,388686.0
RY,listed-nyse,1254,2021-09-03,2026-09-02,256762.5
RYAM,listed-nyse,1254,2021-09-03,2026-09-02,171187.0
RYAN,listed-nyse,1254,2021-09-03,2026-09-02,260307.5
RYDE,listed-nyse,432,2024-03-06,2026-09-02,1000.0
RYLD,listed-nyse,1248,2021-09-03,2026-09-02,9061.5
RYLG,listed-nyse,29,2024-01-10,2026-06-30,69.0
RYN,listed-nyse,1254,2021-09-03,2026-09-02,252286.5
RYZ,listed-nyse,133,2026-02-24,2026-09-02,175615.0
RZC,listed-nyse,979,2022-10-07,2026-09-02,9298.0
RZG,listed-nyse,149,2021-11-23,2026-09-01,104.0
RZV,listed-nyse,334,2021-09-09,2026-08-28,100.0
S,listed-nyse,1254,2021-09-03,2026-09-02,1330818.5
SA,listed-nyse,1254,2021-09-03,2026-09-02,113042.0
SAA,listed-nyse,97,2021-12-03,2026-08-31,100.0
SABA,listed-nyse,670,2024-01-02,2026-09-02,9865.0
SAC,listed-nyse,100,2026-01-26,2026-09-02,211.0
SACH,listed-nyse,1209,2021-09-03,2026-09-01,1901.0
SAFE,listed-nyse,1254,2021-09-03,2026-09-02,124247.5
SAGP,listed-nyse,34,2022-02-22,2026-07-15,100.0
SAGU,listed-nyse,50,2026-05-22,2026-09-02,600.5
SAH,listed-nyse,1254,2021-09-03,2026-09-02,86222.0
SAJ,listed-nyse,828,2022-11-03,2026-09-02,371.5
SAM,listed-nyse,1254,2021-09-03,2026-09-02,45153.5
SAMM,listed-nyse,60,2024-04-08,2026-09-01,171.0
SAMO,listed-nyse,3,2026-08-31,2026-09-02,11671.0
SAMT,listed-nyse,470,2022-02-02,2026-09-02,200.0
SAN,listed-nyse,1254,2021-09-03,2026-09-02,492854.5
SAP,listed-nyse,1254,2021-09-03,2026-09-02,177032.5
SAPH,listed-nyse,1,2026-07-30,2026-07-30,2.0
SAR,listed-nyse,1254,2021-09-03,2026-09-02,13644.0
SARO,listed-nyse,481,2024-10-02,2026-09-02,755529.0
SASS,listed-nyse,8,2026-03-09,2026-08-13,239.5
SAT,listed-nyse,1060,2022-05-03,2026-09-02,789.5
SAV,listed-nyse,141,2026-02-11,2026-09-02,2247.0
SAWG,listed-nyse,4,2026-05-13,2026-08-12,133.0
SAWS,listed-nyse,7,2025-05-19,2026-09-02,100.0
SAX,listed-nyse,5,2026-08-27,2026-09-02,21714.0
SAY,listed-nyse,912,2022-12-16,2026-09-02,739.0
SAZ,listed-nyse,809,2023-04-24,2026-09-02,677.0
SB,listed-nyse,1254,2021-09-03,2026-09-02,206759.5
SBAR,listed-nyse,157,2025-06-10,2026-09-02,200.0
SBB,listed-nyse,150,2022-01-20,2026-08-13,104.5
SBH,listed-nyse,1254,2021-09-03,2026-09-02,551157.0
SBI,listed-nyse,1253,2021-09-03,2026-09-02,5517.0
SBIL,listed-nyse,132,2025-08-15,2026-09-02,605.0
SBIO,listed-nyse,583,2021-10-29,2026-09-02,200.0
SBIT,listed-nyse,607,2024-04-03,2026-09-02,29164.0
SBMT,listed-nyse,86,2026-04-30,2026-09-02,745.5
SBND,listed-nyse,231,2021-11-23,2026-09-02,200.0
SBR,listed-nyse,1254,2021-09-03,2026-09-02,6313.0
SBS,listed-nyse,1254,2021-09-03,2026-09-02,298448.0
SBSI,listed-nyse,1254,2021-09-03,2026-09-02,1736.5
SBSW,listed-nyse,1254,2021-09-03,2026-09-02,820636.5
SBXD,listed-nyse,403,2024-10-07,2026-09-02,372.0
SBXE,listed-nyse,78,2026-01-23,2026-09-02,100.0
SCAP,listed-nyse,3,2025-04-24,2026-08-14,51.0
SCC,listed-nyse,209,2022-02-24,2026-08-31,254.0
SCCD,listed-nyse,213,2021-12-22,2026-09-01,75.0
SCCE,listed-nyse,141,2022-03-10,2026-08-26,100.0
SCCF,listed-nyse,97,2022-05-12,2026-08-24,100.0
SCCG,listed-nyse,132,2022-08-25,2026-08-12,55.0
SCCO,listed-nyse,1254,2021-09-03,2026-09-02,385601.5
SCCR,listed-nyse,322,2025-02-12,2026-09-02,712.0
SCD,listed-nyse,1254,2021-09-03,2026-09-02,8456.5
SCDV,listed-nyse,12,2025-04-11,2026-08-20,100.0
SCHA,listed-nyse,1254,2021-09-03,2026-09-02,18940.0
SCHB,listed-nyse,1254,2021-09-03,2026-09-02,19777.5
SCHC,listed-nyse,1254,2021-09-03,2026-09-02,5605.5
SCHD,listed-nyse,1254,2021-09-03,2026-09-02,63138.0
SCHE,listed-nyse,1254,2021-09-03,2026-09-02,34978.0
SCHF,listed-nyse,1254,2021-09-03,2026-09-02,118795.5
SCHG,listed-nyse,1254,2021-09-03,2026-09-02,32739.5
SCHH,listed-nyse,1254,2021-09-03,2026-09-02,89718.5
SCHI,listed-nyse,1087,2021-09-03,2026-09-02,6931.0
SCHJ,listed-nyse,933,2021-09-07,2026-08-31,443.0
SCHK,listed-nyse,1207,2021-09-03,2026-09-02,4121.0
SCHM,listed-nyse,1249,2021-09-03,2026-09-02,3397.0
SCHO,listed-nyse,1251,2021-09-03,2026-09-02,22241.0
SCHP,listed-nyse,1254,2021-09-03,2026-09-02,46332.0
SCHQ,listed-nyse,1072,2021-09-03,2026-09-02,4489.5
SCHR,listed-nyse,1254,2021-09-03,2026-09-02,27861.0
SCHV,listed-nyse,1254,2021-09-03,2026-09-02,8555.5
SCHW,listed-nyse,1254,2021-09-03,2026-09-02,2610921.5
SCHX,listed-nyse,1254,2021-09-03,2026-09-02,42726.5
SCHY,listed-nyse,1063,2021-09-03,2026-09-02,1365.0
SCHZ,listed-nyse,1254,2021-09-03,2026-09-02,10455.0
SCI,listed-nyse,1254,2021-09-03,2026-09-02,313254.5
SCIO,listed-nyse,259,2024-05-03,2026-09-02,488.0
SCJ,listed-nyse,416,2021-10-20,2026-09-02,200.0
SCL,listed-nyse,1254,2021-09-03,2026-09-02,40071.5
SCM,listed-nyse,1254,2021-09-03,2026-09-02,22826.0
SCMB,listed-nyse,738,2022-10-18,2026-09-02,4491.0
SCMY,xnys-only-backstop,3,2026-07-23,2026-08-05,8.0
SCO,listed-nyse,1254,2021-09-03,2026-09-02,65090.0
SCOP,listed-nyse,64,2026-05-04,2026-09-01,252.0
SCUS,listed-nyse,407,2024-08-15,2026-09-01,700.0
SCYB,listed-nyse,702,2023-07-12,2026-09-02,4190.0
SD,listed-nyse,1254,2021-09-03,2026-09-02,124334.5
SDCI,listed-nyse,389,2021-09-28,2026-09-02,370.0
SDCP,listed-nyse,31,2024-06-17,2026-08-19,5.0
SDD,listed-nyse,52,2022-03-04,2026-08-27,100.0
SDEM,listed-nyse,449,2021-09-03,2026-09-02,100.0
SDEV,listed-nyse,105,2026-04-06,2026-09-02,1147.0
SDFI,listed-nyse,53,2024-06-13,2026-08-27,100.0
SDHC,listed-nyse,663,2024-01-11,2026-09-02,23456.0
SDHY,listed-nyse,1254,2021-09-03,2026-09-02,10266.5
SDIV,listed-nyse,1241,2021-09-03,2026-09-02,3286.0
SDMF,listed-nyse,13,2026-03-05,2026-08-17,100.0
SDOG,listed-nyse,1058,2021-09-08,2026-09-01,537.5
SDOW,listed-nyse,1254,2021-09-03,2026-09-02,79474.0
SDP,listed-nyse,155,2022-04-07,2026-05-22,100.0
SDRL,listed-nyse,974,2022-10-14,2026-09-02,200128.5
SDS,listed-nyse,1254,2021-09-03,2026-09-02,246475.0
SDY,listed-nyse,1252,2021-09-07,2026-09-02,4590.5
SE,listed-nyse,1254,2021-09-03,2026-09-02,1169267.0
SEA,listed-nyse,111,2022-02-04,2026-09-02,100.0
SEB,listed-nyse,1217,2021-09-03,2026-09-02,22.0
SECR,listed-nyse,18,2024-06-27,2026-08-25,7.0
SECZ,listed-nyse,44,2026-07-02,2026-09-02,201440.0
SEF,listed-nyse,600,2021-11-26,2026-09-02,356.0
SEG,listed-nyse,524,2024-08-01,2026-09-02,15105.5
SEI,listed-nyse,495,2024-09-12,2026-09-02,494028.0
SEIX,listed-nyse,840,2021-09-28,2026-09-02,686.5
SEMG,listed-nyse,169,2025-05-29,2026-09-01,472.0
SEMI,listed-nyse,124,2022-04-14,2026-09-01,90.0
SEPI,listed-nyse,60,2025-09-22,2026-09-02,100.0
SER,listed-nyse,306,2024-03-27,2026-08-31,171.5
SES,listed-nyse,1148,2022-02-04,2026-09-02,275102.5
SETH,listed-nyse,443,2023-11-06,2026-09-02,572.0
SF,listed-nyse,1254,2021-09-03,2026-09-02,221942.0
SFB,listed-nyse,1254,2021-09-03,2026-09-02,2865.0
SFBS,listed-nyse,1254,2021-09-03,2026-09-02,82505.0
SFGV,listed-nyse,16,2025-11-14,2026-08-11,100.0
SFL,listed-nyse,1254,2021-09-03,2026-09-02,336951.5
SFLR,listed-nyse,528,2022-11-28,2026-09-02,507.0
SFTX,listed-nyse,15,2025-12-30,2026-08-14,100.0
SFY,listed-nyse,1166,2021-09-15,2026-08-31,1704.5
SFYF,listed-nyse,383,2021-10-06,2026-08-31,100.0
SFYI,listed-nyse,1,2026-07-09,2026-07-09,100.0
SG,listed-nyse,1201,2021-11-18,2026-09-02,595892.0
SGDJ,listed-nyse,647,2021-09-07,2026-09-02,200.0
SGDM,listed-nyse,546,2021-09-03,2026-09-02,137.0
SGHC,listed-nyse,1153,2022-01-28,2026-09-02,150221.0
SGI,listed-nyse,388,2025-02-18,2026-09-02,679759.0
SGLC,listed-nyse,378,2023-04-24,2026-08-31,300.0
SGOL,listed-nyse,1254,2021-09-03,2026-09-02,49894.0
SGOV,listed-nyse,1170,2021-09-03,2026-09-02,30743.0
SGRT,listed-nyse,131,2025-08-22,2026-09-02,133.0
SGRW,listed-nyse,1,2026-06-23,2026-06-23,100.0
SGU,listed-nyse,1254,2021-09-03,2026-09-02,8043.0
SGVT,listed-nyse,276,2025-06-24,2026-09-02,1186.5
SH,listed-nyse,1254,2021-09-03,2026-09-02,340523.5
SHAK,listed-nyse,1254,2021-09-03,2026-09-02,257630.5
SHE,listed-nyse,278,2021-09-17,2026-09-01,100.0
SHEH,listed-nyse,2,2026-07-23,2026-09-01,200.0
SHEL,listed-nyse,1151,2022-02-01,2026-09-02,812500.0
SHG,listed-nyse,1254,2021-09-03,2026-09-02,43840.0
SHLD,listed-nyse,549,2023-11-21,2026-09-02,7401.0
SHM,listed-nyse,1243,2021-09-03,2026-09-02,3055.0
SHNY,listed-nyse,552,2023-02-24,2026-09-02,671.0
SHO,listed-nyse,1254,2021-09-03,2026-09-02,684813.5
SHOC,listed-nyse,828,2022-10-07,2026-09-02,2434.0
SHPP,listed-nyse,1,2025-04-03,2025-04-03,17.0
SHRD,listed-nyse,6,2026-06-17,2026-08-20,100.0
SHRT,listed-nyse,97,2023-11-07,2026-08-18,200.0
SHUS,listed-nyse,12,2022-10-13,2026-04-01,100.0
SHV,listed-nyse,1254,2021-09-03,2026-09-02,32522.0
SHW,listed-nyse,1254,2021-09-03,2026-09-02,514023.5
SHYG,listed-nyse,1254,2021-09-03,2026-09-02,30093.5
SHYL,listed-nyse,483,2021-09-03,2026-09-02,115.0
SI,listed-nyse,698,2021-09-03,2026-09-02,169232.5
SID,listed-nyse,1254,2021-09-03,2026-09-02,517039.0
SIF,listed-nyse,282,2021-09-23,2026-09-02,150.0
SIFI,listed-nyse,14,2021-09-17,2025-05-06,100.0
SIG,listed-nyse,1254,2021-09-03,2026-09-02,234171.5
SIHY,listed-nyse,262,2021-09-17,2026-08-18,100.0
SII,listed-nyse,1254,2021-09-03,2026-09-02,18831.0
SIJ,listed-nyse,83,2022-06-17,2026-07-22,100.0
SIL,listed-nyse,1253,2021-09-03,2026-09-02,5224.0
SILJ,listed-nyse,1254,2021-09-03,2026-09-02,47902.5
SIM,listed-nyse,244,2021-11-17,2026-08-31,50.0
SIMS,listed-nyse,193,2021-09-28,2026-09-02,100.0
SIND,listed-nyse,48,2026-06-26,2026-09-02,14994.5
SIO,listed-nyse,121,2024-02-21,2026-08-28,100.0
SIOO,listed-nyse,15,2026-01-23,2026-08-31,100.0
SITC,listed-nyse,1254,2021-09-03,2026-09-02,457916.0
SITE,listed-nyse,1254,2021-09-03,2026-09-02,101021.0
SIVR,listed-nyse,1253,2021-09-03,2026-09-02,13649.0
SIXA,listed-nyse,343,2021-11-11,2026-08-26,300.0
SIXH,listed-nyse,160,2021-09-15,2026-08-20,200.0
SIXL,listed-nyse,17,2024-06-27,2026-08-10,100.0
SIXS,listed-nyse,274,2021-11-17,2026-09-02,200.0
SIZE,listed-nyse,357,2021-09-08,2026-09-02,100.0
SJB,listed-nyse,1133,2021-09-17,2026-09-01,2744.0
SJM,listed-nyse,1254,2021-09-03,2026-09-02,415952.5
SJNK,listed-nyse,1254,2021-09-03,2026-09-02,117265.5
SJT,listed-nyse,1254,2021-09-03,2026-09-02,51709.0
SKE,listed-nyse,1214,2021-11-01,2026-09-02,53120.5
SKF,listed-nyse,482,2021-09-20,2026-09-02,300.0
SKHL,listed-nyse,36,2026-07-15,2026-09-02,10584.5
SKHU,listed-nyse,37,2026-07-14,2026-09-02,9366.0
SKIL,listed-nyse,1254,2021-09-03,2026-09-02,31948.0
SKM,listed-nyse,1254,2021-09-03,2026-09-02,117374.0
SKT,listed-nyse,1254,2021-09-03,2026-09-02,270982.5
SKY,listed-nyse,1254,2021-09-03,2026-09-02,161401.0
SKYH,listed-nyse,892,2022-01-26,2026-09-02,4293.0
SLB,listed-nyse,1254,2021-09-03,2026-09-02,3573598.0
SLDR,listed-nyse,24,2024-10-08,2026-06-05,100.0
SLF,listed-nyse,1254,2021-09-03,2026-09-02,192160.5
SLG,listed-nyse,1254,2021-09-03,2026-09-02,344840.5
SLGN,listed-nyse,1254,2021-09-03,2026-09-02,201278.5
SLI,listed-nyse,1254,2021-09-03,2026-09-02,30358.5
SLJY,listed-nyse,65,2025-08-26,2026-08-31,100.0
SLND,listed-nyse,754,2023-02-16,2026-09-02,300.0
SLNZ,listed-nyse,434,2024-11-18,2026-09-02,237.0
SLON,listed-nyse,240,2025-07-16,2026-09-01,1314.0
SLQT,listed-nyse,1254,2021-09-03,2026-09-02,291603.0
SLSR,listed-nyse,541,2024-04-19,2026-09-02,1415.0
SLTY,listed-nyse,104,2025-08-21,2026-08-26,100.0
SLV,listed-nyse,1254,2021-09-03,2026-09-02,583444.0
SLVM,listed-nyse,1235,2021-10-01,2026-09-02,114005.0
SLVX,listed-nyse,9,2026-02-18,2026-09-01,100.0
SLWS,listed-nyse,1,2026-08-11,2026-08-11,400.0
SLX,listed-nyse,770,2021-09-03,2026-09-01,191.0
SLYG,listed-nyse,1196,2021-09-07,2026-09-02,711.0
SLYV,listed-nyse,1241,2021-09-03,2026-09-02,2449.0
SM,listed-nyse,1254,2021-09-03,2026-09-02,617974.0
SMA,listed-nyse,357,2025-04-02,2026-09-02,182925.0
SMBK,listed-nyse,1159,2021-09-07,2026-09-02,15315.0
SMBS,listed-nyse,375,2024-11-21,2026-09-02,3531.0
SMC,listed-nyse,524,2024-08-01,2026-09-02,20848.0
SMCP,listed-nyse,9,2022-06-21,2026-07-20,593.0
SMCY,listed-nyse,453,2024-09-26,2026-09-02,12373.0
SMDD,listed-nyse,212,2021-09-20,2026-07-22,205.5
SMDX,listed-nyse,187,2025-03-06,2026-09-02,2976.0
SMFG,listed-nyse,1254,2021-09-03,2026-09-02,427520.0
SMG,listed-nyse,1254,2021-09-03,2026-09-02,225483.5
SMHB,listed-nyse,146,2021-10-27,2026-08-31,100.0
SMHI,listed-nyse,1254,2021-09-03,2026-09-02,26610.0
SMIG,listed-nyse,967,2021-12-28,2026-09-02,933.0
SMIZ,listed-nyse,221,2023-10-04,2026-09-02,200.0
SMJF,listed-nyse,168,2025-12-04,2026-09-02,3395.5
SMLF,listed-nyse,1030,2021-09-03,2026-09-02,496.5
SMLL,listed-nyse,26,2024-11-13,2026-08-19,100.0
SMLV,listed-nyse,226,2021-11-02,2026-07-31,100.0
SMMU,listed-nyse,876,2021-09-03,2026-09-02,309.0
SMN,listed-nyse,231,2021-09-23,2026-08-24,127.0
SMOG,listed-nyse,107,2021-09-24,2026-08-21,40.0
SMOX,listed-nyse,3,2026-03-16,2026-08-31,100.0
SMP,listed-nyse,1254,2021-09-03,2026-09-02,49904.0
SMR,listed-nyse,1088,2022-05-03,2026-09-02,868713.0
SMRF,listed-nyse,68,2026-03-03,2026-09-02,102.0
SMRT,listed-nyse,1254,2021-09-03,2026-09-02,302908.5
SMTH,listed-nyse,639,2023-12-07,2026-09-02,1478.0
SMWB,listed-nyse,1254,2021-09-03,2026-09-02,45859.5
SN,listed-nyse,777,2023-07-31,2026-09-02,320437.0
SNA,listed-nyse,1254,2021-09-03,2026-09-02,119765.5
SNAP,listed-nyse,1254,2021-09-03,2026-09-02,5391553.0
SNDA,listed-nyse,1203,2021-11-15,2026-09-02,5824.0
SNDR,listed-nyse,1254,2021-09-03,2026-09-02,278195.0
SNN,listed-nyse,1254,2021-09-03,2026-09-02,178097.0
SNOW,listed-nyse,1254,2021-09-03,2026-09-02,1020275.0
SNOY,listed-nyse,319,2024-07-03,2026-09-02,385.0
SNPE,listed-nyse,1146,2021-09-22,2026-09-02,2421.0
SNSC,listed-nyse,14,2026-08-12,2026-09-02,493.0
SNTH,listed-nyse,233,2025-03-11,2026-09-01,300.0
SNX,listed-nyse,1254,2021-09-03,2026-09-02,170628.0
SO,listed-nyse,1254,2021-09-03,2026-09-02,1593181.5
SOAR,listed-nyse,537,2023-12-05,2026-09-02,2312.0
SOBO,listed-nyse,477,2024-10-08,2026-09-02,182450.0
SOC,listed-nyse,639,2024-02-15,2026-09-02,641031.0
SOEZ,listed-nyse,52,2025-12-10,2026-09-02,200.0
SOFR,listed-nyse,58,2024-10-21,2026-08-21,100.0
SOJC,listed-nyse,1254,2021-09-03,2026-09-02,6535.5
SOJD,listed-nyse,1254,2021-09-03,2026-09-02,18788.0
SOJE,listed-nyse,1254,2021-09-03,2026-09-02,16892.5
SOJF,listed-nyse,409,2025-01-16,2026-09-02,10751.0
SOLV,listed-nyse,609,2024-04-01,2026-09-02,391945.0
SOMN,listed-nyse,202,2025-11-12,2026-09-02,3219.0
SON,listed-nyse,1254,2021-09-03,2026-09-02,239523.5
SONY,listed-nyse,1254,2021-09-03,2026-09-02,261849.5
SOR,listed-nyse,1254,2021-09-03,2026-09-02,1505.0
SOS,listed-nyse,1254,2021-09-03,2026-09-02,10667.5
SOUL,listed-nyse,259,2025-05-23,2026-09-02,1000.0
SOVF,listed-nyse,97,2023-10-13,2026-07-16,100.0
SOXL,listed-nyse,1254,2021-09-03,2026-09-02,720184.0
SOXS,listed-nyse,1254,2021-09-03,2026-09-02,865331.5
SOXY,listed-nyse,65,2024-12-04,2026-08-28,39.0
SOYB,listed-nyse,706,2021-09-10,2026-09-02,218.0
SPAB,listed-nyse,1254,2021-09-03,2026-09-02,31262.0
SPAX,listed-nyse,87,2021-11-08,2026-09-02,5648.0
SPB,listed-nyse,1254,2021-09-03,2026-09-02,137285.0
SPBO,listed-nyse,1014,2021-09-03,2026-09-02,2796.5
SPCE,listed-nyse,1254,2021-09-03,2026-09-02,1377772.5
SPCF,listed-nyse,56,2026-06-15,2026-09-02,44228.5
SPD,listed-nyse,263,2021-09-07,2026-07-21,300.0
SPDG,listed-nyse,117,2023-09-13,2026-07-02,56.0
SPDN,listed-nyse,1235,2021-09-07,2026-09-02,145376.0
SPDV,listed-nyse,260,2021-09-07,2026-08-31,100.0
SPDW,listed-nyse,1254,2021-09-03,2026-09-02,73976.0
SPE,listed-nyse,1254,2021-09-03,2026-09-02,3616.5
SPEM,listed-nyse,1254,2021-09-03,2026-09-02,38638.0
SPEU,listed-nyse,852,2021-09-16,2026-08-20,231.5
SPFF,listed-nyse,834,2021-09-08,2026-09-02,500.0
SPG,listed-nyse,1254,2021-09-03,2026-09-02,595510.5
SPGI,listed-nyse,1254,2021-09-03,2026-09-02,492984.5
SPGM,listed-nyse,950,2021-09-13,2026-09-02,472.5
SPGP,listed-nyse,1226,2021-09-03,2026-09-02,1720.0
SPH,listed-nyse,1254,2021-09-03,2026-09-02,40156.0
SPHB,listed-nyse,1254,2021-09-03,2026-09-02,12734.0
SPHD,listed-nyse,1254,2021-09-03,2026-09-02,12851.0
SPHQ,listed-nyse,1254,2021-09-03,2026-09-02,17404.0
SPHR,listed-nyse,845,2023-04-21,2026-09-02,199599.0
SPHY,listed-nyse,1218,2021-09-03,2026-09-02,45433.5
SPIB,listed-nyse,1254,2021-09-03,2026-09-02,104260.0
SPIP,listed-nyse,1247,2021-09-03,2026-09-02,4675.0
SPIR,listed-nyse,1254,2021-09-03,2026-09-02,140933.0
SPLB,listed-nyse,1254,2021-09-03,2026-09-02,23780.5
SPLV,listed-nyse,1254,2021-09-03,2026-09-02,76001.5
SPMA,listed-nyse,452,2024-11-08,2026-09-02,814.0
SPMB,listed-nyse,1253,2021-09-03,2026-09-02,11557.0
SPMC,listed-nyse,556,2024-06-14,2026-09-02,3349.5
SPMD,listed-nyse,1253,2021-09-03,2026-09-02,14710.0
SPME,listed-nyse,266,2025-07-18,2026-09-02,427.5
SPMO,listed-nyse,875,2021-10-06,2026-09-02,8033.0
SPNT,listed-nyse,1254,2021-09-03,2026-09-02,219089.5
SPOT,listed-nyse,1254,2021-09-03,2026-09-02,405848.5
SPPP,listed-nyse,1013,2021-09-07,2026-09-02,4149.0
SPRE,listed-nyse,483,2021-09-28,2026-09-02,200.0
SPRU,listed-nyse,953,2022-11-14,2026-09-02,11940.0
SPSB,listed-nyse,1252,2021-09-03,2026-09-02,30431.0
SPSK,listed-nyse,969,2021-09-20,2026-09-02,400.0
SPSM,listed-nyse,1249,2021-09-03,2026-09-02,10992.0
SPTB,listed-nyse,275,2024-05-28,2026-09-02,161.0
SPTE,listed-nyse,143,2023-12-05,2026-08-24,100.0
SPTI,listed-nyse,1254,2021-09-03,2026-09-02,34401.5
SPTL,listed-nyse,1254,2021-09-03,2026-09-02,147491.0
SPTM,listed-nyse,1254,2021-09-03,2026-09-02,6916.5
SPTS,listed-nyse,1239,2021-09-03,2026-09-02,14248.0
SPTU,listed-nyse,32,2025-12-05,2026-08-19,100.0
SPUC,listed-nyse,62,2021-11-18,2026-08-27,177.0
SPUS,listed-nyse,1149,2021-09-14,2026-09-02,2549.0
SPUT,listed-nyse,20,2025-03-31,2026-06-08,150.0
SPUU,listed-nyse,540,2021-09-03,2026-09-02,164.0
SPVM,listed-nyse,259,2021-09-21,2026-08-12,100.0
SPWO,listed-nyse,265,2023-12-28,2026-09-02,213.0
SPXC,listed-nyse,1254,2021-09-03,2026-09-02,82972.0
SPXE,listed-nyse,14,2023-09-13,2026-09-01,100.0
SPXL,listed-nyse,1254,2021-09-03,2026-09-02,107185.5
SPXN,listed-nyse,32,2021-10-07,2026-08-31,100.0
SPXS,listed-nyse,1254,2021-09-03,2026-09-02,594594.5
SPXT,listed-nyse,86,2022-03-10,2026-08-31,55.5
SPXU,listed-nyse,1254,2021-09-03,2026-09-02,413264.0
SPXV,listed-nyse,40,2022-11-15,2026-08-26,100.0
SPXX,listed-nyse,1254,2021-09-03,2026-09-02,9236.5
SPY,listed-nyse,1254,2021-09-03,2026-09-02,1850610.5
SPYC,listed-nyse,88,2021-09-09,2026-08-06,100.0
SPYD,listed-nyse,1254,2021-09-03,2026-09-02,24719.0
SPYG,listed-nyse,1254,2021-09-03,2026-09-02,36610.0
SPYM,listed-nyse,238,2024-10-11,2026-09-02,165083.5
SPYT,listed-nyse,529,2024-03-07,2026-09-02,758.0
SPYU,listed-nyse,569,2024-05-28,2026-09-02,12508.0
SPYV,listed-nyse,1254,2021-09-03,2026-09-02,44691.0
SPYX,listed-nyse,1055,2021-09-07,2026-09-02,410.0
SQM,listed-nyse,1254,2021-09-03,2026-09-02,339656.5
SQNS,listed-nyse,1254,2021-09-03,2026-09-02,14160.5
SR,listed-nyse,1254,2021-09-03,2026-09-02,143658.0
SRE,listed-nyse,1254,2021-09-03,2026-09-02,992980.0
SREA,listed-nyse,1254,2021-09-03,2026-09-02,11671.0
SRFM,listed-nyse,779,2023-07-27,2026-09-02,89873.0
SRG,listed-nyse,1254,2021-09-03,2026-09-02,97220.0
SRHR,listed-nyse,6,2024-04-19,2026-04-09,62.0
SRI,listed-nyse,1254,2021-09-03,2026-09-02,51730.0
SRJN,listed-nyse,158,2026-01-16,2026-09-02,5437.0
SRL,listed-nyse,1206,2021-09-03,2026-09-02,1148.0
SRLN,listed-nyse,1254,2021-09-03,2026-09-02,43402.5
SROI,listed-nyse,14,2023-06-23,2026-08-18,100.0
SRS,listed-nyse,768,2021-10-19,2026-09-02,300.0
SRTY,listed-nyse,1254,2021-09-03,2026-09-02,28310.5
SRV,listed-nyse,1254,2021-09-03,2026-09-02,3601.0
SRVR,listed-nyse,924,2021-09-08,2026-09-02,225.0
SRXH,listed-nyse,309,2025-04-30,2026-09-02,11974.0
SSB,listed-nyse,1254,2021-09-03,2026-09-02,138834.0
SSCP,listed-nyse,2,2026-05-12,2026-08-18,52.5
SSD,listed-nyse,1254,2021-09-03,2026-09-02,73853.0
SSFI,listed-nyse,198,2022-08-04,2026-09-01,101.0
SSG,listed-nyse,691,2022-02-09,2026-09-02,700.0
SSL,listed-nyse,1254,2021-09-03,2026-09-02,154838.5
SSMG,listed-nyse,1,2026-07-08,2026-07-08,1.0
SSMR,listed-nyse,63,2026-06-04,2026-09-02,46330.0
SSO,listed-nyse,1254,2021-09-03,2026-09-02,60721.5
SSPY,listed-nyse,140,2021-10-08,2026-08-31,200.0
SST,listed-nyse,1153,2022-01-28,2026-09-02,25446.0
SSTK,listed-nyse,1254,2021-09-03,2026-09-02,125257.5
SSUS,listed-nyse,505,2021-09-15,2026-09-01,300.0
SSXU,listed-nyse,195,2022-07-20,2026-09-01,100.0
ST,listed-nyse,1254,2021-09-03,2026-09-02,457627.5
STAG,listed-nyse,1254,2021-09-03,2026-09-02,454668.5
STAX,listed-nyse,13,2024-03-22,2026-08-25,100.0
STC,listed-nyse,1254,2021-09-03,2026-09-02,66240.0
STCE,listed-nyse,370,2022-08-08,2026-09-01,500.0
STDN,listed-nyse,35,2026-07-16,2026-09-02,148124.0
STE,listed-nyse,1254,2021-09-03,2026-09-02,186292.5
STEM,listed-nyse,1254,2021-09-03,2026-09-02,667829.0
STEW,listed-nyse,1108,2022-04-04,2026-09-02,10860.0
STG,listed-nyse,1246,2021-09-03,2026-09-02,1278.0
STHH,listed-nyse,6,2026-06-01,2026-07-28,100.0
STIP,listed-nyse,1254,2021-09-03,2026-09-02,11855.5
STK,listed-nyse,1254,2021-09-03,2026-09-02,6668.5
STLA,listed-nyse,1254,2021-09-03,2026-09-02,1434568.0
STM,listed-nyse,1254,2021-09-03,2026-09-02,1246586.0
STN,listed-nyse,1254,2021-09-03,2026-09-02,24893.5
STNG,listed-nyse,1254,2021-09-03,2026-09-02,291520.5
STPZ,listed-nyse,1129,2021-09-03,2026-09-02,770.0
STRN,listed-nyse,220,2021-11-09,2026-05-07,1202.5
STRW,listed-nyse,512,2023-03-29,2026-09-02,126.5
STSM,listed-nyse,82,2025-12-02,2026-08-31,200.0
STT,listed-nyse,1254,2021-09-03,2026-09-02,745922.5
STUB,listed-nyse,242,2025-09-17,2026-09-02,928781.0
STVN,listed-nyse,1254,2021-09-03,2026-09-02,73263.0
STWD,listed-nyse,1254,2021-09-03,2026-09-02,776664.0
STXD,listed-nyse,686,2023-11-15,2026-09-02,562.0
STXE,listed-nyse,695,2023-02-14,2026-09-02,1103.0
STXF,listed-nyse,61,2026-06-08,2026-09-02,4148.0
STXG,listed-nyse,688,2023-06-15,2026-09-02,1417.5
STXK,listed-nyse,682,2023-04-12,2026-09-02,683.0
STXS,listed-nyse,1244,2021-09-03,2026-09-02,3994.0
STXT,listed-nyse,767,2023-08-10,2026-09-02,926.0
STXV,listed-nyse,676,2023-10-06,2026-09-02,922.0
STZ,listed-nyse,1254,2021-09-03,2026-09-02,406827.0
SU,listed-nyse,1254,2021-09-03,2026-09-02,1073277.0
SUB,listed-nyse,1250,2021-09-03,2026-09-02,5154.0
SUI,listed-nyse,1254,2021-09-03,2026-09-02,247353.0
SUN,listed-nyse,1254,2021-09-03,2026-09-02,65670.5
SUNB,listed-nyse,129,2026-03-02,2026-09-02,549515.0
SUNC,listed-nyse,206,2025-11-06,2026-09-02,113329.5
SUPL,listed-nyse,6,2022-04-28,2025-12-02,96.5
SUPV,listed-nyse,1254,2021-09-03,2026-09-02,142846.0
SURE,listed-nyse,8,2022-12-28,2025-05-02,100.0
SURI,listed-nyse,14,2023-08-15,2026-07-20,150.0
SUSA,listed-nyse,1203,2021-09-03,2026-09-01,752.0
SUZ,listed-nyse,1254,2021-09-03,2026-09-02,378665.0
SVM,listed-nyse,1254,2021-09-03,2026-09-02,78334.0
SVOL,listed-nyse,965,2021-09-15,2026-09-02,2886.0
SVV,listed-nyse,798,2023-06-29,2026-09-02,277449.5
SW,listed-nyse,542,2024-07-08,2026-09-02,1373581.0
SWAN,listed-nyse,320,2021-09-07,2026-08-28,200.0
SWK,listed-nyse,1254,2021-09-03,2026-09-02,523146.0
SWX,listed-nyse,1254,2021-09-03,2026-09-02,168121.5
SWZ,listed-nyse,1253,2021-09-03,2026-09-02,2999.0
SXC,listed-nyse,1254,2021-09-03,2026-09-02,315583.0
SXI,listed-nyse,1254,2021-09-03,2026-09-02,24646.5
SXQG,listed-nyse,182,2024-03-21,2026-08-17,209.5
SXT,listed-nyse,1254,2021-09-03,2026-09-02,86172.5
SYF,listed-nyse,1254,2021-09-03,2026-09-02,1492066.5
SYFI,listed-nyse,464,2024-06-11,2026-09-01,529.0
SYK,listed-nyse,1254,2021-09-03,2026-09-02,457681.5
SYNX,listed-nyse,196,2024-01-12,2026-08-26,200.0
SYY,listed-nyse,1254,2021-09-03,2026-09-02,984194.0
SZK,listed-nyse,37,2022-01-19,2026-06-30,100.0
T,listed-nyse,1254,2021-09-03,2026-09-02,10706080.0
TABD,listed-nyse,6,2026-01-30,2026-09-02,100.0
TAC,listed-nyse,1254,2021-09-03,2026-09-02,165044.0
TACK,listed-nyse,395,2022-03-23,2026-09-01,249.0
TACN,listed-nyse,3,2025-12-30,2026-07-07,50.0
TACU,listed-nyse,12,2026-02-10,2026-07-06,100.0
TAFI,listed-nyse,805,2022-09-15,2026-09-02,1765.0
TAFL,listed-nyse,69,2024-01-16,2026-09-02,100.0
TAFM,listed-nyse,242,2024-04-17,2026-09-02,300.0
TAGG,listed-nyse,176,2022-02-23,2026-09-01,100.0
TAGS,listed-nyse,148,2021-10-19,2026-09-02,100.0
TAK,listed-nyse,1254,2021-09-03,2026-09-02,571125.5
TAL,listed-nyse,1254,2021-09-03,2026-09-02,1472874.0
TALO,listed-nyse,1254,2021-09-03,2026-09-02,568698.5
TALV,listed-nyse,17,2026-02-19,2026-08-31,94.0
TAN,listed-nyse,1254,2021-09-03,2026-09-02,19506.0
TAP,listed-nyse,1254,2021-09-03,2026-09-02,686085.5
TAP A,listed-nyse,1146,2021-09-03,2026-09-02,16.0
TAXF,listed-nyse,591,2021-09-07,2026-09-02,115.0
TAXM,listed-nyse,33,2025-06-06,2026-09-01,100.0
TAXX,listed-nyse,213,2024-03-15,2026-09-02,100.0
TBB,listed-nyse,1254,2021-09-03,2026-09-02,16912.5
TBBB,listed-nyse,643,2024-02-09,2026-09-02,133567.0
TBF,listed-nyse,1207,2021-09-03,2026-09-02,4860.0
TBFC,listed-nyse,7,2024-02-22,2026-05-12,10.0
TBFG,listed-nyse,3,2025-09-03,2026-02-23,100.0
TBG,listed-nyse,400,2023-11-21,2026-09-02,433.0
TBI,listed-nyse,1254,2021-09-03,2026-09-02,80207.5
TBLL,listed-nyse,704,2023-08-28,2026-09-02,1515.0
TBLU,listed-nyse,297,2024-10-02,2026-09-02,342.0
TBN,listed-nyse,548,2024-06-27,2026-09-02,8302.0
TBT,listed-nyse,1254,2021-09-03,2026-09-02,59321.5
TBUX,listed-nyse,571,2021-12-23,2026-09-02,300.0
TBX,listed-nyse,827,2021-09-03,2026-08-25,711.0
TBXU,listed-nyse,50,2025-10-28,2026-09-02,198.0
TCAF,listed-nyse,787,2023-06-15,2026-09-02,9912.0
TCAI,listed-nyse,272,2025-08-05,2026-09-02,5751.5
TCAL,listed-nyse,185,2025-03-27,2026-09-01,437.0
TCBX,listed-nyse,1074,2021-11-09,2026-09-02,351.0
TCHP,listed-nyse,1105,2021-09-09,2026-09-02,969.0
TCI,listed-nyse,1253,2021-09-03,2026-09-02,1125.0
TCPA,listed-nyse,222,2025-10-15,2026-09-02,8481.5
TCPB,listed-nyse,146,2025-04-21,2026-08-25,100.0
TCV,listed-nyse,7,2026-02-05,2026-08-27,100.0
TD,listed-nyse,1254,2021-09-03,2026-09-02,514335.5
TDAY,listed-nyse,198,2025-11-18,2026-09-02,679363.0
TDC,listed-nyse,1254,2021-09-03,2026-09-02,375743.5
TDF,listed-nyse,1254,2021-09-03,2026-09-02,9628.0
TDG,listed-nyse,1254,2021-09-03,2026-09-02,79240.0
TDOC,listed-nyse,1254,2021-09-03,2026-09-02,1165826.5
TDS,listed-nyse,1254,2021-09-03,2026-09-02,357983.0
TDTF,listed-nyse,1212,2021-09-03,2026-09-02,1891.0
TDTT,listed-nyse,1244,2021-09-03,2026-09-01,4124.5
TDVG,listed-nyse,481,2021-10-26,2026-09-02,200.0
TDW,listed-nyse,1254,2021-09-03,2026-09-02,226536.5
TDY,listed-nyse,1254,2021-09-03,2026-09-02,85731.5
TE,listed-nyse,379,2025-03-03,2026-09-02,2450189.0
TEC,listed-nyse,46,2025-06-20,2026-09-01,81.0
TECB,listed-nyse,764,2021-09-08,2026-09-01,300.0
TECK,listed-nyse,1254,2021-09-03,2026-09-02,827674.0
TECL,listed-nyse,1254,2021-09-03,2026-09-02,43160.0
TECS,listed-nyse,1253,2021-09-03,2026-09-02,24039.0
TEI,listed-nyse,1254,2021-09-03,2026-09-02,25902.5
TEK,listed-nyse,75,2024-10-23,2026-08-26,100.0
TEL,listed-nyse,1254,2021-09-03,2026-09-02,550249.0
TEMD,listed-nyse,1,2026-06-08,2026-06-08,100.0
TEMR,listed-nyse,1,2026-06-29,2026-06-29,100.0
TEN,listed-nyse,850,2021-09-03,2026-09-02,130319.5
TEO,listed-nyse,1254,2021-09-03,2026-09-02,28926.0
TEQI,listed-nyse,138,2021-09-27,2026-09-02,100.0
TESL,listed-nyse,78,2025-01-21,2026-08-28,100.0
TEVA,listed-nyse,1254,2021-09-03,2026-09-02,1879118.5
TEX,listed-nyse,1254,2021-09-03,2026-09-02,286473.5
TEXU,listed-nyse,80,2025-10-01,2026-08-31,100.5
TFC,listed-nyse,1254,2021-09-03,2026-09-02,2542439.0
TFFI,listed-nyse,28,2026-02-27,2026-08-31,100.0
TFI,listed-nyse,1253,2021-09-03,2026-09-02,9551.0
TFII,listed-nyse,1254,2021-09-03,2026-09-02,54258.5
TFIN,listed-nyse,940,2022-12-02,2026-09-02,2023.5
TFLO,listed-nyse,1166,2021-09-17,2026-09-02,7761.0
TFLR,listed-nyse,489,2022-12-30,2026-09-02,200.0
TFPM,listed-nyse,1006,2022-08-30,2026-09-02,78460.0
TFPN,listed-nyse,46,2023-07-13,2026-08-19,100.0
TFX,listed-nyse,1254,2021-09-03,2026-09-02,123744.5
TG,listed-nyse,1254,2021-09-03,2026-09-02,47477.0
TGB,listed-nyse,1254,2021-09-03,2026-09-02,83363.0
TGE,listed-nyse,313,2025-06-05,2026-09-02,6187.0
TGEN,listed-nyse,334,2025-05-06,2026-09-02,5032.5
TGLB,listed-nyse,6,2025-09-03,2026-08-11,100.0
TGLR,listed-nyse,166,2023-08-08,2026-08-31,292.5
TGLS,listed-nyse,1254,2021-09-03,2026-09-02,80800.5
TGRT,listed-nyse,277,2023-10-09,2026-09-02,221.0
TGRW,listed-nyse,70,2024-01-04,2026-05-15,100.0
TGS,listed-nyse,1254,2021-09-03,2026-09-02,40281.0
TGT,listed-nyse,1254,2021-09-03,2026-09-02,1190176.0
THC,listed-nyse,1254,2021-09-03,2026-09-02,344216.5
THD,listed-nyse,1100,2021-09-03,2026-09-02,416.0
THEQ,listed-nyse,6,2025-07-24,2026-09-01,115.0
THG,listed-nyse,1254,2021-09-03,2026-09-02,66619.5
THIR,listed-nyse,445,2024-09-24,2026-09-02,2000.0
THLV,listed-nyse,887,2022-10-12,2026-09-02,1254.0
THM,listed-nyse,635,2021-09-03,2026-09-02,1859.0
THMR,listed-nyse,97,2026-04-09,2026-09-02,306.0
THNQ,listed-nyse,228,2021-10-26,2026-09-02,100.0
THNR,listed-nyse,48,2024-05-24,2026-09-02,38.5
THO,listed-nyse,1254,2021-09-03,2026-09-02,181779.0
THOR,listed-nyse,8,2026-06-23,2026-08-27,100.0
THQ,listed-nyse,1254,2021-09-03,2026-09-02,15885.0
THRO,listed-nyse,387,2024-10-11,2026-09-02,16264.0
THTA,listed-nyse,331,2023-11-17,2026-09-02,248.0
THW,listed-nyse,1254,2021-09-03,2026-09-02,14277.5
THY,listed-nyse,151,2021-09-03,2026-09-02,100.0
THYF,listed-nyse,202,2023-01-10,2026-09-02,100.0
TIC,listed-nyse,384,2025-02-18,2026-09-02,613576.5
TIER,listed-nyse,15,2025-11-13,2026-08-27,200.0
TII,listed-nyse,192,2025-11-21,2026-09-02,2131.5
TILL,listed-nyse,192,2022-08-08,2026-09-02,100.0
TIMB,listed-nyse,1254,2021-09-03,2026-09-02,165475.5
TIME,listed-nyse,58,2022-10-21,2026-08-19,61.5
TINT,listed-nyse,6,2022-06-08,2026-05-07,50.5
TINY,listed-nyse,42,2021-11-19,2026-08-19,100.0
TIP,listed-nyse,1254,2021-09-03,2026-09-02,75421.0
TIPA,listed-nyse,1,2026-08-04,2026-08-04,100.0
TIPD,listed-nyse,10,2022-04-21,2026-07-20,100.0
TIPX,listed-nyse,1238,2021-09-03,2026-09-02,2202.5
TIPZ,listed-nyse,761,2021-09-03,2026-09-02,200.0
TISI,listed-nyse,1254,2021-09-03,2026-09-02,3698.5
TJX,listed-nyse,1254,2021-09-03,2026-09-02,1876813.0
TK,listed-nyse,1254,2021-09-03,2026-09-02,208211.5
TKC,listed-nyse,1254,2021-09-03,2026-09-02,135530.0
TKNQ,listed-nyse,1,2026-02-13,2026-02-13,41.0
TKNZ,listed-nyse,7,2026-07-20,2026-08-27,200.0
TKO,listed-nyse,747,2023-09-12,2026-09-02,310439.0
TKR,listed-nyse,1254,2021-09-03,2026-09-02,175720.5
TLCI,listed-nyse,98,2025-03-19,2026-09-02,100.0
TLH,listed-nyse,1228,2021-09-03,2026-09-02,7157.5
TLK,listed-nyse,1254,2021-09-03,2026-09-02,92756.5
TLTD,listed-nyse,181,2021-09-07,2026-08-05,100.0
TLTE,listed-nyse,156,2021-09-21,2026-08-27,129.5
TLYS,listed-nyse,1254,2021-09-03,2026-09-02,45306.5
TM,listed-nyse,1254,2021-09-03,2026-09-02,64830.5
TMDE,listed-nyse,220,2025-04-21,2026-09-01,740.0
TME,listed-nyse,1254,2021-09-03,2026-09-02,1898808.0
TMF,listed-nyse,1254,2021-09-03,2026-09-02,200004.0
TMH,listed-nyse,2,2026-03-31,2026-08-06,26.5
TMLP,listed-nyse,1,2026-02-10,2026-02-10,58.0
TMO,listed-nyse,1254,2021-09-03,2026-09-02,525553.0
TMP,listed-nyse,1249,2021-09-03,2026-09-02,656.0
TMQ,listed-nyse,965,2021-09-03,2026-09-02,3953.0
TMSL,listed-nyse,338,2024-09-11,2026-09-02,639.5
TMV,listed-nyse,1253,2021-09-03,2026-09-02,20192.0
TMVE,listed-nyse,3,2026-02-12,2026-08-05,336.0
TNA,listed-nyse,1254,2021-09-03,2026-09-02,289525.5
TNC,listed-nyse,1254,2021-09-03,2026-09-02,37928.0
TNET,listed-nyse,1254,2021-09-03,2026-09-02,112290.0
TNGY,listed-nyse,306,2025-06-16,2026-09-02,4839.5
TNK,listed-nyse,1254,2021-09-03,2026-09-02,133132.5
TNL,listed-nyse,1254,2021-09-03,2026-09-02,228853.0
TNUK,listed-nyse,31,2025-12-19,2026-08-26,53.0
TOAK,listed-nyse,69,2024-10-18,2026-09-02,100.0
TOGA,listed-nyse,62,2024-05-03,2026-08-28,103.5
TOK,listed-nyse,34,2021-09-07,2026-05-07,36.0
TOL,listed-nyse,1254,2021-09-03,2026-09-02,415700.5
TOLZ,listed-nyse,196,2021-09-16,2026-09-02,100.0
TONT,listed-nyse,2,2026-08-24,2026-09-02,69.5
TOON,listed-nyse,632,2023-06-26,2026-09-02,1105.5
TOPC,listed-nyse,47,2025-04-16,2026-07-31,100.0
TOPP,listed-nyse,183,2025-01-22,2026-09-02,200.0
TOPS,listed-nyse,660,2021-09-03,2026-09-02,713.5
TOPT,listed-nyse,464,2024-10-25,2026-09-02,4679.0
TOST,listed-nyse,1242,2021-09-22,2026-09-02,1705629.0
TOT,listed-nyse,3,2025-10-08,2026-04-01,100.0
TOTL,listed-nyse,1228,2021-09-03,2026-09-02,2491.0
TOTR,listed-nyse,114,2021-12-08,2026-09-02,100.0
TOUS,listed-nyse,295,2023-07-18,2026-09-02,474.0
TOV,listed-nyse,23,2025-02-27,2026-09-01,200.0
TOVX,listed-nyse,571,2022-10-14,2026-09-02,950.0
TP,listed-nyse,13,2026-08-07,2026-09-02,300.0
TPB,listed-nyse,1254,2021-09-03,2026-09-02,58513.5
TPC,listed-nyse,1254,2021-09-03,2026-09-02,128226.5
TPET,listed-nyse,728,2023-04-18,2026-09-02,1826.5
TPFC,listed-nyse,1,2026-05-13,2026-05-13,130.0
TPFG,listed-nyse,3,2026-06-18,2026-07-10,101.0
TPFI,listed-nyse,1,2026-06-04,2026-06-04,100.0
TPHD,listed-nyse,216,2021-09-13,2026-08-31,100.0
TPIF,listed-nyse,124,2021-09-03,2026-09-02,100.0
TPL,listed-nyse,1254,2021-09-03,2026-09-02,17826.5
TPLC,listed-nyse,201,2021-10-13,2026-08-27,100.0
TPOR,listed-nyse,560,2021-09-08,2026-08-31,105.5
TPR,listed-nyse,1254,2021-09-03,2026-09-02,1066913.5
TPRY,listed-nyse,4,2026-02-26,2026-08-20,100.0
TPSC,listed-nyse,211,2022-07-13,2026-08-26,106.0
TPTS,listed-nyse,49,2026-06-24,2026-09-02,2255.0
TPUT,listed-nyse,12,2026-06-29,2026-08-21,100.0
TPVG,listed-nyse,1254,2021-09-03,2026-09-02,42343.0
TPYP,listed-nyse,756,2021-09-13,2026-09-02,914.5
TPZ,listed-nyse,1254,2021-09-03,2026-09-02,2152.5
TR,listed-nyse,1254,2021-09-03,2026-09-02,44829.5
TRAD,listed-nyse,83,2026-04-20,2026-09-01,200.0
TRAK,listed-nyse,710,2023-11-02,2026-09-02,18517.0
TRC,listed-nyse,1254,2021-09-03,2026-09-02,25866.5
TREX,listed-nyse,1254,2021-09-03,2026-09-02,357616.0
TRFK,listed-nyse,330,2023-12-14,2026-09-02,514.0
TRFM,listed-nyse,73,2025-02-07,2026-09-02,200.0
TRGP,listed-nyse,1254,2021-09-03,2026-09-02,541459.0
TRIN,listed-nyse,1190,2021-09-03,2026-09-02,5720.0
TRLV,listed-nyse,59,2026-06-10,2026-09-02,194026.0
TRN,listed-nyse,1254,2021-09-03,2026-09-02,231545.0
TRND,listed-nyse,292,2021-09-07,2026-08-31,100.0
TRNI,listed-nyse,28,2026-07-27,2026-09-02,2790.0
TRNO,listed-nyse,1254,2021-09-03,2026-09-02,222437.5
TRNZ,listed-nyse,28,2026-07-27,2026-09-02,1450.5
TROX,listed-nyse,1254,2021-09-03,2026-09-02,402353.0
TRP,listed-nyse,1254,2021-09-03,2026-09-02,522513.0
TRT,listed-nyse,396,2021-09-10,2026-09-02,265.0
TRTX,listed-nyse,1254,2021-09-03,2026-09-02,157125.0
TRU,listed-nyse,1254,2021-09-03,2026-09-02,466420.5
TRV,listed-nyse,1254,2021-09-03,2026-09-02,518490.5
TRX,listed-nyse,1015,2021-09-03,2026-09-02,2200.0
TS,listed-nyse,1254,2021-09-03,2026-09-02,345810.5
TSCV,listed-nyse,2,2026-05-14,2026-08-12,108.0
TSEC,listed-nyse,126,2023-07-24,2026-08-28,100.0
TSES,listed-nyse,130,2025-12-30,2026-09-01,105.5
TSI,listed-nyse,1254,2021-09-03,2026-09-02,11176.0
TSIC,listed-nyse,55,2025-12-30,2026-07-28,58.0
TSLI,listed-nyse,186,2022-08-10,2026-08-21,226.5
TSLX,listed-nyse,1254,2021-09-03,2026-09-02,91598.5
TSLY,listed-nyse,860,2023-02-16,2026-09-02,29497.5
TSM,listed-nyse,1254,2021-09-03,2026-09-02,2751955.5
TSME,listed-nyse,223,2022-12-23,2026-09-02,200.0
TSMY,listed-nyse,389,2024-08-22,2026-09-02,378.0
TSN,listed-nyse,1254,2021-09-03,2026-09-02,898123.0
TSNF,listed-nyse,139,2025-12-31,2026-09-02,66.0
TSPA,listed-nyse,418,2022-10-24,2026-09-02,1390.5
TSQ,listed-nyse,1254,2021-09-03,2026-09-02,12185.5
TSRS,listed-nyse,62,2025-12-30,2026-08-24,45.5
TSSD,listed-nyse,128,2025-12-30,2026-08-28,241.5
TSXD,listed-nyse,100,2025-10-06,2026-09-02,800.0
TSXU,listed-nyse,209,2025-10-01,2026-09-02,960.0
TT,listed-nyse,1254,2021-09-03,2026-09-02,406258.0
TTAM,listed-nyse,394,2025-02-07,2026-09-02,85796.5
TTC,listed-nyse,1254,2021-09-03,2026-09-02,225447.0
TTE,listed-nyse,1254,2021-09-03,2026-09-02,233045.0
TTI,listed-nyse,1254,2021-09-03,2026-09-02,342997.5
TTOP,listed-nyse,16,2025-12-02,2026-08-28,100.0
TTT,listed-nyse,873,2021-09-03,2026-09-01,528.0
TTXD,listed-nyse,55,2025-10-13,2026-09-01,400.0
TTXU,listed-nyse,128,2025-10-02,2026-09-02,401.0
TU,listed-nyse,1254,2021-09-03,2026-09-02,663847.5
TUA,listed-nyse,872,2022-11-17,2026-09-02,4279.0
TUSB,listed-nyse,116,2025-02-26,2026-09-01,100.0
TUYA,listed-nyse,1254,2021-09-03,2026-09-02,182939.5
TV,listed-nyse,1254,2021-09-03,2026-09-02,212696.0
TVAL,listed-nyse,162,2024-06-13,2026-08-31,179.0
TVC,listed-nyse,1254,2021-09-03,2026-09-02,2843.0
TVE,listed-nyse,1254,2021-09-03,2026-09-02,2527.0
TWI,listed-nyse,1254,2021-09-03,2026-09-02,178340.0
TWLO,listed-nyse,1254,2021-09-03,2026-09-02,673120.5
TWM,listed-nyse,1254,2021-09-03,2026-09-02,26083.5
TWN,listed-nyse,1251,2021-09-03,2026-09-02,2615.0
TWOD,listed-nyse,325,2025-05-16,2026-09-02,3663.0
TX,listed-nyse,1254,2021-09-03,2026-09-02,57735.0
TXBC,listed-nyse,46,2025-11-24,2026-09-01,100.0
TXNM,listed-nyse,522,2024-08-05,2026-09-02,300699.0
TXNU,listed-nyse,70,2026-04-01,2026-08-27,284.5
TXO,listed-nyse,903,2023-01-27,2026-09-02,13670.0
TXS,listed-nyse,105,2023-07-13,2026-08-27,79.0
TXT,listed-nyse,1254,2021-09-03,2026-09-02,461646.5
TXXI,listed-nyse,43,2025-07-16,2026-09-02,100.0
TY,listed-nyse,1254,2021-09-03,2026-09-02,6458.5
TYD,listed-nyse,905,2021-09-08,2026-09-02,339.0
TYG,listed-nyse,1254,2021-09-03,2026-09-02,10128.5
TYL,listed-nyse,1254,2021-09-03,2026-09-02,81740.0
TYLG,listed-nyse,14,2025-02-28,2026-08-14,100.0
TYO,listed-nyse,825,2021-09-03,2026-08-31,349.0
TYYY,listed-nyse,1,2026-06-17,2026-06-17,100.0
TZA,listed-nyse,1254,2021-09-03,2026-09-02,381202.0
U,listed-nyse,1254,2021-09-03,2026-09-02,1904041.0
UA,listed-nyse,1254,2021-09-03,2026-09-02,738038.0
UAA,listed-nyse,1254,2021-09-03,2026-09-02,1828561.0
UAC,listed-nyse,29,2026-02-19,2026-08-31,220.0
UAMY,listed-nyse,958,2021-09-03,2026-09-02,8226.0
UAN,listed-nyse,1254,2021-09-03,2026-09-02,6978.5
UAVS,listed-nyse,1177,2021-09-03,2026-09-02,5889.0
UBER,listed-nyse,1254,2021-09-03,2026-09-02,4440057.5
UBOT,listed-nyse,520,2021-09-03,2026-09-02,200.0
UBR,listed-nyse,164,2021-09-09,2026-08-19,100.0
UBS,listed-nyse,1254,2021-09-03,2026-09-02,490375.0
UBT,listed-nyse,1118,2021-09-10,2026-08-31,754.5
UCB,listed-nyse,521,2024-08-06,2026-09-02,306264.0
UCC,listed-nyse,106,2023-04-26,2026-08-05,100.0
UCIB,listed-nyse,38,2022-02-10,2026-08-27,100.0
UCO,listed-nyse,1253,2021-09-03,2026-09-02,52023.0
UCON,listed-nyse,1238,2021-09-08,2026-09-02,3357.5
UCOP,listed-nyse,1,2026-05-07,2026-05-07,90.0
UDI,listed-nyse,106,2024-08-06,2026-08-21,100.0
UDIV,listed-nyse,76,2022-09-26,2026-08-27,100.0
UDN,listed-nyse,1062,2021-09-30,2026-09-01,1727.5
UDOW,listed-nyse,1254,2021-09-03,2026-09-02,74435.5
UDR,listed-nyse,1254,2021-09-03,2026-09-02,941264.5
UE,listed-nyse,1254,2021-09-03,2026-09-02,342186.5
UEC,listed-nyse,1254,2021-09-03,2026-09-02,198891.0
UFI,listed-nyse,1254,2021-09-03,2026-09-02,17510.0
UGA,listed-nyse,586,2021-09-03,2026-09-01,200.0
UGE,listed-nyse,160,2021-12-22,2026-08-25,100.5
UGI,listed-nyse,1254,2021-09-03,2026-09-02,568403.0
UGL,listed-nyse,1182,2021-09-03,2026-09-02,2178.0
UGLD,listed-nyse,35,2026-06-05,2026-09-02,401.0
UGP,listed-nyse,1254,2021-09-03,2026-09-02,335479.0
UHAL,listed-nyse,1254,2021-09-03,2026-09-02,31199.5
UHAL B,listed-nyse,929,2022-12-19,2026-09-02,96259.0
UHS,listed-nyse,1254,2021-09-03,2026-09-02,214088.5
UHT,listed-nyse,1254,2021-09-03,2026-09-02,23247.5
UI,listed-nyse,1254,2021-09-03,2026-09-02,24427.0
UIS,listed-nyse,1254,2021-09-03,2026-09-02,166278.5
UJB,listed-nyse,82,2021-10-20,2026-06-09,100.0
UL,listed-nyse,1254,2021-09-03,2026-09-02,451284.0
ULE,listed-nyse,833,2021-09-03,2026-09-01,200.0
ULS,listed-nyse,600,2024-04-12,2026-09-02,206013.0
ULST,listed-nyse,942,2021-09-03,2026-09-02,540.0
ULTY,listed-nyse,624,2024-02-29,2026-09-02,13469.0
UMAC,listed-nyse,551,2024-02-14,2026-09-02,22566.0
UMC,listed-nyse,1254,2021-09-03,2026-09-02,2869024.5
UMDD,listed-nyse,150,2021-10-06,2026-08-26,100.0
UMH,listed-nyse,1254,2021-09-03,2026-09-02,143466.5
UMI,listed-nyse,263,2021-09-07,2026-09-02,100.0
UNF,listed-nyse,1254,2021-09-03,2026-09-02,27421.5
UNFI,listed-nyse,1254,2021-09-03,2026-09-02,218772.0
UNG,listed-nyse,1254,2021-09-03,2026-09-02,191731.0
UNH,listed-nyse,1254,2021-09-03,2026-09-02,1275273.0
UNHU,listed-nyse,14,2026-03-27,2026-08-24,100.0
UNL,listed-nyse,646,2021-09-07,2026-09-02,303.5
UNM,listed-nyse,1254,2021-09-03,2026-09-02,489406.5
UNMA,listed-nyse,1254,2021-09-03,2026-09-02,3702.5
UNP,listed-nyse,1254,2021-09-03,2026-09-02,884616.0
UP,listed-nyse,1254,2021-09-03,2026-09-02,255585.0
UPAR,listed-nyse,120,2022-01-12,2026-08-03,114.0
UPGD,listed-nyse,50,2024-04-05,2026-08-13,100.0
UPLT,listed-nyse,4,2026-08-04,2026-08-25,100.0
UPRO,listed-nyse,1254,2021-09-03,2026-09-02,134446.0
UPS,listed-nyse,1254,2021-09-03,2026-09-02,1176755.0
UPV,listed-nyse,50,2022-02-24,2026-08-18,100.0
UPW,listed-nyse,79,2022-02-17,2026-09-02,100.0
URA,listed-nyse,1254,2021-09-03,2026-09-02,76647.0
URAA,listed-nyse,338,2024-08-26,2026-09-02,239.5
URE,listed-nyse,157,2022-01-12,2026-08-28,100.0
URG,listed-nyse,1254,2021-09-03,2026-09-02,86944.5
URI,listed-nyse,1254,2021-09-03,2026-09-02,178649.0
URNM,listed-nyse,1251,2021-09-03,2026-09-02,4247.0
URSP,listed-nyse,108,2025-09-12,2026-09-02,464.5
URTH,listed-nyse,1251,2021-09-03,2026-09-02,3077.0
URTY,listed-nyse,1251,2021-09-03,2026-09-02,12418.0
USA,listed-nyse,1254,2021-09-03,2026-09-02,159331.0
USAC,listed-nyse,1254,2021-09-03,2026-09-02,42019.5
USAI,listed-nyse,104,2022-03-01,2026-09-02,100.0
USAS,listed-nyse,1182,2021-09-03,2026-09-02,3662.0
USB,listed-nyse,1254,2021-09-03,2026-09-02,2792053.5
USBC,listed-nyse,245,2025-08-15,2026-09-02,1346.0
USCA,listed-nyse,18,2025-05-20,2026-06-04,4.0
USCI,listed-nyse,305,2021-09-20,2026-09-01,101.0
USD,listed-nyse,1216,2021-09-07,2026-09-02,2511.0
USDU,listed-nyse,1073,2021-09-03,2026-09-02,1746.0
USE,listed-nyse,20,2024-06-05,2026-07-29,100.0
USFD,listed-nyse,1254,2021-09-03,2026-09-02,561381.0
USFE,listed-nyse,22,2026-02-02,2026-09-01,100.0
USFR,listed-nyse,1204,2021-09-08,2026-09-02,22528.5
USG,listed-nyse,37,2024-09-24,2026-06-30,100.0
USL,listed-nyse,466,2021-09-13,2026-08-21,200.0
USLV,listed-nyse,53,2026-05-29,2026-09-02,300.0
USMD,listed-nyse,6,2026-02-12,2026-09-02,2.0
USNA,listed-nyse,1254,2021-09-03,2026-09-02,35187.5
USNG,listed-nyse,105,2025-06-13,2026-09-02,190.0
USNZ,listed-nyse,11,2023-11-29,2026-08-24,23.0
USO,listed-nyse,1254,2021-09-03,2026-09-02,162135.0
USPH,listed-nyse,1254,2021-09-03,2026-09-02,30570.0
USPX,listed-nyse,467,2023-06-16,2026-09-01,590.0
USRT,listed-nyse,1248,2021-09-03,2026-09-02,2563.5
USSE,listed-nyse,410,2023-08-31,2026-09-02,701.0
USSG,listed-nyse,732,2021-09-08,2026-08-31,217.0
UST,listed-nyse,469,2021-09-07,2026-08-25,200.0
UTES,listed-nyse,528,2022-01-24,2026-09-02,719.5
UTF,listed-nyse,1254,2021-09-03,2026-09-02,25902.0
UTG,listed-nyse,1211,2021-09-08,2026-09-02,1797.0
UTI,listed-nyse,1254,2021-09-03,2026-09-02,114204.0
UTL,listed-nyse,1254,2021-09-03,2026-09-02,26783.0
UTSL,listed-nyse,919,2021-09-10,2026-09-02,647.0
UTZ,listed-nyse,1254,2021-09-03,2026-09-02,262671.0
UUP,listed-nyse,1252,2021-09-03,2026-09-02,36492.5
UUU,listed-nyse,482,2021-09-03,2026-09-02,200.0
UUUU,listed-nyse,1254,2021-09-03,2026-09-02,112867.5
UVE,listed-nyse,1254,2021-09-03,2026-09-02,66284.0
UVV,listed-nyse,1254,2021-09-03,2026-09-02,65307.5
UWM,listed-nyse,1243,2021-09-03,2026-09-02,7172.0
UWMC,listed-nyse,1254,2021-09-03,2026-09-02,626515.5
UXI,listed-nyse,30,2021-09-22,2026-08-10,100.0
UXRP,listed-nyse,270,2025-07-16,2026-09-02,2065.5
UYG,listed-nyse,638,2021-09-08,2026-09-01,137.5
UYM,listed-nyse,277,2021-09-08,2026-08-31,100.0
UZD,listed-nyse,1254,2021-09-03,2026-09-02,7519.0
UZE,listed-nyse,1254,2021-09-03,2026-09-02,7686.0
UZF,listed-nyse,1252,2021-09-03,2026-09-02,7230.5
V,listed-nyse,1254,2021-09-03,2026-09-02,2520812.0
VABS,listed-nyse,69,2021-11-15,2026-09-01,100.0
VAC,listed-nyse,1254,2021-09-03,2026-09-02,139308.0
VACI,listed-nyse,167,2025-11-20,2026-09-02,5001.0
VAIE,listed-nyse,17,2026-05-12,2026-08-28,100.0
VAL,listed-nyse,1254,2021-09-03,2026-09-02,278924.5
VALE,listed-nyse,1254,2021-09-03,2026-09-02,4690783.0
VALQ,listed-nyse,65,2021-12-20,2026-09-01,83.0
VATE,listed-nyse,1244,2021-09-20,2026-09-02,33422.0
VAW,listed-nyse,1193,2021-09-03,2026-09-02,326.0
VB,listed-nyse,1254,2021-09-03,2026-09-02,6869.5
VBF,listed-nyse,1254,2021-09-03,2026-09-02,6404.5
VBK,listed-nyse,1250,2021-09-03,2026-09-02,2916.0
VBND,listed-nyse,442,2021-09-10,2026-09-01,100.0
VBR,listed-nyse,1254,2021-09-03,2026-09-02,3654.5
VCLN,listed-nyse,14,2022-04-21,2026-08-05,100.0
VCOB,listed-nyse,9,2026-01-23,2026-07-21,100.0
VCR,listed-nyse,1228,2021-09-03,2026-09-02,340.0
VCV,listed-nyse,1254,2021-09-03,2026-09-02,22454.5
VCX,listed-nyse,116,2026-03-19,2026-09-02,40317.0
VDC,listed-nyse,1225,2021-09-07,2026-09-02,611.0
VDE,listed-nyse,1254,2021-09-03,2026-09-02,4078.5
VEA,listed-nyse,1254,2021-09-03,2026-09-02,300099.5
VECA,listed-nyse,50,2026-05-19,2026-08-28,467.0
VEEV,listed-nyse,1254,2021-09-03,2026-09-02,288968.0
VEGA,listed-nyse,82,2021-11-12,2026-08-31,100.0
VEGI,listed-nyse,551,2021-09-22,2026-09-02,150.0
VEL,listed-nyse,1254,2021-09-03,2026-09-02,10400.5
VEMY,listed-nyse,91,2022-12-20,2026-09-01,100.0
VENU,listed-nyse,360,2024-11-27,2026-09-02,1086.0
VERS,listed-nyse,13,2023-05-16,2025-04-03,9.0
VET,listed-nyse,1254,2021-09-03,2026-09-02,395898.0
VETZ,listed-nyse,36,2023-08-08,2026-08-31,100.0
VEU,listed-nyse,1254,2021-09-03,2026-09-02,72221.0
VEXC,listed-nyse,117,2025-10-03,2026-08-31,127.0
VFC,listed-nyse,1254,2021-09-03,2026-09-02,1861858.0
VFH,listed-nyse,1253,2021-09-03,2026-09-02,7755.0
VG,listed-nyse,624,2021-09-03,2026-09-02,1348109.5
VGI,listed-nyse,1254,2021-09-03,2026-09-02,5811.0
VGK,listed-nyse,1254,2021-09-03,2026-09-02,101801.5
VGM,listed-nyse,1254,2021-09-03,2026-09-02,25633.5
VGNT,listed-nyse,107,2026-04-01,2026-09-02,369764.0
VGRO,listed-nyse,6,2026-03-19,2026-08-14,100.0
VGT,listed-nyse,1254,2021-09-03,2026-09-02,4775.0
VGVT,listed-nyse,62,2025-07-09,2026-08-31,100.0
VGZ,listed-nyse,806,2021-09-03,2026-09-02,1800.0
VHI,listed-nyse,1254,2021-09-03,2026-09-02,4239.0
VHT,listed-nyse,1238,2021-09-03,2026-09-02,1540.0
VIA,listed-nyse,817,2021-09-03,2026-09-02,338.0
VICI,listed-nyse,1254,2021-09-03,2026-09-02,2204820.5
VIDA,listed-nyse,64,2026-05-15,2026-09-02,623.0
VIDI,listed-nyse,413,2021-09-03,2026-09-02,200.0
VIG,listed-nyse,1254,2021-09-03,2026-09-02,15561.5
VII,listed-nyse,109,2021-10-04,2026-09-02,200.0
VIK,listed-nyse,587,2024-05-01,2026-09-02,648019.0
VIOG,listed-nyse,594,2021-09-10,2026-08-31,100.0
VIOO,listed-nyse,1139,2021-09-03,2026-09-02,623.0
VIOV,listed-nyse,1025,2021-09-07,2026-09-02,311.0
VIPS,listed-nyse,1254,2021-09-03,2026-09-02,1085962.0
VIRT,listed-nyse,1254,2021-09-03,2026-09-02,17969.0
VIS,listed-nyse,1237,2021-09-03,2026-09-02,516.0
VIST,listed-nyse,1254,2021-09-03,2026-09-02,152864.5
VIV,listed-nyse,1254,2021-09-03,2026-09-02,251914.5
VKI,listed-nyse,1179,2021-09-03,2026-09-02,1843.0
VKQ,listed-nyse,1254,2021-09-03,2026-09-02,25070.0
VLN,listed-nyse,1236,2021-09-30,2026-09-02,73674.0
VLO,listed-nyse,1254,2021-09-03,2026-09-02,1068472.0
VLRS,listed-nyse,1254,2021-09-03,2026-09-02,128992.0
VLT,listed-nyse,1254,2021-09-03,2026-09-02,3441.0
VLTO,listed-nyse,733,2023-10-02,2026-09-02,545515.0
VLU,listed-nyse,88,2021-10-19,2026-08-18,42.5
VMC,listed-nyse,1254,2021-09-03,2026-09-02,281115.0
VMI,listed-nyse,1254,2021-09-03,2026-09-02,40712.5
VMO,listed-nyse,1254,2021-09-03,2026-09-02,39521.5
VMRK,listed-nyse,12,2026-08-18,2026-09-02,2549988.5
VNAM,listed-nyse,68,2022-01-05,2026-08-18,100.0
VNIE,listed-nyse,9,2025-07-09,2026-01-29,67.0
VNLA,listed-nyse,1212,2021-09-03,2026-09-02,1871.5
VNO,listed-nyse,1254,2021-09-03,2026-09-02,704898.5
VNQ,listed-nyse,1254,2021-09-03,2026-09-02,170651.0
VNRX,listed-nyse,906,2021-09-03,2026-09-02,608.5
VNSE,listed-nyse,13,2021-11-04,2025-08-04,39.0
VNT,listed-nyse,1254,2021-09-03,2026-09-02,343422.0
VNTG,listed-nyse,161,2025-06-12,2026-08-21,340.0
VO,listed-nyse,1254,2021-09-03,2026-09-02,5407.0
VOC,listed-nyse,1254,2021-09-03,2026-09-02,11917.0
VOE,listed-nyse,1253,2021-09-03,2026-09-02,2385.0
VOO,listed-nyse,1254,2021-09-03,2026-09-02,91423.0
VOOG,listed-nyse,1254,2021-09-03,2026-09-02,2107.5
VOOV,listed-nyse,1236,2021-09-03,2026-09-02,701.5
VOT,listed-nyse,1251,2021-09-03,2026-09-02,1872.0
VOX,listed-nyse,1252,2021-09-03,2026-09-02,2174.0
VOYA,listed-nyse,1254,2021-09-03,2026-09-02,326354.5
VOYG,listed-nyse,309,2025-06-11,2026-09-02,379704.0
VPC,listed-nyse,327,2021-09-08,2026-08-18,200.0
VPFF,listed-nyse,3,2026-07-24,2026-08-14,1.0
VPG,listed-nyse,1254,2021-09-03,2026-09-02,22804.5
VPL,listed-nyse,1254,2021-09-03,2026-09-02,12301.5
VPU,listed-nyse,1253,2021-09-03,2026-09-02,1866.0
VPV,listed-nyse,1254,2021-09-03,2026-09-02,6105.5
VPX,listed-nyse,1,2026-09-02,2026-09-02,200.0
VRAI,listed-nyse,118,2021-09-17,2026-07-28,100.0
VRP,listed-nyse,1249,2021-09-03,2026-09-02,4945.0
VRT,listed-nyse,1254,2021-09-03,2026-09-02,1326303.5
VRTS,listed-nyse,1250,2021-09-08,2026-09-02,9103.0
VSH,listed-nyse,1254,2021-09-03,2026-09-02,428129.0
VSHY,listed-nyse,38,2024-09-18,2026-08-25,100.0
VSLU,listed-nyse,363,2021-12-02,2026-09-02,362.0
VSS,listed-nyse,1248,2021-09-03,2026-09-02,1545.5
VST,listed-nyse,1254,2021-09-03,2026-09-02,1231627.5
VSTS,listed-nyse,733,2023-10-02,2026-09-02,563571.0
VSXY,listed-nyse,65,2026-06-02,2026-09-02,471776.0
VT,listed-nyse,1254,2021-09-03,2026-09-02,53787.5
VTAK,listed-nyse,400,2023-08-18,2026-09-02,414.5
VTEB,listed-nyse,1254,2021-09-03,2026-09-02,80259.5
VTES,listed-nyse,602,2023-03-09,2026-09-02,320.5
VTEX,listed-nyse,1254,2021-09-03,2026-09-02,135479.0
VTG,listed-nyse,154,2025-08-08,2026-09-02,100.0
VTI,listed-nyse,1254,2021-09-03,2026-09-02,48466.5
VTMX,listed-nyse,797,2023-06-30,2026-09-02,26096.0
VTN,listed-nyse,1254,2021-09-03,2026-09-02,7866.5
VTOL,listed-nyse,1254,2021-09-03,2026-09-02,45422.0
VTP,listed-nyse,126,2025-08-05,2026-09-02,200.0
VTR,listed-nyse,1254,2021-09-03,2026-09-02,963619.0
VTS,listed-nyse,911,2023-01-17,2026-09-02,93674.0
VTV,listed-nyse,1254,2021-09-03,2026-09-02,44508.5
VUG,listed-nyse,1254,2021-09-03,2026-09-02,10601.0
VUSE,listed-nyse,369,2021-09-10,2026-08-31,200.0
VUSI,listed-nyse,4,2025-11-19,2026-03-27,100.0
VV,listed-nyse,1254,2021-09-03,2026-09-02,2620.5
VVR,listed-nyse,1254,2021-09-03,2026-09-02,111029.5
VVV,listed-nyse,1254,2021-09-03,2026-09-02,506954.0
VVX,listed-nyse,1043,2022-07-08,2026-09-02,40210.0
VWO,listed-nyse,1254,2021-09-03,2026-09-02,236129.0
VXF,listed-nyse,1253,2021-09-03,2026-09-02,3814.0
VYLD,listed-nyse,5,2025-04-01,2025-12-26,180.0
VYM,listed-nyse,1254,2021-09-03,2026-09-02,24596.5
VYX,listed-nyse,722,2023-10-17,2026-09-02,674377.5
VZ,listed-nyse,1254,2021-09-03,2026-09-02,6486212.5
VZLA,listed-nyse,1098,2022-01-21,2026-09-02,34616.0
W,listed-nyse,1254,2021-09-03,2026-09-02,808621.0
WAB,listed-nyse,1254,2021-09-03,2026-09-02,312660.0
WAGN,listed-nyse,127,2026-02-09,2026-09-01,9415.0
WAL,listed-nyse,1254,2021-09-03,2026-09-02,321910.5
WANT,listed-nyse,605,2021-09-09,2026-08-31,180.0
WAR,listed-nyse,38,2025-12-03,2026-08-27,159.5
WAT,listed-nyse,1254,2021-09-03,2026-09-02,142699.5
WBI,listed-nyse,242,2025-09-17,2026-09-02,167127.5
WBIF,listed-nyse,66,2023-07-13,2026-09-02,105.5
WBIG,listed-nyse,443,2021-09-07,2026-09-02,100.0
WBIL,listed-nyse,68,2022-03-03,2026-08-27,100.0
WBIY,listed-nyse,636,2021-09-07,2026-09-02,100.0
WBX,listed-nyse,1234,2021-10-04,2026-09-02,59042.5
WCAP,listed-nyse,98,2025-10-06,2026-08-27,853.0
WCC,listed-nyse,1254,2021-09-03,2026-09-02,157883.5
WCEO,listed-nyse,2,2026-07-06,2026-08-10,51.5
WCME,listed-nyse,55,2024-10-11,2026-08-19,100.0
WCMG,listed-nyse,1,2026-06-15,2026-06-15,200.0
WCMI,listed-nyse,352,2024-10-08,2026-09-02,2379.5
WCN,listed-nyse,1254,2021-09-03,2026-09-02,281981.5
WCPB,listed-nyse,135,2025-08-13,2026-09-02,200.0
WD,listed-nyse,1254,2021-09-03,2026-09-02,64008.5
WDEF,listed-nyse,100,2025-07-30,2026-09-02,100.0
WDH,listed-nyse,1254,2021-09-03,2026-09-02,36598.0
WDI,listed-nyse,1254,2021-09-03,2026-09-02,28165.0
WDIV,listed-nyse,304,2021-09-15,2026-08-13,100.0
WDS,listed-nyse,1067,2022-06-02,2026-09-02,156896.0
WDTE,listed-nyse,210,2024-09-26,2026-09-01,68.0
WEA,listed-nyse,1254,2021-09-03,2026-09-02,5756.0
WEAT,listed-nyse,1234,2021-09-07,2026-09-02,12719.0
WEAV,listed-nyse,1206,2021-11-11,2026-09-02,161556.0
WEBL,listed-nyse,1213,2021-09-13,2026-09-02,5801.0
WEBS,listed-nyse,1077,2021-09-13,2026-09-02,1107.0
WEC,listed-nyse,1254,2021-09-03,2026-09-02,653756.0
WEEL,listed-nyse,30,2025-08-26,2026-08-27,100.0
WELD,listed-nyse,21,2026-06-22,2026-08-27,104.0
WELL,listed-nyse,1254,2021-09-03,2026-09-02,962085.0
WENC,listed-nyse,64,2026-05-13,2026-09-02,300.0
WEPN,listed-nyse,12,2026-03-03,2026-07-29,100.0
WES,listed-nyse,1254,2021-09-03,2026-09-02,244806.0
WEX,listed-nyse,1254,2021-09-03,2026-09-02,112235.5
WF,listed-nyse,1254,2021-09-03,2026-09-02,12516.0
WFC,listed-nyse,1254,2021-09-03,2026-09-02,5728983.5
WFG,listed-nyse,1254,2021-09-03,2026-09-02,39863.5
WGO,listed-nyse,1254,2021-09-03,2026-09-02,183108.0
WH,listed-nyse,1254,2021-09-03,2026-09-02,287991.0
WHD,listed-nyse,1254,2021-09-03,2026-09-02,204645.5
WHG,listed-nyse,1254,2021-09-03,2026-09-02,3418.0
WHK,listed-nyse,60,2026-06-09,2026-09-02,33698.0
WHR,listed-nyse,1254,2021-09-03,2026-09-02,291937.5
WIA,listed-nyse,1254,2021-09-03,2026-09-02,5916.0
WINN,listed-nyse,929,2022-02-04,2026-09-02,5388.0
WIP,listed-nyse,789,2021-09-03,2026-09-02,225.0
WIT,listed-nyse,1254,2021-09-03,2026-09-02,729520.0
WIW,listed-nyse,1254,2021-09-03,2026-09-02,27457.5
WK,listed-nyse,1254,2021-09-03,2026-09-02,133531.5
WKC,listed-nyse,806,2023-06-16,2026-09-02,255926.5
WLK,listed-nyse,1254,2021-09-03,2026-09-02,210050.5
WLKP,listed-nyse,1254,2021-09-03,2026-09-02,5200.0
WLTG,listed-nyse,505,2022-07-13,2026-09-02,565.0
WLY,listed-nyse,1109,2022-04-01,2026-09-02,138464.0
WLYB,listed-nyse,1013,2022-04-01,2026-09-02,40.0
WM,listed-nyse,1254,2021-09-03,2026-09-02,631459.5
WMB,listed-nyse,1254,2021-09-03,2026-09-02,2317978.5
WMK,listed-nyse,1254,2021-09-03,2026-09-02,38618.5
WMS,listed-nyse,1254,2021-09-03,2026-09-02,179862.5
WMSB,listed-nyse,12,2025-11-12,2026-08-25,100.0
WNC,listed-nyse,1254,2021-09-03,2026-09-02,181783.5
WNTR,listed-nyse,268,2025-03-28,2026-09-02,302.5
WOLF,listed-nyse,1234,2021-10-04,2026-09-02,868707.0
WOMN,listed-nyse,27,2021-11-26,2026-07-17,100.0
WOR,listed-nyse,1254,2021-09-03,2026-09-02,88412.0
WPAC,listed-nyse,86,2026-02-24,2026-09-02,133.5
WPC,listed-nyse,1254,2021-09-03,2026-09-02,435032.0
WPM,listed-nyse,1254,2021-09-03,2026-09-02,487656.5
WPP,listed-nyse,1254,2021-09-03,2026-09-02,36016.0
WRB,listed-nyse,1254,2021-09-03,2026-09-02,556680.5
WRBY,listed-nyse,1237,2021-09-29,2026-09-02,467599.0
WRN,listed-nyse,1231,2021-09-03,2026-09-02,6526.0
WS,listed-nyse,690,2023-12-01,2026-09-02,89122.0
WSDB,listed-nyse,9,2026-05-06,2026-07-24,100.0
WSM,listed-nyse,1254,2021-09-03,2026-09-02,334136.0
WSMD,listed-nyse,7,2026-08-05,2026-09-01,40.0
WSO,listed-nyse,1254,2021-09-03,2026-09-02,85611.5
WSO B,listed-nyse,888,2021-09-03,2026-09-02,4.0
WST,listed-nyse,1254,2021-09-03,2026-09-02,169882.0
WT,listed-nyse,958,2022-11-07,2026-09-02,515779.5
WTI,listed-nyse,1254,2021-09-03,2026-09-02,484877.0
WTIB,listed-nyse,11,2025-12-31,2026-07-15,600.0
WTID,listed-nyse,83,2023-03-23,2026-09-02,300.0
WTIU,listed-nyse,103,2023-08-14,2026-09-01,100.0
WTM,listed-nyse,1254,2021-09-03,2026-09-02,3591.5
WTMF,listed-nyse,303,2021-09-08,2026-08-27,100.0
WTPI,listed-nyse,209,2025-04-04,2026-09-02,239.0
WTRE,listed-nyse,59,2022-04-25,2026-04-30,100.0
WTRG,listed-nyse,1254,2021-09-03,2026-09-02,539904.5
WTS,listed-nyse,1254,2021-09-03,2026-09-02,57017.5
WTTR,listed-nyse,1254,2021-09-03,2026-09-02,262708.0
WTV,listed-nyse,622,2022-01-18,2026-09-02,441.5
WU,listed-nyse,1254,2021-09-03,2026-09-02,1663941.0
WWJD,listed-nyse,288,2021-09-21,2026-09-01,156.5
WWR,listed-nyse,1024,2021-09-03,2026-09-02,3580.5
WWW,listed-nyse,1254,2021-09-03,2026-09-02,339217.5
WXET,listed-nyse,75,2025-05-13,2026-08-31,200.0
WY,listed-nyse,1254,2021-09-03,2026-09-02,1571198.5
WYY,listed-nyse,606,2021-09-09,2026-09-02,157.0
XAGG,listed-nyse,189,2025-11-11,2026-09-02,924.0
XAIW,listed-nyse,8,2026-08-17,2026-08-28,3.0
XAR,listed-nyse,1092,2021-09-03,2026-09-02,485.0
XB,listed-nyse,88,2023-02-07,2026-08-24,100.0
XBB,listed-nyse,260,2022-06-22,2026-09-01,100.0
XBFR,listed-nyse,24,2026-02-27,2026-08-21,100.0
XBI,listed-nyse,1254,2021-09-03,2026-09-02,357083.5
XBNB,listed-nyse,7,2026-05-06,2026-08-28,100.0
XC,listed-nyse,116,2023-01-12,2026-09-02,100.0
XCCC,listed-nyse,500,2022-06-16,2026-09-02,300.0
XCEM,listed-nyse,871,2021-09-30,2026-09-02,500.0
XCLR,listed-nyse,54,2023-06-26,2026-08-26,100.0
XCOR,listed-nyse,76,2022-12-27,2026-09-01,100.0
XES,listed-nyse,1130,2021-09-17,2026-09-02,673.0
XFIV,listed-nyse,435,2023-03-27,2026-09-01,222.0
XFLH,listed-nyse,89,2026-03-09,2026-09-02,726.0
XFLT,listed-nyse,1254,2021-09-03,2026-09-02,38102.5
XFLX,listed-nyse,140,2023-11-08,2026-08-28,124.5
XHB,listed-nyse,1254,2021-09-03,2026-09-02,105181.0
XHE,listed-nyse,732,2021-09-03,2026-09-02,104.0
XHLF,listed-nyse,830,2022-09-23,2026-09-02,1000.0
XHR,listed-nyse,1254,2021-09-03,2026-09-02,282090.0
XHS,listed-nyse,223,2021-09-07,2026-08-28,90.0
XIDV,listed-nyse,33,2025-02-26,2026-06-15,99.0
XIFR,listed-nyse,398,2025-02-03,2026-09-02,347736.5
XITK,listed-nyse,145,2021-09-09,2026-08-04,38.0
XLB,listed-nyse,1254,2021-09-03,2026-09-02,227796.5
XLBI,listed-nyse,67,2025-09-03,2026-09-02,100.0
XLC,listed-nyse,1254,2021-09-03,2026-09-02,191010.0
XLCI,listed-nyse,10,2026-04-09,2026-08-27,71.0
XLE,listed-nyse,1254,2021-09-03,2026-09-02,704221.0
XLEI,listed-nyse,162,2025-07-31,2026-09-02,200.0
XLF,listed-nyse,1254,2021-09-03,2026-09-02,1344699.5
XLFI,listed-nyse,69,2025-08-26,2026-08-26,100.0
XLG,listed-nyse,1251,2021-09-03,2026-09-02,13489.0
XLI,listed-nyse,1254,2021-09-03,2026-09-02,404343.0
XLII,listed-nyse,52,2025-09-15,2026-09-01,92.0
XLK,listed-nyse,1254,2021-09-03,2026-09-02,249185.0
XLKI,listed-nyse,48,2025-09-15,2026-09-02,100.0
XLP,listed-nyse,1254,2021-09-03,2026-09-02,491302.0
XLRE,listed-nyse,1254,2021-09-03,2026-09-02,238815.5
XLRI,listed-nyse,28,2025-11-03,2026-07-09,100.0
XLSI,listed-nyse,27,2025-09-12,2026-08-31,100.0
XLSR,listed-nyse,978,2021-09-13,2026-09-01,500.0
XLU,listed-nyse,1254,2021-09-03,2026-09-02,440503.0
XLUI,listed-nyse,151,2025-09-15,2026-09-02,204.0
XLV,listed-nyse,1254,2021-09-03,2026-09-02,438791.5
XLVI,listed-nyse,67,2025-09-04,2026-09-02,100.0
XLY,listed-nyse,1254,2021-09-03,2026-09-02,207165.5
XLYI,listed-nyse,4,2025-09-08,2026-07-29,3.0
XME,listed-nyse,1254,2021-09-03,2026-09-02,97097.0
XMHQ,listed-nyse,973,2021-09-14,2026-09-02,1269.0
XMLV,listed-nyse,793,2021-09-07,2026-08-26,204.0
XMMO,listed-nyse,1117,2021-09-09,2026-09-02,1104.0
XMVM,listed-nyse,374,2021-09-09,2026-08-13,109.5
XNAV,listed-nyse,48,2023-06-07,2026-09-01,25.0
XNTK,listed-nyse,462,2021-09-03,2026-09-02,200.0
XOEF,listed-nyse,28,2025-07-21,2026-09-02,100.0
XOM,listed-nyse,1254,2021-09-03,2026-09-02,5261243.5
XOMO,listed-nyse,519,2023-08-31,2026-09-02,301.0
XONE,listed-nyse,751,2021-09-03,2026-09-02,400.0
XOP,listed-nyse,1254,2021-09-03,2026-09-02,110110.0
XPAY,listed-nyse,136,2025-02-11,2026-09-01,100.0
XPER,listed-nyse,1254,2021-09-03,2026-09-02,108744.0
XPEV,listed-nyse,1254,2021-09-03,2026-09-02,2054310.5
XPH,listed-nyse,693,2021-09-09,2026-09-02,161.0
XPL,listed-nyse,578,2021-09-07,2026-09-02,300.0
XPND,listed-nyse,120,2021-11-30,2026-09-01,94.0
XPO,listed-nyse,1254,2021-09-03,2026-09-02,369384.0
XPOF,listed-nyse,1254,2021-09-03,2026-09-02,134549.5
XPP,listed-nyse,329,2021-09-17,2026-08-24,200.0
XPRO,listed-nyse,1234,2021-10-04,2026-09-02,268835.5
XRLX,listed-nyse,96,2023-11-16,2026-09-02,150.0
XRMI,listed-nyse,262,2021-10-07,2026-09-01,100.0
XRN,listed-nyse,134,2026-02-23,2026-09-02,40039.5
XRP,listed-nyse,196,2025-11-20,2026-09-02,7602.5
XRPZ,listed-nyse,194,2025-11-24,2026-09-02,3284.0
XRT,listed-nyse,1254,2021-09-03,2026-09-02,263479.0
XSD,listed-nyse,1161,2021-09-08,2026-09-02,281.0
XSLV,listed-nyse,678,2021-09-03,2026-09-01,300.0
XSMO,listed-nyse,875,2021-10-15,2026-09-02,2846.0
XSOE,listed-nyse,1247,2021-09-03,2026-09-02,2848.0
XSVM,listed-nyse,1055,2021-09-03,2026-09-02,450.0
XSVN,listed-nyse,456,2023-08-15,2026-09-02,223.0
XSW,listed-nyse,775,2021-09-07,2026-09-02,100.0
XTEN,listed-nyse,517,2023-06-22,2026-09-02,900.0
XTL,listed-nyse,550,2021-09-22,2026-09-02,200.0
XTN,listed-nyse,712,2021-09-10,2026-09-01,120.5
XTNT,listed-nyse,587,2021-09-03,2026-09-02,300.0
XTR,listed-nyse,57,2021-10-11,2026-08-24,100.0
XTRE,listed-nyse,378,2023-03-27,2026-08-28,170.0
XTWO,listed-nyse,490,2022-11-11,2026-09-02,156.0
XTWY,listed-nyse,156,2023-04-20,2026-08-31,100.0
XUDV,listed-nyse,8,2025-06-23,2026-08-12,86.0
XV,listed-nyse,53,2025-05-20,2026-09-01,100.0
XXI,listed-nyse,184,2025-12-09,2026-09-02,335747.5
XXRP,listed-nyse,344,2025-04-08,2026-09-02,10045.0
XXV,listed-nyse,22,2025-11-19,2026-09-02,100.0
XYF,listed-nyse,1253,2021-09-03,2026-09-02,7795.0
XYL,listed-nyse,1254,2021-09-03,2026-09-02,488819.0
XYLD,listed-nyse,1239,2021-09-03,2026-09-02,5311.0
XYLG,listed-nyse,296,2021-12-30,2026-09-01,100.0
XYZ,listed-nyse,407,2025-01-21,2026-09-02,1906968.0
XYZY,listed-nyse,191,2025-04-07,2026-08-11,200.0
XZO,listed-nyse,207,2025-11-05,2026-09-02,54762.0
YALA,listed-nyse,1254,2021-09-03,2026-09-02,71201.5
YALL,listed-nyse,319,2022-12-13,2026-09-02,200.0
YANG,listed-nyse,1254,2021-09-03,2026-09-02,52322.5
YBIT,listed-nyse,394,2024-04-23,2026-09-01,627.5
YCBD,listed-nyse,717,2021-09-03,2026-09-02,794.0
YCL,listed-nyse,521,2022-07-15,2026-08-25,561.0
YCS,listed-nyse,294,2022-01-11,2026-08-31,200.0
YCY,listed-nyse,148,2025-10-29,2026-09-02,84.5
YEAR,listed-nyse,701,2022-10-06,2026-09-02,434.0
YELP,listed-nyse,1254,2021-09-03,2026-09-02,290257.0
YETI,listed-nyse,1254,2021-09-03,2026-09-02,398739.5
YEXT,listed-nyse,1254,2021-09-03,2026-09-02,316180.0
YFFI,listed-nyse,36,2025-01-06,2026-09-01,100.0
YFOR,xnys-only-backstop,1,2026-09-02,2026-09-02,3415.0
YFYA,listed-nyse,82,2025-01-31,2026-09-02,100.0
YGLD,listed-nyse,66,2024-12-13,2026-09-01,100.0
YINN,listed-nyse,1254,2021-09-03,2026-09-02,70140.0
YLD,listed-nyse,810,2021-09-03,2026-09-02,367.5
YLDW,listed-nyse,7,2025-12-22,2026-07-24,100.0
YMAG,listed-nyse,563,2024-01-30,2026-09-02,12935.0
YMAX,listed-nyse,622,2024-01-18,2026-09-02,17517.0
YMM,listed-nyse,1254,2021-09-03,2026-09-02,1514285.0
YOLO,listed-nyse,411,2021-09-09,2026-08-31,165.0
YOU,listed-nyse,1254,2021-09-03,2026-09-02,413597.0
YPF,listed-nyse,1254,2021-09-03,2026-09-02,458986.5
YRD,listed-nyse,1254,2021-09-03,2026-09-02,15709.5
YSG,listed-nyse,1254,2021-09-03,2026-09-02,79203.0
YSPC,listed-nyse,3,2026-07-21,2026-08-28,3.0
YSS,listed-nyse,150,2026-01-29,2026-09-02,369725.5
YUM,listed-nyse,1254,2021-09-03,2026-09-02,648750.5
YUMC,listed-nyse,1254,2021-09-03,2026-09-02,580343.5
YXI,listed-nyse,302,2021-09-09,2026-07-21,200.0
YYY,listed-nyse,1054,2021-09-08,2026-09-02,1342.0
YYYM,listed-nyse,17,2026-04-06,2026-09-01,100.0
ZBH,listed-nyse,1254,2021-09-03,2026-09-02,494294.5
ZCSH,listed-nyse,7,2026-08-25,2026-09-02,1212.0
ZDGE,listed-nyse,831,2021-09-03,2026-09-02,200.0
ZEPP,listed-nyse,1254,2021-09-03,2026-09-02,13549.0
ZETA,listed-nyse,1254,2021-09-03,2026-09-02,576627.5
ZGN,listed-nyse,1180,2021-12-20,2026-09-02,148088.5
ZH,listed-nyse,1254,2021-09-03,2026-09-02,196238.5
ZHDG,listed-nyse,163,2021-09-09,2026-08-21,120.0
ZIG,listed-nyse,13,2022-10-05,2026-03-31,35.0
ZIM,listed-nyse,1254,2021-09-03,2026-09-02,913718.0
ZINC,listed-nyse,16,2026-06-26,2026-08-31,497.0
ZINN,listed-nyse,2,2026-08-18,2026-08-28,23.0
ZIP,listed-nyse,1254,2021-09-03,2026-09-02,240954.0
ZKH,listed-nyse,680,2023-12-15,2026-09-02,10917.0
ZONE,listed-nyse,406,2024-04-26,2026-09-02,7796.0
ZROZ,listed-nyse,1247,2021-09-03,2026-09-02,4008.0
ZSB,listed-nyse,11,2023-01-13,2026-01-15,100.0
ZSL,listed-nyse,1232,2021-09-03,2026-09-02,5401.0
ZTAX,listed-nyse,24,2023-07-11,2026-08-26,100.0
ZTO,listed-nyse,1254,2021-09-03,2026-09-02,584570.5
ZTR,listed-nyse,1254,2021-09-03,2026-09-02,33326.0
ZTS,listed-nyse,1254,2021-09-03,2026-09-02,796163.0
ZVIA,listed-nyse,1254,2021-09-03,2026-09-02,53301.0
ZWS,listed-nyse,1233,2021-10-05,2026-09-02,351483.0
