symbol,ex_date,event,factor,source,verdict,measured_open,measured_close,persistence
AAON,2023-08-17,FORWARD_SPLIT,1.5,yahoo,corroborated,1.5044,1.5546,persistent
AAUC,2025-05-22,REVERSE_SPLIT,0.333333333333,yahoo,ex-date-absent,,,
ABAT,2023-09-11,REVERSE_SPLIT,0.0666666666667,yahoo,ex-date-absent,,,
ABEO,2022-07-05,REVERSE_SPLIT,0.04,yahoo,corroborated,0.0513,0.0472,persistent
ABNY,2025-12-02,REVERSE_SPLIT,0.2,inband,ex-date-absent,,,
ABP,2025-11-03,REVERSE_SPLIT,0.033333,inband,corroborated,0.0369,0.0359,persistent
ABTC,2022-11-08,REVERSE_SPLIT,0.05,yahoo,ex-date-absent,,,
ABTC,2024-02-09,REVERSE_SPLIT,0.05,yahoo,ex-date-absent,,,
ABTC,2025-09-03,REVERSE_SPLIT,0.2,yahoo,no-prev-bar,,,
ABTC,2026-07-06,REVERSE_SPLIT,0.066667,yahoo,corroborated,0.0684,0.0661,persistent
ABTS,2025-03-10,REVERSE_SPLIT,0.071429,inband,corroborated,0.106,0.0875,persistent
ABVC,2023-07-25,REVERSE_SPLIT,0.1,yahoo,corroborated,0.0925,0.0925,persistent
ACB,2024-02-20,REVERSE_SPLIT,0.1,yahoo,corroborated,0.1072,0.1118,persistent
ACET,2025-12-30,REVERSE_SPLIT,0.0625,yahoo,corroborated,0.0626,0.0623,persistent
ACFN,2023-09-08,REVERSE_SPLIT,0.0625,yahoo,ex-date-absent,,,
ACII,2025-09-26,REVERSE_SPLIT,0.40625,inband,ex-date-absent,,,
ACMR,2022-03-24,FORWARD_SPLIT,3.0,yahoo,corroborated,2.9253,3.0451,persistent
ACON,2024-01-04,REVERSE_SPLIT,0.0625,yahoo,corroborated,0.0484,0.0728,persistent
ACON,2025-01-30,REVERSE_SPLIT,0.002985,yahoo,corroborated,0.0038,0.0035,persistent
ACON,2025-03-28,REVERSE_SPLIT,0.037037,yahoo,corroborated,0.0394,0.0443,persistent
ACOR,2023-06-05,REVERSE_SPLIT,0.058824,inband,corroborated,0.0558,0.0528,persistent
ACRS,2023-11-13,FORWARD_SPLIT,5.0,inband,drifted,6.7935,7.3786,persistent
ACRX,2022-10-26,REVERSE_SPLIT,0.064516,inband,corroborated,0.0597,0.056,persistent
ACST,2023-07-10,REVERSE_SPLIT,0.181818,inband,corroborated,0.1765,0.1827,persistent
ACXP,2025-08-05,REVERSE_SPLIT,0.05,yahoo,corroborated,0.0469,0.0551,persistent
ACY,2022-01-10,FORWARD_SPLIT,4.25,inband,corroborated,4.4655,4.9443,persistent
ADAM,2023-03-09,REVERSE_SPLIT,0.25,yahoo,ex-date-absent,,,
ADAP,2024-10-31,REVERSE_SPLIT,0.689655,inband,drifted,0.966,0.9638,persistent
ADIL,2023-08-07,REVERSE_SPLIT,0.04,yahoo,corroborated,0.0415,0.0374,persistent
ADIL,2026-02-06,REVERSE_SPLIT,0.04,yahoo,corroborated,0.0383,0.0449,persistent
ADN,2024-05-14,REVERSE_SPLIT,0.033333,inband,corroborated,0.0353,0.0306,persistent
ADTX,2022-09-14,REVERSE_SPLIT,0.02,yahoo,not-corroborated,0.0152,0.032,persistent
ADTX,2023-08-18,REVERSE_SPLIT,0.025,yahoo,corroborated,0.0218,0.0229,persistent
ADTX,2024-10-02,REVERSE_SPLIT,0.025,yahoo,not-corroborated,0.0201,0.043,persistent
ADTX,2025-03-17,REVERSE_SPLIT,0.004,yahoo,corroborated,0.0041,0.0046,persistent
ADTX,2025-11-03,REVERSE_SPLIT,0.00885,yahoo,corroborated,0.0109,0.0093,persistent
ADTX,2026-03-09,REVERSE_SPLIT,0.125,yahoo,corroborated,0.1167,0.1424,persistent
ADTX,2026-05-18,REVERSE_SPLIT,0.037037,yahoo,corroborated,0.0338,0.0397,persistent
ADV,2026-03-27,REVERSE_SPLIT,0.04,yahoo,corroborated,0.0364,0.0355,persistent
ADVB,2026-02-20,REVERSE_SPLIT,0.05,yahoo,corroborated,0.0566,0.0563,persistent
ADVM,2024-03-21,REVERSE_SPLIT,0.105263,inband,corroborated,0.0984,0.1045,persistent
ADXN,2023-10-23,REVERSE_SPLIT,0.05,yahoo,ex-date-absent,,,
AEC,2025-08-01,REVERSE_SPLIT,0.0133333333333,yahoo,ex-date-absent,,,
AEHL,2023-09-18,REVERSE_SPLIT,0.1,yahoo,corroborated,0.1077,0.0985,persistent
AEHL,2025-04-04,REVERSE_SPLIT,0.025,yahoo,not-corroborated,0.0207,0.0119,persistent
AEHL,2026-03-05,REVERSE_SPLIT,0.166667,yahoo,corroborated,0.1494,0.1717,persistent
AEHL,2026-08-10,REVERSE_SPLIT,0.0625,yahoo,corroborated,0.0547,0.0522,persistent
AEI,2022-12-28,REVERSE_SPLIT,0.05,yahoo,ex-date-absent,,,
AEMD,2023-10-05,REVERSE_SPLIT,0.1,yahoo,corroborated,0.1133,0.112,persistent
AEMD,2025-06-09,REVERSE_SPLIT,0.125,yahoo,drifted,0.1504,0.1667,persistent
AEMD,2025-10-20,REVERSE_SPLIT,0.1,yahoo,ex-date-absent,,,
AEMD,2026-08-04,REVERSE_SPLIT,0.2,yahoo,corroborated,0.1852,0.1852,persistent
AEON,2025-02-26,REVERSE_SPLIT,0.013889,yahoo,not-corroborated,0.0325,0.0533,persistent
AERT,2026-06-12,REVERSE_SPLIT,0.125,yahoo,corroborated,0.1161,0.1128,persistent
AEVA,2024-03-19,REVERSE_SPLIT,0.2,yahoo,corroborated,0.1957,0.1942,persistent
AEY,2023-11-16,REVERSE_SPLIT,0.08,inband,ex-date-absent,,,
AEZS,2022-07-21,REVERSE_SPLIT,0.043478,inband,ex-date-absent,,,
AFCG,2024-07-10,FORWARD_SPLIT,1.461,yahoo,corroborated,1.3964,1.3556,persistent
AFMD,2024-03-11,REVERSE_SPLIT,0.103448,inband,corroborated,0.099,0.1099,persistent
AGBA,2024-10-02,FORWARD_SPLIT,1.923077,inband,drifted,1.8033,1.4765,persistent
AGEN,2023-04-26,FORWARD_SPLIT,1.019,yahoo,corroborated,1.0377,1.041,persistent
AGEN,2024-04-12,REVERSE_SPLIT,0.05,yahoo,corroborated,0.0547,0.055,persistent
AGFY,2023-07-05,REVERSE_SPLIT,0.05,inband,corroborated,0.0562,0.0566,persistent
AGFY,2024-10-08,REVERSE_SPLIT,0.071429,inband,corroborated,0.0704,0.0648,persistent
AGIG,2025-06-09,REVERSE_SPLIT,0.1,yahoo,ex-date-absent,,,
AGL,2026-03-31,REVERSE_SPLIT,0.04,yahoo,corroborated,0.0406,0.0406,persistent
AGLE,2023-09-08,REVERSE_SPLIT,0.043478,inband,corroborated,0.0424,0.0423,persistent
AGMH,2025-06-03,REVERSE_SPLIT,0.02,yahoo,corroborated,0.0236,0.0193,persistent
AGPU,2023-04-24,REVERSE_SPLIT,0.05,yahoo,ex-date-absent,,,
AGPU,2025-09-30,REVERSE_SPLIT,0.0666666666667,yahoo,ex-date-absent,,,
AGRI,2025-07-28,REVERSE_SPLIT,0.103448,inband,corroborated,0.1109,0.1111,persistent
AGRX,2022-04-27,REVERSE_SPLIT,0.03,inband,corroborated,0.0277,0.0364,persistent
AGRX,2023-04-11,REVERSE_SPLIT,0.02,inband,drifted,0.0257,0.0267,persistent
AGZD,2023-08-10,FORWARD_SPLIT,2.0,yahoo,corroborated,2.0014,1.9968,persistent
AHI,2023-06-30,REVERSE_SPLIT,0.388889,inband,corroborated,0.2276,0.3242,persistent
AHT,2024-10-28,REVERSE_SPLIT,0.1,yahoo,corroborated,0.0972,0.0913,persistent
AIBD,2026-07-15,REVERSE_SPLIT,0.1,yahoo,corroborated,0.0993,0.0994,persistent
AIFA,2026-06-12,REVERSE_SPLIT,0.166667,yahoo,corroborated,0.1753,0.1592,persistent
AIFF,2023-10-18,REVERSE_SPLIT,0.1,yahoo,ex-date-absent,,,
AIFF,2024-08-13,REVERSE_SPLIT,0.333333333333,yahoo,no-prev-bar,,,
AIFU,2025-05-21,REVERSE_SPLIT,0.05,yahoo,corroborated,0.0512,0.0548,persistent
AIFU,2026-06-16,REVERSE_SPLIT,0.05,yahoo,ex-date-absent,,,
AIHS,2022-04-06,REVERSE_SPLIT,0.111111,inband,corroborated,0.1256,0.1249,persistent
AIIO,2026-04-06,REVERSE_SPLIT,0.05,yahoo,drifted,0.0586,0.0743,persistent
AIM,2025-06-12,REVERSE_SPLIT,0.01,yahoo,ex-date-absent,,,
AIM,2026-02-10,FORWARD_SPLIT,1.031,yahoo,corroborated,0.983,0.9631,persistent
AIMD,2022-08-09,REVERSE_SPLIT,0.0666666666667,yahoo,no-prev-bar,,,
AIMD,2023-12-14,REVERSE_SPLIT,0.2,yahoo,ex-date-absent,,,
AIMD,2025-06-30,REVERSE_SPLIT,0.2,yahoo,corroborated,0.1925,0.1789,persistent
AIOS,2023-05-18,REVERSE_SPLIT,0.1,yahoo,ex-date-absent,,,
AIOS,2026-04-27,REVERSE_SPLIT,0.05,yahoo,ex-date-absent,,,
AIRE,2026-04-30,REVERSE_SPLIT,0.04,yahoo,drifted,0.0434,0.053,persistent
AIRI,2022-10-18,REVERSE_SPLIT,0.1,yahoo,ex-date-absent,,,
AIXC,2022-11-23,REVERSE_SPLIT,0.1,yahoo,ex-date-absent,,,
AIXC,2024-11-05,REVERSE_SPLIT,0.02,yahoo,ex-date-absent,,,
AIXI,2024-08-23,REVERSE_SPLIT,0.111111,yahoo,corroborated,0.0893,0.0933,persistent
AIXI,2026-05-11,REVERSE_SPLIT,0.05,yahoo,corroborated,0.0376,0.0501,persistent
AIYY,2025-12-02,REVERSE_SPLIT,0.1,yahoo,corroborated,0.0986,0.0979,persistent
AKA,2023-10-02,REVERSE_SPLIT,0.083333,yahoo,corroborated,0.0921,0.0945,persistent
AKAN,2023-03-09,REVERSE_SPLIT,0.1,yahoo,corroborated,0.0966,0.1037,persistent
AKAN,2024-05-23,REVERSE_SPLIT,0.025,yahoo,drifted,0.0325,0.0377,persistent
AKAN,2024-11-14,REVERSE_SPLIT,0.5,yahoo,corroborated,0.4963,0.4437,persistent
AKAN,2025-08-26,REVERSE_SPLIT,0.32,yahoo,corroborated,0.3351,0.2942,persistent
AKAN,2026-01-12,REVERSE_SPLIT,0.2,yahoo,corroborated,0.177,0.1938,persistent
AKAN,2026-04-13,REVERSE_SPLIT,0.222,yahoo,ex-date-absent,,,
AKTX,2023-08-17,REVERSE_SPLIT,0.05,yahoo,drifted,0.0638,0.0636,persistent
AKTX,2026-03-31,REVERSE_SPLIT,0.025,yahoo,corroborated,0.0274,0.0274,persistent
ALAR,2022-11-08,REVERSE_SPLIT,0.1,yahoo,ex-date-absent,,,
ALBT,2023-01-05,REVERSE_SPLIT,0.103448,inband,corroborated,0.1063,0.1065,persistent
ALBT,2024-10-28,REVERSE_SPLIT,0.064516,inband,corroborated,0.0528,0.0534,persistent
ALBT,2026-08-31,REVERSE_SPLIT,0.05,yahoo,ex-date-absent,,,
ALCE,2026-08-20,REVERSE_SPLIT,0.0004,yahoo,ex-date-absent,,,
ALF,2024-08-01,REVERSE_SPLIT,0.0125,inband,ex-date-absent,,,
ALGS,2024-08-19,REVERSE_SPLIT,0.04,yahoo,corroborated,0.0375,0.0388,persistent
ALIT,2026-07-01,REVERSE_SPLIT,0.05,yahoo,corroborated,0.0491,0.0408,persistent
ALLK,2021-12-22,FORWARD_SPLIT,8.5,inband,corroborated,7.8338,9.9026,persistent
ALLR,2023-03-27,REVERSE_SPLIT,0.028571,yahoo,corroborated,0.0294,0.0305,persistent
ALLR,2023-06-29,REVERSE_SPLIT,0.025,yahoo,corroborated,0.0265,0.0271,persistent
ALLR,2024-04-09,REVERSE_SPLIT,0.05,yahoo,corroborated,0.0533,0.0614,persistent
ALLR,2024-09-11,REVERSE_SPLIT,0.033333,yahoo,corroborated,0.041,0.0334,persistent
ALM,2025-07-07,REVERSE_SPLIT,0.666666666667,yahoo,ex-date-absent,,,
ALM,2025-07-08,REVERSE_SPLIT,0.666666666667,yahoo,ex-date-absent,,,
ALOY,2023-04-11,REVERSE_SPLIT,0.25,yahoo,ex-date-absent,,,
ALP,2024-08-15,REVERSE_SPLIT,0.05,yahoo,ex-date-absent,,,
ALPP,2023-05-15,REVERSE_SPLIT,0.125,yahoo,corroborated,0.1237,0.1418,persistent
ALRN,2022-11-11,REVERSE_SPLIT,0.052632,inband,ex-date-absent,,,
ALTM,2024-01-04,FORWARD_SPLIT,9.5,inband,corroborated,9.2936,9.1571,persistent
ALTS,2024-07-15,FORWARD_SPLIT,16.0,inband,ex-date-absent,,,
ALUR,2025-01-03,REVERSE_SPLIT,0.04,yahoo,drifted,0.0392,0.0525,persistent
ALVR,2025-01-16,REVERSE_SPLIT,0.043478,inband,corroborated,0.0458,0.0418,persistent
ALZN,2023-10-31,REVERSE_SPLIT,0.0666666666667,yahoo,ex-date-absent,,,
ALZN,2024-07-16,REVERSE_SPLIT,0.1,yahoo,corroborated,0.0954,0.0954,persistent
ALZN,2025-05-12,REVERSE_SPLIT,0.111111,yahoo,corroborated,0.1162,0.1252,persistent
AMBO,2024-02-20,REVERSE_SPLIT,0.1,yahoo,corroborated,0.112,0.1029,persistent
AMBR,2022-11-14,REVERSE_SPLIT,0.1,yahoo,ex-date-absent,,,
AMC,2023-08-24,REVERSE_SPLIT,0.1,yahoo,drifted,0.1208,0.1364,persistent
AMCR,2026-01-15,REVERSE_SPLIT,0.2,yahoo,corroborated,0.1979,0.1997,persistent
AMDD,2026-07-15,REVERSE_SPLIT,0.1,yahoo,corroborated,0.1019,0.0968,persistent
AMDY,2025-12-08,REVERSE_SPLIT,0.2,yahoo,corroborated,0.1989,0.1984,persistent
AMIX,2024-10-25,REVERSE_SPLIT,0.05,yahoo,drifted,0.0602,0.0645,persistent
AMIX,2026-06-24,REVERSE_SPLIT,0.047619,yahoo,corroborated,0.0488,0.0463,persistent
AMOD,2026-06-15,REVERSE_SPLIT,0.025,yahoo,corroborated,0.0255,0.0226,persistent
AMPE,2022-11-10,REVERSE_SPLIT,0.0666666666667,yahoo,ex-date-absent,,,
AMPE,2023-09-12,REVERSE_SPLIT,0.05,yahoo,corroborated,0.0546,0.0526,persistent
AMRK,2022-06-07,FORWARD_SPLIT,2.0,inband,corroborated,1.9768,1.9722,persistent
AMRN,2025-04-11,REVERSE_SPLIT,0.05,yahoo,corroborated,0.0484,0.0502,persistent
AMST,2023-02-22,REVERSE_SPLIT,0.083333,yahoo,not-corroborated,0.0984,0.131,persistent
AMTD,2022-11-22,REVERSE_SPLIT,0.5,yahoo,corroborated,0.505,0.505,persistent
AMTD,2023-11-17,REVERSE_SPLIT,0.333333,yahoo,corroborated,0.3439,0.3457,persistent
AMWL,2024-07-11,REVERSE_SPLIT,0.05,yahoo,corroborated,0.0511,0.0408,persistent
AMZE,2025-06-13,REVERSE_SPLIT,0.043478,yahoo,drifted,0.061,0.061,persistent
AMZE,2026-07-27,REVERSE_SPLIT,0.125,yahoo,not-corroborated,0.2676,0.3355,persistent
AMZN,2022-06-06,FORWARD_SPLIT,20.0,yahoo,corroborated,19.838,19.5919,persistent
ANAB,2026-04-20,FORWARD_SPLIT,1.5,yahoo,corroborated,1.4972,1.3255,persistent
ANET,2021-11-18,FORWARD_SPLIT,4.0,yahoo,corroborated,4.064,3.9858,persistent
ANET,2024-12-04,FORWARD_SPLIT,4.0,yahoo,corroborated,3.92,3.9311,persistent
ANGH,2025-08-04,REVERSE_SPLIT,0.1,yahoo,corroborated,0.0773,0.082,persistent
ANGI,2025-03-24,REVERSE_SPLIT,0.1,yahoo,corroborated,0.0971,0.0944,persistent
ANY,2023-06-29,REVERSE_SPLIT,0.142857,yahoo,corroborated,0.1333,0.1555,persistent
ANY,2026-02-10,REVERSE_SPLIT,0.1,yahoo,corroborated,0.0969,0.1051,persistent
APDN,2024-04-25,REVERSE_SPLIT,0.057143,inband,corroborated,0.0557,0.0563,persistent
APDN,2025-06-02,REVERSE_SPLIT,0.064516,inband,corroborated,0.0637,0.0606,persistent
APG,2025-07-01,FORWARD_SPLIT,1.5,yahoo,corroborated,1.518,1.5428,persistent
APH,2024-06-12,FORWARD_SPLIT,2.0,yahoo,corroborated,1.9833,1.9571,persistent
APH,2026-09-03,FORWARD_SPLIT,2.0,yahoo,ex-date-absent,,,
APLD,2022-04-13,REVERSE_SPLIT,0.166666666667,yahoo,no-prev-bar,,,
APLM,2024-11-25,REVERSE_SPLIT,0.01,yahoo,corroborated,0.011,0.0093,persistent
APLX,2026-03-10,FORWARD_SPLIT,3.0,yahoo,corroborated,2.9745,2.9078,persistent
APLZ,2026-06-03,REVERSE_SPLIT,0.2,yahoo,corroborated,0.1864,0.1775,persistent
APM,2023-01-23,REVERSE_SPLIT,0.111111,inband,corroborated,0.1075,0.1069,persistent
APM,2026-07-20,REVERSE_SPLIT,0.1,yahoo,ex-date-absent,,,
APOP,2021-09-24,REVERSE_SPLIT,0.276923,inband,corroborated,0.2844,0.317,persistent
APPX,2025-10-21,FORWARD_SPLIT,3.0,yahoo,corroborated,3.1429,3.144,persistent
APPX,2026-03-10,REVERSE_SPLIT,0.333333,yahoo,corroborated,0.3405,0.3881,persistent
APRE,2023-02-13,REVERSE_SPLIT,0.05,yahoo,ex-date-absent,,,
APRN,2023-06-08,REVERSE_SPLIT,0.085714,inband,corroborated,0.0932,0.098,persistent
APTO,2023-06-06,REVERSE_SPLIT,0.068966,inband,corroborated,0.0666,0.0681,persistent
APTO,2025-02-26,REVERSE_SPLIT,0.030769,inband,corroborated,0.0325,0.0311,persistent
APUS,2026-07-24,REVERSE_SPLIT,0.1,yahoo,drifted,0.1316,0.1316,persistent
APVO,2024-03-06,REVERSE_SPLIT,0.022727,yahoo,corroborated,0.0225,0.0201,persistent
APVO,2024-12-04,REVERSE_SPLIT,0.027027,yahoo,corroborated,0.0273,0.026,persistent
APVO,2025-05-27,REVERSE_SPLIT,0.05,yahoo,corroborated,0.0543,0.056,persistent
APVO,2025-12-30,REVERSE_SPLIT,0.055556,yahoo,corroborated,0.0545,0.0578,persistent
AQB,2023-10-16,REVERSE_SPLIT,0.05,yahoo,corroborated,0.0545,0.051,persistent
AQMS,2024-11-05,REVERSE_SPLIT,0.05,yahoo,corroborated,0.0531,0.0511,persistent
AQMS,2025-08-04,REVERSE_SPLIT,0.1,yahoo,corroborated,0.0884,0.0866,persistent
ARBB,2025-06-02,REVERSE_SPLIT,0.0666666666667,yahoo,ex-date-absent,,,
ARBK,2025-12-12,REVERSE_SPLIT,0.00463,yahoo,not-corroborated,0.005,0.0201,persistent
ARCX,2025-12-02,REVERSE_SPLIT,0.2,yahoo,corroborated,0.1937,0.1877,persistent
AREB,2022-02-07,REVERSE_SPLIT,0.0125,yahoo,no-prev-bar,,,
AREB,2023-06-27,REVERSE_SPLIT,0.04,yahoo,corroborated,0.0381,0.033,persistent
AREB,2024-10-02,REVERSE_SPLIT,0.111111,yahoo,not-corroborated,0.164,0.2125,persistent
AREB,2025-03-31,REVERSE_SPLIT,0.04,yahoo,drifted,0.0548,0.0571,persistent
AREB,2025-10-03,REVERSE_SPLIT,0.05,yahoo,not-corroborated,0.0592,0.0897,persistent
AREB,2026-02-02,REVERSE_SPLIT,0.05,yahoo,not-corroborated,0.0547,0.1404,persistent
AREB,2026-03-23,REVERSE_SPLIT,0.01,yahoo,ex-date-absent,,,
AREN,2022-02-09,REVERSE_SPLIT,0.0454545454545,yahoo,ex-date-absent,,,
ARKB,2025-06-16,FORWARD_SPLIT,3.0,yahoo,corroborated,2.958,2.9007,persistent
ARMH,2026-07-14,FORWARD_SPLIT,10.0,yahoo,ex-date-absent,,,
ARMK,2023-10-02,FORWARD_SPLIT,1.385,yahoo,corroborated,1.3863,1.3869,persistent
AROW,2022-09-16,FORWARD_SPLIT,1.03,yahoo,corroborated,1.0444,1.0182,persistent
ARQQ,2024-09-25,REVERSE_SPLIT,0.04,yahoo,drifted,0.0451,0.0568,persistent
ARR,2023-10-02,REVERSE_SPLIT,0.2,yahoo,corroborated,0.2009,0.2078,persistent
ARTL,2022-08-10,REVERSE_SPLIT,0.066667,yahoo,corroborated,0.0712,0.0683,persistent
ARTL,2025-06-13,REVERSE_SPLIT,0.166666666667,yahoo,ex-date-absent,,,
ARTL,2026-03-10,REVERSE_SPLIT,0.333333,yahoo,corroborated,0.3108,0.3179,persistent
ARTL,2026-08-31,REVERSE_SPLIT,0.111111,yahoo,corroborated,0.0998,0.1008,persistent
ARVL,2023-04-14,REVERSE_SPLIT,0.02,inband,drifted,0.0227,0.0265,persistent
ARVR,2022-06-23,REVERSE_SPLIT,0.492308,inband,ex-date-absent,,,
ASBP,2026-01-16,REVERSE_SPLIT,0.025,yahoo,corroborated,0.0241,0.0233,persistent
ASBP,2026-05-11,REVERSE_SPLIT,0.028571,inband,corroborated,0.0314,0.0341,persistent
ASLN,2023-03-13,REVERSE_SPLIT,0.22,inband,corroborated,0.224,0.224,persistent
ASLN,2024-07-03,REVERSE_SPLIT,0.133333,inband,corroborated,0.1455,0.1362,persistent
ASMB,2024-02-12,REVERSE_SPLIT,0.083333,yahoo,corroborated,0.0847,0.0784,persistent
ASMH,2026-07-14,FORWARD_SPLIT,10.0,yahoo,drifted,7.8675,7.8675,persistent
ASNS,2023-04-19,REVERSE_SPLIT,0.1,yahoo,corroborated,0.1089,0.104,persistent
ASNS,2025-11-18,REVERSE_SPLIT,0.1,yahoo,corroborated,0.1027,0.1086,persistent
ASPS,2025-05-28,REVERSE_SPLIT,0.125,yahoo,ex-date-absent,,,
ASRT,2025-12-26,REVERSE_SPLIT,0.074074,inband,corroborated,0.069,0.0662,persistent
ASST,2024-07-02,REVERSE_SPLIT,0.2,yahoo,corroborated,0.1988,0.2105,persistent
ASST,2026-02-06,REVERSE_SPLIT,0.05,yahoo,corroborated,0.0483,0.0414,persistent
ASTC,2022-12-05,REVERSE_SPLIT,0.033333,yahoo,corroborated,0.0331,0.0306,persistent
ASTI,2023-09-12,REVERSE_SPLIT,0.005,yahoo,corroborated,0.0043,0.005,persistent
ASTI,2024-08-15,REVERSE_SPLIT,0.01,yahoo,corroborated,0.0122,0.0121,persistent
ASTR,2023-09-14,REVERSE_SPLIT,0.08,inband,corroborated,0.071,0.0777,persistent
ATAX,2022-04-04,REVERSE_SPLIT,0.34375,inband,ex-date-absent,,,
ATCH,2025-01-01,REVERSE_SPLIT,0.0166666666667,yahoo,ex-date-absent,,,
ATCH,2025-01-02,REVERSE_SPLIT,0.016667,yahoo,corroborated,0.014,0.0159,persistent
ATER,2024-03-22,REVERSE_SPLIT,0.083333,yahoo,corroborated,0.0956,0.077,persistent
ATHA,2025-09-18,REVERSE_SPLIT,0.1,inband,ex-date-absent,,,
ATHE,2023-01-09,REVERSE_SPLIT,0.1,yahoo,ex-date-absent,,,
ATHX,2022-08-29,REVERSE_SPLIT,0.0375,inband,corroborated,0.0402,0.0437,persistent
ATIP,2023-06-15,REVERSE_SPLIT,0.025,inband,drifted,0.0232,0.0195,persistent
ATNF,2024-02-28,REVERSE_SPLIT,0.052632,inband,corroborated,0.0565,0.0633,persistent
ATNX,2023-02-15,REVERSE_SPLIT,0.05,inband,corroborated,0.0517,0.0531,persistent
ATOS,2026-02-02,REVERSE_SPLIT,0.066667,yahoo,drifted,0.0768,0.101,persistent
ATPC,2024-08-30,REVERSE_SPLIT,0.05,yahoo,drifted,0.0239,0.0321,persistent
ATPC,2026-02-10,REVERSE_SPLIT,0.02,yahoo,corroborated,0.0188,0.019,persistent
ATRA,2024-06-20,REVERSE_SPLIT,0.04,yahoo,corroborated,0.0408,0.0444,persistent
ATRO,2026-06-15,FORWARD_SPLIT,1.253,yahoo,corroborated,1.2016,1.2679,persistent
ATXG,2023-06-30,REVERSE_SPLIT,0.103448,inband,corroborated,0.1026,0.1005,persistent
ATXG,2026-03-30,REVERSE_SPLIT,0.066667,yahoo,corroborated,0.0719,0.0653,persistent
ATXI,2022-09-23,REVERSE_SPLIT,0.066667,yahoo,drifted,0.0667,0.0969,persistent
ATXI,2024-04-26,REVERSE_SPLIT,0.013333,yahoo,drifted,0.0151,0.0185,persistent
AUC,2025-08-08,REVERSE_SPLIT,0.0555555555556,yahoo,ex-date-absent,,,
AUID,2023-07-10,REVERSE_SPLIT,0.125,yahoo,corroborated,0.1106,0.1173,persistent
AUID,2023-08-21,FORWARD_SPLIT,1.545455,inband,drifted,0.9887,0.9907,bad-open-print
AUMN,2023-06-09,REVERSE_SPLIT,0.04,yahoo,corroborated,0.0441,0.0452,persistent
AURE,2026-02-19,REVERSE_SPLIT,0.1,yahoo,ex-date-absent,,,
AUUD,2024-02-27,REVERSE_SPLIT,0.04,yahoo,corroborated,0.045,0.0494,persistent
AUUD,2025-03-31,REVERSE_SPLIT,0.058824,yahoo,corroborated,0.059,0.059,persistent
AUUD,2026-04-01,REVERSE_SPLIT,0.129,yahoo,corroborated,0.1361,0.1114,persistent
AUVI,2023-05-31,REVERSE_SPLIT,0.2,yahoo,ex-date-absent,,,
AUVI,2023-12-12,REVERSE_SPLIT,0.04,yahoo,corroborated,0.0443,0.0419,persistent
AVB,2026-08-17,FORWARD_SPLIT,2.793,yahoo,ex-date-absent,,,
AVCT,2022-10-03,REVERSE_SPLIT,0.055556,inband,drifted,0.0646,0.0793,persistent
AVGO,2024-07-15,FORWARD_SPLIT,10.0,yahoo,corroborated,9.9721,9.9076,persistent
AVTE,2024-06-17,FORWARD_SPLIT,11.666667,inband,drifted,9.9197,15.061,persistent
AVTX,2022-07-08,REVERSE_SPLIT,0.083333,yahoo,corroborated,0.0846,0.0841,persistent
AVTX,2023-12-29,REVERSE_SPLIT,0.004167,yahoo,drifted,0.0048,0.0055,persistent
AVX,2023-10-11,REVERSE_SPLIT,0.02,yahoo,ex-date-absent,,,
AVX,2024-12-05,REVERSE_SPLIT,0.01,yahoo,ex-date-absent,,,
AVX,2025-07-28,REVERSE_SPLIT,0.111111111111,yahoo,ex-date-absent,,,
AVX,2026-06-15,REVERSE_SPLIT,0.083333,yahoo,corroborated,0.0841,0.0782,persistent
AVXX,2026-03-23,REVERSE_SPLIT,0.333333,yahoo,corroborated,0.3288,0.3027,persistent
AWH,2023-05-12,REVERSE_SPLIT,0.066667,inband,corroborated,0.0801,0.0737,persistent
AWIN,2024-04-02,REVERSE_SPLIT,0.01,yahoo,drifted,0.0128,0.0126,persistent
AWP,2026-02-09,REVERSE_SPLIT,0.333333,yahoo,corroborated,0.3371,0.3322,persistent
AXDX,2023-07-12,REVERSE_SPLIT,0.103448,inband,corroborated,0.0972,0.1081,persistent
AXLA,2023-09-19,REVERSE_SPLIT,0.038462,inband,drifted,0.0416,0.0488,persistent
AXTU,2026-08-24,REVERSE_SPLIT,0.1,yahoo,corroborated,0.1217,0.12,persistent
AYRO,2023-09-18,REVERSE_SPLIT,0.130435,inband,corroborated,0.1494,0.1428,persistent
AYRO,2025-06-26,REVERSE_SPLIT,0.064516,inband,corroborated,0.0577,0.0537,persistent
AYTU,2023-01-06,REVERSE_SPLIT,0.05,yahoo,corroborated,0.0566,0.0561,persistent
AZ,2024-10-08,REVERSE_SPLIT,0.4,yahoo,corroborated,0.4089,0.388,persistent
AZI,2025-12-12,REVERSE_SPLIT,0.02,yahoo,corroborated,0.0174,0.0211,persistent
AZI,2026-03-23,REVERSE_SPLIT,0.1,yahoo,corroborated,0.102,0.1181,persistent
AZIO,2022-06-27,REVERSE_SPLIT,0.05,yahoo,ex-date-absent,,,
AZIO,2025-08-08,REVERSE_SPLIT,0.1,yahoo,ex-date-absent,,,
AZN,2026-02-02,REVERSE_SPLIT,0.5,yahoo,corroborated,0.4949,0.4925,persistent
AZRX,2021-09-13,REVERSE_SPLIT,0.103448,inband,drifted,0.1036,0.1335,persistent
AZTR,2024-07-01,REVERSE_SPLIT,0.033333,yahoo,corroborated,0.0324,0.0349,persistent
AZTR,2025-08-21,REVERSE_SPLIT,0.15,yahoo,corroborated,0.1457,0.1441,persistent
AZUL,2026-06-01,REVERSE_SPLIT,0.035714,inband,ex-date-absent,,,
BACK,2023-09-08,REVERSE_SPLIT,0.033333,yahoo,corroborated,0.0402,0.0401,persistent
BAIG,2026-05-05,REVERSE_SPLIT,0.1,yahoo,corroborated,0.0986,0.111,persistent
BANL,2026-07-20,REVERSE_SPLIT,0.076923,yahoo,corroborated,0.0856,0.0824,persistent
BAOS,2022-05-25,REVERSE_SPLIT,0.35,inband,corroborated,0.3595,0.3595,persistent
BAOS,2023-03-22,REVERSE_SPLIT,0.166667,yahoo,drifted,0.1949,0.232,persistent
BARK,2026-04-01,REVERSE_SPLIT,0.05,yahoo,corroborated,0.0493,0.0483,persistent
BBGI,2024-09-24,REVERSE_SPLIT,0.05,yahoo,ex-date-absent,,,
BBIG,2023-05-11,REVERSE_SPLIT,0.05,yahoo,corroborated,0.0551,0.0605,persistent
BBLG,2023-06-07,REVERSE_SPLIT,0.033333,yahoo,corroborated,0.0307,0.0354,persistent
BBLG,2023-12-20,REVERSE_SPLIT,0.125,yahoo,ex-date-absent,,,
BBLG,2025-06-10,REVERSE_SPLIT,0.166667,yahoo,corroborated,0.1425,0.1425,persistent
BBLN,2022-12-16,REVERSE_SPLIT,0.04,inband,corroborated,0.046,0.0403,persistent
BBSI,2024-06-24,FORWARD_SPLIT,4.0,yahoo,corroborated,3.9988,4.0274,persistent
BBU,2022-03-15,FORWARD_SPLIT,1.4375,inband,corroborated,1.4319,1.4979,persistent
BCAB,2026-04-06,REVERSE_SPLIT,0.02,yahoo,corroborated,0.0215,0.0237,persistent
BCAN,2024-08-26,REVERSE_SPLIT,0.061538,inband,corroborated,0.0612,0.0584,persistent
BCDA,2024-05-30,REVERSE_SPLIT,0.066667,yahoo,corroborated,0.0666,0.0666,persistent
BCHT,2025-12-31,REVERSE_SPLIT,0.2,yahoo,ex-date-absent,,,
BCLI,2024-10-01,REVERSE_SPLIT,0.066667,yahoo,corroborated,0.0706,0.0736,persistent
BCTX,2025-08-25,REVERSE_SPLIT,0.1,yahoo,corroborated,0.1131,0.0907,persistent
BDRX,2022-09-26,REVERSE_SPLIT,0.2,yahoo,ex-date-absent,,,
BDRX,2023-03-27,REVERSE_SPLIT,0.25,yahoo,no-prev-bar,,,
BDRX,2023-07-05,REVERSE_SPLIT,0.0125,yahoo,corroborated,0.0129,0.0139,persistent
BDRX,2024-10-04,REVERSE_SPLIT,0.04,yahoo,corroborated,0.041,0.045,persistent
BDRX,2025-07-31,REVERSE_SPLIT,0.1,yahoo,corroborated,0.1102,0.1098,persistent
BDRX,2026-04-06,REVERSE_SPLIT,0.2,yahoo,corroborated,0.146,0.2426,persistent
BDSX,2025-09-15,REVERSE_SPLIT,0.05,yahoo,corroborated,0.051,0.0502,persistent
BDX,2022-04-01,FORWARD_SPLIT,1.025,yahoo,corroborated,1.0234,1.0133,persistent
BDX,2026-02-10,FORWARD_SPLIT,1.272,yahoo,corroborated,1.2493,1.208,persistent
BENF,2024-04-18,REVERSE_SPLIT,0.0125,yahoo,drifted,0.0166,0.0157,persistent
BENF,2025-12-15,REVERSE_SPLIT,0.125,yahoo,corroborated,0.1201,0.1502,persistent
BERZ,2024-03-25,REVERSE_SPLIT,0.1,yahoo,corroborated,0.0979,0.1011,persistent
BERZ,2026-02-24,REVERSE_SPLIT,0.05,yahoo,corroborated,0.0523,0.0534,persistent
BESS,2025-02-03,REVERSE_SPLIT,0.00714285714286,yahoo,ex-date-absent,,,
BEST,2022-05-20,REVERSE_SPLIT,0.2375,inband,corroborated,0.1958,0.2593,persistent
BEST,2023-04-04,REVERSE_SPLIT,0.25,inband,corroborated,0.2687,0.2718,persistent
BETR,2024-08-19,REVERSE_SPLIT,0.02,yahoo,corroborated,0.021,0.0208,persistent
BEZ,2026-06-03,REVERSE_SPLIT,0.1,yahoo,corroborated,0.0933,0.09,persistent
BFH,2021-11-08,FORWARD_SPLIT,1.253,yahoo,ex-date-absent,,,
BFOR,2026-07-01,FORWARD_SPLIT,4.0,yahoo,ex-date-absent,,,
BFRI,2023-07-05,REVERSE_SPLIT,0.05,yahoo,corroborated,0.0564,0.0557,persistent
BGDE,2023-02-09,REVERSE_SPLIT,0.166666666667,yahoo,ex-date-absent,,,
BGDE,2025-11-21,REVERSE_SPLIT,0.05,yahoo,ex-date-absent,,,
BGLC,2025-04-07,REVERSE_SPLIT,0.1,yahoo,ex-date-absent,,,
BGM,2024-06-21,REVERSE_SPLIT,0.2,yahoo,ex-date-absent,,,
BGMS,2023-12-18,REVERSE_SPLIT,0.0666666666667,yahoo,ex-date-absent,,,
BGMS,2025-05-12,REVERSE_SPLIT,0.0625,yahoo,ex-date-absent,,,
BGMS,2025-07-07,REVERSE_SPLIT,0.0666666666667,yahoo,ex-date-absent,,,
BHAT,2022-05-27,REVERSE_SPLIT,0.109375,inband,corroborated,0.0746,0.0955,persistent
BHG,2023-05-22,REVERSE_SPLIT,0.0125,inband,corroborated,0.0154,0.0138,persistent
BHIL,2024-07-19,REVERSE_SPLIT,0.03,inband,corroborated,0.0307,0.0272,persistent
BHP,2022-06-02,FORWARD_SPLIT,1.121,yahoo,corroborated,1.0783,1.0617,persistent
BHRB,2022-11-15,FORWARD_SPLIT,40.0,yahoo,ex-date-absent,,,
BIAF,2025-09-19,REVERSE_SPLIT,0.033333,yahoo,corroborated,0.0364,0.0345,persistent
BIAF,2026-08-24,REVERSE_SPLIT,0.066667,yahoo,corroborated,0.066,0.0675,persistent
BIMI,2022-02-03,REVERSE_SPLIT,0.2,yahoo,corroborated,0.2223,0.2032,persistent
BIMI,2022-12-12,REVERSE_SPLIT,0.1,yahoo,corroborated,0.1027,0.0956,persistent
BINI,2023-05-04,REVERSE_SPLIT,0.04,yahoo,ex-date-absent,,,
BINI,2023-08-11,REVERSE_SPLIT,0.111111111111,yahoo,ex-date-absent,,,
BINI,2023-12-21,REVERSE_SPLIT,0.01,yahoo,ex-date-absent,,,
BINI,2024-09-17,REVERSE_SPLIT,0.01,yahoo,ex-date-absent,,,
BINI,2025-02-18,REVERSE_SPLIT,0.0166666666667,yahoo,ex-date-absent,,,
BINI,2025-04-11,REVERSE_SPLIT,0.01,yahoo,ex-date-absent,,,
BINI,2025-06-02,REVERSE_SPLIT,0.01,yahoo,ex-date-absent,,,
BINI,2025-08-04,REVERSE_SPLIT,0.004,yahoo,drifted,0.0054,0.0052,persistent
BINI,2025-09-22,REVERSE_SPLIT,0.004,yahoo,drifted,0.0061,0.0058,persistent
BIOL,2022-04-29,REVERSE_SPLIT,0.052632,inband,corroborated,0.0458,0.0437,persistent
BIOR,2023-01-03,REVERSE_SPLIT,0.041667,inband,drifted,0.0432,0.0582,persistent
BIOR,2024-10-18,REVERSE_SPLIT,0.107692,inband,corroborated,0.1174,0.13,persistent
BIP,2022-06-13,FORWARD_SPLIT,1.5,yahoo,corroborated,1.5297,1.5227,persistent
BIPC,2022-06-13,FORWARD_SPLIT,1.5,yahoo,corroborated,1.5224,1.555,persistent
BIRD,2024-09-05,REVERSE_SPLIT,0.05,yahoo,corroborated,0.0529,0.0582,persistent
BIS,2026-05-28,REVERSE_SPLIT,0.5,yahoo,corroborated,0.5045,0.5082,persistent
BIT,2025-08-19,FORWARD_SPLIT,1.029,yahoo,corroborated,1.0299,1.0455,persistent
BITI,2024-11-07,REVERSE_SPLIT,0.2,yahoo,corroborated,0.1969,0.2014,persistent
BITS,2022-12-20,REVERSE_SPLIT,0.25,yahoo,ex-date-absent,,,
BIVI,2024-08-06,REVERSE_SPLIT,0.1,yahoo,drifted,0.12,0.1342,persistent
BIVI,2025-07-07,REVERSE_SPLIT,0.1,yahoo,corroborated,0.1128,0.1236,persistent
BIYA,2025-12-30,REVERSE_SPLIT,0.04,yahoo,ex-date-absent,,,
BIYA,2026-07-13,REVERSE_SPLIT,0.1,yahoo,corroborated,0.0932,0.1159,persistent
BJDX,2023-07-24,REVERSE_SPLIT,0.05,yahoo,drifted,0.0502,0.0364,persistent
BJDX,2024-06-20,REVERSE_SPLIT,0.125,yahoo,corroborated,0.1205,0.1191,persistent
BJDX,2024-11-18,REVERSE_SPLIT,0.02,yahoo,corroborated,0.0199,0.018,persistent
BJDX,2026-01-29,REVERSE_SPLIT,0.25,yahoo,ex-date-absent,,,
BKCH,2022-12-20,REVERSE_SPLIT,0.25,yahoo,ex-date-absent,,,
BKDT,2024-02-23,REVERSE_SPLIT,0.416667,inband,not-corroborated,0.9783,0.99,bad-open-print
BKEM,2026-07-20,FORWARD_SPLIT,3.0,yahoo,ex-date-absent,,,
BKIE,2026-07-20,FORWARD_SPLIT,3.0,yahoo,corroborated,3.03,3.03,persistent
BKKT,2024-04-29,REVERSE_SPLIT,0.04,yahoo,corroborated,0.043,0.0401,persistent
BKLC,2026-07-20,FORWARD_SPLIT,3.0,yahoo,corroborated,2.9981,3.007,persistent
BKMC,2026-07-20,FORWARD_SPLIT,3.0,yahoo,ex-date-absent,,,
BKNG,2026-04-06,FORWARD_SPLIT,25.0,yahoo,corroborated,25.056,23.7683,persistent
BKSE,2026-07-20,FORWARD_SPLIT,3.0,yahoo,ex-date-absent,,,
BKSY,2024-09-09,REVERSE_SPLIT,0.125,yahoo,corroborated,0.1246,0.1101,persistent
BKT,2022-10-18,REVERSE_SPLIT,0.333333,yahoo,corroborated,0.3317,0.3317,persistent
BKT,2025-09-29,FORWARD_SPLIT,1.008,yahoo,corroborated,1.009,1.0072,persistent
BKTI,2023-04-24,REVERSE_SPLIT,0.2,yahoo,corroborated,0.2048,0.197,persistent
BKYI,2023-12-21,REVERSE_SPLIT,0.055556,yahoo,corroborated,0.0565,0.0526,persistent
BKYI,2026-04-30,REVERSE_SPLIT,0.1,yahoo,corroborated,0.0982,0.0988,persistent
BKYI,2026-07-08,REVERSE_SPLIT,0.48,inband,ex-date-absent,,,
BLNE,2023-05-15,REVERSE_SPLIT,0.05,yahoo,ex-date-absent,,,
BLNE,2025-03-12,REVERSE_SPLIT,0.1,yahoo,ex-date-absent,,,
BLPH,2023-06-05,FORWARD_SPLIT,5.0,inband,drifted,3.6075,7.4922,persistent
BLRX,2025-01-30,REVERSE_SPLIT,0.025,yahoo,corroborated,0.0264,0.0301,persistent
BLUE,2024-12-13,REVERSE_SPLIT,0.047619,inband,drifted,0.0545,0.0605,persistent
BMGL,2026-06-22,REVERSE_SPLIT,0.0833333333333,yahoo,ex-date-absent,,,
BMNG,2026-05-05,REVERSE_SPLIT,0.05,yahoo,corroborated,0.0475,0.0494,persistent
BMNU,2026-07-13,REVERSE_SPLIT,0.1,yahoo,corroborated,0.103,0.1054,persistent
BMRA,2025-04-21,REVERSE_SPLIT,0.125,yahoo,corroborated,0.125,0.1391,persistent
BMVP,2023-07-17,FORWARD_SPLIT,3.0,yahoo,ex-date-absent,,,
BN,2022-12-12,FORWARD_SPLIT,1.237,yahoo,no-prev-bar,,,
BN,2025-10-10,FORWARD_SPLIT,1.5,yahoo,corroborated,1.4862,1.5684,persistent
BNAI,2025-12-12,REVERSE_SPLIT,0.1,yahoo,corroborated,0.1065,0.1119,persistent
BNBX,2024-04-25,REVERSE_SPLIT,0.05,yahoo,ex-date-absent,,,
BNBX,2025-03-14,REVERSE_SPLIT,0.02,yahoo,ex-date-absent,,,
BNBX,2025-06-02,REVERSE_SPLIT,0.0666666666667,yahoo,ex-date-absent,,,
BNC,2022-02-09,REVERSE_SPLIT,0.00666666666667,yahoo,ex-date-absent,,,
BNC,2024-06-07,REVERSE_SPLIT,0.0833333333333,yahoo,ex-date-absent,,,
BNDD,2025-09-05,REVERSE_SPLIT,0.125,yahoo,ex-date-absent,,,
BNDD,2025-09-12,REVERSE_SPLIT,0.12,inband,ex-date-absent,,,
BNED,2024-06-12,REVERSE_SPLIT,0.01,yahoo,drifted,0.0135,0.0136,persistent
BNGO,2023-08-07,REVERSE_SPLIT,0.1,yahoo,corroborated,0.1009,0.1037,persistent
BNGO,2025-01-27,REVERSE_SPLIT,0.016667,yahoo,drifted,0.0174,0.0209,persistent
BNKD,2024-04-29,REVERSE_SPLIT,0.203125,inband,corroborated,0.2022,0.1981,persistent
BNKD,2026-02-24,REVERSE_SPLIT,0.2,yahoo,ex-date-absent,,,
BNKK,2025-12-11,REVERSE_SPLIT,0.028571,yahoo,drifted,0.0279,0.0359,persistent
BNR,2024-05-15,REVERSE_SPLIT,0.1,yahoo,ex-date-absent,,,
BNRG,2023-12-04,REVERSE_SPLIT,0.109375,inband,corroborated,0.1026,0.1026,persistent
BNRG,2025-06-20,REVERSE_SPLIT,0.192308,inband,corroborated,0.1937,0.1922,persistent
BNRG,2026-08-13,REVERSE_SPLIT,0.166667,yahoo,drifted,0.1444,0.1308,persistent
BNT,2025-10-10,FORWARD_SPLIT,1.5,yahoo,corroborated,1.487,1.5663,persistent
BNTC,2023-07-26,REVERSE_SPLIT,0.058824,yahoo,corroborated,0.0536,0.0579,persistent
BNZI,2025-07-08,REVERSE_SPLIT,0.103448,inband,corroborated,0.1226,0.1268,persistent
BNZI,2026-05-08,REVERSE_SPLIT,0.047619,inband,corroborated,0.0494,0.0525,persistent
BODI,2023-11-22,REVERSE_SPLIT,0.02,yahoo,ex-date-absent,,,
BODY,2023-11-22,REVERSE_SPLIT,0.025,inband,drifted,0.0238,0.0181,persistent
BOIL,2023-06-23,REVERSE_SPLIT,0.05,yahoo,corroborated,0.0491,0.0457,persistent
BOIL,2024-11-07,REVERSE_SPLIT,0.2,yahoo,corroborated,0.2049,0.2074,persistent
BOIL,2026-05-28,REVERSE_SPLIT,0.5,yahoo,corroborated,0.4906,0.4435,persistent
BOLT,2025-06-09,REVERSE_SPLIT,0.05,yahoo,ex-date-absent,,,
BON,2024-04-11,REVERSE_SPLIT,0.1,yahoo,corroborated,0.101,0.1017,persistent
BON,2025-05-19,REVERSE_SPLIT,0.04,yahoo,corroborated,0.0416,0.0464,persistent
BORR,2021-12-14,REVERSE_SPLIT,0.5,yahoo,corroborated,0.5263,0.5229,persistent
BOXL,2023-06-15,REVERSE_SPLIT,0.125,yahoo,corroborated,0.1287,0.1431,persistent
BOXL,2025-02-18,REVERSE_SPLIT,0.2,yahoo,corroborated,0.1935,0.206,persistent
BOXL,2025-12-23,REVERSE_SPLIT,0.166667,yahoo,drifted,0.1902,0.2109,persistent
BOXL,2026-06-22,REVERSE_SPLIT,0.166667,yahoo,corroborated,0.1564,0.174,persistent
BPTH,2024-02-23,REVERSE_SPLIT,0.05,yahoo,corroborated,0.0602,0.0602,persistent
BPTS,2023-03-30,REVERSE_SPLIT,0.123077,inband,drifted,0.0963,0.0963,persistent
BQ,2023-08-21,REVERSE_SPLIT,0.26087,inband,corroborated,0.2706,0.308,persistent
BQ,2025-01-21,REVERSE_SPLIT,0.1,yahoo,corroborated,0.1107,0.1076,persistent
BRAI,2026-04-29,FORWARD_SPLIT,3.0,yahoo,corroborated,3.4581,3.5055,persistent
BRCC,2026-08-24,REVERSE_SPLIT,0.1,yahoo,corroborated,0.0956,0.0943,persistent
BRDS,2023-05-19,REVERSE_SPLIT,0.035714,inband,drifted,0.0393,0.0467,persistent
BREA,2025-06-26,REVERSE_SPLIT,0.103448,inband,ex-date-absent,,,
BRFH,2021-12-29,REVERSE_SPLIT,0.0769230769231,yahoo,ex-date-absent,,,
BRKL,2026-07-09,REVERSE_SPLIT,0.46,inband,ex-date-absent,,,
BRNS,2024-04-19,REVERSE_SPLIT,0.619048,inband,ex-date-absent,,,
BRNX,2023-12-04,REVERSE_SPLIT,0.1,yahoo,ex-date-absent,,,
BRNX,2025-06-20,REVERSE_SPLIT,0.2,yahoo,ex-date-absent,,,
BRNX,2026-01-26,REVERSE_SPLIT,0.142857142857,yahoo,ex-date-absent,,,
BRNX,2026-04-15,REVERSE_SPLIT,0.2,yahoo,ex-date-absent,,,
BRNX,2026-08-13,REVERSE_SPLIT,0.166666666667,yahoo,ex-date-absent,,,
BRQS,2022-06-27,REVERSE_SPLIT,0.083333,inband,corroborated,0.0774,0.0844,persistent
BRSH,2023-08-01,REVERSE_SPLIT,0.043478,inband,corroborated,0.042,0.0503,persistent
BRTX,2021-10-27,REVERSE_SPLIT,0.00025,yahoo,ex-date-absent,,,
BRW,2022-05-20,REVERSE_SPLIT,0.5,yahoo,corroborated,0.5055,0.5018,persistent
BSCL,2026-06-05,REVERSE_SPLIT,0.002,yahoo,ex-date-absent,,,
BSFC,2023-06-21,REVERSE_SPLIT,0.05,yahoo,corroborated,0.0429,0.0462,persistent
BSFC,2024-05-20,REVERSE_SPLIT,0.02,yahoo,corroborated,0.0199,0.0237,persistent
BSGM,2024-02-02,REVERSE_SPLIT,0.105263,inband,corroborated,0.1133,0.1116,persistent
BSLK,2025-04-22,REVERSE_SPLIT,0.05,yahoo,corroborated,0.0457,0.0499,persistent
BTAI,2025-02-10,REVERSE_SPLIT,0.0625,yahoo,corroborated,0.0579,0.053,persistent
BTB,2022-12-15,REVERSE_SPLIT,0.071429,inband,corroborated,0.0645,0.0573,persistent
BTC,2024-11-20,REVERSE_SPLIT,0.2,yahoo,corroborated,0.196,0.1964,persistent
BTCM,2022-12-23,REVERSE_SPLIT,0.103448,inband,corroborated,0.1063,0.1209,persistent
BTCT,2023-08-24,REVERSE_SPLIT,0.05,yahoo,ex-date-absent,,,
BTCY,2023-07-03,REVERSE_SPLIT,0.166667,yahoo,corroborated,0.1837,0.1927,persistent
BTF,2026-01-26,REVERSE_SPLIT,0.2,yahoo,corroborated,0.2065,0.2052,persistent
BTFL,2026-03-20,REVERSE_SPLIT,0.521739,inband,corroborated,0.493,0.493,persistent
BTM,2026-02-23,REVERSE_SPLIT,0.15,inband,corroborated,0.1446,0.1541,persistent
BTOG,2023-05-30,REVERSE_SPLIT,0.033333,yahoo,corroborated,0.0361,0.0393,persistent
BTOG,2026-01-20,REVERSE_SPLIT,0.016667,yahoo,corroborated,0.018,0.019,persistent
BTOG,2026-08-21,REVERSE_SPLIT,0.2,yahoo,corroborated,0.1961,0.1998,persistent
BTTR,2024-03-21,REVERSE_SPLIT,0.032258,inband,drifted,0.0267,0.023,persistent
BTX,2025-02-20,REVERSE_SPLIT,0.030769,inband,drifted,0.0236,0.0243,persistent
BULG,2026-04-24,REVERSE_SPLIT,0.05,yahoo,ex-date-absent,,,
BULZ,2022-10-31,REVERSE_SPLIT,0.1,yahoo,corroborated,0.1019,0.1053,persistent
BULZ,2026-02-24,FORWARD_SPLIT,10.0,yahoo,corroborated,9.8467,9.4051,persistent
BURU,2024-07-24,REVERSE_SPLIT,0.025,yahoo,ex-date-absent,,,
BURU,2026-03-02,REVERSE_SPLIT,0.200401,yahoo,not-corroborated,0.2117,0.344,persistent
BURU,2026-09-02,REVERSE_SPLIT,0.025,yahoo,ex-date-absent,,,
BVC,2026-01-05,REVERSE_SPLIT,0.1,inband,corroborated,0.0678,0.0939,persistent
BVXV,2022-11-25,REVERSE_SPLIT,0.111111,inband,corroborated,0.112,0.112,persistent
BWA,2023-07-05,FORWARD_SPLIT,1.136,yahoo,corroborated,1.1251,1.1561,persistent
BWAY,2026-03-04,FORWARD_SPLIT,2.0,yahoo,corroborated,1.9288,1.8458,persistent
BWET,2024-09-23,REVERSE_SPLIT,0.481481,inband,ex-date-absent,,,
BXRX,2022-02-16,REVERSE_SPLIT,0.04,inband,corroborated,0.0382,0.0404,persistent
BXRX,2022-12-01,REVERSE_SPLIT,0.02,inband,not-corroborated,0.0268,0.032,persistent
BYAH,2026-02-20,REVERSE_SPLIT,0.02,yahoo,corroborated,0.0226,0.0225,persistent
BYAH,2026-08-06,REVERSE_SPLIT,0.125,yahoo,corroborated,0.0921,0.1016,persistent
BYFC,2023-11-01,REVERSE_SPLIT,0.125,yahoo,corroborated,0.1397,0.1397,persistent
BYND,2026-08-14,REVERSE_SPLIT,0.033333,yahoo,corroborated,0.0338,0.0309,persistent
BZFD,2024-05-06,REVERSE_SPLIT,0.25,yahoo,corroborated,0.2378,0.2466,persistent
BZQ,2022-05-27,REVERSE_SPLIT,0.5,yahoo,corroborated,0.5215,0.527,persistent
BZQ,2025-11-20,REVERSE_SPLIT,0.5,yahoo,corroborated,0.5045,0.4802,persistent
BZQ,2026-05-28,REVERSE_SPLIT,0.5,yahoo,ex-date-absent,,,
CALA,2022-06-15,REVERSE_SPLIT,0.05,yahoo,corroborated,0.0541,0.0506,persistent
CALC,2026-08-31,REVERSE_SPLIT,0.2,yahoo,corroborated,0.2089,0.2108,persistent
CAMP,2024-02-02,REVERSE_SPLIT,0.05,inband,corroborated,0.0502,0.0515,persistent
CAMP,2024-10-11,REVERSE_SPLIT,0.03125,inband,corroborated,0.0372,0.039,persistent
CANF,2023-01-09,REVERSE_SPLIT,0.1,yahoo,ex-date-absent,,,
CANF,2026-01-05,REVERSE_SPLIT,0.05,yahoo,corroborated,0.0491,0.0505,persistent
CANG,2025-11-17,FORWARD_SPLIT,2.0,yahoo,corroborated,1.7543,1.8834,persistent
CANG,2026-07-21,REVERSE_SPLIT,0.1,yahoo,corroborated,0.097,0.1014,persistent
CANO,2023-11-03,REVERSE_SPLIT,0.0125,inband,corroborated,0.0113,0.011,persistent
CAOS,2023-03-23,REVERSE_SPLIT,0.125,yahoo,ex-date-absent,,,
CARD,2024-03-27,FORWARD_SPLIT,1.684211,inband,ex-date-absent,,,
CAS,2025-01-22,REVERSE_SPLIT,0.392857,inband,ex-date-absent,,,
CASI,2022-06-02,REVERSE_SPLIT,0.1,inband,corroborated,0.1162,0.1075,persistent
CATX,2024-06-17,REVERSE_SPLIT,0.1,yahoo,corroborated,0.1033,0.1045,persistent
CBIO,2025-06-16,REVERSE_SPLIT,0.01,yahoo,not-corroborated,0.028,0.0355,persistent
CBSH,2021-12-01,FORWARD_SPLIT,1.05,yahoo,corroborated,1.0431,1.0681,persistent
CBSH,2024-12-03,FORWARD_SPLIT,1.05,yahoo,corroborated,1.0498,1.064,persistent
CBSH,2025-12-02,FORWARD_SPLIT,1.05,yahoo,corroborated,1.0501,1.0765,persistent
CBUS,2023-04-25,REVERSE_SPLIT,0.1,yahoo,ex-date-absent,,,
CBUS,2023-06-01,REVERSE_SPLIT,0.2,yahoo,ex-date-absent,,,
CCG,2026-07-20,REVERSE_SPLIT,0.028571,inband,ex-date-absent,,,
CCHH,2026-07-13,REVERSE_SPLIT,0.1,yahoo,corroborated,0.0945,0.1104,persistent
CCM,2024-07-30,REVERSE_SPLIT,0.1,yahoo,corroborated,0.0914,0.1032,persistent
CCNC,2022-11-09,REVERSE_SPLIT,0.035714,inband,corroborated,0.0445,0.0445,persistent
CCTG,2026-01-23,REVERSE_SPLIT,0.1,yahoo,corroborated,0.0889,0.0923,persistent
CCUP,2026-08-24,REVERSE_SPLIT,0.1,yahoo,corroborated,0.0993,0.1005,persistent
CD,2023-02-28,REVERSE_SPLIT,0.9,yahoo,corroborated,1.0021,1.0465,persistent
CDIO,2025-05-13,REVERSE_SPLIT,0.033333,yahoo,corroborated,0.0321,0.0302,persistent
CDLX,2026-06-08,REVERSE_SPLIT,0.1,yahoo,corroborated,0.1068,0.1129,persistent
CDT,2025-01-27,REVERSE_SPLIT,0.01,yahoo,drifted,0.0118,0.0131,persistent
CDT,2025-05-20,REVERSE_SPLIT,0.066667,yahoo,corroborated,0.0642,0.0632,persistent
CDT,2025-10-13,REVERSE_SPLIT,0.125,yahoo,corroborated,0.1245,0.1239,persistent
CDT,2026-03-27,REVERSE_SPLIT,0.04,yahoo,corroborated,0.046,0.042,persistent
CDT,2026-07-20,REVERSE_SPLIT,0.1,yahoo,corroborated,0.0962,0.0856,persistent
CDTG,2026-06-01,REVERSE_SPLIT,0.04,yahoo,ex-date-absent,,,
CEAD,2024-06-07,REVERSE_SPLIT,0.0875,inband,corroborated,0.1005,0.1062,persistent
CELH,2023-11-15,FORWARD_SPLIT,3.0,yahoo,corroborated,2.9744,3.0425,persistent
CELU,2024-02-29,REVERSE_SPLIT,0.1,yahoo,corroborated,0.106,0.1082,persistent
CELZ,2021-11-10,REVERSE_SPLIT,0.002,yahoo,ex-date-absent,,,
CELZ,2023-06-12,REVERSE_SPLIT,0.1,yahoo,corroborated,0.0924,0.0888,persistent
CENN,2021-12-22,REVERSE_SPLIT,0.0666666666667,yahoo,ex-date-absent,,,
CENN,2023-12-01,REVERSE_SPLIT,0.1,yahoo,not-corroborated,1.0135,0.9741,bad-open-print
CENN,2023-12-08,REVERSE_SPLIT,0.1,yahoo,corroborated,0.1153,0.1161,persistent
CENN,2026-04-13,REVERSE_SPLIT,0.016667,yahoo,corroborated,0.0195,0.0189,persistent
CENT,2024-02-09,FORWARD_SPLIT,1.277,yahoo,corroborated,1.1521,1.2015,persistent
CENTA,2024-02-09,FORWARD_SPLIT,1.25,yahoo,corroborated,1.1346,1.205,persistent
CERO,2025-01-08,REVERSE_SPLIT,0.01,yahoo,drifted,0.0119,0.0141,persistent
CERO,2025-06-13,REVERSE_SPLIT,0.05,yahoo,corroborated,0.0567,0.0526,persistent
CETX,2023-01-25,REVERSE_SPLIT,0.028571,yahoo,corroborated,0.0276,0.0264,persistent
CETX,2024-10-03,REVERSE_SPLIT,0.016667,yahoo,not-corroborated,0.0347,0.0353,persistent
CETX,2024-11-26,REVERSE_SPLIT,0.028571,yahoo,corroborated,0.0354,0.0345,persistent
CETX,2025-09-29,REVERSE_SPLIT,0.066667,yahoo,corroborated,0.0661,0.0734,persistent
CETX,2026-06-05,REVERSE_SPLIT,0.1,yahoo,corroborated,0.079,0.1004,persistent
CETXP,2021-09-29,FORWARD_SPLIT,1.05,yahoo,ex-date-absent,,,
CETXP,2022-03-30,FORWARD_SPLIT,1.05,yahoo,ex-date-absent,,,
CETXP,2022-09-29,FORWARD_SPLIT,1.05,yahoo,ex-date-absent,,,
CETXP,2023-03-30,FORWARD_SPLIT,1.05,yahoo,drifted,0.75,0.75,persistent
CETXP,2024-03-27,FORWARD_SPLIT,1.05,yahoo,ex-date-absent,,,
CETXP,2025-03-31,FORWARD_SPLIT,1.05,yahoo,ex-date-absent,,,
CETXP,2025-09-30,FORWARD_SPLIT,1.05,yahoo,ex-date-absent,,,
CETXP,2026-03-31,FORWARD_SPLIT,1.05,yahoo,ex-date-absent,,,
CETY,2025-10-06,REVERSE_SPLIT,0.066667,yahoo,corroborated,0.072,0.0704,persistent
CGC,2023-12-20,REVERSE_SPLIT,0.1,yahoo,corroborated,0.1054,0.1083,persistent
CGTL,2026-07-07,REVERSE_SPLIT,0.066667,yahoo,corroborated,0.0732,0.0687,persistent
CHAI,2023-08-09,REVERSE_SPLIT,0.01,yahoo,ex-date-absent,,,
CHAI,2023-12-04,REVERSE_SPLIT,0.142857142857,yahoo,ex-date-absent,,,
CHAI,2024-08-02,REVERSE_SPLIT,0.0555555555556,yahoo,ex-date-absent,,,
CHAI,2024-12-27,REVERSE_SPLIT,0.1,yahoo,ex-date-absent,,,
CHAI,2025-10-07,REVERSE_SPLIT,0.25,yahoo,not-corroborated,2.2002,3.2012,persistent
CHDN,2023-05-22,FORWARD_SPLIT,2.0,yahoo,corroborated,1.9965,2.0297,persistent
CHGA,2023-01-05,REVERSE_SPLIT,0.1,yahoo,ex-date-absent,,,
CHGA,2024-10-28,REVERSE_SPLIT,0.0666666666667,yahoo,ex-date-absent,,,
CHGA,2026-08-31,REVERSE_SPLIT,0.05,yahoo,corroborated,0.0514,0.0509,persistent
CHGX,2025-04-07,FORWARD_SPLIT,1.5555,yahoo,corroborated,1.5396,1.6355,persistent
CHIR,2022-12-20,REVERSE_SPLIT,0.314286,inband,ex-date-absent,,,
CHNR,2023-04-03,REVERSE_SPLIT,0.2,yahoo,corroborated,0.2576,0.2156,persistent
CHNR,2025-06-13,REVERSE_SPLIT,0.125,yahoo,corroborated,0.1408,0.1408,persistent
CHPT,2025-07-28,REVERSE_SPLIT,0.05,yahoo,corroborated,0.0643,0.0616,persistent
CHR,2023-11-27,REVERSE_SPLIT,0.1,yahoo,corroborated,0.1076,0.1049,persistent
CHR,2025-12-23,REVERSE_SPLIT,0.02,yahoo,corroborated,0.0143,0.0227,persistent
CHR,2026-04-07,REVERSE_SPLIT,0.333333333333,yahoo,ex-date-absent,,,
CHRN,2025-06-02,REVERSE_SPLIT,0.0666666666667,yahoo,ex-date-absent,,,
CHSN,2025-08-18,REVERSE_SPLIT,0.0125,yahoo,corroborated,0.0133,0.0122,persistent
CHSN,2026-05-07,REVERSE_SPLIT,0.01,yahoo,corroborated,0.0095,0.0084,persistent
CIEX,2026-08-04,REVERSE_SPLIT,0.636364,inband,drifted,0.7986,0.7986,persistent
CIG,2024-05-24,FORWARD_SPLIT,1.3,yahoo,corroborated,1.28,1.2995,persistent
CIGL,2026-07-21,FORWARD_SPLIT,3.684211,inband,corroborated,3.6442,3.6442,persistent
CIIT,2026-03-20,REVERSE_SPLIT,0.142857,yahoo,corroborated,0.1371,0.15,persistent
CIIT,2026-07-20,REVERSE_SPLIT,0.1,yahoo,corroborated,0.0955,0.0849,persistent
CIM,2024-05-22,REVERSE_SPLIT,0.333333,yahoo,corroborated,0.3443,0.3359,persistent
CING,2023-11-30,REVERSE_SPLIT,0.05,yahoo,corroborated,0.0478,0.06,persistent
CING,2024-08-09,REVERSE_SPLIT,0.083333,yahoo,drifted,0.1118,0.1086,persistent
CIRC,2023-08-31,REVERSE_SPLIT,0.025,yahoo,ex-date-absent,,,
CIRC,2026-07-02,FORWARD_SPLIT,50.0,inband,no-prev-bar,,,
CISO,2024-03-08,REVERSE_SPLIT,0.066667,yahoo,corroborated,0.071,0.0744,persistent
CISS,2024-04-12,REVERSE_SPLIT,0.01,yahoo,drifted,0.014,0.0152,persistent
CISS,2025-01-02,REVERSE_SPLIT,0.4,yahoo,corroborated,0.378,0.378,persistent
CISS,2025-04-04,REVERSE_SPLIT,0.166667,yahoo,drifted,0.1444,0.1332,persistent
CISS,2026-01-26,REVERSE_SPLIT,0.05,yahoo,corroborated,0.0416,0.042,persistent
CISS,2026-04-27,REVERSE_SPLIT,0.142857,yahoo,corroborated,0.134,0.1235,persistent
CISS,2026-08-19,REVERSE_SPLIT,0.025,yahoo,corroborated,0.0231,0.0214,persistent
CJET,2024-07-08,REVERSE_SPLIT,0.04,inband,corroborated,0.0412,0.049,persistent
CJJD,2024-03-01,REVERSE_SPLIT,0.061538,inband,corroborated,0.0536,0.0582,persistent
CKPT,2022-12-06,REVERSE_SPLIT,0.1,inband,drifted,0.1286,0.125,persistent
CLBK,2026-07-21,FORWARD_SPLIT,2.2,yahoo,corroborated,2.2772,2.2164,persistent
CLDI,2024-07-15,REVERSE_SPLIT,0.1,yahoo,corroborated,0.1049,0.0921,persistent
CLDI,2025-08-05,REVERSE_SPLIT,0.083333,yahoo,corroborated,0.108,0.0889,persistent
CLDI,2026-07-31,REVERSE_SPLIT,0.0625,yahoo,corroborated,0.0592,0.0567,persistent
CLEU,2024-01-19,REVERSE_SPLIT,0.090909,inband,corroborated,0.0737,0.073,persistent
CLGN,2026-09-04,REVERSE_SPLIT,0.1,yahoo,ex-date-absent,,,
CLIK,2025-10-10,REVERSE_SPLIT,0.033333,yahoo,corroborated,0.035,0.035,persistent
CLIM,2026-03-13,REVERSE_SPLIT,0.40625,inband,ex-date-absent,,,
CLIP,2024-06-17,REVERSE_SPLIT,0.25,yahoo,corroborated,0.25,0.25,persistent
CLIR,2026-03-16,REVERSE_SPLIT,0.1,yahoo,ex-date-absent,,,
CLMB,2026-03-23,FORWARD_SPLIT,4.0,yahoo,corroborated,3.8213,3.8974,persistent
CLNN,2024-07-11,REVERSE_SPLIT,0.05,yahoo,corroborated,0.05,0.0554,persistent
CLRB,2022-07-22,REVERSE_SPLIT,0.1,yahoo,corroborated,0.1214,0.12,persistent
CLRB,2025-06-24,REVERSE_SPLIT,0.033333,yahoo,corroborated,0.0343,0.0311,persistent
CLRO,2025-06-10,REVERSE_SPLIT,0.066667,yahoo,corroborated,0.0785,0.0785,persistent
CLSD,2025-09-15,REVERSE_SPLIT,0.107692,inband,drifted,0.0828,0.0828,persistent
CLSM,2025-10-27,FORWARD_SPLIT,8.0,yahoo,not-corroborated,0.9962,0.9962,bad-open-print
CLSN,2022-03-01,REVERSE_SPLIT,0.074074,inband,corroborated,0.0716,0.0695,persistent
CLVR,2023-08-25,REVERSE_SPLIT,0.033333,yahoo,corroborated,0.0379,0.0379,persistent
CLXT,2023-04-25,REVERSE_SPLIT,0.103448,inband,corroborated,0.1151,0.1151,persistent
CM,2022-05-16,FORWARD_SPLIT,2.0,yahoo,corroborated,1.9897,1.9672,persistent
CMAX,2024-02-01,REVERSE_SPLIT,0.038462,inband,drifted,0.0485,0.0547,persistent
CMCM,2022-09-02,REVERSE_SPLIT,0.2,yahoo,corroborated,0.137,0.1811,persistent
CMCSA,2026-01-05,FORWARD_SPLIT,1.067,yahoo,corroborated,1.0641,1.0501,persistent
CMCT,2024-09-25,FORWARD_SPLIT,1.02,yahoo,not-corroborated,1.4885,2.6,persistent
CMCT,2025-01-06,REVERSE_SPLIT,0.092308,inband,corroborated,0.1047,0.106,persistent
CMCT,2025-04-15,REVERSE_SPLIT,0.04,yahoo,ex-date-absent,,,
CMCT,2026-03-26,REVERSE_SPLIT,0.1,yahoo,corroborated,0.0893,0.1049,persistent
CMCT,2026-04-20,REVERSE_SPLIT,0.1,yahoo,corroborated,0.0998,0.0942,persistent
CMG,2024-06-26,FORWARD_SPLIT,50.0,yahoo,corroborated,49.9702,49.8488,persistent
CMMB,2025-08-26,REVERSE_SPLIT,0.25,yahoo,corroborated,0.279,0.2765,persistent
CMND,2023-11-28,REVERSE_SPLIT,0.033333,yahoo,corroborated,0.0313,0.0312,persistent
CMND,2025-12-15,REVERSE_SPLIT,0.025,yahoo,corroborated,0.0223,0.0288,persistent
CMND,2026-05-21,REVERSE_SPLIT,0.1,yahoo,corroborated,0.1026,0.1048,persistent
CNBS,2025-02-21,REVERSE_SPLIT,0.083333,yahoo,corroborated,0.0881,0.0881,persistent
CNET,2023-01-20,REVERSE_SPLIT,0.2,yahoo,corroborated,0.223,0.2459,persistent
CNET,2024-09-30,REVERSE_SPLIT,0.25,yahoo,drifted,0.2397,0.1743,persistent
CNEY,2024-01-19,REVERSE_SPLIT,0.033333,yahoo,corroborated,0.0343,0.0346,persistent
CNEY,2025-05-19,REVERSE_SPLIT,0.04,yahoo,corroborated,0.0417,0.041,persistent
CNF,2023-11-08,REVERSE_SPLIT,0.655172,inband,not-corroborated,1.0087,1.0639,bad-open-print
CNF,2025-09-05,REVERSE_SPLIT,0.1,yahoo,not-corroborated,0.1037,0.0536,persistent
CNQ,2022-08-22,FORWARD_SPLIT,1.021,yahoo,corroborated,1.0267,1.0187,persistent
CNQ,2024-06-11,FORWARD_SPLIT,2.0,yahoo,corroborated,2.0254,1.9947,persistent
CNR,2025-01-15,REVERSE_SPLIT,0.25,inband,corroborated,0.2491,0.242,persistent
CNSP,2022-11-29,REVERSE_SPLIT,0.033333,yahoo,corroborated,0.0404,0.0411,persistent
CNSP,2024-06-05,REVERSE_SPLIT,0.02,yahoo,corroborated,0.0211,0.0241,persistent
CNSP,2025-02-21,REVERSE_SPLIT,0.02,yahoo,corroborated,0.0228,0.023,persistent
CNSP,2025-07-22,REVERSE_SPLIT,0.083333,yahoo,corroborated,0.0777,0.0852,persistent
CNSY,2023-05-01,REVERSE_SPLIT,0.0666666666667,yahoo,ex-date-absent,,,
CNSY,2026-04-02,REVERSE_SPLIT,0.04,yahoo,ex-date-absent,,,
CNTM,2026-04-20,REVERSE_SPLIT,0.03125,yahoo,ex-date-absent,,,
CNTN,2023-11-21,REVERSE_SPLIT,0.04,yahoo,ex-date-absent,,,
CNTN,2024-05-28,REVERSE_SPLIT,0.0666666666667,yahoo,ex-date-absent,,,
CNVS,2023-06-09,REVERSE_SPLIT,0.05,yahoo,corroborated,0.0531,0.0622,persistent
CNXA,2023-09-25,REVERSE_SPLIT,0.028571,inband,corroborated,0.032,0.0346,persistent
COCP,2022-10-11,REVERSE_SPLIT,0.083333,yahoo,corroborated,0.0903,0.0932,persistent
CODX,2026-01-02,REVERSE_SPLIT,0.033333,yahoo,corroborated,0.0306,0.0303,persistent
COE,2022-12-15,REVERSE_SPLIT,0.25,yahoo,corroborated,0.2456,0.271,persistent
COHR,2022-09-08,FORWARD_SPLIT,6.153846,inband,corroborated,6.3433,6.1899,persistent
COIA,2026-05-28,REVERSE_SPLIT,0.5,yahoo,ex-date-absent,,,
COKE,2025-05-27,FORWARD_SPLIT,10.0,yahoo,corroborated,9.9382,10.122,persistent
COMS,2023-02-10,REVERSE_SPLIT,0.01,yahoo,drifted,0.0117,0.0129,persistent
CONI,2025-08-15,REVERSE_SPLIT,0.05,yahoo,corroborated,0.0496,0.0478,persistent
CONY,2025-12-02,REVERSE_SPLIT,0.1,yahoo,corroborated,0.0975,0.0985,persistent
COO,2024-02-20,FORWARD_SPLIT,4.0,yahoo,corroborated,3.9116,3.8834,persistent
COOK,2026-03-18,REVERSE_SPLIT,0.02,yahoo,corroborated,0.0205,0.018,persistent
COOL,2024-03-01,FORWARD_SPLIT,1.52381,inband,ex-date-absent,,,
COYY,2026-06-02,REVERSE_SPLIT,0.166667,yahoo,corroborated,0.1682,0.1685,persistent
CPHC,2024-04-05,FORWARD_SPLIT,1.555556,inband,drifted,0.9797,1.0392,bad-open-print
CPHI,2023-03-06,REVERSE_SPLIT,0.1,yahoo,corroborated,0.0998,0.0998,persistent
CPHI,2024-03-06,REVERSE_SPLIT,0.2,yahoo,corroborated,0.206,0.1906,persistent
CPHI,2025-04-15,REVERSE_SPLIT,0.1,yahoo,ex-date-absent,,,
CPOP,2026-07-13,REVERSE_SPLIT,0.1,yahoo,corroborated,0.0919,0.1241,persistent
CPRT,2022-11-04,FORWARD_SPLIT,2.0,yahoo,corroborated,1.9756,1.9798,persistent
CPRT,2023-08-22,FORWARD_SPLIT,2.0,yahoo,corroborated,2.0044,1.9852,persistent
CPSR,2025-03-03,REVERSE_SPLIT,0.325,inband,corroborated,0.3087,0.3092,persistent
CPTN,2023-09-22,REVERSE_SPLIT,0.103448,inband,corroborated,0.1079,0.0966,persistent
CRBP,2023-02-14,REVERSE_SPLIT,0.033333,yahoo,drifted,0.0386,0.042,persistent
CRCA,2026-02-26,REVERSE_SPLIT,0.1,yahoo,corroborated,0.1036,0.0913,persistent
CRCG,2026-05-05,REVERSE_SPLIT,0.1,yahoo,corroborated,0.0949,0.1096,persistent
CRDU,2026-03-10,REVERSE_SPLIT,0.333333,yahoo,corroborated,0.3388,0.341,persistent
CRDU,2026-07-21,FORWARD_SPLIT,4.0,yahoo,corroborated,3.6367,3.7396,persistent
CRE,2026-02-13,REVERSE_SPLIT,0.083333,yahoo,corroborated,0.0918,0.0805,persistent
CREG,2025-07-18,REVERSE_SPLIT,0.1,yahoo,corroborated,0.0926,0.087,persistent
CREG,2026-06-16,REVERSE_SPLIT,0.1,yahoo,corroborated,0.0949,0.0935,persistent
CRESY,2023-05-10,FORWARD_SPLIT,1.022,yahoo,corroborated,1.0405,1.0353,persistent
CRESY,2025-11-28,FORWARD_SPLIT,1.025,yahoo,corroborated,1.0333,1.0394,persistent
CREX,2023-03-27,REVERSE_SPLIT,0.333333333333,yahoo,ex-date-absent,,,
CRIS,2023-09-29,REVERSE_SPLIT,0.052632,inband,corroborated,0.064,0.058,persistent
CRIS,2026-07-06,REVERSE_SPLIT,0.05,yahoo,corroborated,0.0549,0.0584,persistent
CRKN,2023-08-15,REVERSE_SPLIT,0.016667,yahoo,corroborated,0.019,0.0198,persistent
CRKN,2024-06-25,REVERSE_SPLIT,0.006667,yahoo,drifted,0.0081,0.0094,persistent
CRKN,2025-01-30,REVERSE_SPLIT,0.006667,yahoo,drifted,0.0081,0.0091,persistent
CRMX,2026-03-10,REVERSE_SPLIT,0.333333,yahoo,drifted,0.3257,0.2621,persistent
CRSH,2025-12-02,REVERSE_SPLIT,0.1,yahoo,corroborated,0.1004,0.1005,persistent
CRTD,2024-01-24,REVERSE_SPLIT,0.002,yahoo,ex-date-absent,,,
CRTD,2026-02-24,REVERSE_SPLIT,0.05,yahoo,ex-date-absent,,,
CRVL,2024-12-26,FORWARD_SPLIT,3.0,yahoo,corroborated,2.9491,3.017,persistent
CRVO,2022-04-19,REVERSE_SPLIT,0.02,yahoo,ex-date-absent,,,
CRVO,2023-08-17,REVERSE_SPLIT,0.666666666667,yahoo,no-prev-bar,,,
CRWD,2026-07-02,FORWARD_SPLIT,4.0,yahoo,corroborated,3.9942,3.9895,persistent
CRWG,2026-05-05,REVERSE_SPLIT,0.1,yahoo,corroborated,0.0995,0.0958,persistent
CRWU,2026-08-24,REVERSE_SPLIT,0.1,yahoo,corroborated,0.1072,0.1039,persistent
CSAI,2026-07-31,REVERSE_SPLIT,0.033333,yahoo,corroborated,0.0372,0.035,persistent
CSM,2022-01-13,FORWARD_SPLIT,2.0,yahoo,ex-date-absent,,,
CSPI,2024-03-21,FORWARD_SPLIT,2.0,yahoo,corroborated,1.8645,2.0274,persistent
CSSEP,2024-03-19,FORWARD_SPLIT,1.5,inband,ex-date-absent,,,
CTAS,2024-09-12,FORWARD_SPLIT,4.0,yahoo,corroborated,3.9575,3.9853,persistent
CTCX,2023-11-27,FORWARD_SPLIT,1.5625,inband,not-corroborated,0.9311,0.9251,bad-open-print
CTEC,2025-09-02,REVERSE_SPLIT,0.2,yahoo,ex-date-absent,,,
CTEV,2024-09-23,REVERSE_SPLIT,0.025,yahoo,ex-date-absent,,,
CTHR,2024-05-17,REVERSE_SPLIT,0.1,inband,corroborated,0.1107,0.1094,persistent
CTK,2022-05-09,REVERSE_SPLIT,0.095238,inband,corroborated,0.0987,0.0814,persistent
CTNT,2024-10-24,REVERSE_SPLIT,0.0625,yahoo,corroborated,0.0675,0.0605,persistent
CTNT,2026-04-29,REVERSE_SPLIT,0.005,yahoo,drifted,0.0055,0.0068,persistent
CTO,2022-07-01,FORWARD_SPLIT,3.0,yahoo,corroborated,2.9931,2.9598,persistent
CTRM,2024-03-27,REVERSE_SPLIT,0.1,yahoo,corroborated,0.1072,0.1022,persistent
CTXR,2024-11-26,REVERSE_SPLIT,0.04,yahoo,corroborated,0.0222,0.0324,persistent
CUE,2026-04-24,REVERSE_SPLIT,0.033333,yahoo,corroborated,0.0446,0.0325,persistent
CUEN,2023-03-24,REVERSE_SPLIT,0.076923,yahoo,corroborated,0.0926,0.0893,persistent
CUPR,2026-05-27,REVERSE_SPLIT,0.125,yahoo,corroborated,0.1095,0.1095,persistent
CURX,2026-08-20,REVERSE_SPLIT,0.05,yahoo,corroborated,0.0473,0.0523,persistent
CVKD,2024-08-20,REVERSE_SPLIT,0.066667,yahoo,corroborated,0.0679,0.0554,persistent
CVLG,2025-01-01,FORWARD_SPLIT,2.0,yahoo,ex-date-absent,,,
CVLG,2025-01-02,FORWARD_SPLIT,2.0,yahoo,corroborated,1.9566,2.0271,persistent
CVM,2025-05-20,REVERSE_SPLIT,0.033333,yahoo,corroborated,0.0317,0.0385,persistent
CVNA,2026-05-08,FORWARD_SPLIT,5.0,yahoo,corroborated,4.9397,5.1324,persistent
CWBR,2022-09-23,REVERSE_SPLIT,0.043478,inband,corroborated,0.044,0.0441,persistent
CWD,2025-05-02,REVERSE_SPLIT,0.05,yahoo,corroborated,0.0506,0.0506,persistent
CWEB,2022-05-31,REVERSE_SPLIT,0.1,yahoo,corroborated,0.0904,0.0913,persistent
CWVX,2025-12-02,REVERSE_SPLIT,0.2,yahoo,corroborated,0.1946,0.2057,persistent
CXAI,2026-08-18,REVERSE_SPLIT,0.02,yahoo,corroborated,0.0205,0.0209,persistent
CXT,2023-04-04,FORWARD_SPLIT,2.879,yahoo,no-prev-bar,,,
CYBN,2024-09-19,REVERSE_SPLIT,0.028571,inband,drifted,0.0275,0.0228,persistent
CYCC,2025-05-12,REVERSE_SPLIT,0.061538,inband,corroborated,0.0687,0.0714,persistent
CYCC,2025-07-07,REVERSE_SPLIT,0.055556,inband,drifted,0.0511,0.07,persistent
CYCN,2023-05-16,REVERSE_SPLIT,0.05,yahoo,drifted,0.0402,0.0361,persistent
CYCU,2025-10-27,REVERSE_SPLIT,0.033333,yahoo,corroborated,0.0364,0.0409,persistent
CYCU,2025-12-15,FORWARD_SPLIT,1.018,yahoo,corroborated,1.0463,1.0401,persistent
CYCU,2026-08-28,REVERSE_SPLIT,0.125,yahoo,corroborated,0.1243,0.1261,persistent
CYN,2024-07-05,REVERSE_SPLIT,0.01,yahoo,drifted,0.0114,0.0128,persistent
CYN,2025-02-18,REVERSE_SPLIT,0.006667,yahoo,not-corroborated,0.0097,0.0108,persistent
CYPH,2023-06-21,REVERSE_SPLIT,0.1,yahoo,ex-date-absent,,,
CYRN,2022-02-09,REVERSE_SPLIT,0.05,inband,corroborated,0.0597,0.055,persistent
CYTO,2022-10-25,REVERSE_SPLIT,0.05,inband,corroborated,0.05,0.048,persistent
CYTO,2023-12-13,REVERSE_SPLIT,0.057143,inband,corroborated,0.0535,0.053,persistent
CZFS,2022-06-09,FORWARD_SPLIT,1.01,yahoo,ex-date-absent,,,
CZFS,2023-06-08,FORWARD_SPLIT,1.01,yahoo,corroborated,1.0338,0.9971,persistent
CZFS,2024-06-14,FORWARD_SPLIT,1.01,yahoo,corroborated,0.9993,0.9991,persistent
CZOO,2023-02-09,REVERSE_SPLIT,0.058824,inband,corroborated,0.051,0.0645,persistent
CZOO,2023-12-06,REVERSE_SPLIT,0.0125,inband,corroborated,0.0107,0.0115,persistent
DAIC,2026-06-01,REVERSE_SPLIT,0.04,yahoo,drifted,0.0294,0.0294,persistent
DARE,2024-07-01,REVERSE_SPLIT,0.083333,yahoo,corroborated,0.092,0.1009,persistent
DATS,2023-09-20,REVERSE_SPLIT,0.1,inband,corroborated,0.1015,0.1185,persistent
DAVE,2023-01-06,REVERSE_SPLIT,0.03125,yahoo,corroborated,0.0326,0.0343,persistent
DBD,2023-08-14,REVERSE_SPLIT,0.01,inband,corroborated,0.0104,0.012,persistent
DBGI,2022-11-04,REVERSE_SPLIT,0.01,yahoo,corroborated,0.0092,0.0094,persistent
DBGI,2023-08-22,REVERSE_SPLIT,0.04,yahoo,drifted,0.0549,0.0608,persistent
DBGI,2024-12-13,REVERSE_SPLIT,0.02,yahoo,corroborated,0.0201,0.0203,persistent
DBGI,2025-08-20,REVERSE_SPLIT,0.2125,inband,corroborated,0.2266,0.2019,persistent
DBGI,2026-07-24,REVERSE_SPLIT,0.025,yahoo,drifted,0.0328,0.039,persistent
DBRG,2022-08-23,REVERSE_SPLIT,0.25,yahoo,corroborated,0.2391,0.2501,persistent
DBVT,2024-06-07,REVERSE_SPLIT,0.5,yahoo,corroborated,0.549,0.5333,persistent
DBVT,2024-11-29,REVERSE_SPLIT,0.2,inband,corroborated,0.1745,0.1697,persistent
DCOY,2022-10-17,REVERSE_SPLIT,0.04,yahoo,ex-date-absent,,,
DCOY,2024-06-17,REVERSE_SPLIT,0.125,yahoo,ex-date-absent,,,
DCOY,2025-08-18,REVERSE_SPLIT,0.0666666666667,yahoo,ex-date-absent,,,
DCOY,2026-03-09,REVERSE_SPLIT,0.0833333333333,yahoo,ex-date-absent,,,
DCX,2024-07-08,REVERSE_SPLIT,0.0333333333333,yahoo,ex-date-absent,,,
DCX,2025-11-03,REVERSE_SPLIT,0.01,yahoo,ex-date-absent,,,
DCX,2026-01-22,REVERSE_SPLIT,0.083333,yahoo,corroborated,0.0768,0.0709,persistent
DD,2025-11-03,FORWARD_SPLIT,2.39,yahoo,corroborated,2.438,2.3537,persistent
DD,2026-06-24,REVERSE_SPLIT,0.333333,yahoo,corroborated,0.3224,0.3386,persistent
DDC,2025-04-21,REVERSE_SPLIT,0.04,yahoo,ex-date-absent,,,
DDM,2025-11-20,FORWARD_SPLIT,2.0,yahoo,corroborated,1.9564,2.0314,persistent
DEA,2025-04-28,REVERSE_SPLIT,0.4,yahoo,corroborated,0.3866,0.3912,persistent
DECK,2024-09-17,FORWARD_SPLIT,6.0,yahoo,corroborated,5.9981,6.0456,persistent
DELL,2021-11-02,FORWARD_SPLIT,1.973,yahoo,corroborated,1.9705,2.0419,persistent
DEVS,2025-08-08,REVERSE_SPLIT,0.111111,inband,corroborated,0.1037,0.0937,persistent
DFDV,2024-12-30,REVERSE_SPLIT,0.125,yahoo,ex-date-absent,,,
DFDV,2025-05-21,FORWARD_SPLIT,7.0,yahoo,drifted,5.8133,5.1007,persistent
DFFN,2022-04-19,REVERSE_SPLIT,0.028571,inband,drifted,0.0217,0.0207,persistent
DFLI,2024-11-22,REVERSE_SPLIT,0.111111,yahoo,drifted,0.1076,0.0883,persistent
DFLI,2025-12-18,REVERSE_SPLIT,0.1,yahoo,corroborated,0.1034,0.1238,persistent
DFNS,2023-12-26,FORWARD_SPLIT,1.4,yahoo,ex-date-absent,,,
DFNS,2024-10-24,REVERSE_SPLIT,0.125,yahoo,ex-date-absent,,,
DFNS,2026-07-20,REVERSE_SPLIT,0.008,yahoo,corroborated,0.009,0.01,persistent
DFSC,2022-10-28,REVERSE_SPLIT,0.0142857142857,yahoo,ex-date-absent,,,
DFSC,2024-10-23,REVERSE_SPLIT,0.1,yahoo,ex-date-absent,,,
DFSC,2025-04-23,REVERSE_SPLIT,0.047619047619,yahoo,ex-date-absent,,,
DFTX,2022-08-29,REVERSE_SPLIT,0.0666666666667,yahoo,ex-date-absent,,,
DGLY,2023-02-08,REVERSE_SPLIT,0.05,inband,corroborated,0.0545,0.0529,persistent
DGNX,2025-09-09,FORWARD_SPLIT,8.0,yahoo,corroborated,8.556,8.0819,persistent
DGNX,2026-04-28,REVERSE_SPLIT,0.125,yahoo,drifted,0.1006,0.168,persistent
DGXX,2021-10-28,REVERSE_SPLIT,0.333333333333,yahoo,ex-date-absent,,,
DHAI,2025-10-20,REVERSE_SPLIT,0.04,yahoo,ex-date-absent,,,
DHR,2023-10-02,FORWARD_SPLIT,1.128,yahoo,corroborated,1.1328,1.1608,persistent
DIG,2022-05-27,FORWARD_SPLIT,4.0,yahoo,corroborated,3.5751,3.4935,persistent
DIPS,2025-12-02,REVERSE_SPLIT,0.1,yahoo,ex-date-absent,,,
DIT,2026-03-23,FORWARD_SPLIT,1.5,yahoo,corroborated,1.4137,1.4137,persistent
DJTU,2026-07-13,REVERSE_SPLIT,0.1,yahoo,corroborated,0.1038,0.1038,persistent
DKI,2026-05-11,REVERSE_SPLIT,0.064516,inband,corroborated,0.0697,0.0596,persistent
DKNX,2026-03-20,REVERSE_SPLIT,0.2,yahoo,corroborated,0.2317,0.2317,persistent
DLLL,2026-06-26,FORWARD_SPLIT,8.0,yahoo,corroborated,8.5366,8.6388,persistent
DLN,2021-12-23,FORWARD_SPLIT,2.0,yahoo,corroborated,1.9829,1.9838,persistent
DLPN,2024-10-16,REVERSE_SPLIT,0.5,yahoo,corroborated,0.5379,0.4965,persistent
DM,2024-06-11,REVERSE_SPLIT,0.1,inband,corroborated,0.0936,0.1102,persistent
DMRA,2024-08-30,REVERSE_SPLIT,0.04,yahoo,ex-date-absent,,,
DNA,2024-08-20,REVERSE_SPLIT,0.025,yahoo,corroborated,0.0251,0.0304,persistent
DNMR,2024-11-13,REVERSE_SPLIT,0.032258,inband,drifted,0.0357,0.0238,persistent
DOGZ,2023-11-07,REVERSE_SPLIT,0.05,yahoo,corroborated,0.062,0.0618,persistent
DOMA,2023-06-30,REVERSE_SPLIT,0.0375,inband,corroborated,0.0408,0.0364,persistent
DOMH,2022-06-07,REVERSE_SPLIT,0.0588235294118,yahoo,ex-date-absent,,,
DOUG,2023-06-21,FORWARD_SPLIT,1.05,yahoo,corroborated,1.05,1.0548,persistent
DOYU,2024-03-28,REVERSE_SPLIT,0.1,yahoo,corroborated,0.103,0.1062,persistent
DPRO,2024-09-05,REVERSE_SPLIT,0.04,yahoo,corroborated,0.0404,0.0495,persistent
DPST,2021-10-25,FORWARD_SPLIT,5.0,yahoo,corroborated,4.9352,4.9643,persistent
DPST,2023-06-05,REVERSE_SPLIT,0.1,yahoo,corroborated,0.1008,0.1085,persistent
DPU,2025-05-05,REVERSE_SPLIT,0.04,yahoo,ex-date-absent,,,
DPU,2025-09-08,REVERSE_SPLIT,0.04,yahoo,ex-date-absent,,,
DRAY,2025-07-15,REVERSE_SPLIT,0.203125,inband,ex-date-absent,,,
DRCT,2026-01-12,REVERSE_SPLIT,0.018182,yahoo,corroborated,0.0192,0.0205,persistent
DRCT,2026-04-27,REVERSE_SPLIT,0.25,yahoo,ex-date-absent,,,
DRIO,2025-08-28,REVERSE_SPLIT,0.05,yahoo,corroborated,0.0521,0.0484,persistent
DRIP,2022-03-28,REVERSE_SPLIT,0.1,yahoo,corroborated,0.0949,0.0934,persistent
DRIP,2026-07-15,REVERSE_SPLIT,0.1,yahoo,corroborated,0.1005,0.099,persistent
DRMA,2023-03-14,REVERSE_SPLIT,0.0625,yahoo,corroborated,0.0767,0.0753,persistent
DRMA,2024-05-16,REVERSE_SPLIT,0.066667,yahoo,corroborated,0.0643,0.0655,persistent
DRMA,2025-08-01,REVERSE_SPLIT,0.1,yahoo,ex-date-absent,,,
DRMY,2026-07-22,FORWARD_SPLIT,1.421053,inband,ex-date-absent,,,
DRRX,2022-12-06,REVERSE_SPLIT,0.105263,inband,corroborated,0.1016,0.1074,persistent
DRUG,2023-07-14,REVERSE_SPLIT,0.2,yahoo,corroborated,0.1251,0.172,persistent
DRV,2021-10-25,REVERSE_SPLIT,0.1,yahoo,corroborated,0.0981,0.0981,persistent
DSGR,2023-09-01,FORWARD_SPLIT,2.0,yahoo,corroborated,1.9833,2.0856,persistent
DSS,2023-04-27,FORWARD_SPLIT,1.077,yahoo,corroborated,1.0798,1.0952,persistent
DSS,2024-01-05,REVERSE_SPLIT,0.05,yahoo,corroborated,0.0552,0.0564,persistent
DSY,2026-02-23,REVERSE_SPLIT,0.05,yahoo,ex-date-absent,,,
DTD,2021-12-23,FORWARD_SPLIT,2.0,yahoo,ex-date-absent,,,
DTIL,2024-02-14,REVERSE_SPLIT,0.033333,yahoo,corroborated,0.0321,0.0311,persistent
DTSS,2024-01-23,REVERSE_SPLIT,0.066667,yahoo,corroborated,0.0683,0.0628,persistent
DUG,2022-01-13,REVERSE_SPLIT,0.2,yahoo,ex-date-absent,,,
DUG,2024-11-07,REVERSE_SPLIT,0.25,yahoo,corroborated,0.2451,0.2405,persistent
DULL,2026-02-24,REVERSE_SPLIT,0.02,yahoo,ex-date-absent,,,
DUO,2022-06-07,REVERSE_SPLIT,0.066667,yahoo,corroborated,0.0717,0.0717,persistent
DUO,2023-08-04,REVERSE_SPLIT,0.066667,yahoo,corroborated,0.0753,0.0767,persistent
DUO,2025-06-09,REVERSE_SPLIT,0.0625,yahoo,corroborated,0.0628,0.0724,persistent
DUOG,2026-05-05,REVERSE_SPLIT,0.1,yahoo,drifted,0.1111,0.1288,persistent
DUST,2024-11-04,REVERSE_SPLIT,0.1,yahoo,corroborated,0.1016,0.1,persistent
DUST,2026-03-05,REVERSE_SPLIT,0.1,yahoo,corroborated,0.0954,0.0929,persistent
DVLT,2023-01-27,REVERSE_SPLIT,0.01,yahoo,ex-date-absent,,,
DVLT,2024-04-15,REVERSE_SPLIT,0.00666666666667,yahoo,ex-date-absent,,,
DWTX,2024-10-09,REVERSE_SPLIT,0.04,yahoo,no-prev-bar,,,
DXCM,2022-06-13,FORWARD_SPLIT,4.0,yahoo,corroborated,4.1401,4.3175,persistent
DXD,2022-01-13,REVERSE_SPLIT,0.2,yahoo,corroborated,0.2018,0.1978,persistent
DXF,2023-07-25,REVERSE_SPLIT,0.092308,inband,corroborated,0.0876,0.0937,persistent
DXST,2026-03-16,REVERSE_SPLIT,0.04,yahoo,corroborated,0.034,0.0358,persistent
DYNT,2023-02-02,REVERSE_SPLIT,0.2,inband,corroborated,0.177,0.1721,persistent
EAF,2025-08-29,REVERSE_SPLIT,0.1,yahoo,corroborated,0.1026,0.1022,persistent
EAR,2023-01-18,REVERSE_SPLIT,0.046875,inband,corroborated,0.0479,0.0503,persistent
EBET,2023-10-02,REVERSE_SPLIT,0.033333,yahoo,corroborated,0.0337,0.0384,persistent
EBON,2022-11-22,REVERSE_SPLIT,0.033333,yahoo,corroborated,0.0401,0.0358,persistent
ECDA,2025-09-18,REVERSE_SPLIT,0.025,inband,corroborated,0.0232,0.023,persistent
ECOR,2023-02-15,REVERSE_SPLIT,0.0666666666667,yahoo,ex-date-absent,,,
EDBL,2023-01-26,REVERSE_SPLIT,0.033333,yahoo,corroborated,0.03,0.039,persistent
EDBL,2024-04-05,REVERSE_SPLIT,0.05,yahoo,corroborated,0.0515,0.0523,persistent
EDBL,2025-03-03,REVERSE_SPLIT,0.04,yahoo,drifted,0.0435,0.0529,persistent
EDBL,2026-02-03,REVERSE_SPLIT,0.1,yahoo,drifted,0.09,0.1391,persistent
EDBL,2026-07-13,REVERSE_SPLIT,0.022222,yahoo,corroborated,0.0223,0.0235,persistent
EDHL,2026-02-09,REVERSE_SPLIT,0.0625,yahoo,drifted,0.0667,0.0479,persistent
EDSA,2023-10-11,REVERSE_SPLIT,0.142857,yahoo,corroborated,0.1723,0.1723,persistent
EDU,2022-04-07,REVERSE_SPLIT,0.1,yahoo,not-corroborated,1.0161,1.0588,persistent
EDU,2022-04-08,REVERSE_SPLIT,0.1,yahoo,corroborated,0.1044,0.0989,persistent
EDUT,2022-12-20,REVERSE_SPLIT,0.333333,inband,ex-date-absent,,,
EDVA,2025-03-28,REVERSE_SPLIT,0.025,yahoo,ex-date-absent,,,
EDVA,2026-07-27,REVERSE_SPLIT,0.25,yahoo,ex-date-absent,,,
EDZ,2025-09-29,REVERSE_SPLIT,0.1,yahoo,corroborated,0.1025,0.1021,persistent
EEIQ,2026-02-17,REVERSE_SPLIT,0.0625,yahoo,drifted,0.0513,0.0446,persistent
EEMX,2023-01-12,FORWARD_SPLIT,2.0,yahoo,ex-date-absent,,,
EEV,2025-11-20,REVERSE_SPLIT,0.5,yahoo,ex-date-absent,,,
EFAX,2023-01-12,FORWARD_SPLIT,2.0,yahoo,corroborated,1.8872,1.8872,persistent
EFAX,2023-01-18,FORWARD_SPLIT,1.9375,inband,ex-date-absent,,,
EFOI,2023-06-20,REVERSE_SPLIT,0.142857,yahoo,corroborated,0.1654,0.1621,persistent
EFSH,2024-01-08,REVERSE_SPLIT,0.2,inband,corroborated,0.2328,0.2101,persistent
EFTR,2024-01-12,REVERSE_SPLIT,0.04,yahoo,corroborated,0.0405,0.0361,persistent
EFU,2024-11-07,REVERSE_SPLIT,0.5,yahoo,corroborated,0.5218,0.5324,persistent
EFZ,2026-05-28,REVERSE_SPLIT,0.5,yahoo,ex-date-absent,,,
EGIO,2024-03-01,REVERSE_SPLIT,0.028571,inband,drifted,0.0289,0.0192,persistent
EHC,2022-07-01,FORWARD_SPLIT,1.257,yahoo,corroborated,1.2514,1.2043,persistent
EHGO,2026-04-20,REVERSE_SPLIT,0.0625,yahoo,corroborated,0.0652,0.0652,persistent
EIGR,2024-01-08,REVERSE_SPLIT,0.03125,inband,corroborated,0.0301,0.0301,persistent
EJH,2022-10-04,REVERSE_SPLIT,0.05,yahoo,corroborated,0.0524,0.0546,persistent
EJH,2023-04-13,REVERSE_SPLIT,0.1,yahoo,corroborated,0.0982,0.0977,persistent
EJH,2023-09-25,REVERSE_SPLIT,0.1,yahoo,corroborated,0.0948,0.0968,persistent
EJH,2024-02-14,REVERSE_SPLIT,0.2,yahoo,corroborated,0.2081,0.2282,persistent
EJH,2024-09-24,REVERSE_SPLIT,0.1,yahoo,corroborated,0.1014,0.0884,persistent
EJH,2025-05-30,REVERSE_SPLIT,0.02,yahoo,corroborated,0.0237,0.0242,persistent
EJH,2026-03-30,REVERSE_SPLIT,0.04,yahoo,corroborated,0.0418,0.0405,persistent
EKSO,2025-06-02,REVERSE_SPLIT,0.066667,inband,corroborated,0.0646,0.0606,persistent
ELAB,2024-11-27,REVERSE_SPLIT,0.005,yahoo,corroborated,0.0057,0.0053,persistent
ELAB,2025-03-10,REVERSE_SPLIT,0.142857,yahoo,corroborated,0.1261,0.1454,persistent
ELAB,2025-09-02,REVERSE_SPLIT,0.285,yahoo,corroborated,0.317,0.3522,persistent
ELAB,2026-01-06,REVERSE_SPLIT,0.25,yahoo,corroborated,0.1706,0.2849,persistent
ELAB,2026-03-10,REVERSE_SPLIT,0.166667,yahoo,corroborated,0.1259,0.1517,persistent
ELAB,2026-08-21,REVERSE_SPLIT,0.1,yahoo,corroborated,0.0898,0.091,persistent
ELBM,2022-04-13,REVERSE_SPLIT,0.0555555555556,yahoo,ex-date-absent,,,
ELBM,2025-01-02,REVERSE_SPLIT,0.25,yahoo,corroborated,0.302,0.2945,persistent
ELE,2025-09-16,REVERSE_SPLIT,0.1,yahoo,ex-date-absent,,,
ELME,2026-01-08,FORWARD_SPLIT,4.8,inband,drifted,6.4185,6.2563,persistent
ELPW,2025-12-26,REVERSE_SPLIT,0.0625,yahoo,ex-date-absent,,,
ELPW,2026-03-12,REVERSE_SPLIT,0.0125,yahoo,corroborated,0.0129,0.0146,persistent
ELPW,2026-08-10,REVERSE_SPLIT,0.022222,yahoo,corroborated,0.0215,0.0261,persistent
ELTX,2023-06-02,REVERSE_SPLIT,0.1,yahoo,no-prev-bar,,,
ELVA,2023-06-16,REVERSE_SPLIT,0.2,yahoo,ex-date-absent,,,
ELWS,2024-05-16,REVERSE_SPLIT,0.2,inband,ex-date-absent,,,
EMBK,2022-08-17,REVERSE_SPLIT,0.06,inband,corroborated,0.0583,0.0627,persistent
EMBX,2025-10-06,REVERSE_SPLIT,0.113,yahoo,no-prev-bar,,,
EMKR,2024-04-02,REVERSE_SPLIT,0.103448,inband,corroborated,0.1015,0.0983,persistent
EMPD,2023-10-16,REVERSE_SPLIT,0.2,yahoo,ex-date-absent,,,
EMPD,2024-02-05,REVERSE_SPLIT,0.0222222222222,yahoo,ex-date-absent,,,
EMPD,2024-06-07,REVERSE_SPLIT,0.01,yahoo,ex-date-absent,,,
EMPD,2024-11-11,REVERSE_SPLIT,0.125,yahoo,ex-date-absent,,,
EMPD,2025-06-12,REVERSE_SPLIT,0.125,yahoo,ex-date-absent,,,
EMTY,2026-05-28,REVERSE_SPLIT,0.5,yahoo,corroborated,0.5105,0.5105,persistent
ENG,2023-12-01,REVERSE_SPLIT,0.115385,inband,ex-date-absent,,,
ENLV,2026-07-09,REVERSE_SPLIT,0.066667,yahoo,corroborated,0.066,0.0666,persistent
ENOV,2022-04-05,REVERSE_SPLIT,0.581,yahoo,no-prev-bar,,,
ENSC,2022-10-28,REVERSE_SPLIT,0.05,yahoo,corroborated,0.0616,0.0533,persistent
ENSC,2023-03-31,REVERSE_SPLIT,0.083333,yahoo,drifted,0.1,0.1146,persistent
ENSC,2024-12-06,REVERSE_SPLIT,0.066667,yahoo,corroborated,0.0625,0.0586,persistent
ENSV,2023-03-13,FORWARD_SPLIT,1.444444,inband,drifted,1.1624,1.1442,persistent
ENTO,2025-08-18,REVERSE_SPLIT,0.333333,inband,corroborated,0.3547,0.2837,persistent
ENVB,2022-07-15,REVERSE_SPLIT,0.02,yahoo,corroborated,0.0221,0.0211,persistent
ENVB,2025-01-27,REVERSE_SPLIT,0.066667,yahoo,not-corroborated,1.0162,1.0162,persistent
ENVB,2025-01-29,REVERSE_SPLIT,0.066667,yahoo,corroborated,0.0637,0.0637,persistent
ENVB,2025-10-28,REVERSE_SPLIT,0.083333,yahoo,corroborated,0.0863,0.0878,persistent
EOSU,2026-04-15,REVERSE_SPLIT,0.04,yahoo,drifted,0.0371,0.03,persistent
EP,2022-03-08,REVERSE_SPLIT,0.25,yahoo,no-prev-bar,,,
EPV,2024-11-07,REVERSE_SPLIT,0.2,yahoo,corroborated,0.2062,0.2053,persistent
EQC,2024-12-09,FORWARD_SPLIT,11.666667,inband,corroborated,14.461,13.5933,persistent
EQL,2025-04-01,FORWARD_SPLIT,3.0,yahoo,corroborated,3.0206,2.9983,persistent
ERNA,2022-10-17,REVERSE_SPLIT,0.05,yahoo,no-prev-bar,,,
ERNA,2025-06-12,REVERSE_SPLIT,0.066667,yahoo,corroborated,0.0631,0.0669,persistent
ERNA,2026-05-04,REVERSE_SPLIT,0.04,yahoo,corroborated,0.043,0.0455,persistent
ERY,2022-05-31,REVERSE_SPLIT,0.1,yahoo,corroborated,0.1042,0.0969,persistent
ESGC,2022-02-08,REVERSE_SPLIT,0.04,inband,not-corroborated,0.0569,0.0646,persistent
ESSC,2025-10-01,REVERSE_SPLIT,0.28,inband,ex-date-absent,,,
ETAO,2024-03-26,REVERSE_SPLIT,0.055556,inband,corroborated,0.0547,0.0547,persistent
ETH,2024-11-20,REVERSE_SPLIT,0.1,yahoo,corroborated,0.0986,0.1007,persistent
ETHD,2025-11-20,REVERSE_SPLIT,0.1,yahoo,corroborated,0.1018,0.0929,persistent
ETHT,2025-06-12,REVERSE_SPLIT,0.2,yahoo,corroborated,0.2165,0.2185,persistent
ETHU,2025-04-09,REVERSE_SPLIT,0.05,yahoo,corroborated,0.0491,0.0405,persistent
ETHZ,2025-10-20,REVERSE_SPLIT,0.1,inband,corroborated,0.0945,0.1003,persistent
ETQ,2025-10-29,REVERSE_SPLIT,0.05,inband,corroborated,0.0474,0.0475,persistent
ETR,2024-12-13,FORWARD_SPLIT,2.0,yahoo,corroborated,2.0053,1.9972,persistent
EU,2022-09-14,REVERSE_SPLIT,0.333333333333,yahoo,ex-date-absent,,,
EUDA,2026-03-23,REVERSE_SPLIT,0.05,yahoo,corroborated,0.0513,0.0513,persistent
EUM,2024-11-07,REVERSE_SPLIT,0.5,yahoo,corroborated,0.5093,0.5114,persistent
EVAV,2023-06-05,REVERSE_SPLIT,0.096774,inband,ex-date-absent,,,
EVAX,2024-01-22,REVERSE_SPLIT,0.1,yahoo,not-corroborated,0.161,0.2054,persistent
EVAX,2025-01-14,REVERSE_SPLIT,0.2,yahoo,corroborated,0.2288,0.1957,persistent
EVFM,2022-05-06,REVERSE_SPLIT,0.066667,yahoo,corroborated,0.0792,0.0775,persistent
EVFM,2023-05-18,REVERSE_SPLIT,0.008,yahoo,ex-date-absent,,,
EVGN,2024-07-25,REVERSE_SPLIT,0.1,yahoo,corroborated,0.1188,0.1172,persistent
EVLO,2023-06-30,REVERSE_SPLIT,0.05,yahoo,corroborated,0.0374,0.0537,persistent
EVO,2021-10-20,FORWARD_SPLIT,4.0,yahoo,ex-date-absent,,,
EVOK,2022-05-23,REVERSE_SPLIT,0.148148,inband,drifted,0.1214,0.0956,persistent
EVOK,2024-08-01,REVERSE_SPLIT,0.096774,inband,ex-date-absent,,,
EVPF,2026-03-11,FORWARD_SPLIT,1.5,inband,ex-date-absent,,,
EVTL,2024-09-23,REVERSE_SPLIT,0.1,yahoo,corroborated,0.1015,0.1164,persistent
EVTV,2025-08-08,REVERSE_SPLIT,0.096774,inband,corroborated,0.0895,0.0923,persistent
EVX,2025-02-06,FORWARD_SPLIT,5.0,yahoo,ex-date-absent,,,
EWV,2024-11-07,REVERSE_SPLIT,0.25,yahoo,ex-date-absent,,,
EXC,2022-02-02,FORWARD_SPLIT,1.402,yahoo,corroborated,1.3975,1.3496,persistent
EXLS,2023-08-02,FORWARD_SPLIT,5.0,yahoo,corroborated,5.073,5.0804,persistent
EXPR,2023-08-31,REVERSE_SPLIT,0.052632,inband,corroborated,0.0556,0.0496,persistent
EYEG,2023-12-13,REVERSE_SPLIT,0.055556,inband,ex-date-absent,,,
EYES,2022-08-19,REVERSE_SPLIT,0.380952,inband,corroborated,0.3569,0.4155,persistent
EYES,2026-05-06,REVERSE_SPLIT,0.17,inband,ex-date-absent,,,
EZGO,2024-04-12,REVERSE_SPLIT,0.025,yahoo,drifted,0.022,0.0188,persistent
EZGO,2025-11-21,REVERSE_SPLIT,0.04,yahoo,corroborated,0.0339,0.0391,persistent
EZGO,2026-05-19,REVERSE_SPLIT,0.006667,yahoo,corroborated,0.0061,0.0065,persistent
EZRA,2023-02-23,REVERSE_SPLIT,0.0666666666667,yahoo,ex-date-absent,,,
EZRA,2024-07-01,REVERSE_SPLIT,0.0588235294118,yahoo,ex-date-absent,,,
EZRA,2026-05-18,REVERSE_SPLIT,0.025,yahoo,corroborated,0.0256,0.0262,persistent
FABC,2023-09-18,REVERSE_SPLIT,0.125,yahoo,ex-date-absent,,,
FABC,2025-06-26,REVERSE_SPLIT,0.0625,yahoo,ex-date-absent,,,
FAMI,2022-05-31,REVERSE_SPLIT,0.04,yahoo,corroborated,0.044,0.0494,persistent
FAMI,2023-09-25,REVERSE_SPLIT,0.125,yahoo,ex-date-absent,,,
FAMI,2025-03-17,REVERSE_SPLIT,0.083333,yahoo,corroborated,0.0965,0.0872,persistent
FAST,2025-05-22,FORWARD_SPLIT,2.0,yahoo,corroborated,2.0027,2.0022,persistent
FATH,2023-09-29,REVERSE_SPLIT,0.05,inband,corroborated,0.0515,0.0522,persistent
FAX,2024-09-09,REVERSE_SPLIT,0.166667,yahoo,corroborated,0.1654,0.1649,persistent
FAZ,2025-09-29,REVERSE_SPLIT,0.1,yahoo,corroborated,0.1009,0.1009,persistent
FBDC,2025-08-04,REVERSE_SPLIT,0.2,yahoo,ex-date-absent,,,
FBIN,2022-12-15,FORWARD_SPLIT,1.17,yahoo,no-prev-bar,,,
FBIO,2023-10-10,REVERSE_SPLIT,0.066667,yahoo,corroborated,0.07,0.0699,persistent
FBL,2024-03-13,FORWARD_SPLIT,5.0,yahoo,corroborated,5.1495,5.0915,persistent
FBLG,2026-03-30,REVERSE_SPLIT,0.05,yahoo,not-corroborated,0.0489,0.0819,persistent
FBRX,2024-08-28,REVERSE_SPLIT,0.04,yahoo,ex-date-absent,,,
FBYD,2024-12-10,FORWARD_SPLIT,1.2,yahoo,drifted,0.7872,0.867,persistent
FCEL,2024-11-11,REVERSE_SPLIT,0.033333,yahoo,corroborated,0.0343,0.0375,persistent
FCHL,2026-03-23,REVERSE_SPLIT,0.0666666666667,yahoo,ex-date-absent,,,
FCHL,2026-05-04,REVERSE_SPLIT,0.033333,yahoo,corroborated,0.0328,0.0291,persistent
FCUV,2023-03-24,FORWARD_SPLIT,1.5,yahoo,corroborated,1.5567,1.4881,persistent
FCUV,2025-01-31,REVERSE_SPLIT,0.1,yahoo,not-corroborated,0.0954,0.0579,persistent
FCUV,2026-02-09,REVERSE_SPLIT,0.1,yahoo,corroborated,0.0717,0.114,persistent
FCUV,2026-06-23,REVERSE_SPLIT,0.25,yahoo,not-corroborated,0.2298,0.1323,persistent
FDX,2026-06-01,FORWARD_SPLIT,1.241,yahoo,corroborated,1.2669,1.2164,persistent
FEAM,2025-02-18,REVERSE_SPLIT,0.0434782608696,yahoo,ex-date-absent,,,
FEDU,2022-06-21,REVERSE_SPLIT,0.05,yahoo,corroborated,0.0484,0.042,persistent
FEED,2023-02-09,REVERSE_SPLIT,0.05,yahoo,ex-date-absent,,,
FEED,2025-03-14,REVERSE_SPLIT,0.0909090909091,yahoo,ex-date-absent,,,
FEED,2025-08-12,REVERSE_SPLIT,0.1,yahoo,ex-date-absent,,,
FEED,2026-09-01,REVERSE_SPLIT,0.083333,yahoo,corroborated,0.0854,0.0856,persistent
FEMY,2026-06-08,REVERSE_SPLIT,0.05,yahoo,corroborated,0.0496,0.0549,persistent
FENG,2022-05-23,REVERSE_SPLIT,0.166667,yahoo,corroborated,0.1845,0.1759,persistent
FFAI,2023-08-28,REVERSE_SPLIT,0.0125,yahoo,ex-date-absent,,,
FFAI,2024-03-01,REVERSE_SPLIT,0.333333333333,yahoo,ex-date-absent,,,
FFAI,2024-08-19,REVERSE_SPLIT,0.025,yahoo,ex-date-absent,,,
FFAI,2026-07-24,REVERSE_SPLIT,0.006667,yahoo,not-corroborated,0.0073,0.0111,persistent
FFIE,2023-08-28,REVERSE_SPLIT,0.014286,inband,corroborated,0.014,0.0162,persistent
FFIE,2024-08-19,REVERSE_SPLIT,0.025,inband,drifted,0.0263,0.0323,persistent
FGBI,2021-12-14,FORWARD_SPLIT,1.1,yahoo,corroborated,1.0806,1.0806,persistent
FGEN,2025-06-17,REVERSE_SPLIT,0.04,inband,corroborated,0.0397,0.0436,persistent
FGI,2025-07-31,REVERSE_SPLIT,0.2,yahoo,corroborated,0.2221,0.2221,persistent
FGL,2026-02-10,REVERSE_SPLIT,0.01,yahoo,not-corroborated,0.0089,0.0063,persistent
FGL,2026-09-01,REVERSE_SPLIT,0.01,yahoo,corroborated,0.0088,0.0093,persistent
FGMC,2025-02-11,REVERSE_SPLIT,0.484375,inband,corroborated,0.4923,0.5005,persistent
FGNX,2024-11-01,REVERSE_SPLIT,0.04,yahoo,ex-date-absent,,,
FGNX,2026-02-13,REVERSE_SPLIT,0.2,yahoo,corroborated,0.2048,0.1939,persistent
FIAT,2025-12-02,REVERSE_SPLIT,0.1,yahoo,corroborated,0.1017,0.1012,persistent
FIEE,2023-04-17,REVERSE_SPLIT,0.04,yahoo,ex-date-absent,,,
FIEE,2025-07-10,FORWARD_SPLIT,50.0,inband,corroborated,62.1514,46.8468,persistent
FIGG,2026-05-05,REVERSE_SPLIT,0.05,yahoo,ex-date-absent,,,
FIRY,2023-06-26,REVERSE_SPLIT,0.05,yahoo,ex-date-absent,,,
FISV,2025-11-11,FORWARD_SPLIT,1.8125,inband,corroborated,1.7967,1.7779,persistent
FIXX,2026-08-19,REVERSE_SPLIT,0.066667,inband,ex-date-absent,,,
FLAG,2025-06-20,REVERSE_SPLIT,0.296296,inband,ex-date-absent,,,
FLEX,2024-01-03,FORWARD_SPLIT,1.327,yahoo,corroborated,1.3273,1.2748,persistent
FLG,2024-07-12,REVERSE_SPLIT,0.333333333333,yahoo,ex-date-absent,,,
FLGC,2023-06-09,REVERSE_SPLIT,0.055556,inband,corroborated,0.0507,0.0486,persistent
FLGC,2025-08-04,REVERSE_SPLIT,0.028571,inband,corroborated,0.0346,0.0274,persistent
FLNT,2024-04-12,REVERSE_SPLIT,0.166667,yahoo,corroborated,0.1815,0.191,persistent
FLXN,2025-08-07,REVERSE_SPLIT,0.363636,inband,ex-date-absent,,,
FLYD,2024-03-25,REVERSE_SPLIT,0.1,yahoo,ex-date-absent,,,
FLYD,2024-03-27,REVERSE_SPLIT,0.103448,inband,ex-date-absent,,,
FLYD,2026-02-24,REVERSE_SPLIT,0.1,yahoo,ex-date-absent,,,
FLYD,2026-02-26,REVERSE_SPLIT,0.12,inband,ex-date-absent,,,
FLYE,2025-07-07,REVERSE_SPLIT,0.2,yahoo,corroborated,0.1912,0.1746,persistent
FLYE,2025-11-04,REVERSE_SPLIT,0.05,yahoo,drifted,0.0543,0.07,persistent
FLZH,2026-02-09,REVERSE_SPLIT,0.04,yahoo,ex-date-absent,,,
FNDA,2024-10-11,FORWARD_SPLIT,2.0,yahoo,corroborated,1.9962,1.9674,persistent
FNDB,2024-10-11,FORWARD_SPLIT,3.0,yahoo,corroborated,2.975,2.975,persistent
FNDX,2024-10-11,FORWARD_SPLIT,3.0,yahoo,corroborated,2.9862,2.9714,persistent
FNF,2022-12-01,FORWARD_SPLIT,1.04,yahoo,corroborated,1.0296,1.0472,persistent
FNF,2025-12-17,FORWARD_SPLIT,1.037,yahoo,corroborated,1.0323,1.0277,persistent
FNGD,2021-12-06,REVERSE_SPLIT,0.05,yahoo,corroborated,0.0493,0.054,persistent
FNGD,2024-03-25,REVERSE_SPLIT,0.1,yahoo,corroborated,0.0978,0.0999,persistent
FNGD,2026-02-09,REVERSE_SPLIT,0.1,yahoo,corroborated,0.1004,0.1053,persistent
FNGG,2023-02-13,REVERSE_SPLIT,0.1,yahoo,ex-date-absent,,,
FNGU,2022-10-31,REVERSE_SPLIT,0.107692,inband,corroborated,0.1033,0.1059,persistent
FNGU,2025-06-24,FORWARD_SPLIT,24.0,inband,corroborated,23.8458,23.5932,persistent
FNRN,2022-02-25,FORWARD_SPLIT,1.05,yahoo,ex-date-absent,,,
FNRN,2023-02-27,FORWARD_SPLIT,1.05,yahoo,ex-date-absent,,,
FNRN,2024-02-28,FORWARD_SPLIT,1.05,yahoo,ex-date-absent,,,
FNRN,2025-02-28,FORWARD_SPLIT,1.05,yahoo,ex-date-absent,,,
FNRN,2026-02-27,FORWARD_SPLIT,1.05,yahoo,ex-date-absent,,,
FNUC,2025-05-02,REVERSE_SPLIT,0.0769230769231,yahoo,ex-date-absent,,,
FOA,2024-07-26,REVERSE_SPLIT,0.1,yahoo,corroborated,0.1002,0.0967,persistent
FOXO,2023-11-07,REVERSE_SPLIT,0.1,yahoo,corroborated,0.0842,0.1127,persistent
FOXO,2025-04-29,REVERSE_SPLIT,0.1,yahoo,corroborated,0.0963,0.0884,persistent
FOXO,2025-07-28,REVERSE_SPLIT,0.502513,yahoo,corroborated,0.5419,0.5421,persistent
FOXO,2026-07-01,REVERSE_SPLIT,0.000333333333333,yahoo,ex-date-absent,,,
FRES,2024-07-10,REVERSE_SPLIT,0.1125,inband,corroborated,0.1104,0.1111,persistent
FRGT,2022-02-15,REVERSE_SPLIT,0.454,yahoo,ex-date-absent,,,
FRGT,2023-03-24,REVERSE_SPLIT,0.1,yahoo,corroborated,0.0934,0.1006,persistent
FRGT,2024-02-05,REVERSE_SPLIT,0.1,yahoo,corroborated,0.1114,0.119,persistent
FRGT,2024-09-25,REVERSE_SPLIT,0.04,yahoo,corroborated,0.0345,0.0385,persistent
FRGT,2025-05-27,REVERSE_SPLIT,0.25,yahoo,corroborated,0.2778,0.3014,persistent
FRGT,2025-12-15,REVERSE_SPLIT,0.2,yahoo,corroborated,0.2222,0.2469,persistent
FRGT,2026-05-18,REVERSE_SPLIT,0.2,yahoo,corroborated,0.1905,0.1905,persistent
FRLN,2023-05-12,REVERSE_SPLIT,0.064516,inband,ex-date-absent,,,
FRMM,2022-12-19,REVERSE_SPLIT,0.05,yahoo,ex-date-absent,,,
FRMM,2024-02-28,REVERSE_SPLIT,0.0526315789474,yahoo,ex-date-absent,,,
FRMM,2025-10-20,REVERSE_SPLIT,0.1,yahoo,ex-date-absent,,,
FRPH,2024-04-15,FORWARD_SPLIT,2.0,yahoo,corroborated,1.9655,2.0192,persistent
FRSX,2023-04-21,REVERSE_SPLIT,0.166667,yahoo,corroborated,0.155,0.1618,persistent
FRSX,2025-08-25,REVERSE_SPLIT,0.142857,yahoo,corroborated,0.1209,0.1325,persistent
FRSX,2026-02-26,REVERSE_SPLIT,0.333333333333,yahoo,ex-date-absent,,,
FSEA,2023-01-20,REVERSE_SPLIT,0.8358,yahoo,corroborated,0.9932,0.9788,persistent
FTAI,2022-08-02,FORWARD_SPLIT,1.171,yahoo,corroborated,1.1914,1.2711,persistent
FTCI,2024-12-02,REVERSE_SPLIT,0.1,yahoo,corroborated,0.0906,0.0916,persistent
FTEL,2025-09-23,REVERSE_SPLIT,0.064516,inband,corroborated,0.0259,0.0564,persistent
FTEL,2026-01-08,REVERSE_SPLIT,0.115385,inband,corroborated,0.119,0.1316,persistent
FTFT,2023-02-01,REVERSE_SPLIT,0.2125,inband,corroborated,0.2542,0.2542,persistent
FTFT,2025-04-04,REVERSE_SPLIT,0.1,yahoo,drifted,0.0898,0.0749,persistent
FTFT,2026-01-20,REVERSE_SPLIT,0.25,yahoo,corroborated,0.27,0.2925,persistent
FTFT,2026-07-13,REVERSE_SPLIT,0.25,yahoo,corroborated,0.2668,0.2726,persistent
FTFT,2026-08-31,REVERSE_SPLIT,0.25,yahoo,corroborated,0.2478,0.2917,persistent
FTH,2025-06-17,REVERSE_SPLIT,0.05,yahoo,ex-date-absent,,,
FTK,2023-09-26,REVERSE_SPLIT,0.166667,yahoo,corroborated,0.1866,0.1608,persistent
FTLF,2021-12-08,FORWARD_SPLIT,4.0,yahoo,ex-date-absent,,,
FTLF,2025-02-07,FORWARD_SPLIT,2.0,yahoo,corroborated,1.9687,1.9323,persistent
FTNT,2022-06-23,FORWARD_SPLIT,5.0,yahoo,corroborated,4.955,4.9035,persistent
FTRK,2026-08-28,REVERSE_SPLIT,0.05,yahoo,ex-date-absent,,,
FTV,2025-06-30,FORWARD_SPLIT,1.327,yahoo,corroborated,1.3769,1.3735,persistent
FUBO,2026-03-24,REVERSE_SPLIT,0.083333,yahoo,corroborated,0.0915,0.0915,persistent
FUV,2022-11-30,REVERSE_SPLIT,0.055556,inband,corroborated,0.052,0.0548,persistent
FVCB,2023-02-01,FORWARD_SPLIT,1.25,yahoo,corroborated,1.2319,1.2655,persistent
FWBI,2022-08-26,REVERSE_SPLIT,0.03125,inband,ex-date-absent,,,
FWBI,2023-01-18,REVERSE_SPLIT,0.136364,inband,corroborated,0.1382,0.1258,persistent
FWBI,2023-12-18,REVERSE_SPLIT,0.045455,inband,not-corroborated,0.058,0.0714,persistent
FWDI,2024-06-18,REVERSE_SPLIT,0.1,yahoo,ex-date-absent,,,
FWONA,2023-07-20,FORWARD_SPLIT,1.018,yahoo,corroborated,1.0219,1.0285,persistent
FWONK,2023-07-20,FORWARD_SPLIT,1.017,yahoo,corroborated,1.0106,1.0207,persistent
FXHO,2024-09-11,REVERSE_SPLIT,0.04,yahoo,ex-date-absent,,,
FXHO,2025-03-31,REVERSE_SPLIT,0.1,yahoo,ex-date-absent,,,
FXHO,2025-11-21,REVERSE_SPLIT,0.01,yahoo,ex-date-absent,,,
FXHO,2026-02-17,REVERSE_SPLIT,0.2,yahoo,ex-date-absent,,,
FXHO,2026-06-22,REVERSE_SPLIT,0.1,yahoo,ex-date-absent,,,
FXP,2025-11-20,REVERSE_SPLIT,0.5,yahoo,corroborated,0.4492,0.4495,persistent
GAB,2026-03-02,FORWARD_SPLIT,1.01,yahoo,corroborated,1.0164,1.0232,persistent
GAME,2023-04-11,REVERSE_SPLIT,0.25,yahoo,corroborated,0.2853,0.2751,persistent
GAME,2026-08-24,REVERSE_SPLIT,0.125,yahoo,corroborated,0.1346,0.1342,persistent
GBIO,2025-07-22,REVERSE_SPLIT,0.105263,inband,corroborated,0.1045,0.1029,persistent
GCBC,2023-03-24,FORWARD_SPLIT,2.0,yahoo,corroborated,2.0455,1.9326,persistent
GCTK,2024-05-20,REVERSE_SPLIT,0.2,yahoo,ex-date-absent,,,
GCTK,2025-02-04,REVERSE_SPLIT,0.05,yahoo,drifted,0.0339,0.0713,persistent
GCTK,2025-06-16,REVERSE_SPLIT,0.016667,yahoo,corroborated,0.0157,0.0151,persistent
GCTK,2026-08-31,REVERSE_SPLIT,0.066667,yahoo,corroborated,0.0678,0.0667,persistent
GDC,2022-11-09,REVERSE_SPLIT,0.0333333333333,yahoo,ex-date-absent,,,
GDC,2026-06-29,REVERSE_SPLIT,0.004,yahoo,corroborated,0.0037,0.0045,persistent
GDEV,2024-08-29,REVERSE_SPLIT,0.1,yahoo,ex-date-absent,,,
GDHG,2024-09-19,REVERSE_SPLIT,0.02,yahoo,drifted,0.0231,0.0271,persistent
GDHG,2025-05-09,REVERSE_SPLIT,0.04,yahoo,ex-date-absent,,,
GDHG,2025-08-28,REVERSE_SPLIT,0.066667,yahoo,corroborated,0.0771,0.0713,persistent
GDXD,2024-04-29,REVERSE_SPLIT,0.1,yahoo,corroborated,0.0999,0.1014,persistent
GDXD,2025-10-22,REVERSE_SPLIT,0.05,yahoo,corroborated,0.0459,0.0504,persistent
GDXD,2026-02-09,REVERSE_SPLIT,0.1,yahoo,corroborated,0.1072,0.1211,persistent
GDXU,2022-10-31,REVERSE_SPLIT,0.1,yahoo,corroborated,0.1039,0.1054,persistent
GE,2023-01-04,FORWARD_SPLIT,1.281,yahoo,corroborated,1.2422,1.2105,persistent
GE,2024-04-02,FORWARD_SPLIT,1.253,yahoo,corroborated,1.2389,1.285,persistent
GECC,2022-02-28,REVERSE_SPLIT,0.166666666667,yahoo,ex-date-absent,,,
GEHI,2023-11-01,FORWARD_SPLIT,1.692308,inband,corroborated,1.8453,1.6623,persistent
GEMG,2026-04-24,REVERSE_SPLIT,0.05,yahoo,ex-date-absent,,,
GENE,2023-12-14,REVERSE_SPLIT,0.193548,inband,corroborated,0.1895,0.1776,persistent
GEVX,2026-06-03,FORWARD_SPLIT,3.0,yahoo,corroborated,3.0067,3.0551,persistent
GFAI,2021-09-29,REVERSE_SPLIT,0.333333333333,yahoo,no-prev-bar,,,
GFAI,2023-02-10,REVERSE_SPLIT,0.025,yahoo,corroborated,0.0281,0.0285,persistent
GGB,2023-03-22,FORWARD_SPLIT,1.05,yahoo,corroborated,1.0614,1.0431,persistent
GGB,2024-04-18,FORWARD_SPLIT,1.2,yahoo,corroborated,1.1884,1.2017,persistent
GGLS,2026-07-15,REVERSE_SPLIT,0.1,yahoo,corroborated,0.0996,0.103,persistent
GGR,2025-10-06,REVERSE_SPLIT,0.05,yahoo,corroborated,0.0496,0.0496,persistent
GHI,2022-04-04,REVERSE_SPLIT,0.333333333333,yahoo,ex-date-absent,,,
GHI,2024-03-27,FORWARD_SPLIT,1.004,yahoo,corroborated,1.0227,1.0245,persistent
GHSI,2023-01-09,REVERSE_SPLIT,0.02,inband,corroborated,0.0186,0.0166,persistent
GIBO,2025-08-20,REVERSE_SPLIT,0.005,yahoo,corroborated,0.006,0.006,persistent
GIBO,2026-06-29,REVERSE_SPLIT,0.04,yahoo,ex-date-absent,,,
GIPR,2026-07-10,REVERSE_SPLIT,0.1,yahoo,corroborated,0.0967,0.0889,persistent
GLAD,2024-04-05,REVERSE_SPLIT,0.5,yahoo,corroborated,0.5057,0.4925,persistent
GLBL,2024-09-23,REVERSE_SPLIT,0.483871,inband,ex-date-absent,,,
GLDI,2022-09-27,REVERSE_SPLIT,0.05,yahoo,corroborated,0.0497,0.0497,persistent
GLDM,2022-02-23,REVERSE_SPLIT,0.5,yahoo,corroborated,0.5001,0.4979,persistent
GLG,2022-08-17,REVERSE_SPLIT,0.21,inband,corroborated,0.2208,0.2264,persistent
GLL,2025-06-13,REVERSE_SPLIT,0.5,yahoo,corroborated,0.5161,0.5131,persistent
GLL,2025-11-20,REVERSE_SPLIT,0.5,yahoo,corroborated,0.5,0.5002,persistent
GLMD,2023-05-15,REVERSE_SPLIT,0.066667,yahoo,corroborated,0.0864,0.0755,persistent
GLMD,2024-08-30,REVERSE_SPLIT,0.083333,yahoo,corroborated,0.0904,0.081,persistent
GLMD,2026-08-19,REVERSE_SPLIT,0.125,yahoo,corroborated,0.1115,0.1214,persistent
GLTO,2024-08-30,REVERSE_SPLIT,0.041667,inband,corroborated,0.0408,0.0398,persistent
GLXG,2025-09-08,REVERSE_SPLIT,0.1,yahoo,ex-date-absent,,,
GMBL,2023-02-22,REVERSE_SPLIT,0.01,yahoo,drifted,0.0122,0.0146,persistent
GMBL,2023-12-22,REVERSE_SPLIT,0.0025,yahoo,not-corroborated,0.0014,0.0015,persistent
GME,2022-07-22,FORWARD_SPLIT,4.0,yahoo,corroborated,4.1333,4.2893,persistent
GMEX,2025-09-23,REVERSE_SPLIT,0.0625,yahoo,ex-date-absent,,,
GMEX,2026-01-08,REVERSE_SPLIT,0.125,yahoo,ex-date-absent,,,
GMEX,2026-05-01,REVERSE_SPLIT,0.142857,yahoo,corroborated,0.1271,0.1428,persistent
GMEX,2026-07-02,REVERSE_SPLIT,0.111111,yahoo,corroborated,0.1016,0.1092,persistent
GMM,2024-11-26,REVERSE_SPLIT,0.068966,inband,corroborated,0.0613,0.0641,persistent
GMM,2026-06-11,REVERSE_SPLIT,0.02,yahoo,corroborated,0.0207,0.0214,persistent
GMRE,2025-09-22,REVERSE_SPLIT,0.193548,inband,corroborated,0.1956,0.1984,persistent
GMVD,2022-11-21,REVERSE_SPLIT,0.03,inband,drifted,0.0453,0.0453,persistent
GNLN,2022-08-10,REVERSE_SPLIT,0.05,yahoo,corroborated,0.0518,0.0434,persistent
GNLN,2023-06-07,REVERSE_SPLIT,0.1,yahoo,ex-date-absent,,,
GNLN,2024-08-05,REVERSE_SPLIT,0.090909,yahoo,drifted,0.1,0.1208,persistent
GNLN,2025-06-27,REVERSE_SPLIT,0.001333,yahoo,not-corroborated,0.0017,0.0023,persistent
GNLN,2026-04-06,REVERSE_SPLIT,0.125,yahoo,ex-date-absent,,,
GNOM,2025-09-02,REVERSE_SPLIT,0.25,yahoo,ex-date-absent,,,
GNPX,2024-02-02,REVERSE_SPLIT,0.025,yahoo,drifted,0.0317,0.0359,persistent
GNPX,2025-10-21,REVERSE_SPLIT,0.02,yahoo,drifted,0.0259,0.0264,persistent
GNPX,2026-07-16,REVERSE_SPLIT,0.0454545454545,yahoo,ex-date-absent,,,
GNS,2024-08-16,REVERSE_SPLIT,0.1,yahoo,corroborated,0.0965,0.1102,persistent
GNTA,2023-03-29,REVERSE_SPLIT,0.411765,inband,ex-date-absent,,,
GNUS,2023-02-13,REVERSE_SPLIT,0.1,inband,corroborated,0.1137,0.1222,persistent
GOCO,2022-11-18,REVERSE_SPLIT,0.0625,inband,drifted,0.0749,0.0846,persistent
GOEV,2025-01-21,FORWARD_SPLIT,4.444444,inband,corroborated,3.0559,3.5963,persistent
GOGL,2026-06-26,REVERSE_SPLIT,0.325,inband,ex-date-absent,,,
GOLD,2022-06-07,FORWARD_SPLIT,2.0,yahoo,not-corroborated,1.0,0.9889,bad-open-print
GOOG,2022-07-18,FORWARD_SPLIT,20.0,yahoo,corroborated,19.674,20.4989,persistent
GOOGL,2022-07-18,FORWARD_SPLIT,20.0,yahoo,corroborated,19.6902,20.4918,persistent
GORO,2026-07-10,REVERSE_SPLIT,0.25,yahoo,not-corroborated,1.0116,1.0156,bad-open-print
GORV,2025-07-14,REVERSE_SPLIT,0.037037,inband,corroborated,0.0353,0.0321,persistent
GOVX,2024-01-31,REVERSE_SPLIT,0.066667,yahoo,corroborated,0.0719,0.0748,persistent
GOVX,2026-01-12,REVERSE_SPLIT,0.04,yahoo,corroborated,0.0465,0.0463,persistent
GOVZ,2026-05-05,REVERSE_SPLIT,0.25,yahoo,corroborated,0.2487,0.2477,persistent
GP,2025-09-08,REVERSE_SPLIT,0.1,yahoo,drifted,0.0709,0.0737,persistent
GPGI,2025-02-28,FORWARD_SPLIT,1.204,yahoo,ex-date-absent,,,
GPL,2022-07-25,REVERSE_SPLIT,0.105263,inband,corroborated,0.1115,0.1165,persistent
GPUS,2023-05-18,REVERSE_SPLIT,0.00333333333333,yahoo,ex-date-absent,,,
GPUS,2023-06-23,FORWARD_SPLIT,1.318,yahoo,ex-date-absent,,,
GPUS,2024-01-17,REVERSE_SPLIT,0.04,yahoo,ex-date-absent,,,
GPUS,2024-04-12,FORWARD_SPLIT,1.024,yahoo,ex-date-absent,,,
GPUS,2024-11-25,REVERSE_SPLIT,0.028571,yahoo,corroborated,0.0314,0.0277,persistent
GPUS,2026-08-25,REVERSE_SPLIT,0.2,yahoo,corroborated,0.1915,0.2341,persistent
GRCE,2023-07-10,REVERSE_SPLIT,0.166666666667,yahoo,ex-date-absent,,,
GRDX,2021-09-13,REVERSE_SPLIT,0.1,yahoo,ex-date-absent,,,
GRDX,2022-08-26,REVERSE_SPLIT,0.0333333333333,yahoo,ex-date-absent,,,
GRDX,2023-01-18,REVERSE_SPLIT,0.142857142857,yahoo,ex-date-absent,,,
GRDX,2023-12-18,REVERSE_SPLIT,0.05,yahoo,ex-date-absent,,,
GRDX,2025-08-18,REVERSE_SPLIT,0.333333333333,yahoo,ex-date-absent,,,
GREE,2023-05-16,REVERSE_SPLIT,0.1,inband,corroborated,0.1074,0.0923,persistent
GRI,2023-04-24,REVERSE_SPLIT,0.0333333333333,yahoo,no-prev-bar,,,
GRI,2024-01-30,REVERSE_SPLIT,0.142857,yahoo,corroborated,0.128,0.126,persistent
GRI,2024-06-18,REVERSE_SPLIT,0.076923,yahoo,corroborated,0.0715,0.0756,persistent
GRI,2025-02-24,REVERSE_SPLIT,0.0588235294118,yahoo,ex-date-absent,,,
GRI,2026-01-26,REVERSE_SPLIT,0.035714,yahoo,corroborated,0.0331,0.037,persistent
GRML,2026-08-24,REVERSE_SPLIT,0.02,yahoo,corroborated,0.022,0.0236,persistent
GRNQ,2022-07-28,REVERSE_SPLIT,0.1,yahoo,ex-date-absent,,,
GRNQ,2026-08-06,REVERSE_SPLIT,0.1,yahoo,ex-date-absent,,,
GROM,2022-12-09,REVERSE_SPLIT,0.033333,yahoo,not-corroborated,0.0654,0.1017,persistent
GROM,2023-09-07,REVERSE_SPLIT,0.05,yahoo,drifted,0.0471,0.07,persistent
GROV,2023-06-06,REVERSE_SPLIT,0.2,yahoo,corroborated,0.1714,0.1953,persistent
GRRR,2024-04-15,REVERSE_SPLIT,0.1,yahoo,corroborated,0.1005,0.1142,persistent
GSAT,2025-02-11,REVERSE_SPLIT,0.066667,yahoo,corroborated,0.0582,0.0643,persistent
GSIW,2026-03-06,REVERSE_SPLIT,0.005,yahoo,ex-date-absent,,,
GSK,2022-07-19,REVERSE_SPLIT,0.8,yahoo,ex-date-absent,,,
GSK,2022-07-22,FORWARD_SPLIT,1.226,yahoo,drifted,0.9633,0.9555,bad-open-print
GSOL,2024-12-09,FORWARD_SPLIT,5.0,yahoo,ex-date-absent,,,
GSUN,2024-04-19,REVERSE_SPLIT,0.1,yahoo,drifted,0.1059,0.1321,persistent
GTBP,2024-02-05,REVERSE_SPLIT,0.033333,yahoo,corroborated,0.0363,0.0363,persistent
GTE,2023-05-05,REVERSE_SPLIT,0.1,yahoo,corroborated,0.0946,0.0973,persistent
GTH,2023-10-26,REVERSE_SPLIT,0.338462,inband,ex-date-absent,,,
GURE,2025-10-27,REVERSE_SPLIT,0.1,yahoo,corroborated,0.0983,0.0983,persistent
GUSH,2023-08-28,FORWARD_SPLIT,4.0,yahoo,corroborated,3.9482,3.9574,persistent
GV,2024-05-29,REVERSE_SPLIT,0.0625,inband,drifted,0.092,0.0936,persistent
GVH,2025-07-21,REVERSE_SPLIT,0.005,yahoo,corroborated,0.0065,0.0052,persistent
GWAV,2022-02-28,REVERSE_SPLIT,0.00333333333333,yahoo,ex-date-absent,,,
GWAV,2024-06-03,REVERSE_SPLIT,0.006667,yahoo,drifted,0.009,0.0093,persistent
GWAV,2025-08-25,REVERSE_SPLIT,0.009091,yahoo,corroborated,0.0093,0.0085,persistent
GWH,2024-08-26,REVERSE_SPLIT,0.066667,yahoo,corroborated,0.0774,0.0653,persistent
GXAI,2024-03-08,REVERSE_SPLIT,0.083333,yahoo,corroborated,0.0867,0.0835,persistent
GYRE,2023-10-31,REVERSE_SPLIT,0.0666666666667,yahoo,ex-date-absent,,,
HALL,2023-01-03,REVERSE_SPLIT,0.107692,inband,corroborated,0.087,0.087,persistent
HAO,2025-01-27,REVERSE_SPLIT,0.04,inband,corroborated,0.0443,0.0388,persistent
HAO,2026-05-21,REVERSE_SPLIT,0.007812,yahoo,corroborated,0.0084,0.0095,persistent
HAO,2026-08-14,REVERSE_SPLIT,0.05,yahoo,corroborated,0.0439,0.0411,persistent
HARP,2023-09-05,REVERSE_SPLIT,0.109375,inband,corroborated,0.1083,0.1035,persistent
HBIO,2026-03-16,REVERSE_SPLIT,0.1,yahoo,corroborated,0.1005,0.0939,persistent
HCAI,2026-04-13,REVERSE_SPLIT,0.033333,yahoo,drifted,0.0247,0.0247,persistent
HCDI,2023-03-06,REVERSE_SPLIT,0.052632,inband,corroborated,0.0556,0.0571,persistent
HCTI,2023-05-26,REVERSE_SPLIT,0.1,yahoo,corroborated,0.119,0.0938,persistent
HCTI,2025-08-01,REVERSE_SPLIT,0.004016,yahoo,not-corroborated,0.0083,0.0066,persistent
HCTI,2026-02-10,REVERSE_SPLIT,0.016667,yahoo,corroborated,0.0167,0.0173,persistent
HCWB,2025-04-11,REVERSE_SPLIT,0.025,yahoo,ex-date-absent,,,
HCWB,2026-06-30,REVERSE_SPLIT,0.166667,yahoo,corroborated,0.1727,0.1705,persistent
HCWC,2026-08-31,REVERSE_SPLIT,0.028571,yahoo,corroborated,0.0199,0.0282,persistent
HDB,2025-09-08,FORWARD_SPLIT,2.0,yahoo,corroborated,1.9938,1.9955,persistent
HDRO,2024-10-07,REVERSE_SPLIT,0.130435,inband,ex-date-absent,,,
HDV,2026-04-29,FORWARD_SPLIT,5.0,yahoo,corroborated,4.9879,4.9713,persistent
HEAL,2025-09-02,REVERSE_SPLIT,0.333333,yahoo,corroborated,0.3352,0.3374,persistent
HEDJ,2023-08-10,FORWARD_SPLIT,2.0,yahoo,corroborated,1.9993,1.9993,persistent
HELP,2024-09-19,REVERSE_SPLIT,0.0263157894737,yahoo,ex-date-absent,,,
HEPA,2023-05-11,REVERSE_SPLIT,0.05,yahoo,corroborated,0.0546,0.0544,persistent
HEPA,2025-03-18,REVERSE_SPLIT,0.02,yahoo,drifted,0.0222,0.026,persistent
HERZ,2021-11-18,FORWARD_SPLIT,1.034,yahoo,ex-date-absent,,,
HERZ,2026-02-09,REVERSE_SPLIT,0.1,yahoo,corroborated,0.1099,0.1099,persistent
HEXO,2022-12-19,REVERSE_SPLIT,0.083333,inband,corroborated,0.0647,0.0902,persistent
HHH,2024-08-01,FORWARD_SPLIT,1.049,yahoo,corroborated,1.042,1.0845,persistent
HIBS,2023-08-28,REVERSE_SPLIT,0.1,yahoo,corroborated,0.1035,0.1023,persistent
HIBS,2026-03-05,REVERSE_SPLIT,0.1,yahoo,corroborated,0.0999,0.098,persistent
HIMZ,2026-03-19,REVERSE_SPLIT,0.071429,yahoo,corroborated,0.0743,0.0659,persistent
HIND,2022-12-23,REVERSE_SPLIT,0.02,yahoo,ex-date-absent,,,
HIND,2024-09-23,REVERSE_SPLIT,0.0172413793103,yahoo,ex-date-absent,,,
HIND,2025-05-09,REVERSE_SPLIT,0.04,yahoo,ex-date-absent,,,
HIND,2025-08-15,REVERSE_SPLIT,0.25,yahoo,no-prev-bar,,,
HIPO,2022-09-30,REVERSE_SPLIT,0.04,yahoo,corroborated,0.0399,0.04,persistent
HIVE,2022-05-24,REVERSE_SPLIT,0.2,yahoo,corroborated,0.2155,0.2222,persistent
HKIT,2026-04-06,REVERSE_SPLIT,0.02,yahoo,corroborated,0.0135,0.0196,persistent
HKIT,2026-05-29,REVERSE_SPLIT,0.333333,yahoo,corroborated,0.2673,0.2816,bad-open-print
HKIT,2026-07-06,REVERSE_SPLIT,0.04,yahoo,corroborated,0.0366,0.0413,persistent
HLGN,2023-09-01,REVERSE_SPLIT,0.03,inband,corroborated,0.0306,0.0245,persistent
HLVX,2024-07-08,FORWARD_SPLIT,8.75,inband,corroborated,10.3704,8.75,persistent
HODL,2025-02-14,FORWARD_SPLIT,4.0,yahoo,corroborated,3.9879,3.9589,persistent
HODO,2026-06-01,REVERSE_SPLIT,0.125,yahoo,ex-date-absent,,,
HOFV,2022-12-27,REVERSE_SPLIT,0.038462,inband,drifted,0.0523,0.0507,persistent
HOLO,2024-02-02,REVERSE_SPLIT,0.1,yahoo,ex-date-absent,,,
HOLO,2024-10-09,REVERSE_SPLIT,0.05,yahoo,drifted,0.039,0.0396,persistent
HOLO,2025-04-21,REVERSE_SPLIT,0.025,yahoo,drifted,0.023,0.0315,persistent
HON,2025-10-30,FORWARD_SPLIT,1.061,yahoo,corroborated,1.055,1.0639,persistent
HON,2026-06-29,REVERSE_SPLIT,0.9535,yahoo,corroborated,0.9965,1.0158,persistent
HOOK,2024-07-10,REVERSE_SPLIT,0.103448,inband,corroborated,0.0947,0.0945,persistent
HOOX,2025-12-09,FORWARD_SPLIT,4.0,yahoo,corroborated,3.8993,3.7818,persistent
HOOX,2026-03-19,REVERSE_SPLIT,0.333333333333,yahoo,ex-date-absent,,,
HPCO,2024-03-13,REVERSE_SPLIT,0.1,yahoo,corroborated,0.0923,0.0802,persistent
HPP,2025-12-02,REVERSE_SPLIT,0.142857,yahoo,corroborated,0.141,0.1393,persistent
HSCS,2024-05-17,REVERSE_SPLIT,0.01,yahoo,not-corroborated,0.0146,0.0169,persistent
HSDT,2023-08-17,REVERSE_SPLIT,0.02,yahoo,corroborated,0.02,0.0236,persistent
HSDT,2025-05-02,REVERSE_SPLIT,0.066667,yahoo,corroborated,0.0685,0.0685,persistent
HSDT,2025-07-01,REVERSE_SPLIT,0.02,yahoo,corroborated,0.0198,0.0195,persistent
HSTO,2022-06-03,REVERSE_SPLIT,0.055556,inband,corroborated,0.0497,0.0497,persistent
HTCO,2025-08-08,REVERSE_SPLIT,0.04,yahoo,ex-date-absent,,,
HTCR,2026-04-06,REVERSE_SPLIT,0.05,yahoo,corroborated,0.0452,0.0452,persistent
HTGM,2022-12-21,REVERSE_SPLIT,0.1,inband,corroborated,0.0881,0.1072,persistent
HTOO,2025-07-14,REVERSE_SPLIT,0.028571,yahoo,drifted,0.0463,0.0375,persistent
HUBC,2023-12-15,REVERSE_SPLIT,0.1,yahoo,corroborated,0.0681,0.0879,persistent
HUBC,2025-03-31,REVERSE_SPLIT,0.1,yahoo,ex-date-absent,,,
HUBC,2026-01-16,REVERSE_SPLIT,0.066667,yahoo,corroborated,0.0615,0.0636,persistent
HUBC,2026-04-20,REVERSE_SPLIT,0.02,yahoo,drifted,0.0249,0.0258,persistent
HUBC,2026-06-08,REVERSE_SPLIT,0.05,yahoo,not-corroborated,0.0494,0.1102,persistent
HUBG,2024-01-29,FORWARD_SPLIT,2.0,yahoo,corroborated,1.9686,2.0195,persistent
HUIZ,2024-12-09,REVERSE_SPLIT,0.2,yahoo,not-corroborated,0.1703,0.0847,persistent
HURA,2022-11-14,REVERSE_SPLIT,0.02,yahoo,ex-date-absent,,,
HURA,2024-10-18,REVERSE_SPLIT,0.0285714285714,yahoo,no-prev-bar,,,
HUT,2023-12-04,REVERSE_SPLIT,0.2,yahoo,corroborated,0.1901,0.2154,persistent
HWBK,2022-06-14,FORWARD_SPLIT,1.04,yahoo,ex-date-absent,,,
HWBK,2023-06-14,FORWARD_SPLIT,1.04,yahoo,corroborated,1.0092,1.0371,persistent
HWH,2025-02-24,REVERSE_SPLIT,0.2,yahoo,corroborated,0.1804,0.1825,persistent
HYBI,2024-12-27,REVERSE_SPLIT,0.2,yahoo,ex-date-absent,,,
HYDR,2024-06-17,REVERSE_SPLIT,0.2,yahoo,corroborated,0.2029,0.2058,persistent
HYFM,2025-02-13,REVERSE_SPLIT,0.1,yahoo,corroborated,0.0846,0.0846,persistent
HYMB,2023-01-12,FORWARD_SPLIT,2.0,yahoo,corroborated,1.9941,1.9917,persistent
HYMC,2023-11-15,REVERSE_SPLIT,0.1,yahoo,corroborated,0.1072,0.0804,persistent
HYPD,2025-02-03,REVERSE_SPLIT,0.0125,yahoo,ex-date-absent,,,
IAF,2025-10-23,REVERSE_SPLIT,0.333333,yahoo,corroborated,0.3373,0.3373,persistent
IBG,2025-09-26,REVERSE_SPLIT,0.2,yahoo,corroborated,0.2336,0.2447,persistent
IBG,2026-01-30,REVERSE_SPLIT,0.2,yahoo,corroborated,0.1721,0.1721,persistent
IBIO,2022-10-10,REVERSE_SPLIT,0.04,yahoo,corroborated,0.0437,0.047,persistent
IBIO,2023-11-29,REVERSE_SPLIT,0.05,yahoo,corroborated,0.0554,0.0554,persistent
IBKR,2025-06-18,FORWARD_SPLIT,4.0,yahoo,corroborated,3.9763,3.9574,persistent
IBM,2021-11-04,FORWARD_SPLIT,1.046,yahoo,corroborated,1.0323,1.052,persistent
ICCM,2026-06-04,REVERSE_SPLIT,0.033333,yahoo,corroborated,0.0302,0.0282,persistent
ICCT,2024-12-23,REVERSE_SPLIT,0.046154,inband,corroborated,0.0473,0.042,persistent
ICLK,2022-11-14,REVERSE_SPLIT,0.096774,inband,ex-date-absent,,,
ICON,2025-04-01,REVERSE_SPLIT,0.025,yahoo,corroborated,0.0271,0.0259,persistent
ICON,2026-01-08,REVERSE_SPLIT,0.2,yahoo,corroborated,0.1539,0.1704,persistent
ICU,2024-06-10,REVERSE_SPLIT,0.04,yahoo,drifted,0.0477,0.0532,persistent
ICU,2026-01-05,REVERSE_SPLIT,0.1,yahoo,corroborated,0.1003,0.0994,persistent
IDAI,2023-03-23,REVERSE_SPLIT,0.2,yahoo,corroborated,0.2232,0.2232,persistent
IDAI,2025-01-06,REVERSE_SPLIT,0.07,inband,corroborated,0.0716,0.0738,persistent
IDEX,2022-06-10,FORWARD_SPLIT,1.391304,inband,drifted,1.0056,1.047,persistent
IDR,2021-12-06,REVERSE_SPLIT,0.0714285714286,yahoo,ex-date-absent,,,
IESC,2026-08-24,FORWARD_SPLIT,2.0,yahoo,corroborated,2.027,2.1209,persistent
IFBD,2022-09-09,REVERSE_SPLIT,0.2,yahoo,corroborated,0.1107,0.178,persistent
IFBD,2023-05-15,REVERSE_SPLIT,0.2,yahoo,corroborated,0.2714,0.2092,persistent
IFBD,2023-11-20,REVERSE_SPLIT,0.05,yahoo,corroborated,0.0583,0.0552,persistent
IFBD,2024-03-04,REVERSE_SPLIT,0.125,yahoo,drifted,0.1545,0.1612,persistent
IGM,2024-03-07,FORWARD_SPLIT,6.0,yahoo,corroborated,5.9381,5.8693,persistent
IGPT,2023-07-17,FORWARD_SPLIT,3.0,yahoo,ex-date-absent,,,
IGV,2024-03-07,FORWARD_SPLIT,5.0,yahoo,corroborated,4.9592,4.9377,persistent
IHE,2024-03-07,FORWARD_SPLIT,3.0,yahoo,corroborated,2.9797,2.9827,persistent
IHF,2024-03-07,FORWARD_SPLIT,5.0,yahoo,corroborated,4.9627,4.9525,persistent
IIVI,2023-02-23,REVERSE_SPLIT,0.214286,inband,corroborated,0.2137,0.2148,persistent
IJH,2024-02-22,FORWARD_SPLIT,5.0,yahoo,corroborated,4.9717,4.9272,persistent
IKT,2023-06-30,REVERSE_SPLIT,0.166667,yahoo,corroborated,0.1903,0.1691,persistent
ILAG,2025-12-30,REVERSE_SPLIT,0.1,yahoo,corroborated,0.1033,0.1037,persistent
ILLR,2024-10-02,FORWARD_SPLIT,1.936,yahoo,ex-date-absent,,,
ILLR,2024-10-16,REVERSE_SPLIT,0.25,yahoo,no-prev-bar,,,
ILLR,2026-06-23,REVERSE_SPLIT,0.1,yahoo,not-corroborated,0.1051,0.2006,persistent
ILMN,2024-06-25,FORWARD_SPLIT,1.028,yahoo,corroborated,1.0204,1.0052,persistent
IMA,2025-07-28,REVERSE_SPLIT,0.0833333333333,yahoo,ex-date-absent,,,
IMCC,2022-11-17,REVERSE_SPLIT,0.1,yahoo,drifted,0.1453,0.1453,persistent
IMCC,2024-07-12,REVERSE_SPLIT,0.166667,yahoo,corroborated,0.157,0.1493,persistent
IMCC,2026-08-27,REVERSE_SPLIT,0.033333,yahoo,corroborated,0.033,0.0283,persistent
IMDX,2023-07-25,REVERSE_SPLIT,0.05,yahoo,ex-date-absent,,,
IMG,2025-12-05,REVERSE_SPLIT,0.05,inband,corroborated,0.0415,0.0431,persistent
IMNN,2022-03-01,REVERSE_SPLIT,0.0666666666667,yahoo,ex-date-absent,,,
IMNN,2025-07-25,REVERSE_SPLIT,0.066667,yahoo,corroborated,0.073,0.0739,persistent
IMNN,2025-08-07,FORWARD_SPLIT,1.15,yahoo,corroborated,1.1107,1.1307,persistent
IMPP,2023-04-28,REVERSE_SPLIT,0.066667,yahoo,corroborated,0.0697,0.0632,persistent
IMRA,2025-04-04,REVERSE_SPLIT,0.138462,inband,ex-date-absent,,,
IMTE,2023-10-17,REVERSE_SPLIT,0.1,yahoo,drifted,0.1144,0.1266,persistent
IMUX,2026-04-27,REVERSE_SPLIT,0.1,yahoo,corroborated,0.1012,0.0875,persistent
INAB,2025-06-06,REVERSE_SPLIT,0.033333,yahoo,corroborated,0.0358,0.032,persistent
INBS,2023-02-10,REVERSE_SPLIT,0.05,yahoo,corroborated,0.0577,0.0577,persistent
INBS,2024-01-29,REVERSE_SPLIT,0.083333,yahoo,drifted,0.0731,0.0658,persistent
INBS,2025-12-16,REVERSE_SPLIT,0.1,yahoo,ex-date-absent,,,
INCR,2026-08-24,REVERSE_SPLIT,0.2,yahoo,corroborated,0.1467,0.1638,persistent
INDP,2025-06-27,REVERSE_SPLIT,0.035714,yahoo,corroborated,0.0471,0.0394,persistent
INHD,2024-10-10,REVERSE_SPLIT,0.1,yahoo,drifted,0.1447,0.1426,persistent
INHD,2025-12-22,REVERSE_SPLIT,0.041667,yahoo,corroborated,0.0394,0.044,persistent
INHD,2026-05-04,REVERSE_SPLIT,0.05,yahoo,corroborated,0.0434,0.0429,persistent
INKT,2025-01-28,REVERSE_SPLIT,0.1,yahoo,not-corroborated,0.1117,0.1613,persistent
INLF,2026-04-06,REVERSE_SPLIT,0.0625,yahoo,ex-date-absent,,,
INLF,2026-07-06,REVERSE_SPLIT,0.005,yahoo,drifted,0.0046,0.0035,persistent
INM,2022-09-07,REVERSE_SPLIT,0.04,yahoo,corroborated,0.0358,0.0429,persistent
INM,2024-11-14,REVERSE_SPLIT,0.05,yahoo,corroborated,0.0513,0.0466,persistent
INMD,2021-10-01,FORWARD_SPLIT,2.0,yahoo,corroborated,2.0048,2.0221,persistent
INO,2024-01-25,REVERSE_SPLIT,0.083333,yahoo,corroborated,0.0856,0.0844,persistent
INPX,2022-10-07,REVERSE_SPLIT,0.014286,inband,corroborated,0.0154,0.0175,persistent
INSG,2024-01-24,REVERSE_SPLIT,0.1,yahoo,corroborated,0.0992,0.0823,persistent
INTJ,2026-02-17,REVERSE_SPLIT,0.05,yahoo,ex-date-absent,,,
INTL,2024-04-15,REVERSE_SPLIT,0.416667,inband,ex-date-absent,,,
INTS,2026-02-19,REVERSE_SPLIT,0.04,yahoo,corroborated,0.0442,0.0378,persistent
INTW,2026-06-26,FORWARD_SPLIT,8.0,yahoo,corroborated,8.4659,8.5424,persistent
INTZ,2024-03-25,REVERSE_SPLIT,0.05,yahoo,corroborated,0.0477,0.0541,persistent
INUV,2025-06-10,REVERSE_SPLIT,0.1,yahoo,corroborated,0.1076,0.1124,persistent
INV,2025-02-20,FORWARD_SPLIT,1.5625,inband,drifted,1.0046,1.0233,persistent
IONM,2021-09-08,REVERSE_SPLIT,0.2,yahoo,ex-date-absent,,,
IONM,2023-03-06,REVERSE_SPLIT,0.05,yahoo,corroborated,0.0427,0.0427,persistent
IONM,2024-07-09,REVERSE_SPLIT,0.055556,yahoo,corroborated,0.069,0.0641,persistent
IONX,2025-12-09,FORWARD_SPLIT,2.0,yahoo,corroborated,2.0122,1.9686,persistent
IONX,2026-03-19,REVERSE_SPLIT,0.333333,yahoo,corroborated,0.3627,0.3474,persistent
IONZ,2025-12-09,REVERSE_SPLIT,0.166667,yahoo,corroborated,0.1622,0.1675,persistent
IOTR,2025-11-10,REVERSE_SPLIT,0.1,yahoo,ex-date-absent,,,
IP,2021-10-01,FORWARD_SPLIT,1.056,yahoo,corroborated,1.0492,1.0499,persistent
IPDN,2023-01-05,REVERSE_SPLIT,0.5,yahoo,corroborated,0.51,0.51,persistent
IPDN,2025-03-13,REVERSE_SPLIT,0.1,yahoo,corroborated,0.0913,0.0913,persistent
IPST,2025-11-05,REVERSE_SPLIT,0.05,yahoo,corroborated,0.0473,0.0606,persistent
IPST,2026-04-23,REVERSE_SPLIT,0.05,yahoo,corroborated,0.0499,0.0504,persistent
IPW,2025-10-27,REVERSE_SPLIT,0.033333,yahoo,corroborated,0.0312,0.0296,persistent
IPW,2026-05-22,REVERSE_SPLIT,0.125,yahoo,corroborated,0.1244,0.1198,persistent
IPW,2026-08-07,REVERSE_SPLIT,0.111111,yahoo,corroborated,0.0972,0.0987,persistent
IQST,2025-05-02,REVERSE_SPLIT,0.0125,yahoo,ex-date-absent,,,
IQST,2025-12-15,FORWARD_SPLIT,1.017,yahoo,corroborated,1.0515,1.0515,persistent
IRBA,2023-04-19,REVERSE_SPLIT,0.4,inband,ex-date-absent,,,
IRE,2026-03-20,REVERSE_SPLIT,0.25,yahoo,corroborated,0.2567,0.254,persistent
IREX,2026-03-10,REVERSE_SPLIT,0.333333,yahoo,corroborated,0.3308,0.3461,persistent
IREZ,2026-07-21,REVERSE_SPLIT,0.333333,yahoo,corroborated,0.3585,0.3439,persistent
IRON,2022-12-30,REVERSE_SPLIT,0.0333333333333,yahoo,no-prev-bar,,,
IRS,2023-10-03,REVERSE_SPLIT,0.907,yahoo,corroborated,0.91,0.9568,persistent
ISOU,2025-03-24,REVERSE_SPLIT,0.25,yahoo,ex-date-absent,,,
ISPC,2024-09-16,REVERSE_SPLIT,0.05,yahoo,corroborated,0.0522,0.0429,persistent
ISPC,2026-04-28,REVERSE_SPLIT,0.025,yahoo,corroborated,0.024,0.0269,persistent
ISPO,2023-10-17,REVERSE_SPLIT,0.055556,inband,corroborated,0.0462,0.0462,persistent
ISRG,2021-10-05,FORWARD_SPLIT,3.0,yahoo,corroborated,2.973,2.9372,persistent
ITP,2022-07-08,REVERSE_SPLIT,0.1,yahoo,corroborated,0.11,0.109,persistent
ITRM,2022-08-18,REVERSE_SPLIT,0.071429,inband,corroborated,0.0764,0.0769,persistent
ITUB,2021-10-04,FORWARD_SPLIT,1.213,yahoo,corroborated,1.2354,1.2382,persistent
ITUB,2025-03-19,FORWARD_SPLIT,1.1,yahoo,corroborated,1.0941,1.096,persistent
ITUB,2025-12-29,FORWARD_SPLIT,1.03,yahoo,corroborated,1.0428,1.0413,persistent
IVDA,2022-04-01,REVERSE_SPLIT,0.125,yahoo,no-prev-bar,,,
IVDA,2024-09-17,REVERSE_SPLIT,0.125,yahoo,corroborated,0.1296,0.1435,persistent
IVF,2023-07-28,REVERSE_SPLIT,0.05,yahoo,ex-date-absent,,,
IVF,2025-03-18,REVERSE_SPLIT,0.0833333333333,yahoo,ex-date-absent,,,
IVF,2025-07-21,REVERSE_SPLIT,0.333333,yahoo,corroborated,0.3407,0.3407,persistent
IVF,2025-11-28,REVERSE_SPLIT,0.125,yahoo,corroborated,0.1269,0.1122,persistent
IVF,2026-03-27,REVERSE_SPLIT,0.2,yahoo,corroborated,0.2073,0.232,persistent
IVOG,2023-03-14,FORWARD_SPLIT,2.0,yahoo,ex-date-absent,,,
IVOO,2023-03-14,FORWARD_SPLIT,2.0,yahoo,ex-date-absent,,,
IVOV,2023-03-14,FORWARD_SPLIT,2.0,yahoo,corroborated,2.0467,2.0626,persistent
IVP,2025-01-27,REVERSE_SPLIT,0.04,inband,corroborated,0.0388,0.0378,persistent
IVR,2022-06-06,REVERSE_SPLIT,0.1,yahoo,corroborated,0.1013,0.1045,persistent
IWF,2026-04-29,FORWARD_SPLIT,4.0,yahoo,corroborated,4.0164,4.0077,persistent
IWFL,2024-08-29,REVERSE_SPLIT,0.675,inband,ex-date-absent,,,
IWML,2022-06-30,FORWARD_SPLIT,1.666667,inband,ex-date-absent,,,
IWML,2024-05-09,FORWARD_SPLIT,1.538462,inband,ex-date-absent,,,
IWMY,2024-08-01,REVERSE_SPLIT,0.333333,yahoo,corroborated,0.3343,0.3439,persistent
IX,2025-02-28,FORWARD_SPLIT,5.0,yahoo,corroborated,5.0226,5.0054,persistent
IXHL,2026-02-27,REVERSE_SPLIT,0.033333,yahoo,corroborated,0.0333,0.04,persistent
IYG,2024-03-07,FORWARD_SPLIT,3.0,yahoo,corroborated,2.9826,2.9984,persistent
IYH,2024-03-07,FORWARD_SPLIT,5.0,yahoo,corroborated,4.9759,4.9687,persistent
IYK,2024-03-07,FORWARD_SPLIT,3.0,yahoo,ex-date-absent,,,
IYT,2024-03-07,FORWARD_SPLIT,4.0,yahoo,corroborated,3.9818,3.9739,persistent
IZEA,2023-06-16,REVERSE_SPLIT,0.25,yahoo,corroborated,0.2644,0.2453,persistent
J,2024-09-30,FORWARD_SPLIT,1.197,yahoo,corroborated,1.1856,1.1882,persistent
J,2025-05-16,FORWARD_SPLIT,1.01,yahoo,corroborated,1.0033,0.9971,persistent
JAGX,2021-09-08,REVERSE_SPLIT,0.333333,yahoo,corroborated,0.3227,0.3627,persistent
JAGX,2023-01-23,REVERSE_SPLIT,0.013333,yahoo,corroborated,0.0144,0.016,persistent
JAGX,2024-05-23,REVERSE_SPLIT,0.016667,yahoo,drifted,0.0178,0.0246,persistent
JAGX,2025-03-24,REVERSE_SPLIT,0.04,yahoo,corroborated,0.0436,0.0383,persistent
JAGX,2026-04-30,REVERSE_SPLIT,0.028571,yahoo,corroborated,0.0307,0.0309,persistent
JBDI,2026-06-30,REVERSE_SPLIT,0.5,yahoo,corroborated,0.4676,0.5117,persistent
JBIO,2025-04-29,REVERSE_SPLIT,0.0285714285714,yahoo,no-prev-bar,,,
JCSE,2023-10-16,REVERSE_SPLIT,0.333333333333,yahoo,ex-date-absent,,,
JDST,2024-07-01,REVERSE_SPLIT,0.1,yahoo,corroborated,0.1019,0.0994,persistent
JDST,2026-03-05,REVERSE_SPLIT,0.05,yahoo,corroborated,0.0487,0.0463,persistent
JDZG,2025-06-24,REVERSE_SPLIT,0.125,yahoo,drifted,0.1043,0.0982,persistent
JDZG,2026-03-23,REVERSE_SPLIT,0.04,yahoo,corroborated,0.04,0.0423,persistent
JDZG,2026-06-01,REVERSE_SPLIT,0.1,yahoo,corroborated,0.0939,0.0961,persistent
JEF,2023-01-17,FORWARD_SPLIT,1.046,yahoo,corroborated,1.0412,1.0561,persistent
JEM,2026-04-13,REVERSE_SPLIT,0.05,yahoo,corroborated,0.0559,0.0523,persistent
JEM,2026-07-14,REVERSE_SPLIT,0.083333,yahoo,corroborated,0.0815,0.0844,persistent
JEPY,2024-08-01,REVERSE_SPLIT,0.333333,inband,ex-date-absent,,,
JF,2022-05-16,REVERSE_SPLIT,0.2,yahoo,ex-date-absent,,,
JFB,2026-03-25,FORWARD_SPLIT,2.0,yahoo,corroborated,1.9643,2.1599,persistent
JFBR,2024-11-20,REVERSE_SPLIT,0.076923,inband,corroborated,0.0866,0.0699,persistent
JFBR,2025-06-16,REVERSE_SPLIT,0.0625,inband,corroborated,0.0598,0.0512,persistent
JFBR,2026-02-17,REVERSE_SPLIT,0.09,inband,corroborated,0.0738,0.081,persistent
JFU,2023-01-18,REVERSE_SPLIT,0.05,yahoo,ex-date-absent,,,
JG,2023-12-11,REVERSE_SPLIT,0.05,yahoo,corroborated,0.0545,0.0545,persistent
JL,2024-12-10,REVERSE_SPLIT,0.1,yahoo,corroborated,0.086,0.1036,persistent
JNVR,2024-12-30,REVERSE_SPLIT,0.115385,inband,corroborated,0.1234,0.1413,persistent
JOBX,2026-03-10,REVERSE_SPLIT,0.333333,yahoo,corroborated,0.3059,0.3059,persistent
JRI,2026-02-06,FORWARD_SPLIT,1.007,yahoo,corroborated,1.0078,1.0023,persistent
JSPR,2024-01-04,REVERSE_SPLIT,0.1,yahoo,corroborated,0.1055,0.1037,persistent
JTAI,2024-11-12,REVERSE_SPLIT,0.004444,yahoo,drifted,0.0058,0.0059,persistent
JTAI,2026-04-08,REVERSE_SPLIT,0.005,yahoo,drifted,0.0034,0.0066,persistent
JTAI,2026-07-15,FORWARD_SPLIT,10.548,yahoo,not-corroborated,0.7578,1.5597,persistent
JTAIZ,2023-10-30,FORWARD_SPLIT,1.444444,inband,ex-date-absent,,,
JTAIZ,2024-02-09,FORWARD_SPLIT,1.421053,inband,ex-date-absent,,,
JUNS,2026-08-07,REVERSE_SPLIT,0.013333,yahoo,corroborated,0.0155,0.0139,persistent
JWEL,2023-10-27,REVERSE_SPLIT,0.0625,yahoo,drifted,0.0794,0.0828,persistent
JXG,2023-04-26,REVERSE_SPLIT,0.1,yahoo,ex-date-absent,,,
JXG,2025-11-21,REVERSE_SPLIT,0.066667,yahoo,corroborated,0.0709,0.0709,persistent
JYD,2025-10-13,REVERSE_SPLIT,0.02,yahoo,corroborated,0.0227,0.0243,persistent
JZ,2024-02-20,REVERSE_SPLIT,0.333333,yahoo,drifted,0.2888,0.2333,persistent
JZ,2025-06-16,REVERSE_SPLIT,0.1,yahoo,ex-date-absent,,,
JZ,2026-07-06,REVERSE_SPLIT,0.033333,yahoo,corroborated,0.0378,0.0354,persistent
JZXN,2023-07-10,REVERSE_SPLIT,0.055556,yahoo,corroborated,0.0587,0.0587,persistent
JZXN,2024-07-03,REVERSE_SPLIT,0.076923,yahoo,drifted,0.0939,0.0985,persistent
JZXN,2025-12-11,REVERSE_SPLIT,0.025,yahoo,corroborated,0.0186,0.0249,persistent
KALA,2022-10-21,REVERSE_SPLIT,0.02,yahoo,corroborated,0.0196,0.0248,persistent
KALA,2026-05-11,REVERSE_SPLIT,0.02,yahoo,corroborated,0.0211,0.0196,persistent
KAPA,2026-09-01,REVERSE_SPLIT,0.142857,yahoo,corroborated,0.144,0.144,persistent
KAVL,2024-01-25,REVERSE_SPLIT,0.047619,yahoo,corroborated,0.0502,0.0479,persistent
KEEX,2026-03-20,REVERSE_SPLIT,0.5,yahoo,ex-date-absent,,,
KG,2025-05-28,REVERSE_SPLIT,0.05,yahoo,no-prev-bar,,,
KGEI,2022-05-19,REVERSE_SPLIT,0.1,yahoo,ex-date-absent,,,
KIDZ,2026-03-10,REVERSE_SPLIT,0.02,yahoo,corroborated,0.0192,0.0222,persistent
KIDZ,2026-06-08,REVERSE_SPLIT,0.1,yahoo,corroborated,0.0921,0.0989,persistent
KIDZ,2026-08-13,REVERSE_SPLIT,0.066667,yahoo,corroborated,0.0653,0.0698,persistent
KITT,2024-07-23,REVERSE_SPLIT,0.027778,yahoo,corroborated,0.0293,0.0271,persistent
KITT,2025-09-05,REVERSE_SPLIT,0.111111,yahoo,corroborated,0.1123,0.1246,persistent
KITT,2026-04-21,REVERSE_SPLIT,0.125,yahoo,corroborated,0.1319,0.1297,persistent
KLAC,2026-06-12,FORWARD_SPLIT,10.0,yahoo,corroborated,10.023,9.4676,persistent
KLIP,2025-01-01,REVERSE_SPLIT,0.333333333333,yahoo,ex-date-absent,,,
KLIP,2025-01-02,REVERSE_SPLIT,0.333333,yahoo,corroborated,0.3412,0.3418,persistent
KLRS,2025-01-16,REVERSE_SPLIT,0.0434782608696,yahoo,ex-date-absent,,,
KNTK,2022-06-09,FORWARD_SPLIT,2.0,yahoo,corroborated,1.9744,2.103,persistent
KOLD,2022-01-14,REVERSE_SPLIT,0.2,yahoo,corroborated,0.1987,0.206,persistent
KOLD,2022-05-26,REVERSE_SPLIT,0.25,yahoo,corroborated,0.2522,0.2366,persistent
KOLD,2024-04-11,FORWARD_SPLIT,2.0,yahoo,corroborated,1.9971,1.8973,persistent
KORU,2025-02-10,REVERSE_SPLIT,0.1,yahoo,corroborated,0.0971,0.095,persistent
KORU,2026-07-15,FORWARD_SPLIT,20.0,yahoo,corroborated,20.6727,22.0874,persistent
KPLT,2023-07-28,REVERSE_SPLIT,0.04,yahoo,corroborated,0.0492,0.041,persistent
KPRX,2022-09-27,REVERSE_SPLIT,0.025,yahoo,corroborated,0.0268,0.0276,persistent
KPRX,2024-06-11,REVERSE_SPLIT,0.111111,yahoo,corroborated,0.1207,0.107,persistent
KPTI,2025-02-26,REVERSE_SPLIT,0.066667,yahoo,corroborated,0.0604,0.0597,persistent
KRBP,2023-03-13,REVERSE_SPLIT,0.042857,inband,ex-date-absent,,,
KRKR,2024-10-03,REVERSE_SPLIT,0.05,yahoo,ex-date-absent,,,
KROP,2025-09-02,REVERSE_SPLIT,0.333333333333,yahoo,ex-date-absent,,,
KRRO,2023-11-06,REVERSE_SPLIT,0.02,yahoo,no-prev-bar,,,
KSCP,2024-09-16,REVERSE_SPLIT,0.02,yahoo,drifted,0.0238,0.0258,persistent
KTTA,2024-01-02,REVERSE_SPLIT,0.05,yahoo,corroborated,0.0542,0.0459,persistent
KULR,2025-06-23,REVERSE_SPLIT,0.125,yahoo,corroborated,0.137,0.1272,persistent
KUST,2023-02-08,REVERSE_SPLIT,0.05,yahoo,ex-date-absent,,,
KUST,2025-05-07,REVERSE_SPLIT,0.05,yahoo,ex-date-absent,,,
KUST,2025-05-23,REVERSE_SPLIT,0.01,yahoo,ex-date-absent,,,
KUST,2026-01-08,REVERSE_SPLIT,0.333333333333,yahoo,no-prev-bar,,,
KUST,2026-04-22,REVERSE_SPLIT,0.2,yahoo,corroborated,0.1943,0.2237,persistent
KWM,2026-08-03,REVERSE_SPLIT,0.033333,yahoo,corroborated,0.026,0.0267,persistent
KXIN,2023-09-15,REVERSE_SPLIT,0.066667,yahoo,corroborated,0.0749,0.0695,persistent
KXIN,2024-10-25,REVERSE_SPLIT,0.016667,yahoo,corroborated,0.0157,0.0197,persistent
KXIN,2025-12-01,REVERSE_SPLIT,0.033333,yahoo,corroborated,0.033,0.0283,persistent
KXIN,2026-03-13,REVERSE_SPLIT,0.0666666666667,yahoo,ex-date-absent,,,
KYNB,2025-06-17,REVERSE_SPLIT,0.04,yahoo,ex-date-absent,,,
KZIA,2024-10-28,REVERSE_SPLIT,0.1,yahoo,corroborated,0.1042,0.1114,persistent
KZIA,2025-04-17,REVERSE_SPLIT,0.2,yahoo,corroborated,0.1856,0.1786,persistent
KZR,2024-10-30,REVERSE_SPLIT,0.103448,inband,corroborated,0.1075,0.0945,persistent
LABD,2025-09-29,REVERSE_SPLIT,0.1,yahoo,corroborated,0.1015,0.1046,persistent
LABP,2022-12-28,REVERSE_SPLIT,0.7,inband,corroborated,0.8581,0.8581,persistent
LABP,2023-05-26,REVERSE_SPLIT,0.08,inband,drifted,0.0997,0.1036,persistent
LABT,2026-06-22,REVERSE_SPLIT,0.1,yahoo,corroborated,0.0959,0.0959,persistent
LABU,2023-12-04,REVERSE_SPLIT,0.05,yahoo,corroborated,0.0499,0.0476,persistent
LABX,2026-03-10,REVERSE_SPLIT,0.333333,yahoo,corroborated,0.3464,0.3691,persistent
LABX,2026-07-21,FORWARD_SPLIT,6.0,yahoo,corroborated,5.5254,5.8815,persistent
LAIX,2022-03-04,REVERSE_SPLIT,0.074074,inband,drifted,0.0845,0.0954,persistent
LAR,2023-10-04,FORWARD_SPLIT,2.484,yahoo,ex-date-absent,,,
LARK,2021-11-30,FORWARD_SPLIT,1.05,yahoo,corroborated,1.0158,1.0158,persistent
LARK,2023-11-30,FORWARD_SPLIT,1.05,yahoo,ex-date-absent,,,
LARK,2024-12-02,FORWARD_SPLIT,1.05,yahoo,ex-date-absent,,,
LARK,2025-12-01,FORWARD_SPLIT,1.05,yahoo,ex-date-absent,,,
LAZR,2024-11-21,REVERSE_SPLIT,0.075,inband,corroborated,0.0679,0.0698,persistent
LBGJ,2026-03-27,REVERSE_SPLIT,0.01,yahoo,corroborated,0.0092,0.0114,persistent
LBGJ,2026-08-03,REVERSE_SPLIT,0.005,yahoo,corroborated,0.0048,0.0043,persistent
LBTYA,2024-11-13,FORWARD_SPLIT,1.941,yahoo,corroborated,1.8928,1.7433,persistent
LBTYK,2024-11-13,FORWARD_SPLIT,1.91,yahoo,corroborated,1.8685,1.7306,persistent
LCAP,2025-04-01,REVERSE_SPLIT,0.446154,inband,corroborated,0.4253,0.4253,persistent
LCFY,2022-12-08,REVERSE_SPLIT,0.05,yahoo,corroborated,0.0506,0.0506,persistent
LCI,2023-02-07,REVERSE_SPLIT,0.259259,inband,drifted,0.2547,0.1982,persistent
LCID,2025-09-02,REVERSE_SPLIT,0.1,yahoo,corroborated,0.1052,0.1124,persistent
LEN,2025-01-21,FORWARD_SPLIT,1.033,yahoo,corroborated,1.034,1.0631,persistent
LENZ,2024-03-22,REVERSE_SPLIT,0.142857142857,yahoo,no-prev-bar,,,
LESL,2025-09-29,REVERSE_SPLIT,0.05,yahoo,corroborated,0.0496,0.0453,persistent
LEXX,2026-08-03,REVERSE_SPLIT,0.066667,yahoo,corroborated,0.0767,0.0829,persistent
LFAE,2025-02-11,REVERSE_SPLIT,0.1,inband,ex-date-absent,,,
LFAI,2025-02-07,REVERSE_SPLIT,0.1,yahoo,ex-date-absent,,,
LFAI,2025-09-22,REVERSE_SPLIT,0.769,yahoo,ex-date-absent,,,
LFAO,2025-02-11,REVERSE_SPLIT,0.1,yahoo,ex-date-absent,,,
LFAO,2025-09-22,REVERSE_SPLIT,0.833,yahoo,ex-date-absent,,,
LFAW,2025-02-13,REVERSE_SPLIT,0.1,yahoo,no-prev-bar,,,
LFAW,2025-09-22,REVERSE_SPLIT,0.909,yahoo,ex-date-absent,,,
LFLY,2023-09-12,REVERSE_SPLIT,0.068966,inband,corroborated,0.063,0.0771,persistent
LFWD,2024-03-15,REVERSE_SPLIT,0.142857,yahoo,corroborated,0.1366,0.1271,persistent
LFWD,2026-02-24,REVERSE_SPLIT,0.0833333333333,yahoo,ex-date-absent,,,
LGCB,2025-04-07,REVERSE_SPLIT,0.083333,inband,corroborated,0.0994,0.0859,persistent
LGCL,2025-10-13,REVERSE_SPLIT,0.025,yahoo,corroborated,0.026,0.024,persistent
LGCL,2026-09-01,REVERSE_SPLIT,0.008,yahoo,corroborated,0.0075,0.0083,persistent
LGHL,2023-07-13,REVERSE_SPLIT,0.02,yahoo,corroborated,0.0168,0.0247,persistent
LGHL,2025-03-26,REVERSE_SPLIT,0.02,yahoo,corroborated,0.0179,0.017,persistent
LGHL,2025-11-26,REVERSE_SPLIT,0.0769230769231,yahoo,ex-date-absent,,,
LGHL,2026-07-14,REVERSE_SPLIT,0.111111,yahoo,corroborated,0.1047,0.0972,persistent
LGMK,2021-10-18,REVERSE_SPLIT,0.1,yahoo,ex-date-absent,,,
LGMK,2023-04-24,REVERSE_SPLIT,0.05,yahoo,drifted,0.0488,0.0641,persistent
LGMK,2024-11-19,REVERSE_SPLIT,0.04,yahoo,corroborated,0.0339,0.0343,persistent
LGMK,2025-10-28,REVERSE_SPLIT,0.00133333333333,yahoo,ex-date-absent,,,
LGND,2022-11-02,FORWARD_SPLIT,1.603,yahoo,drifted,1.4363,1.2422,persistent
LGVN,2024-03-27,REVERSE_SPLIT,0.1,yahoo,corroborated,0.1207,0.1207,persistent
LGVN,2026-08-27,REVERSE_SPLIT,0.1,yahoo,corroborated,0.0975,0.101,persistent
LH,2023-07-03,FORWARD_SPLIT,1.164,yahoo,corroborated,1.1707,1.1551,persistent
LHSW,2026-06-22,REVERSE_SPLIT,0.0625,yahoo,corroborated,0.0521,0.0521,persistent
LIAB,2025-02-13,REVERSE_SPLIT,0.1,inband,ex-date-absent,,,
LIAE,2025-09-22,REVERSE_SPLIT,0.769,yahoo,ex-date-absent,,,
LIAU,2025-09-22,REVERSE_SPLIT,0.833,yahoo,ex-date-absent,,,
LIBD,2025-02-14,REVERSE_SPLIT,0.1,yahoo,ex-date-absent,,,
LIBD,2025-09-22,REVERSE_SPLIT,0.833,yahoo,ex-date-absent,,,
LICY,2024-06-04,REVERSE_SPLIT,0.142857,inband,corroborated,0.1536,0.1381,persistent
LIDR,2023-12-27,REVERSE_SPLIT,0.033333,yahoo,corroborated,0.0238,0.0267,persistent
LIFW,2023-10-13,REVERSE_SPLIT,0.043478,inband,drifted,0.0493,0.0591,persistent
LILA,2026-06-17,FORWARD_SPLIT,1.472,yahoo,corroborated,1.3929,1.4731,persistent
LILAK,2026-06-17,FORWARD_SPLIT,1.472,yahoo,corroborated,1.418,1.4829,persistent
LIMN,2026-08-21,REVERSE_SPLIT,0.02,yahoo,corroborated,0.0206,0.0214,persistent
LINK,2024-03-25,FORWARD_SPLIT,1.5,yahoo,ex-date-absent,,,
LINK,2025-10-29,FORWARD_SPLIT,1.5,yahoo,corroborated,1.4421,1.4579,persistent
LIPO,2024-11-08,REVERSE_SPLIT,0.125,yahoo,drifted,0.1049,0.0973,persistent
LIQT,2023-05-26,REVERSE_SPLIT,0.125,yahoo,ex-date-absent,,,
LITB,2024-09-05,REVERSE_SPLIT,0.166667,yahoo,corroborated,0.1764,0.1627,persistent
LITM,2025-05-02,REVERSE_SPLIT,0.083333,inband,corroborated,0.0817,0.0768,persistent
LITS,2023-04-17,REVERSE_SPLIT,0.05,yahoo,ex-date-absent,,,
LITX,2026-03-10,FORWARD_SPLIT,3.0,yahoo,corroborated,2.6798,2.7193,persistent
LIXT,2023-06-05,REVERSE_SPLIT,0.09375,inband,ex-date-absent,,,
LIZI,2023-09-20,REVERSE_SPLIT,0.103448,inband,corroborated,0.1118,0.1112,persistent
LKCO,2023-03-22,REVERSE_SPLIT,0.035714,inband,drifted,0.0474,0.0488,persistent
LMFA,2024-03-12,REVERSE_SPLIT,0.184615,inband,corroborated,0.1801,0.1773,persistent
LMFA,2026-07-13,REVERSE_SPLIT,0.04,inband,corroborated,0.0414,0.0455,persistent
LMNL,2023-02-01,REVERSE_SPLIT,0.105263,inband,corroborated,0.108,0.0846,persistent
LNAI,2025-09-30,REVERSE_SPLIT,0.1,yahoo,ex-date-absent,,,
LNAI,2026-05-22,REVERSE_SPLIT,0.125,yahoo,corroborated,0.131,0.1335,persistent
LNKS,2026-04-06,REVERSE_SPLIT,0.004,yahoo,corroborated,0.0024,0.0036,persistent
LNZA,2025-08-19,REVERSE_SPLIT,0.01,yahoo,corroborated,0.0117,0.0113,persistent
LOCL,2023-06-15,REVERSE_SPLIT,0.076923,yahoo,corroborated,0.0702,0.0787,persistent
LODE,2025-02-25,REVERSE_SPLIT,0.1,yahoo,corroborated,0.1065,0.0936,persistent
LOGC,2023-04-12,REVERSE_SPLIT,0.0333333333333,yahoo,ex-date-absent,,,
LONA,2025-09-18,REVERSE_SPLIT,0.1,yahoo,ex-date-absent,,,
LPCN,2023-05-12,REVERSE_SPLIT,0.058824,yahoo,corroborated,0.0659,0.0703,persistent
LPCN,2026-04-02,FORWARD_SPLIT,4.6,inband,corroborated,3.9865,4.3596,persistent
LPSN,2025-10-13,REVERSE_SPLIT,0.066667,yahoo,corroborated,0.0658,0.0691,persistent
LPTX,2023-06-21,REVERSE_SPLIT,0.1,inband,corroborated,0.1062,0.1147,persistent
LRCU,2026-03-10,FORWARD_SPLIT,3.0,yahoo,corroborated,2.8306,2.8675,persistent
LRCX,2024-10-03,FORWARD_SPLIT,10.0,yahoo,corroborated,10.1656,10.039,persistent
LRHC,2025-07-07,REVERSE_SPLIT,0.0125,yahoo,drifted,0.0164,0.0174,persistent
LRHC,2026-01-26,REVERSE_SPLIT,0.1,yahoo,corroborated,0.0972,0.1,persistent
LRHC,2026-04-20,REVERSE_SPLIT,0.1,yahoo,corroborated,0.0931,0.0884,persistent
LSBK,2025-07-21,FORWARD_SPLIT,1.354,yahoo,corroborated,1.3395,1.3317,persistent
LSDI,2024-02-26,REVERSE_SPLIT,0.1,inband,ex-date-absent,,,
LSTA,2022-09-15,REVERSE_SPLIT,0.0666666666667,yahoo,no-prev-bar,,,
LTL,2025-11-20,FORWARD_SPLIT,4.0,yahoo,ex-date-absent,,,
LTRY,2023-08-10,REVERSE_SPLIT,0.052632,inband,corroborated,0.0514,0.0539,persistent
LU,2023-12-15,REVERSE_SPLIT,0.25,yahoo,corroborated,0.2575,0.2684,persistent
LUCY,2024-07-18,REVERSE_SPLIT,0.05,yahoo,corroborated,0.0566,0.0602,persistent
LVLU,2025-07-07,REVERSE_SPLIT,0.066667,yahoo,corroborated,0.0682,0.0622,persistent
LVO,2025-09-26,REVERSE_SPLIT,0.1,yahoo,corroborated,0.0946,0.0956,persistent
LXEH,2024-01-03,REVERSE_SPLIT,0.5,yahoo,ex-date-absent,,,
LXEH,2024-09-30,REVERSE_SPLIT,0.1,yahoo,drifted,0.09,0.0748,persistent
LXEH,2026-04-20,REVERSE_SPLIT,0.1,yahoo,ex-date-absent,,,
LXP,2025-11-11,REVERSE_SPLIT,0.2,yahoo,corroborated,0.1901,0.1982,persistent
LXU,2021-10-12,FORWARD_SPLIT,1.3,yahoo,corroborated,1.3435,1.3145,persistent
LYEL,2025-06-02,REVERSE_SPLIT,0.05,yahoo,corroborated,0.042,0.0514,persistent
LYRA,2024-05-06,FORWARD_SPLIT,5.384615,inband,drifted,18.0152,7.7649,persistent
LYRA,2025-05-28,REVERSE_SPLIT,0.02,yahoo,corroborated,0.022,0.0198,persistent
LZMH,2026-05-22,REVERSE_SPLIT,0.05,yahoo,corroborated,0.0509,0.0479,persistent
MAAS,2025-04-14,REVERSE_SPLIT,0.0166666666667,yahoo,ex-date-absent,,,
MAGA,2024-03-25,FORWARD_SPLIT,1.47619,inband,ex-date-absent,,,
MAGN,2024-11-04,REVERSE_SPLIT,0.0769230769231,yahoo,ex-date-absent,,,
MAGS,2023-11-09,REVERSE_SPLIT,0.125,inband,ex-date-absent,,,
MAKO,2023-03-08,REVERSE_SPLIT,0.1,yahoo,ex-date-absent,,,
MARK,2022-12-22,REVERSE_SPLIT,0.1,yahoo,corroborated,0.1121,0.1103,persistent
MASK,2026-03-16,REVERSE_SPLIT,0.04,yahoo,corroborated,0.0443,0.0432,persistent
MBAI,2022-11-25,REVERSE_SPLIT,0.05,yahoo,ex-date-absent,,,
MBAI,2026-08-13,REVERSE_SPLIT,0.142857,yahoo,corroborated,0.1369,0.14,persistent
MBBC,2025-04-22,FORWARD_SPLIT,1.372,yahoo,ex-date-absent,,,
MBI,2023-12-26,FORWARD_SPLIT,2.111111,inband,corroborated,2.2887,2.1274,persistent
MBIN,2022-01-18,FORWARD_SPLIT,1.5,yahoo,corroborated,1.5102,1.5336,persistent
MBIO,2023-04-04,REVERSE_SPLIT,0.0666666666667,yahoo,ex-date-absent,,,
MBIO,2025-01-16,REVERSE_SPLIT,0.02,yahoo,corroborated,0.025,0.0216,persistent
MBRX,2024-03-22,REVERSE_SPLIT,0.066667,yahoo,corroborated,0.0743,0.0774,persistent
MBRX,2025-12-01,REVERSE_SPLIT,0.04,yahoo,corroborated,0.0415,0.0405,persistent
MCAA,2024-06-12,FORWARD_SPLIT,1.625,inband,ex-date-absent,,,
MCHP,2021-10-13,FORWARD_SPLIT,2.0,yahoo,corroborated,1.9794,2.0091,persistent
MCOM,2023-03-31,REVERSE_SPLIT,0.02,yahoo,no-prev-bar,,,
MCOM,2023-12-04,REVERSE_SPLIT,0.006667,yahoo,drifted,0.007,0.0089,persistent
MCRB,2025-04-22,REVERSE_SPLIT,0.05,yahoo,corroborated,0.0475,0.0455,persistent
MCVT,2026-03-25,REVERSE_SPLIT,0.257143,inband,corroborated,0.2488,0.2488,persistent
MDRR,2023-05-04,REVERSE_SPLIT,0.125,yahoo,corroborated,0.1182,0.1182,persistent
MDRR,2024-07-03,REVERSE_SPLIT,0.5,yahoo,ex-date-absent,,,
MDU,2023-06-01,FORWARD_SPLIT,1.457,yahoo,corroborated,1.4332,1.4827,persistent
MDU,2024-11-01,FORWARD_SPLIT,1.805,yahoo,corroborated,1.8341,1.9106,persistent
MDVL,2023-08-01,REVERSE_SPLIT,0.02,inband,ex-date-absent,,,
MDWD,2022-12-20,REVERSE_SPLIT,0.142857,yahoo,corroborated,0.1425,0.1185,persistent
ME,2024-10-16,REVERSE_SPLIT,0.057143,inband,corroborated,0.0535,0.0508,persistent
MEDS,2026-05-26,REVERSE_SPLIT,0.02,yahoo,ex-date-absent,,,
MEGL,2025-02-18,REVERSE_SPLIT,0.285714,inband,corroborated,0.2691,0.2721,persistent
MEIP,2023-04-17,REVERSE_SPLIT,0.052632,inband,corroborated,0.0493,0.0474,persistent
MESO,2024-01-10,REVERSE_SPLIT,0.5,yahoo,corroborated,0.532,0.5347,persistent
METC,2024-12-02,FORWARD_SPLIT,1.01,yahoo,corroborated,1.0079,1.0493,persistent
METC,2025-02-28,FORWARD_SPLIT,1.014,yahoo,corroborated,1.0311,1.0594,persistent
METCB,2024-12-02,FORWARD_SPLIT,1.023,yahoo,corroborated,1.012,1.002,persistent
METCB,2025-09-05,FORWARD_SPLIT,1.011,yahoo,corroborated,1.0568,1.0315,persistent
METCB,2026-03-13,FORWARD_SPLIT,1.012,yahoo,corroborated,1.0195,1.1178,persistent
METCB,2026-06-12,FORWARD_SPLIT,1.012,yahoo,corroborated,0.955,0.9748,persistent
METX,2023-08-24,REVERSE_SPLIT,0.055556,inband,drifted,0.0584,0.0715,persistent
MEXX,2023-08-28,FORWARD_SPLIT,5.0,yahoo,ex-date-absent,,,
MF,2026-05-22,REVERSE_SPLIT,0.04,yahoo,ex-date-absent,,,
MFA,2022-04-05,REVERSE_SPLIT,0.25,yahoo,corroborated,0.2534,0.2534,persistent
MFI,2025-07-10,REVERSE_SPLIT,0.125,yahoo,corroborated,0.1168,0.1198,persistent
MGK,2026-04-21,FORWARD_SPLIT,5.0,yahoo,corroborated,4.9901,5.0325,persistent
MGOL,2024-07-18,REVERSE_SPLIT,0.1125,inband,corroborated,0.1112,0.1302,persistent
MGRX,2024-10-16,REVERSE_SPLIT,0.066667,yahoo,corroborated,0.0684,0.0729,persistent
MHUA,2025-11-24,REVERSE_SPLIT,0.01,inband,drifted,0.0129,0.013,persistent
MI,2024-04-12,REVERSE_SPLIT,0.02,yahoo,drifted,0.0281,0.029,persistent
MI,2026-05-18,REVERSE_SPLIT,0.0125,inband,corroborated,0.014,0.014,persistent
MIC,2021-10-08,FORWARD_SPLIT,11.428571,inband,corroborated,11.1813,10.9704,persistent
MIC,2026-06-26,REVERSE_SPLIT,0.184615,inband,ex-date-absent,,,
MIDD,2026-07-07,FORWARD_SPLIT,1.243,yahoo,corroborated,1.2507,1.2901,persistent
MIGI,2023-02-09,REVERSE_SPLIT,0.16129,inband,corroborated,0.1619,0.1619,persistent
MIMI,2026-05-06,REVERSE_SPLIT,0.1,yahoo,corroborated,0.1078,0.0992,persistent
MIND,2023-10-13,REVERSE_SPLIT,0.1,yahoo,ex-date-absent,,,
MIND,2023-10-16,REVERSE_SPLIT,0.1,yahoo,corroborated,0.0918,0.0892,persistent
MINM,2025-06-02,REVERSE_SPLIT,0.414286,inband,drifted,0.3855,0.6207,persistent
MJ,2025-02-21,REVERSE_SPLIT,0.083333,yahoo,corroborated,0.0838,0.0843,persistent
MKDW,2026-01-26,REVERSE_SPLIT,0.033333,yahoo,corroborated,0.0361,0.0361,persistent
MKTW,2025-04-03,REVERSE_SPLIT,0.05,yahoo,corroborated,0.0557,0.0561,persistent
MKZR,2025-08-05,REVERSE_SPLIT,0.1,yahoo,corroborated,0.1039,0.1174,persistent
ML,2023-04-25,REVERSE_SPLIT,0.034483,inband,corroborated,0.034,0.0398,persistent
MLEC,2025-05-14,REVERSE_SPLIT,0.1,yahoo,ex-date-absent,,,
MLEC,2026-01-05,REVERSE_SPLIT,0.066667,yahoo,corroborated,0.0592,0.0592,persistent
MLGO,2024-03-22,REVERSE_SPLIT,0.1,yahoo,corroborated,0.0944,0.1084,persistent
MLGO,2024-12-13,REVERSE_SPLIT,0.05,yahoo,corroborated,0.0475,0.0524,persistent
MLGO,2025-07-18,REVERSE_SPLIT,0.033333,yahoo,corroborated,0.0382,0.0402,persistent
MLI,2023-10-23,FORWARD_SPLIT,2.0,yahoo,corroborated,1.9958,2.0088,persistent
MLI,2026-07-01,FORWARD_SPLIT,2.0,yahoo,corroborated,2.0159,2.1409,persistent
MMM,2024-04-01,FORWARD_SPLIT,1.196,yahoo,corroborated,1.1662,1.1282,persistent
MNDR,2025-03-10,REVERSE_SPLIT,0.125,yahoo,drifted,0.1612,0.1671,persistent
MNDR,2025-09-25,REVERSE_SPLIT,0.2,yahoo,corroborated,0.1943,0.1799,persistent
MNDR,2026-06-29,REVERSE_SPLIT,0.166666666667,yahoo,ex-date-absent,,,
MNMD,2022-08-29,REVERSE_SPLIT,0.074074,inband,corroborated,0.0691,0.0656,persistent
MNPR,2024-08-13,REVERSE_SPLIT,0.2,yahoo,corroborated,0.1712,0.1712,persistent
MNST,2023-03-28,FORWARD_SPLIT,2.0,yahoo,corroborated,2.0011,2.0287,persistent
MNST,2026-08-11,FORWARD_SPLIT,2.0,yahoo,corroborated,1.9698,2.0061,persistent
MNTS,2023-08-24,REVERSE_SPLIT,0.02,yahoo,drifted,0.0257,0.0264,persistent
MNTS,2024-12-13,REVERSE_SPLIT,0.071429,yahoo,corroborated,0.075,0.0635,persistent
MNTS,2025-12-18,REVERSE_SPLIT,0.056,yahoo,corroborated,0.0556,0.0669,persistent
MOBQ,2023-08-07,REVERSE_SPLIT,0.066667,yahoo,corroborated,0.0752,0.077,persistent
MOBX,2026-04-07,REVERSE_SPLIT,0.1,yahoo,corroborated,0.0981,0.1038,persistent
MODD,2026-03-31,REVERSE_SPLIT,0.033333,yahoo,corroborated,0.027,0.0286,persistent
MOGO,2023-08-14,REVERSE_SPLIT,0.387097,inband,corroborated,0.3288,0.3544,persistent
MOGU,2022-03-28,REVERSE_SPLIT,0.083333,yahoo,corroborated,0.0992,0.0899,persistent
MOTS,2022-07-26,REVERSE_SPLIT,0.05,yahoo,corroborated,0.0449,0.0498,persistent
MOTS,2023-11-02,REVERSE_SPLIT,0.066667,yahoo,not-corroborated,0.0921,0.1053,persistent
MOVE,2024-10-29,REVERSE_SPLIT,0.066667,yahoo,corroborated,0.0703,0.0638,persistent
MOVE,2025-10-10,REVERSE_SPLIT,0.1,yahoo,corroborated,0.1023,0.0984,persistent
MOVE,2026-04-07,FORWARD_SPLIT,1.358,yahoo,drifted,1.2454,0.9674,bad-open-print
MPL,2026-03-20,REVERSE_SPLIT,0.344828,inband,ex-date-absent,,,
MPLN,2024-09-23,REVERSE_SPLIT,0.028571,inband,drifted,0.0296,0.021,persistent
MPU,2022-01-10,FORWARD_SPLIT,5.0,yahoo,ex-date-absent,,,
MQ,2026-07-01,REVERSE_SPLIT,0.25,yahoo,corroborated,0.2485,0.2436,persistent
MQQQ,2025-06-03,REVERSE_SPLIT,0.2,yahoo,ex-date-absent,,,
MRAI,2023-06-29,REVERSE_SPLIT,0.25,yahoo,corroborated,0.2825,0.2592,persistent
MRAL,2026-05-01,REVERSE_SPLIT,0.1,yahoo,corroborated,0.094,0.1098,persistent
MRBK,2023-03-21,FORWARD_SPLIT,2.0,yahoo,corroborated,1.9888,2.0023,persistent
MRDN,2026-03-03,REVERSE_SPLIT,0.0833333333333,yahoo,no-prev-bar,,,
MREO,2025-12-29,FORWARD_SPLIT,6.666667,inband,corroborated,6.9561,8.0902,persistent
MRIN,2024-04-15,REVERSE_SPLIT,0.172414,inband,corroborated,0.1594,0.1882,persistent
MRKR,2023-01-27,REVERSE_SPLIT,0.1,yahoo,ex-date-absent,,,
MRNY,2025-12-01,REVERSE_SPLIT,0.1,yahoo,corroborated,0.1022,0.1051,persistent
MRSN,2025-07-28,REVERSE_SPLIT,0.04,inband,corroborated,0.0451,0.0451,persistent
MSAI,2026-04-13,REVERSE_SPLIT,0.025,yahoo,corroborated,0.0264,0.0244,persistent
MSGM,2022-11-10,REVERSE_SPLIT,0.1,yahoo,drifted,0.0512,0.066,persistent
MSGY,2026-08-11,REVERSE_SPLIT,0.125,yahoo,drifted,0.088,0.0816,persistent
MSLE,2026-01-30,REVERSE_SPLIT,0.0833333333333,yahoo,ex-date-absent,,,
MSOX,2024-11-26,REVERSE_SPLIT,0.05,yahoo,corroborated,0.0487,0.0479,persistent
MSPR,2023-10-13,REVERSE_SPLIT,0.04,yahoo,ex-date-absent,,,
MSPR,2024-11-18,REVERSE_SPLIT,0.04,yahoo,ex-date-absent,,,
MSPR,2024-12-09,REVERSE_SPLIT,0.448276,inband,not-corroborated,0.6181,0.7009,persistent
MSPR,2025-09-02,REVERSE_SPLIT,0.142857,yahoo,corroborated,0.132,0.1413,persistent
MSS,2026-04-24,REVERSE_SPLIT,0.1,yahoo,ex-date-absent,,,
MSS,2026-07-22,REVERSE_SPLIT,0.2,yahoo,corroborated,0.1786,0.177,persistent
MST,2025-12-09,REVERSE_SPLIT,0.25,yahoo,corroborated,0.2556,0.2392,persistent
MST,2026-03-23,REVERSE_SPLIT,0.142857,yahoo,corroborated,0.1442,0.1375,persistent
MSTP,2026-05-01,REVERSE_SPLIT,0.05,yahoo,corroborated,0.0459,0.0436,persistent
MSTR,2024-08-08,FORWARD_SPLIT,10.0,yahoo,corroborated,9.624,9.1697,persistent
MSTU,2024-12-16,FORWARD_SPLIT,10.0,yahoo,corroborated,9.2833,10.0398,persistent
MSTU,2025-12-03,REVERSE_SPLIT,0.1,yahoo,corroborated,0.0957,0.0927,persistent
MSTU,2026-08-24,REVERSE_SPLIT,0.1,yahoo,corroborated,0.1003,0.0947,persistent
MSTX,2026-03-19,REVERSE_SPLIT,0.1,yahoo,corroborated,0.1081,0.1034,persistent
MSTY,2025-12-08,REVERSE_SPLIT,0.2,yahoo,corroborated,0.1958,0.1955,persistent
MSTZ,2024-12-16,REVERSE_SPLIT,0.05,yahoo,corroborated,0.0551,0.0498,persistent
MTC,2022-07-13,REVERSE_SPLIT,0.1,yahoo,corroborated,0.1042,0.1031,persistent
MTC,2024-12-18,REVERSE_SPLIT,0.125,yahoo,corroborated,0.1447,0.1392,persistent
MTEM,2023-08-14,REVERSE_SPLIT,0.07,inband,ex-date-absent,,,
MTEN,2026-01-26,REVERSE_SPLIT,0.005,yahoo,corroborated,0.0063,0.0062,persistent
MTH,2025-01-03,FORWARD_SPLIT,2.0,yahoo,corroborated,1.9986,2.0075,persistent
MTNB,2024-09-03,REVERSE_SPLIT,0.02,yahoo,corroborated,0.0241,0.0235,persistent
MTP,2022-09-26,REVERSE_SPLIT,0.25,inband,ex-date-absent,,,
MTUL,2024-09-26,REVERSE_SPLIT,0.285714,inband,ex-date-absent,,,
MTVA,2022-09-13,REVERSE_SPLIT,0.0333333333333,yahoo,ex-date-absent,,,
MTVA,2023-12-21,REVERSE_SPLIT,0.125,yahoo,ex-date-absent,,,
MTVA,2025-12-05,REVERSE_SPLIT,0.0909090909091,yahoo,ex-date-absent,,,
MTYY,2026-06-02,REVERSE_SPLIT,0.166666666667,yahoo,ex-date-absent,,,
MUD,2026-03-05,REVERSE_SPLIT,0.1,yahoo,not-corroborated,0.9974,0.9872,bad-open-print
MUD,2026-03-10,REVERSE_SPLIT,0.1,yahoo,corroborated,0.101,0.1042,persistent
MULL,2026-06-26,FORWARD_SPLIT,25.0,yahoo,corroborated,28.5304,29.1742,persistent
MULN,2023-08-11,REVERSE_SPLIT,0.1,inband,corroborated,0.1078,0.1121,persistent
MULN,2024-09-17,REVERSE_SPLIT,0.01,inband,corroborated,0.0099,0.0115,persistent
MULN,2025-02-18,REVERSE_SPLIT,0.02,inband,corroborated,0.0184,0.0203,persistent
MUU,2026-07-15,FORWARD_SPLIT,20.0,yahoo,corroborated,20.2031,23.8535,persistent
MUX,2022-07-28,REVERSE_SPLIT,0.1,yahoo,corroborated,0.1026,0.096,persistent
MVIS,2026-08-03,REVERSE_SPLIT,0.066667,yahoo,corroborated,0.0664,0.0683,persistent
MVLL,2026-06-26,FORWARD_SPLIT,3.0,yahoo,corroborated,3.1963,3.2795,persistent
MWG,2026-02-23,REVERSE_SPLIT,0.1,yahoo,ex-date-absent,,,
MYGN,2023-04-04,REVERSE_SPLIT,0.7,inband,drifted,1.0051,1.0064,bad-open-print
MYMD,2024-02-15,REVERSE_SPLIT,0.034483,inband,corroborated,0.0371,0.0412,persistent
MYND,2022-10-14,REVERSE_SPLIT,0.05,yahoo,ex-date-absent,,,
MYND,2023-11-01,FORWARD_SPLIT,2.0,yahoo,ex-date-absent,,,
MYNZ,2024-12-03,REVERSE_SPLIT,0.025,inband,corroborated,0.0303,0.0289,persistent
MYSE,2023-09-20,REVERSE_SPLIT,0.1,yahoo,ex-date-absent,,,
MYSZ,2022-12-09,REVERSE_SPLIT,0.04,yahoo,drifted,0.0469,0.0539,persistent
MYSZ,2024-04-23,REVERSE_SPLIT,0.125,yahoo,corroborated,0.1252,0.1203,persistent
MYSZ,2026-08-13,REVERSE_SPLIT,0.125,yahoo,corroborated,0.1341,0.1258,persistent
NA,2024-11-04,REVERSE_SPLIT,0.1,yahoo,drifted,0.1215,0.1309,persistent
NAAS,2022-06-13,REVERSE_SPLIT,0.2,yahoo,no-prev-bar,,,
NAAS,2024-06-13,REVERSE_SPLIT,0.05,yahoo,corroborated,0.0508,0.0508,persistent
NAAS,2025-04-28,REVERSE_SPLIT,0.25,yahoo,drifted,0.1985,0.3217,persistent
NAAS,2025-07-30,REVERSE_SPLIT,0.25,yahoo,corroborated,0.2491,0.2067,persistent
NAKA,2026-05-22,REVERSE_SPLIT,0.025,yahoo,corroborated,0.0254,0.0233,persistent
NAKD,2021-12-22,REVERSE_SPLIT,0.068966,inband,corroborated,0.0759,0.0762,persistent
NAMI,2026-06-25,REVERSE_SPLIT,0.04,yahoo,corroborated,0.0442,0.044,persistent
NAOV,2025-08-12,REVERSE_SPLIT,0.1,inband,corroborated,0.1024,0.1053,persistent
NBIZ,2026-06-03,REVERSE_SPLIT,0.1,yahoo,corroborated,0.0986,0.092,persistent
NBIZ,2026-07-21,REVERSE_SPLIT,0.333333,yahoo,drifted,0.3751,0.5084,persistent
NBY,2026-02-23,REVERSE_SPLIT,0.185714,inband,not-corroborated,0.2178,0.2944,persistent
NCEL,2024-09-27,REVERSE_SPLIT,0.025,yahoo,ex-date-absent,,,
NCEL,2025-10-31,REVERSE_SPLIT,0.1,yahoo,no-prev-bar,,,
NCEW,2025-11-14,REVERSE_SPLIT,0.125,yahoo,ex-date-absent,,,
NCI,2025-06-16,REVERSE_SPLIT,0.2,yahoo,drifted,0.2873,0.2826,persistent
NCI,2026-05-19,REVERSE_SPLIT,0.125,yahoo,corroborated,0.1266,0.1266,persistent
NCL,2025-10-08,REVERSE_SPLIT,0.125,inband,corroborated,0.1319,0.134,persistent
NCMI,2023-08-04,REVERSE_SPLIT,0.1,yahoo,corroborated,0.1057,0.111,persistent
NCNA,2024-04-16,REVERSE_SPLIT,0.04,yahoo,corroborated,0.0433,0.0433,persistent
NCNA,2025-08-11,REVERSE_SPLIT,0.005,yahoo,drifted,0.0056,0.0071,persistent
NCPL,2024-08-02,REVERSE_SPLIT,0.014286,yahoo,drifted,0.0142,0.0179,persistent
NCRA,2026-07-07,REVERSE_SPLIT,0.033333,yahoo,corroborated,0.027,0.0306,persistent
NCT,2026-04-02,REVERSE_SPLIT,0.04,yahoo,corroborated,0.0331,0.0369,persistent
NCTY,2023-10-02,REVERSE_SPLIT,0.1,yahoo,corroborated,0.1118,0.1118,persistent
NCV,2025-02-10,REVERSE_SPLIT,0.25,yahoo,corroborated,0.2491,0.2502,persistent
NCZ,2025-02-10,REVERSE_SPLIT,0.25,yahoo,corroborated,0.2477,0.2508,persistent
NDAQ,2022-08-29,FORWARD_SPLIT,3.0,yahoo,corroborated,3.0267,3.0586,persistent
NDLS,2026-02-18,REVERSE_SPLIT,0.125,yahoo,corroborated,0.1217,0.1318,persistent
NDRA,2022-12-09,REVERSE_SPLIT,0.05,yahoo,ex-date-absent,,,
NDRA,2024-08-20,REVERSE_SPLIT,0.02,yahoo,not-corroborated,0.0325,0.0488,persistent
NDRA,2024-11-07,REVERSE_SPLIT,0.028571,yahoo,drifted,0.0354,0.0364,persistent
NEBX,2026-06-03,FORWARD_SPLIT,3.0,yahoo,corroborated,3.0193,3.3516,persistent
NEGG,2025-04-07,REVERSE_SPLIT,0.05,yahoo,corroborated,0.0516,0.0516,persistent
NEPT,2022-06-13,REVERSE_SPLIT,0.043478,inband,drifted,0.0342,0.0345,persistent
NEPT,2023-09-08,REVERSE_SPLIT,0.025,inband,corroborated,0.0269,0.0262,persistent
NERV,2022-06-21,REVERSE_SPLIT,0.125,yahoo,corroborated,0.1424,0.1439,persistent
NESR,2024-10-22,REVERSE_SPLIT,0.259259,inband,corroborated,0.2794,0.2868,persistent
NEUP,2024-12-24,REVERSE_SPLIT,0.0833333333333,yahoo,no-prev-bar,,,
NEW,2022-01-31,REVERSE_SPLIT,0.12,inband,corroborated,0.132,0.1088,persistent
NEXI,2023-10-19,REVERSE_SPLIT,0.04,yahoo,ex-date-absent,,,
NEXM,2025-06-20,REVERSE_SPLIT,0.05,yahoo,ex-date-absent,,,
NEXR,2023-11-03,REVERSE_SPLIT,0.142857142857,yahoo,ex-date-absent,,,
NEXR,2025-06-16,REVERSE_SPLIT,0.0588235294118,yahoo,ex-date-absent,,,
NEXR,2026-02-17,REVERSE_SPLIT,0.0714285714286,yahoo,ex-date-absent,,,
NEXR,2026-07-31,REVERSE_SPLIT,0.090909,yahoo,corroborated,0.1075,0.1083,persistent
NFLX,2025-11-17,FORWARD_SPLIT,10.0,yahoo,corroborated,10.0011,10.0845,persistent
NFYS,2024-03-25,FORWARD_SPLIT,1.5,inband,drifted,0.9991,1.0018,bad-open-print
NGNE,2023-09-25,REVERSE_SPLIT,0.2,yahoo,ex-date-absent,,,
NGNE,2023-12-19,REVERSE_SPLIT,0.25,yahoo,ex-date-absent,,,
NIKI,2023-01-23,REVERSE_SPLIT,0.1,yahoo,ex-date-absent,,,
NIKI,2026-07-20,REVERSE_SPLIT,0.1,yahoo,no-prev-bar,,,
NINE,2026-03-31,REVERSE_SPLIT,0.02,inband,not-corroborated,0.0569,0.0569,persistent
NIPG,2026-07-06,REVERSE_SPLIT,0.0333333333333,yahoo,ex-date-absent,,,
NISN,2023-05-18,REVERSE_SPLIT,0.1,inband,corroborated,0.1074,0.1059,persistent
NITO,2025-09-22,REVERSE_SPLIT,0.028571,inband,corroborated,0.0267,0.0279,persistent
NIVF,2025-02-11,REVERSE_SPLIT,0.047619,inband,corroborated,0.057,0.0593,persistent
NIVF,2025-05-05,REVERSE_SPLIT,0.1,yahoo,corroborated,0.077,0.0829,persistent
NIVF,2025-08-04,REVERSE_SPLIT,0.2,yahoo,corroborated,0.178,0.1704,persistent
NIVF,2025-12-01,REVERSE_SPLIT,0.2,yahoo,corroborated,0.1922,0.1717,persistent
NIVF,2026-01-26,REVERSE_SPLIT,0.333333,yahoo,corroborated,0.3517,0.2791,persistent
NIVF,2026-03-16,REVERSE_SPLIT,0.25,yahoo,corroborated,0.2351,0.2351,persistent
NIVF,2026-07-06,REVERSE_SPLIT,0.333333,yahoo,corroborated,0.3363,0.3054,persistent
NIVF,2026-09-01,REVERSE_SPLIT,0.333333,yahoo,corroborated,0.3248,0.3346,persistent
NIXX,2023-08-25,REVERSE_SPLIT,0.0666666666667,yahoo,ex-date-absent,,,
NKLA,2024-06-25,REVERSE_SPLIT,0.037037,inband,corroborated,0.0342,0.0369,persistent
NKTR,2025-06-09,REVERSE_SPLIT,0.066667,yahoo,corroborated,0.0638,0.0768,persistent
NLSP,2024-09-27,REVERSE_SPLIT,0.025,inband,corroborated,0.0297,0.0217,persistent
NLY,2022-09-26,REVERSE_SPLIT,0.25,yahoo,corroborated,0.2509,0.2743,persistent
NMAD,2023-06-05,REVERSE_SPLIT,0.1,yahoo,ex-date-absent,,,
NMHI,2024-11-21,REVERSE_SPLIT,0.033333,yahoo,corroborated,0.0336,0.031,persistent
NMTC,2026-04-16,REVERSE_SPLIT,0.166667,yahoo,corroborated,0.1623,0.1623,persistent
NMTR,2022-10-18,REVERSE_SPLIT,0.055556,inband,corroborated,0.0481,0.0614,persistent
NOBL,2026-05-28,FORWARD_SPLIT,2.0,yahoo,corroborated,1.9995,1.999,persistent
NORW,2021-11-01,REVERSE_SPLIT,0.470588,inband,ex-date-absent,,,
NOTE,2025-09-02,REVERSE_SPLIT,0.083333,yahoo,corroborated,0.0881,0.0838,persistent
NOW,2025-12-18,FORWARD_SPLIT,5.0,yahoo,corroborated,5.0182,5.101,persistent
NRBO,2023-12-21,REVERSE_SPLIT,0.137931,inband,ex-date-absent,,,
NRDY,2026-08-19,REVERSE_SPLIT,0.066667,yahoo,corroborated,0.0715,0.0647,persistent
NRGD,2022-04-11,REVERSE_SPLIT,0.02,inband,corroborated,0.0184,0.0187,persistent
NRGD,2022-12-02,REVERSE_SPLIT,0.1,inband,corroborated,0.1009,0.0971,persistent
NRGD,2026-02-24,REVERSE_SPLIT,0.2,yahoo,corroborated,0.1954,0.1954,persistent
NRIM,2025-09-23,FORWARD_SPLIT,4.0,yahoo,corroborated,3.913,4.0133,persistent
NRO,2025-01-23,FORWARD_SPLIT,1.048,yahoo,corroborated,1.0501,1.0409,persistent
NRXP,2024-04-02,REVERSE_SPLIT,0.1,yahoo,corroborated,0.1107,0.1072,persistent
NSSC,2022-01-05,FORWARD_SPLIT,2.0,yahoo,corroborated,2.0085,2.105,persistent
NTCL,2026-07-06,REVERSE_SPLIT,0.02,yahoo,corroborated,0.0165,0.0195,persistent
NTRB,2022-08-12,FORWARD_SPLIT,1.166,yahoo,corroborated,1.0599,0.9876,persistent
NTRP,2023-09-22,REVERSE_SPLIT,0.05,yahoo,ex-date-absent,,,
NUKK,2024-10-24,REVERSE_SPLIT,0.12,inband,corroborated,0.1063,0.1084,persistent
NURO,2023-11-22,REVERSE_SPLIT,0.130435,inband,corroborated,0.159,0.159,persistent
NUTX,2024-04-10,REVERSE_SPLIT,0.066667,yahoo,corroborated,0.0638,0.0789,persistent
NUTX,2024-07-03,REVERSE_SPLIT,0.1,yahoo,corroborated,0.1032,0.1094,persistent
NUWE,2022-12-12,REVERSE_SPLIT,0.01,yahoo,corroborated,0.0119,0.0107,persistent
NUWE,2024-06-28,REVERSE_SPLIT,0.028571,yahoo,corroborated,0.027,0.0251,persistent
NUWE,2025-07-07,REVERSE_SPLIT,0.02381,yahoo,corroborated,0.027,0.0283,persistent
NUWE,2026-06-26,REVERSE_SPLIT,0.028571,yahoo,corroborated,0.027,0.0278,persistent
NUZE,2022-12-29,REVERSE_SPLIT,0.028571,inband,corroborated,0.029,0.0273,persistent
NVA,2025-10-29,FORWARD_SPLIT,5.0,yahoo,corroborated,4.408,4.6466,persistent
NVCN,2022-04-29,REVERSE_SPLIT,0.041667,inband,corroborated,0.0466,0.0454,persistent
NVCT,2024-04-17,FORWARD_SPLIT,1.481481,inband,drifted,1.0514,1.0373,bad-open-print
NVD,2024-11-04,REVERSE_SPLIT,0.04,yahoo,corroborated,0.0414,0.0404,persistent
NVDA,2024-06-10,FORWARD_SPLIT,10.0,yahoo,corroborated,10.0107,9.9301,persistent
NVDD,2025-09-29,REVERSE_SPLIT,0.1,yahoo,corroborated,0.1015,0.102,persistent
NVDL,2024-03-13,FORWARD_SPLIT,6.0,yahoo,corroborated,5.8633,6.1317,persistent
NVDL,2026-06-26,FORWARD_SPLIT,3.0,yahoo,corroborated,3.0634,3.1212,persistent
NVDQ,2024-07-16,REVERSE_SPLIT,0.333333,yahoo,corroborated,0.3364,0.3205,persistent
NVDQ,2025-10-29,REVERSE_SPLIT,0.05,yahoo,corroborated,0.054,0.0532,persistent
NVDS,2023-08-09,REVERSE_SPLIT,0.2,yahoo,not-corroborated,0.9975,0.9446,bad-open-print
NVDS,2023-08-15,REVERSE_SPLIT,0.2,yahoo,corroborated,0.203,0.201,persistent
NVDS,2024-04-03,REVERSE_SPLIT,0.2,yahoo,corroborated,0.1977,0.1982,persistent
NVDS,2025-10-21,REVERSE_SPLIT,0.333333,yahoo,corroborated,0.3318,0.3293,persistent
NVDX,2024-07-16,FORWARD_SPLIT,10.0,yahoo,corroborated,10.0325,10.2511,persistent
NVEE,2024-10-11,FORWARD_SPLIT,4.0,inband,corroborated,4.0203,3.9489,persistent
NVIV,2022-04-27,REVERSE_SPLIT,0.045455,inband,corroborated,0.0436,0.0436,persistent
NVNI,2025-10-06,REVERSE_SPLIT,0.1,yahoo,corroborated,0.1023,0.1025,persistent
NVNO,2026-01-20,REVERSE_SPLIT,0.028571,yahoo,corroborated,0.0292,0.0298,persistent
NVO,2023-09-20,FORWARD_SPLIT,2.0,yahoo,corroborated,1.9752,1.9746,persistent
NVOS,2023-11-07,REVERSE_SPLIT,0.1,yahoo,drifted,0.0973,0.0788,persistent
NVOX,2025-12-09,REVERSE_SPLIT,0.125,yahoo,corroborated,0.1283,0.1276,persistent
NVVE,2024-01-22,REVERSE_SPLIT,0.025,yahoo,corroborated,0.0275,0.0293,persistent
NVVE,2024-09-17,REVERSE_SPLIT,0.1,yahoo,corroborated,0.119,0.1187,persistent
NVVE,2025-12-15,REVERSE_SPLIT,0.025,yahoo,corroborated,0.022,0.0262,persistent
NVVE,2026-07-06,REVERSE_SPLIT,0.055556,yahoo,corroborated,0.052,0.0653,persistent
NVX,2026-08-27,REVERSE_SPLIT,0.1,yahoo,corroborated,0.1077,0.1133,persistent
NWG,2022-08-30,REVERSE_SPLIT,0.928,yahoo,ex-date-absent,,,
NWTG,2024-07-30,REVERSE_SPLIT,0.1,yahoo,ex-date-absent,,,
NWTG,2025-03-17,REVERSE_SPLIT,0.0333333333333,yahoo,no-prev-bar,,,
NXL,2026-08-31,REVERSE_SPLIT,0.033333,yahoo,corroborated,0.0299,0.0299,persistent
NXPL,2026-04-13,REVERSE_SPLIT,0.1,yahoo,corroborated,0.099,0.0891,persistent
NXTC,2025-07-14,REVERSE_SPLIT,0.083333,yahoo,corroborated,0.0802,0.0802,persistent
NXTD,2021-10-18,REVERSE_SPLIT,0.1,inband,drifted,0.1123,0.1263,persistent
NXTP,2023-01-06,REVERSE_SPLIT,0.05,yahoo,ex-date-absent,,,
NXTS,2023-10-06,REVERSE_SPLIT,0.142857142857,yahoo,ex-date-absent,,,
NXTS,2025-09-22,REVERSE_SPLIT,0.0285714285714,yahoo,ex-date-absent,,,
NXTS,2026-04-08,REVERSE_SPLIT,0.142857,yahoo,corroborated,0.1394,0.1598,persistent
NXTT,2025-09-16,REVERSE_SPLIT,0.005,yahoo,drifted,0.0061,0.0063,persistent
NXTT,2026-08-10,REVERSE_SPLIT,0.01,yahoo,corroborated,0.0095,0.0092,persistent
NXU,2023-05-15,FORWARD_SPLIT,23.333333,inband,drifted,8.0208,18.3712,persistent
NXU,2025-03-31,REVERSE_SPLIT,0.052632,inband,corroborated,0.0545,0.0571,persistent
NXXT,2023-04-27,REVERSE_SPLIT,0.125,yahoo,ex-date-absent,,,
NXXT,2024-07-25,REVERSE_SPLIT,0.4,yahoo,ex-date-absent,,,
NYC,2023-01-12,REVERSE_SPLIT,0.125,inband,corroborated,0.1289,0.1092,persistent
NYMT,2023-03-09,REVERSE_SPLIT,0.257143,inband,corroborated,0.2508,0.2614,persistent
NZAC,2022-04-22,FORWARD_SPLIT,4.0,yahoo,ex-date-absent,,,
O,2021-11-15,FORWARD_SPLIT,1.032,yahoo,corroborated,1.0221,1.0225,persistent
OARK,2025-12-02,REVERSE_SPLIT,0.2,yahoo,ex-date-absent,,,
OBLG,2023-01-04,REVERSE_SPLIT,0.08,inband,drifted,0.0551,0.0559,persistent
OBSV,2022-07-27,FORWARD_SPLIT,5.2,inband,drifted,4.05,4.0796,persistent
OBT,2025-01-13,FORWARD_SPLIT,2.0,yahoo,corroborated,1.9293,1.936,persistent
OCFT,2022-12-12,REVERSE_SPLIT,0.103448,inband,corroborated,0.102,0.1007,persistent
OCG,2023-10-18,REVERSE_SPLIT,0.2,yahoo,corroborated,0.1882,0.1882,persistent
OCG,2026-01-16,REVERSE_SPLIT,0.004545,yahoo,corroborated,0.0043,0.0055,persistent
OCG,2026-04-27,REVERSE_SPLIT,0.333333,yahoo,corroborated,0.283,0.2984,persistent
OCSL,2023-01-23,REVERSE_SPLIT,0.333333,yahoo,corroborated,0.3351,0.3326,persistent
OCTO,2024-08-16,REVERSE_SPLIT,0.193548,inband,corroborated,0.2305,0.2166,persistent
OCX,2023-07-25,REVERSE_SPLIT,0.043478,inband,corroborated,0.0439,0.0439,persistent
ODC,2025-01-06,FORWARD_SPLIT,2.0,yahoo,corroborated,2.0043,2.1086,persistent
ODFL,2024-03-28,FORWARD_SPLIT,2.0,yahoo,corroborated,1.9707,1.9485,persistent
OESX,2025-08-22,REVERSE_SPLIT,0.1,yahoo,ex-date-absent,,,
OFAL,2026-07-31,REVERSE_SPLIT,0.1,yahoo,corroborated,0.0988,0.0988,persistent
OGC,2025-06-23,REVERSE_SPLIT,0.333333333333,yahoo,ex-date-absent,,,
OGEN,2023-01-23,REVERSE_SPLIT,0.016667,yahoo,corroborated,0.0181,0.0186,persistent
OGEN,2025-06-03,REVERSE_SPLIT,0.033333,yahoo,corroborated,0.0227,0.0378,persistent
OGG,2022-05-04,REVERSE_SPLIT,0.333333333333,yahoo,ex-date-absent,,,
OGI,2023-07-07,REVERSE_SPLIT,0.25,yahoo,corroborated,0.2679,0.2431,persistent
OILD,2022-12-02,REVERSE_SPLIT,0.1,yahoo,corroborated,0.0997,0.0983,persistent
OILD,2026-02-24,REVERSE_SPLIT,0.1,yahoo,corroborated,0.0974,0.0999,persistent
OIO,2026-04-24,REVERSE_SPLIT,0.333333,yahoo,not-corroborated,0.3758,0.7542,persistent
OKLS,2026-03-23,REVERSE_SPLIT,0.333333,inband,corroborated,0.364,0.3644,persistent
OKUR,2024-10-07,REVERSE_SPLIT,0.1,yahoo,no-prev-bar,,,
OLB,2024-05-06,REVERSE_SPLIT,0.1,yahoo,drifted,0.1025,0.1319,persistent
OLMA,2025-04-11,REVERSE_SPLIT,0.7,inband,drifted,0.9757,0.9084,persistent
OLOX,2023-09-28,FORWARD_SPLIT,2.133,yahoo,ex-date-absent,,,
OLOX,2024-05-02,REVERSE_SPLIT,0.05,yahoo,ex-date-absent,,,
OLOX,2025-09-08,REVERSE_SPLIT,0.015625,yahoo,ex-date-absent,,,
OLOX,2026-05-08,REVERSE_SPLIT,0.1,yahoo,corroborated,0.0979,0.1014,persistent
OM,2025-03-20,REVERSE_SPLIT,0.066667,yahoo,drifted,0.0586,0.0493,persistent
OMH,2025-03-10,REVERSE_SPLIT,0.1,inband,not-corroborated,0.1749,0.1672,persistent
OMH,2026-08-31,REVERSE_SPLIT,0.02,yahoo,corroborated,0.0184,0.0211,persistent
OMIC,2024-06-26,REVERSE_SPLIT,0.033333,inband,corroborated,0.0339,0.0331,persistent
ONCO,2024-09-24,REVERSE_SPLIT,0.025,yahoo,drifted,0.0231,0.0189,persistent
ONCO,2025-06-13,REVERSE_SPLIT,0.011765,yahoo,drifted,0.0149,0.0151,persistent
ONCO,2026-03-25,REVERSE_SPLIT,0.2,yahoo,corroborated,0.1776,0.1672,persistent
ONCO,2026-05-21,REVERSE_SPLIT,0.1,yahoo,corroborated,0.0906,0.0917,persistent
ONCS,2022-11-09,REVERSE_SPLIT,0.06,inband,ex-date-absent,,,
ONCT,2024-01-08,REVERSE_SPLIT,0.05,inband,corroborated,0.0573,0.0573,persistent
ONE,2022-01-24,REVERSE_SPLIT,0.047619,inband,corroborated,0.0629,0.0414,persistent
ONFO,2026-08-10,REVERSE_SPLIT,0.02,yahoo,corroborated,0.0186,0.0186,persistent
ONON,2022-09-29,REVERSE_SPLIT,0.516129,inband,not-corroborated,1.0223,1.0353,bad-open-print
ONTX,2026-06-25,REVERSE_SPLIT,0.030769,inband,corroborated,0.0339,0.0304,persistent
ONVO,2025-03-21,REVERSE_SPLIT,0.086957,inband,corroborated,0.0764,0.0958,persistent
OPAD,2023-06-13,REVERSE_SPLIT,0.066667,yahoo,corroborated,0.0666,0.0622,persistent
OPAD,2026-06-09,REVERSE_SPLIT,0.1,yahoo,corroborated,0.1039,0.1061,persistent
OPEX,2026-03-10,REVERSE_SPLIT,0.333333333333,yahoo,ex-date-absent,,,
OPGN,2023-01-05,REVERSE_SPLIT,0.052632,inband,corroborated,0.0554,0.0614,persistent
OPGN,2024-05-20,REVERSE_SPLIT,0.109375,inband,corroborated,0.1043,0.1103,persistent
OPPJ,2023-08-10,FORWARD_SPLIT,2.0,yahoo,ex-date-absent,,,
OPTN,2024-12-31,REVERSE_SPLIT,0.064516,inband,corroborated,0.0622,0.0634,persistent
ORBS,2024-08-16,REVERSE_SPLIT,0.2,yahoo,ex-date-absent,,,
ORC,2022-08-31,REVERSE_SPLIT,0.2,yahoo,corroborated,0.1985,0.1997,persistent
ORCX,2026-03-20,REVERSE_SPLIT,0.333333,yahoo,corroborated,0.3487,0.3625,persistent
ORGN,2026-03-20,REVERSE_SPLIT,0.033333,inband,corroborated,0.0333,0.0377,persistent
ORGS,2024-09-25,REVERSE_SPLIT,0.1,yahoo,corroborated,0.0862,0.0855,persistent
ORIO,2023-08-14,REVERSE_SPLIT,0.333333333333,yahoo,ex-date-absent,,,
ORKA,2024-09-03,REVERSE_SPLIT,0.0833333333333,yahoo,no-prev-bar,,,
ORKT,2025-09-29,REVERSE_SPLIT,0.25,yahoo,corroborated,0.2492,0.2492,persistent
ORLY,2025-06-10,FORWARD_SPLIT,15.0,yahoo,corroborated,14.9584,14.7071,persistent
ORTX,2023-03-10,REVERSE_SPLIT,0.096774,inband,corroborated,0.1101,0.1108,persistent
OSCX,2026-03-23,REVERSE_SPLIT,0.25,yahoo,ex-date-absent,,,
OST,2024-12-31,REVERSE_SPLIT,0.1,yahoo,drifted,0.0746,0.076,persistent
OST,2025-08-05,REVERSE_SPLIT,0.04,yahoo,corroborated,0.036,0.0353,persistent
OTLK,2024-03-14,REVERSE_SPLIT,0.05,yahoo,corroborated,0.0565,0.0601,persistent
OTLY,2025-02-18,REVERSE_SPLIT,0.05,yahoo,corroborated,0.0503,0.0571,persistent
OTMO,2023-08-04,REVERSE_SPLIT,0.066667,inband,corroborated,0.0653,0.0646,persistent
OTRK,2023-07-28,REVERSE_SPLIT,0.181818,inband,corroborated,0.1504,0.1565,persistent
OTRK,2024-09-23,REVERSE_SPLIT,0.07,inband,corroborated,0.0635,0.0656,persistent
OUST,2023-04-21,REVERSE_SPLIT,0.1,yahoo,corroborated,0.102,0.1075,persistent
OUT,2025-01-17,REVERSE_SPLIT,0.976,yahoo,corroborated,0.9561,0.9334,persistent
OWLT,2023-07-10,REVERSE_SPLIT,0.071429,yahoo,corroborated,0.0729,0.0689,persistent
OXLC,2025-09-08,REVERSE_SPLIT,0.2,yahoo,corroborated,0.2112,0.2047,persistent
PAAI,2022-02-09,REVERSE_SPLIT,0.0454545454545,yahoo,ex-date-absent,,,
PALI,2022-11-16,REVERSE_SPLIT,0.02,yahoo,corroborated,0.0188,0.024,persistent
PALI,2024-04-08,REVERSE_SPLIT,0.066667,yahoo,corroborated,0.0626,0.0566,persistent
PALL,2026-05-18,FORWARD_SPLIT,5.0,yahoo,corroborated,5.0399,5.0359,persistent
PAMT,2022-03-30,FORWARD_SPLIT,2.0,yahoo,ex-date-absent,,,
PANW,2022-09-14,FORWARD_SPLIT,3.0,yahoo,corroborated,2.9933,3.0147,persistent
PANW,2024-12-16,FORWARD_SPLIT,2.0,yahoo,corroborated,1.9875,1.9409,persistent
PAPL,2025-07-16,REVERSE_SPLIT,0.05,yahoo,ex-date-absent,,,
PARA,2024-09-19,REVERSE_SPLIT,0.02,yahoo,not-corroborated,0.9773,1.01,bad-open-print
PARA,2025-07-08,REVERSE_SPLIT,0.1,yahoo,not-corroborated,0.9976,0.9921,bad-open-print
PARA,2026-05-08,REVERSE_SPLIT,0.05,yahoo,ex-date-absent,,,
PASG,2025-07-14,REVERSE_SPLIT,0.05,yahoo,corroborated,0.0574,0.0599,persistent
PATK,2024-12-16,FORWARD_SPLIT,1.5,yahoo,corroborated,1.4994,1.5256,persistent
PAVM,2023-12-07,REVERSE_SPLIT,0.066667,yahoo,corroborated,0.0736,0.07,persistent
PAVM,2026-01-02,REVERSE_SPLIT,0.033333,yahoo,corroborated,0.0345,0.0352,persistent
PAVS,2022-10-11,REVERSE_SPLIT,0.05,yahoo,ex-date-absent,,,
PAVS,2025-12-18,REVERSE_SPLIT,0.01,yahoo,corroborated,0.0077,0.0082,persistent
PAVS,2026-03-31,REVERSE_SPLIT,0.083333,yahoo,corroborated,0.0671,0.0715,persistent
PAVS,2026-06-29,REVERSE_SPLIT,0.01,yahoo,corroborated,0.0085,0.0119,persistent
PBL,2025-05-06,FORWARD_SPLIT,1.5,inband,ex-date-absent,,,
PBLA,2023-01-13,REVERSE_SPLIT,0.025,yahoo,corroborated,0.0273,0.0275,persistent
PBLA,2023-06-01,REVERSE_SPLIT,0.033333,yahoo,corroborated,0.0284,0.0342,persistent
PBLA,2024-01-18,REVERSE_SPLIT,0.05,yahoo,drifted,0.0609,0.0647,persistent
PBM,2024-11-26,REVERSE_SPLIT,0.013333,yahoo,corroborated,0.0125,0.0133,persistent
PBM,2025-05-05,REVERSE_SPLIT,0.125,yahoo,corroborated,0.1195,0.116,persistent
PBM,2026-01-20,REVERSE_SPLIT,0.16,yahoo,ex-date-absent,,,
PBM,2026-02-02,REVERSE_SPLIT,0.16,yahoo,corroborated,0.1525,0.1676,persistent
PBTS,2023-09-22,REVERSE_SPLIT,0.1125,inband,not-corroborated,0.1728,0.1814,persistent
PC,2025-07-22,REVERSE_SPLIT,0.111111,yahoo,corroborated,0.1152,0.1097,persistent
PCAR,2023-02-08,FORWARD_SPLIT,1.5,yahoo,corroborated,1.4994,1.5319,persistent
PCI,2025-08-07,REVERSE_SPLIT,0.40625,inband,ex-date-absent,,,
PCLA,2026-01-26,REVERSE_SPLIT,0.0333333333333,yahoo,ex-date-absent,,,
PCSA,2024-01-22,REVERSE_SPLIT,0.05,yahoo,not-corroborated,0.0692,0.0895,persistent
PCSA,2025-12-17,REVERSE_SPLIT,0.04,yahoo,not-corroborated,0.0226,0.018,persistent
PDC,2024-05-16,REVERSE_SPLIT,0.2,yahoo,ex-date-absent,,,
PDLB,2022-01-28,FORWARD_SPLIT,1.395,yahoo,corroborated,1.4242,1.4242,persistent
PDYN,2023-07-06,REVERSE_SPLIT,0.166666666667,yahoo,ex-date-absent,,,
PED,2026-03-13,REVERSE_SPLIT,0.05,yahoo,corroborated,0.0482,0.0421,persistent
PEGA,2025-06-23,FORWARD_SPLIT,2.0,yahoo,corroborated,2.0111,1.9866,persistent
PEGY,2024-10-17,REVERSE_SPLIT,0.02,inband,corroborated,0.0206,0.0179,persistent
PEI,2022-06-16,REVERSE_SPLIT,0.055556,inband,corroborated,0.0587,0.0495,persistent
PENG,2022-02-02,FORWARD_SPLIT,2.0,yahoo,ex-date-absent,,,
PETZ,2022-06-14,REVERSE_SPLIT,0.05,yahoo,drifted,0.0449,0.0629,persistent
PFSA,2026-02-09,REVERSE_SPLIT,0.013333,yahoo,drifted,0.0166,0.0188,persistent
PFSA,2026-07-07,REVERSE_SPLIT,0.04,yahoo,corroborated,0.0386,0.0385,persistent
PFSA,2026-08-17,REVERSE_SPLIT,0.25,yahoo,drifted,0.165,0.199,persistent
PGY,2024-03-08,REVERSE_SPLIT,0.083333,yahoo,corroborated,0.0836,0.0821,persistent
PHGE,2024-08-26,REVERSE_SPLIT,0.1,yahoo,corroborated,0.1026,0.1004,persistent
PHGE,2025-11-25,REVERSE_SPLIT,0.052632,yahoo,corroborated,0.0556,0.0503,persistent
PHIO,2023-01-26,REVERSE_SPLIT,0.083333,yahoo,corroborated,0.0793,0.0737,persistent
PHIO,2024-07-05,REVERSE_SPLIT,0.111111,yahoo,corroborated,0.1167,0.1135,persistent
PHUN,2024-02-27,REVERSE_SPLIT,0.02,yahoo,corroborated,0.0195,0.0212,persistent
PIII,2025-04-14,REVERSE_SPLIT,0.02,yahoo,corroborated,0.022,0.022,persistent
PIPR,2026-03-24,FORWARD_SPLIT,4.0,yahoo,corroborated,3.9897,4.0508,persistent
PIRS,2024-04-23,REVERSE_SPLIT,0.0125,inband,corroborated,0.0135,0.0126,persistent
PIXY,2022-09-01,REVERSE_SPLIT,0.0125,inband,not-corroborated,0.0087,0.0065,persistent
PIXY,2023-10-16,REVERSE_SPLIT,0.043478,inband,corroborated,0.0493,0.0524,persistent
PLAG,2024-06-03,REVERSE_SPLIT,0.1,yahoo,drifted,0.1529,0.1256,persistent
PLRZ,2025-05-27,REVERSE_SPLIT,0.004,yahoo,drifted,0.0049,0.0053,persistent
PLRZ,2025-11-28,REVERSE_SPLIT,0.166667,yahoo,corroborated,0.1534,0.1495,persistent
PLTZ,2025-12-09,REVERSE_SPLIT,0.25,yahoo,corroborated,0.2461,0.2505,persistent
PLUR,2024-04-01,REVERSE_SPLIT,0.125,yahoo,corroborated,0.1377,0.1437,persistent
PLUS,2021-12-14,FORWARD_SPLIT,2.0,yahoo,corroborated,2.0421,2.0775,persistent
PMAX,2025-10-06,REVERSE_SPLIT,0.125,yahoo,drifted,0.1213,0.0971,persistent
PMAX,2026-04-17,REVERSE_SPLIT,0.1,yahoo,drifted,0.0912,0.0797,persistent
PME,2022-12-22,REVERSE_SPLIT,0.7,inband,ex-date-absent,,,
PMI,2026-08-03,REVERSE_SPLIT,0.02,yahoo,corroborated,0.0164,0.0174,persistent
PMN,2022-06-28,REVERSE_SPLIT,0.0166666666667,yahoo,ex-date-absent,,,
PMN,2025-11-28,REVERSE_SPLIT,0.04,yahoo,corroborated,0.0451,0.0441,persistent
PN,2026-04-13,REVERSE_SPLIT,0.05,yahoo,drifted,0.074,0.0684,persistent
PNQI,2023-07-17,FORWARD_SPLIT,5.0,yahoo,corroborated,5.0197,4.9849,persistent
POAI,2023-04-24,REVERSE_SPLIT,0.061538,inband,corroborated,0.0558,0.0577,persistent
POAI,2025-09-30,REVERSE_SPLIT,0.064516,inband,drifted,0.0789,0.0904,persistent
POCI,2022-11-02,REVERSE_SPLIT,0.333333333333,yahoo,ex-date-absent,,,
POET,2022-02-28,REVERSE_SPLIT,0.1,yahoo,ex-date-absent,,,
POLA,2024-11-19,REVERSE_SPLIT,0.142857,yahoo,corroborated,0.1399,0.1325,persistent
POM,2026-06-22,REVERSE_SPLIT,0.055556,yahoo,corroborated,0.0636,0.0636,persistent
PONX,2026-07-21,REVERSE_SPLIT,0.2,yahoo,ex-date-absent,,,
POST,2022-03-11,FORWARD_SPLIT,1.528,yahoo,corroborated,1.4835,1.5031,persistent
POTX,2022-06-13,REVERSE_SPLIT,0.206897,inband,corroborated,0.1769,0.1816,persistent
POWL,2026-04-06,FORWARD_SPLIT,3.0,yahoo,corroborated,3.0154,2.93,persistent
PPBT,2024-09-17,REVERSE_SPLIT,0.05,yahoo,ex-date-absent,,,
PPBT,2026-03-02,REVERSE_SPLIT,0.1,yahoo,corroborated,0.0997,0.0997,persistent
PPCB,2025-01-29,REVERSE_SPLIT,0.5,yahoo,ex-date-absent,,,
PPCB,2026-05-18,REVERSE_SPLIT,0.04,yahoo,drifted,0.03,0.0307,persistent
PPEM,2026-02-20,FORWARD_SPLIT,1.45,inband,ex-date-absent,,,
PPI,2024-05-01,FORWARD_SPLIT,2.0,yahoo,corroborated,1.9622,1.9622,persistent
PPLI,2025-04-01,FORWARD_SPLIT,1.219,yahoo,ex-date-absent,,,
PPLT,2026-05-18,FORWARD_SPLIT,10.0,yahoo,corroborated,10.0101,10.0269,persistent
PRAX,2023-11-29,REVERSE_SPLIT,0.066667,yahoo,corroborated,0.0696,0.0626,persistent
PRE,2022-05-18,FORWARD_SPLIT,1.29,yahoo,no-prev-bar,,,
PRE,2023-11-14,REVERSE_SPLIT,0.066667,yahoo,corroborated,0.0685,0.0685,persistent
PRF,2023-07-17,FORWARD_SPLIT,5.0,yahoo,corroborated,5.007,4.9979,persistent
PRFX,2023-07-03,REVERSE_SPLIT,0.1,yahoo,corroborated,0.0911,0.0863,persistent
PRFX,2024-09-09,REVERSE_SPLIT,0.166667,yahoo,corroborated,0.1256,0.1592,persistent
PRFX,2026-02-06,REVERSE_SPLIT,0.2,yahoo,corroborated,0.1697,0.2104,persistent
PRFZ,2023-07-17,FORWARD_SPLIT,5.0,yahoo,corroborated,4.9811,4.9296,persistent
PRHI,2026-06-02,REVERSE_SPLIT,0.142857,yahoo,corroborated,0.1352,0.1574,persistent
PROP,2023-10-16,REVERSE_SPLIT,0.034,yahoo,ex-date-absent,,,
PRPH,2025-12-22,REVERSE_SPLIT,0.1,yahoo,corroborated,0.0971,0.0932,persistent
PRPL,2026-07-20,REVERSE_SPLIT,0.04,yahoo,corroborated,0.0474,0.0472,persistent
PRPO,2023-09-22,REVERSE_SPLIT,0.05,yahoo,corroborated,0.0438,0.0438,persistent
PRSO,2024-01-03,REVERSE_SPLIT,0.025,yahoo,corroborated,0.0303,0.0298,persistent
PRTS,2026-05-26,REVERSE_SPLIT,0.1,yahoo,corroborated,0.1075,0.0995,persistent
PSCC,2023-07-17,FORWARD_SPLIT,3.0,yahoo,ex-date-absent,,,
PSCE,2023-07-17,REVERSE_SPLIT,0.2,yahoo,corroborated,0.1991,0.1991,persistent
PSCH,2023-07-17,FORWARD_SPLIT,3.0,yahoo,corroborated,3.0042,3.0042,persistent
PSCT,2023-07-17,FORWARD_SPLIT,3.0,yahoo,ex-date-absent,,,
PSFE,2022-12-13,REVERSE_SPLIT,0.083333,yahoo,corroborated,0.0859,0.0896,persistent
PSHG,2022-11-15,REVERSE_SPLIT,0.066667,yahoo,corroborated,0.067,0.0703,persistent
PSI,2023-07-17,FORWARD_SPLIT,3.0,yahoo,corroborated,2.9894,2.9804,persistent
PSIG,2025-10-13,REVERSE_SPLIT,0.125,yahoo,drifted,0.0805,0.0976,persistent
PSIL,2024-09-10,REVERSE_SPLIT,0.1,yahoo,ex-date-absent,,,
PSJ,2023-07-17,FORWARD_SPLIT,2.962963,inband,ex-date-absent,,,
PSNY,2025-12-09,REVERSE_SPLIT,0.033333,yahoo,corroborated,0.0313,0.03,persistent
PSP,2023-07-17,REVERSE_SPLIT,0.2,yahoo,corroborated,0.2003,0.1991,persistent
PSQ,2024-04-10,REVERSE_SPLIT,0.2,yahoo,corroborated,0.1978,0.1984,persistent
PSQH,2026-07-13,REVERSE_SPLIT,0.066667,yahoo,drifted,0.0664,0.0846,persistent
PSTV,2023-05-01,REVERSE_SPLIT,0.068966,inband,corroborated,0.075,0.0693,persistent
PSTV,2026-04-02,REVERSE_SPLIT,0.041667,inband,corroborated,0.0415,0.0445,persistent
PT,2022-05-16,REVERSE_SPLIT,0.25,inband,ex-date-absent,,,
PTE,2022-05-17,REVERSE_SPLIT,0.041667,inband,drifted,0.0545,0.0578,persistent
PTF,2023-07-17,FORWARD_SPLIT,3.0,yahoo,ex-date-absent,,,
PTH,2023-07-17,FORWARD_SPLIT,3.0,yahoo,ex-date-absent,,,
PTHS,2025-07-02,REVERSE_SPLIT,0.1,yahoo,no-prev-bar,,,
PTIR,2025-07-09,FORWARD_SPLIT,15.0,yahoo,corroborated,15.0534,14.3305,persistent
PTIX,2023-03-23,REVERSE_SPLIT,0.25,yahoo,corroborated,0.2874,0.2874,persistent
PTIX,2025-05-05,REVERSE_SPLIT,0.071429,yahoo,corroborated,0.0803,0.0767,persistent
PTLE,2026-02-27,REVERSE_SPLIT,0.0125,yahoo,corroborated,0.0144,0.0141,persistent
PTN,2022-08-31,REVERSE_SPLIT,0.04,yahoo,corroborated,0.0411,0.0362,persistent
PTN,2025-08-12,REVERSE_SPLIT,0.02,yahoo,ex-date-absent,,,
PTPI,2022-12-01,REVERSE_SPLIT,0.1,yahoo,ex-date-absent,,,
PTPI,2025-05-01,REVERSE_SPLIT,0.04,yahoo,corroborated,0.0376,0.0424,persistent
PUK,2021-09-20,FORWARD_SPLIT,1.031,yahoo,corroborated,1.1165,1.1325,persistent
PULM,2022-03-01,REVERSE_SPLIT,0.05,yahoo,corroborated,0.0516,0.0551,persistent
PVLA,2024-04-23,REVERSE_SPLIT,0.0125,yahoo,ex-date-absent,,,
PW,2026-06-03,REVERSE_SPLIT,0.1,yahoo,drifted,0.0733,0.071,persistent
PWCM,2024-03-12,REVERSE_SPLIT,0.166666666667,yahoo,ex-date-absent,,,
PWCM,2026-07-13,REVERSE_SPLIT,0.04,yahoo,ex-date-absent,,,
PXDT,2024-09-26,REVERSE_SPLIT,0.3875,inband,ex-date-absent,,,
PXJ,2023-07-17,REVERSE_SPLIT,0.2,yahoo,ex-date-absent,,,
PXLW,2025-06-09,REVERSE_SPLIT,0.083333,yahoo,corroborated,0.0872,0.0831,persistent
PXMD,2023-10-31,REVERSE_SPLIT,0.058824,yahoo,corroborated,0.0628,0.0516,persistent
PXS,2022-05-13,REVERSE_SPLIT,0.25,yahoo,corroborated,0.2546,0.2171,persistent
PYPD,2023-09-21,REVERSE_SPLIT,0.033333,yahoo,corroborated,0.0324,0.0412,persistent
PYPY,2025-12-08,REVERSE_SPLIT,0.2,yahoo,corroborated,0.1999,0.1999,persistent
QBTX,2025-10-21,FORWARD_SPLIT,3.0,yahoo,corroborated,2.9427,3.5084,persistent
QBTZ,2026-03-23,REVERSE_SPLIT,0.333333,yahoo,corroborated,0.3312,0.3656,persistent
QCLS,2024-02-15,REVERSE_SPLIT,0.0333333333333,yahoo,ex-date-absent,,,
QCLS,2025-09-02,REVERSE_SPLIT,0.01,yahoo,ex-date-absent,,,
QH,2022-08-12,REVERSE_SPLIT,0.01,yahoo,not-corroborated,0.098,0.0945,persistent
QH,2025-08-25,REVERSE_SPLIT,0.011111,yahoo,corroborated,0.0094,0.0112,persistent
QH,2026-05-29,REVERSE_SPLIT,0.015625,inband,drifted,0.0095,0.0104,persistent
QID,2024-04-10,REVERSE_SPLIT,0.2,yahoo,corroborated,0.1958,0.197,persistent
QK,2022-03-07,REVERSE_SPLIT,0.2125,inband,drifted,0.3178,0.3178,persistent
QLD,2025-11-20,FORWARD_SPLIT,2.0,yahoo,corroborated,1.928,2.1005,persistent
QLGN,2022-11-23,REVERSE_SPLIT,0.114286,inband,ex-date-absent,,,
QLGN,2024-11-05,REVERSE_SPLIT,0.02,inband,corroborated,0.0227,0.0199,persistent
QMCO,2024-08-27,REVERSE_SPLIT,0.05,yahoo,corroborated,0.0595,0.0595,persistent
QNCX,2026-04-13,REVERSE_SPLIT,0.1,yahoo,corroborated,0.0957,0.096,persistent
QNCX,2026-06-30,REVERSE_SPLIT,0.05,yahoo,corroborated,0.0503,0.0507,persistent
QNRX,2021-09-24,REVERSE_SPLIT,0.25,yahoo,ex-date-absent,,,
QNRX,2022-08-01,REVERSE_SPLIT,0.08,yahoo,ex-date-absent,,,
QNRX,2023-07-18,REVERSE_SPLIT,0.083333,yahoo,corroborated,0.0748,0.0801,persistent
QNRX,2025-04-09,REVERSE_SPLIT,0.028571,yahoo,corroborated,0.0299,0.0297,persistent
QNTM,2024-08-15,REVERSE_SPLIT,0.0153846153846,yahoo,no-prev-bar,,,
QPUX,2026-03-23,REVERSE_SPLIT,0.333333,yahoo,corroborated,0.3217,0.3217,persistent
QQQH,2025-02-21,REVERSE_SPLIT,0.5,yahoo,no-prev-bar,,,
QQQP,2025-06-03,REVERSE_SPLIT,0.2,yahoo,ex-date-absent,,,
QQQY,2024-08-01,REVERSE_SPLIT,0.333333,yahoo,corroborated,0.3314,0.34,persistent
QSU,2026-03-20,REVERSE_SPLIT,0.166666666667,yahoo,ex-date-absent,,,
QTI,2025-10-24,REVERSE_SPLIT,0.333333333333,yahoo,ex-date-absent,,,
QTI,2025-10-27,REVERSE_SPLIT,0.2,yahoo,ex-date-absent,,,
QTI,2026-01-28,REVERSE_SPLIT,0.045455,inband,not-corroborated,0.0897,0.0889,persistent
QTT,2021-12-10,REVERSE_SPLIT,0.12,inband,corroborated,0.1067,0.1118,persistent
QTTB,2024-03-26,REVERSE_SPLIT,0.0555555555556,yahoo,no-prev-bar,,,
QUBX,2025-12-02,REVERSE_SPLIT,0.2,yahoo,corroborated,0.1921,0.1999,persistent
QVCGA,2025-05-23,REVERSE_SPLIT,0.02,inband,corroborated,0.0211,0.0245,persistent
QXL,2022-09-06,REVERSE_SPLIT,0.0357142857143,yahoo,ex-date-absent,,,
QXL,2025-03-14,REVERSE_SPLIT,0.25,yahoo,ex-date-absent,,,
QXO,2024-06-06,REVERSE_SPLIT,0.125,yahoo,no-prev-bar,,,
RAAS,2023-03-15,REVERSE_SPLIT,0.342857,inband,corroborated,0.35,0.35,persistent
RAPT,2025-06-17,REVERSE_SPLIT,0.125,inband,corroborated,0.1291,0.1315,persistent
RAY,2025-11-07,REVERSE_SPLIT,0.0625,yahoo,corroborated,0.0738,0.0738,persistent
RAYA,2025-09-30,REVERSE_SPLIT,0.004545,yahoo,not-corroborated,0.008,0.0094,persistent
RAYA,2026-04-20,REVERSE_SPLIT,0.1,yahoo,corroborated,0.1149,0.1099,persistent
RBKB,2026-07-22,FORWARD_SPLIT,1.397,yahoo,corroborated,1.4551,1.4666,persistent
RBNE,2025-12-24,REVERSE_SPLIT,0.2,yahoo,corroborated,0.2212,0.2276,persistent
RBNE,2026-07-09,REVERSE_SPLIT,0.066667,yahoo,corroborated,0.059,0.0571,persistent
RBOT,2024-06-13,REVERSE_SPLIT,0.033333,yahoo,corroborated,0.0298,0.0309,persistent
RBT,2023-09-27,REVERSE_SPLIT,0.117647,inband,corroborated,0.1409,0.1334,persistent
RCBC,2025-12-16,FORWARD_SPLIT,10.0,yahoo,ex-date-absent,,,
RCD,2024-12-19,FORWARD_SPLIT,5.2,inband,corroborated,5.1772,5.1897,persistent
RCON,2024-05-01,REVERSE_SPLIT,0.055556,yahoo,corroborated,0.0531,0.0531,persistent
RCON,2026-08-18,REVERSE_SPLIT,0.005,yahoo,drifted,0.0051,0.0069,persistent
RCRT,2023-08-25,REVERSE_SPLIT,0.068966,inband,corroborated,0.0766,0.0766,persistent
RDGT,2022-04-07,REVERSE_SPLIT,0.0833333333333,yahoo,ex-date-absent,,,
RDGT,2024-03-01,REVERSE_SPLIT,0.05,yahoo,ex-date-absent,,,
RDGT,2026-04-08,REVERSE_SPLIT,0.006667,yahoo,drifted,0.0082,0.0092,persistent
RDHL,2023-03-23,REVERSE_SPLIT,0.025,yahoo,corroborated,0.0271,0.0302,persistent
RDHL,2024-08-20,REVERSE_SPLIT,0.04,yahoo,corroborated,0.0449,0.0366,persistent
RDUS,2023-09-01,REVERSE_SPLIT,0.310345,inband,corroborated,0.3034,0.3102,persistent
RDY,2024-11-05,FORWARD_SPLIT,5.0,yahoo,corroborated,4.8806,5.0643,persistent
REAX,2026-08-25,REVERSE_SPLIT,0.1,yahoo,corroborated,0.0932,0.0849,persistent
REBN,2024-01-22,REVERSE_SPLIT,0.125,yahoo,corroborated,0.1434,0.1462,persistent
REE,2023-10-18,REVERSE_SPLIT,0.04,inband,corroborated,0.0367,0.0385,persistent
REED,2023-01-27,REVERSE_SPLIT,0.02,yahoo,ex-date-absent,,,
REED,2025-11-03,REVERSE_SPLIT,0.166666666667,yahoo,ex-date-absent,,,
REK,2022-01-13,REVERSE_SPLIT,0.5,yahoo,ex-date-absent,,,
RELI,2023-02-23,REVERSE_SPLIT,0.074074,inband,corroborated,0.078,0.086,persistent
RELI,2024-07-01,REVERSE_SPLIT,0.095238,inband,not-corroborated,0.0549,0.0478,persistent
RELL,2025-04-10,FORWARD_SPLIT,1.391304,inband,corroborated,1.0425,1.1948,persistent
RENT,2024-04-03,REVERSE_SPLIT,0.05,yahoo,corroborated,0.0519,0.056,persistent
RENX,2024-10-08,REVERSE_SPLIT,0.05,yahoo,ex-date-absent,,,
RENX,2025-04-07,FORWARD_SPLIT,1.05,yahoo,ex-date-absent,,,
RENX,2026-03-26,REVERSE_SPLIT,0.05,yahoo,corroborated,0.0492,0.0521,persistent
RETL,2021-10-25,FORWARD_SPLIT,5.0,yahoo,corroborated,4.1472,4.02,persistent
RETO,2023-05-12,REVERSE_SPLIT,0.1,yahoo,ex-date-absent,,,
RETO,2023-05-15,REVERSE_SPLIT,0.1,yahoo,corroborated,0.0956,0.0922,persistent
RETO,2024-03-01,REVERSE_SPLIT,0.1,yahoo,corroborated,0.1149,0.112,persistent
RETO,2025-03-07,REVERSE_SPLIT,0.107692,inband,drifted,0.1199,0.1363,persistent
RETO,2025-11-03,REVERSE_SPLIT,0.2,yahoo,corroborated,0.2219,0.2088,persistent
RETO,2026-05-18,REVERSE_SPLIT,0.25,yahoo,ex-date-absent,,,
REVB,2023-02-01,REVERSE_SPLIT,0.028571,yahoo,corroborated,0.0295,0.0276,persistent
REVB,2024-01-25,REVERSE_SPLIT,0.033333,yahoo,drifted,0.0362,0.0444,persistent
REVB,2025-01-28,REVERSE_SPLIT,0.0625,yahoo,corroborated,0.0588,0.0547,persistent
REVB,2025-07-07,REVERSE_SPLIT,0.333333,yahoo,corroborated,0.2963,0.3033,persistent
REVB,2026-01-28,REVERSE_SPLIT,0.25,yahoo,corroborated,0.2351,0.2419,persistent
REW,2022-01-13,REVERSE_SPLIT,0.5,yahoo,ex-date-absent,,,
REW,2024-04-10,REVERSE_SPLIT,0.5,yahoo,corroborated,0.505,0.5039,persistent
REW,2025-11-20,REVERSE_SPLIT,0.5,yahoo,corroborated,0.4651,0.4631,persistent
REW,2026-05-28,REVERSE_SPLIT,0.5,yahoo,ex-date-absent,,,
REX,2022-08-08,FORWARD_SPLIT,3.0,yahoo,corroborated,2.9708,2.9153,persistent
REX,2025-09-16,FORWARD_SPLIT,2.0,yahoo,corroborated,1.9987,2.0059,persistent
REZI,2026-08-04,FORWARD_SPLIT,1.437,yahoo,corroborated,1.3951,1.3844,persistent
RFG,2023-07-17,FORWARD_SPLIT,5.0,yahoo,corroborated,4.7074,4.7145,persistent
RFL,2025-05-09,FORWARD_SPLIT,1.014,yahoo,corroborated,1.0076,0.9172,persistent
RGC,2025-06-16,FORWARD_SPLIT,38.0,yahoo,not-corroborated,22.3717,9.962,persistent
RGLS,2022-06-29,REVERSE_SPLIT,0.128571,inband,drifted,0.1026,0.1003,persistent
RGR,2025-10-24,REVERSE_SPLIT,0.374,yahoo,not-corroborated,0.9935,0.9819,bad-open-print
RGS,2023-11-29,REVERSE_SPLIT,0.05,yahoo,corroborated,0.0545,0.044,persistent
RGTU,2025-10-21,FORWARD_SPLIT,3.0,yahoo,corroborated,3.0909,3.438,persistent
RGTU,2026-03-10,REVERSE_SPLIT,0.333333,yahoo,corroborated,0.3404,0.3547,persistent
RGTX,2025-12-09,FORWARD_SPLIT,4.0,yahoo,corroborated,4.238,3.9912,persistent
RGTX,2026-03-19,REVERSE_SPLIT,0.25,yahoo,corroborated,0.2713,0.2585,persistent
RIBT,2022-08-26,REVERSE_SPLIT,0.1,yahoo,ex-date-absent,,,
RIDE,2023-05-24,REVERSE_SPLIT,0.075,inband,corroborated,0.0638,0.0766,persistent
RIGL,2024-06-27,REVERSE_SPLIT,0.1,yahoo,corroborated,0.0992,0.0809,persistent
RIME,2022-05-24,REVERSE_SPLIT,0.0333333333333,yahoo,ex-date-absent,,,
RIME,2025-02-10,REVERSE_SPLIT,0.005,yahoo,corroborated,0.0052,0.0057,persistent
RIOX,2026-03-19,REVERSE_SPLIT,0.333333,yahoo,corroborated,0.3684,0.3325,persistent
RIV,2025-09-11,FORWARD_SPLIT,1.03,yahoo,corroborated,1.0306,1.028,persistent
RJET,2025-11-25,REVERSE_SPLIT,0.0666666666667,yahoo,no-prev-bar,,,
RJF,2021-09-22,FORWARD_SPLIT,1.5,yahoo,corroborated,1.4887,1.4824,persistent
RKDA,2023-03-01,REVERSE_SPLIT,0.025,yahoo,ex-date-absent,,,
RKLX,2025-12-09,FORWARD_SPLIT,3.0,yahoo,corroborated,3.0785,2.8486,persistent
RKLZ,2026-03-23,REVERSE_SPLIT,0.125,yahoo,corroborated,0.1273,0.1297,persistent
RKTO,2022-10-26,REVERSE_SPLIT,0.04,yahoo,ex-date-absent,,,
RLI,2025-01-16,FORWARD_SPLIT,2.0,yahoo,corroborated,2.022,1.9812,persistent
RLMD,2022-10-13,FORWARD_SPLIT,4.266667,inband,corroborated,5.7477,4.8949,persistent
RLYB,2026-02-06,REVERSE_SPLIT,0.125,yahoo,corroborated,0.1221,0.1221,persistent
RMED,2022-10-03,REVERSE_SPLIT,0.02,inband,corroborated,0.0225,0.0192,persistent
RMTI,2022-05-13,REVERSE_SPLIT,0.090909,yahoo,corroborated,0.0985,0.1073,persistent
RMTI,2026-07-01,REVERSE_SPLIT,0.1,yahoo,corroborated,0.1043,0.1043,persistent
RNA,2026-02-27,FORWARD_SPLIT,6.5,inband,drifted,5.5106,4.8595,persistent
RNAC,2024-04-05,REVERSE_SPLIT,0.033333,yahoo,corroborated,0.0341,0.0378,persistent
RNAZ,2023-05-23,REVERSE_SPLIT,0.05,yahoo,corroborated,0.0415,0.0484,persistent
RNAZ,2024-01-16,REVERSE_SPLIT,0.025,yahoo,drifted,0.0281,0.0323,persistent
RNAZ,2024-12-04,REVERSE_SPLIT,0.030303,yahoo,corroborated,0.0329,0.0334,persistent
RNAZ,2025-05-15,REVERSE_SPLIT,0.035714,yahoo,drifted,0.0431,0.045,persistent
RNRG,2025-09-02,REVERSE_SPLIT,0.333333333333,yahoo,ex-date-absent,,,
RNTX,2022-11-11,REVERSE_SPLIT,0.05,yahoo,ex-date-absent,,,
ROM,2022-01-13,FORWARD_SPLIT,2.0,yahoo,corroborated,2.1165,2.1256,persistent
ROOT,2022-08-15,REVERSE_SPLIT,0.055556,yahoo,corroborated,0.062,0.0494,persistent
RPG,2023-07-17,FORWARD_SPLIT,5.0,yahoo,corroborated,4.9815,4.9574,persistent
RPGL,2026-02-24,REVERSE_SPLIT,0.05,yahoo,corroborated,0.0575,0.0434,persistent
RPGL,2026-05-28,REVERSE_SPLIT,0.025,yahoo,corroborated,0.0242,0.0242,persistent
RPHM,2023-12-14,FORWARD_SPLIT,6.153846,inband,corroborated,5.5942,5.7612,persistent
RPT,2025-12-31,REVERSE_SPLIT,0.166667,yahoo,corroborated,0.1665,0.1647,persistent
RSF,2025-06-03,FORWARD_SPLIT,1.008,yahoo,corroborated,1.0115,1.0177,persistent
RSLS,2022-12-23,REVERSE_SPLIT,0.02,inband,corroborated,0.0181,0.0207,persistent
RSLS,2024-09-23,REVERSE_SPLIT,0.015625,inband,corroborated,0.0194,0.014,persistent
RSLS,2025-05-09,REVERSE_SPLIT,0.04,inband,corroborated,0.0585,0.0499,persistent
RSPD,2023-07-17,FORWARD_SPLIT,3.0,yahoo,corroborated,3.016,3.0153,persistent
RSPH,2023-07-17,FORWARD_SPLIT,10.0,yahoo,ex-date-absent,,,
RSPM,2023-07-17,FORWARD_SPLIT,5.0,yahoo,corroborated,5.0498,5.0406,persistent
RSPN,2023-07-17,FORWARD_SPLIT,5.0,yahoo,corroborated,4.986,4.9716,persistent
RSPS,2023-07-17,FORWARD_SPLIT,5.0,yahoo,corroborated,5.0213,5.0167,persistent
RSPT,2023-07-17,FORWARD_SPLIT,10.0,yahoo,corroborated,9.9953,9.831,persistent
RSPU,2023-07-17,FORWARD_SPLIT,2.0,yahoo,corroborated,2.0204,2.0226,persistent
RTB,2023-09-07,REVERSE_SPLIT,0.1,yahoo,ex-date-absent,,,
RTB,2026-01-02,REVERSE_SPLIT,0.0285714285714,yahoo,ex-date-absent,,,
RTC,2024-06-10,REVERSE_SPLIT,0.214286,inband,corroborated,0.2177,0.2311,persistent
RUBI,2025-12-02,REVERSE_SPLIT,0.033333,yahoo,drifted,0.0317,0.0491,persistent
RUBI,2026-02-12,REVERSE_SPLIT,0.128,yahoo,drifted,0.0897,0.1858,persistent
RUBI,2026-04-09,REVERSE_SPLIT,0.1,yahoo,corroborated,0.1061,0.1072,persistent
RUBI,2026-06-26,REVERSE_SPLIT,0.04,yahoo,corroborated,0.0363,0.0381,persistent
RUSHA,2023-08-29,FORWARD_SPLIT,1.5,yahoo,corroborated,1.5193,1.537,persistent
RUSHA,2026-09-01,FORWARD_SPLIT,1.5,yahoo,corroborated,1.5078,1.5756,persistent
RUSHB,2023-08-29,FORWARD_SPLIT,1.5,yahoo,corroborated,1.518,1.5338,persistent
RUSHB,2026-09-01,FORWARD_SPLIT,1.5,yahoo,corroborated,1.5353,1.5751,persistent
RVI,2021-10-29,FORWARD_SPLIT,4.6,inband,corroborated,4.0781,4.3387,persistent
RVPH,2026-03-09,REVERSE_SPLIT,0.05,yahoo,corroborated,0.051,0.0609,persistent
RVSN,2023-11-15,REVERSE_SPLIT,0.125,yahoo,corroborated,0.1277,0.1143,persistent
RVSN,2026-02-03,REVERSE_SPLIT,0.033333,yahoo,not-corroborated,1.1364,1.1813,persistent
RVSN,2026-02-04,REVERSE_SPLIT,0.033333,yahoo,drifted,0.031,0.0435,persistent
RVYL,2023-09-07,REVERSE_SPLIT,0.123077,inband,corroborated,0.1102,0.1365,persistent
RVYL,2023-10-27,FORWARD_SPLIT,1.428571,inband,drifted,0.9149,0.9149,bad-open-print
RVYL,2026-01-02,REVERSE_SPLIT,0.03125,inband,corroborated,0.0309,0.0293,persistent
RWJ,2023-07-17,FORWARD_SPLIT,3.0,yahoo,corroborated,2.9864,2.9833,persistent
RXD,2026-05-28,REVERSE_SPLIT,0.5,yahoo,ex-date-absent,,,
RXL,2024-11-07,FORWARD_SPLIT,2.0,yahoo,ex-date-absent,,,
RYAAY,2024-09-30,FORWARD_SPLIT,2.499,yahoo,corroborated,2.4838,2.4953,persistent
RYDE,2026-03-19,FORWARD_SPLIT,1.428571,inband,corroborated,1.1907,1.1463,persistent
RYM,2022-10-18,REVERSE_SPLIT,0.1,yahoo,ex-date-absent,,,
RYM,2023-07-05,REVERSE_SPLIT,0.05,yahoo,ex-date-absent,,,
RYM,2024-10-08,REVERSE_SPLIT,0.0666666666667,yahoo,ex-date-absent,,,
RZG,2023-07-17,FORWARD_SPLIT,3.0,yahoo,ex-date-absent,,,
SABA,2024-06-24,REVERSE_SPLIT,0.5,yahoo,corroborated,0.5013,0.4967,persistent
SABS,2024-01-05,REVERSE_SPLIT,0.1,yahoo,corroborated,0.1103,0.1103,persistent
SAFE,2022-11-30,FORWARD_SPLIT,1.284,yahoo,drifted,1.0127,0.9705,bad-open-print
SAFE,2023-03-31,REVERSE_SPLIT,0.16,yahoo,not-corroborated,1.053,1.014,bad-open-print
SAIH,2025-03-17,REVERSE_SPLIT,0.066667,yahoo,corroborated,0.0768,0.0754,persistent
SANW,2024-10-18,REVERSE_SPLIT,0.052632,yahoo,corroborated,0.0559,0.0586,persistent
SARK,2024-11-27,REVERSE_SPLIT,0.333333,yahoo,corroborated,0.345,0.3446,persistent
SASI,2023-09-22,REVERSE_SPLIT,0.052632,inband,corroborated,0.0516,0.0514,persistent
SBB,2026-05-28,REVERSE_SPLIT,0.5,yahoo,ex-date-absent,,,
SBDS,2025-07-09,REVERSE_SPLIT,0.025,yahoo,ex-date-absent,,,
SBET,2023-04-26,REVERSE_SPLIT,0.1,yahoo,drifted,0.1266,0.1365,persistent
SBET,2025-05-06,REVERSE_SPLIT,0.083333,yahoo,corroborated,0.0926,0.1031,persistent
SBEV,2026-07-27,REVERSE_SPLIT,0.25,yahoo,drifted,0.2819,0.3184,persistent
SBFG,2022-01-20,FORWARD_SPLIT,1.05,yahoo,corroborated,0.9654,0.9654,persistent
SBFM,2024-04-17,REVERSE_SPLIT,0.01,yahoo,not-corroborated,0.0189,0.0178,persistent
SBFM,2024-08-08,REVERSE_SPLIT,0.05,yahoo,corroborated,0.0623,0.0526,persistent
SBFM,2026-06-01,REVERSE_SPLIT,0.1,yahoo,corroborated,0.0975,0.1042,persistent
SBIT,2025-06-12,REVERSE_SPLIT,0.2,yahoo,corroborated,0.1925,0.193,persistent
SBM,2022-01-18,REVERSE_SPLIT,0.210526,inband,ex-date-absent,,,
SBS,2026-05-07,FORWARD_SPLIT,5.0,yahoo,corroborated,5.0626,5.2057,persistent
SBTU,2026-08-24,REVERSE_SPLIT,0.095238,inband,corroborated,0.0935,0.0922,persistent
SCC,2022-05-27,REVERSE_SPLIT,0.5,yahoo,ex-date-absent,,,
SCC,2025-06-12,REVERSE_SPLIT,0.5,yahoo,ex-date-absent,,,
SCCO,2024-08-09,FORWARD_SPLIT,1.005,yahoo,corroborated,0.9993,1.0127,persistent
SCCO,2024-11-06,FORWARD_SPLIT,1.006,yahoo,corroborated,1.0552,1.0413,persistent
SCCO,2025-05-02,FORWARD_SPLIT,1.009,yahoo,corroborated,0.9904,0.9967,persistent
SCCO,2025-08-15,FORWARD_SPLIT,1.01,yahoo,corroborated,1.0096,1.0183,persistent
SCCO,2025-11-12,FORWARD_SPLIT,1.008,yahoo,corroborated,0.9943,1.0127,persistent
SCCO,2026-02-10,FORWARD_SPLIT,1.008,yahoo,corroborated,1.0283,1.0472,persistent
SCCO,2026-05-13,FORWARD_SPLIT,1.01,yahoo,corroborated,0.9991,0.9993,persistent
SCCO,2026-08-11,FORWARD_SPLIT,1.012,yahoo,corroborated,1.0131,1.0289,persistent
SCHA,2022-03-11,FORWARD_SPLIT,2.0,yahoo,corroborated,2.0009,2.0269,persistent
SCHA,2024-10-11,FORWARD_SPLIT,2.0,yahoo,corroborated,1.9965,1.9609,persistent
SCHB,2022-03-11,FORWARD_SPLIT,2.0,yahoo,corroborated,1.9984,2.0303,persistent
SCHB,2024-10-11,FORWARD_SPLIT,3.0,yahoo,corroborated,2.9996,2.9768,persistent
SCHD,2024-10-11,FORWARD_SPLIT,3.0,yahoo,corroborated,2.9868,2.9643,persistent
SCHF,2024-10-11,FORWARD_SPLIT,2.0,yahoo,corroborated,1.9955,1.9906,persistent
SCHG,2022-03-11,FORWARD_SPLIT,2.0,yahoo,corroborated,1.9533,2.0386,persistent
SCHG,2024-10-11,FORWARD_SPLIT,4.0,yahoo,corroborated,4.008,3.9868,persistent
SCHH,2022-03-11,FORWARD_SPLIT,2.0,yahoo,corroborated,1.9781,2.0173,persistent
SCHI,2024-10-11,FORWARD_SPLIT,2.0,yahoo,corroborated,1.9998,1.9976,persistent
SCHJ,2024-10-11,FORWARD_SPLIT,2.0,yahoo,ex-date-absent,,,
SCHK,2024-10-11,FORWARD_SPLIT,2.0,yahoo,corroborated,1.9968,1.986,persistent
SCHM,2024-10-11,FORWARD_SPLIT,3.0,yahoo,corroborated,2.9863,2.9575,persistent
SCHO,2024-10-11,FORWARD_SPLIT,2.0,yahoo,corroborated,1.9992,1.9984,persistent
SCHP,2024-10-11,FORWARD_SPLIT,2.0,yahoo,corroborated,2.0011,1.9989,persistent
SCHR,2024-10-11,FORWARD_SPLIT,2.0,yahoo,corroborated,2.0,1.9988,persistent
SCHV,2024-10-11,FORWARD_SPLIT,3.0,yahoo,corroborated,2.9718,2.9652,persistent
SCHX,2022-03-11,FORWARD_SPLIT,2.0,yahoo,corroborated,1.9865,2.0307,persistent
SCHX,2024-10-11,FORWARD_SPLIT,3.0,yahoo,corroborated,2.9996,2.9805,persistent
SCHZ,2024-10-11,FORWARD_SPLIT,2.0,yahoo,corroborated,2.0,1.9991,persistent
SCLX,2025-04-15,REVERSE_SPLIT,0.028571,yahoo,corroborated,0.0265,0.0281,persistent
SCLX,2026-06-16,FORWARD_SPLIT,1.606,yahoo,corroborated,1.3144,1.4442,bad-open-print
SCMB,2024-10-11,FORWARD_SPLIT,2.0,yahoo,ex-date-absent,,,
SCNI,2022-11-25,REVERSE_SPLIT,0.1,yahoo,ex-date-absent,,,
SCNI,2024-05-21,REVERSE_SPLIT,0.1,yahoo,ex-date-absent,,,
SCNI,2026-08-21,REVERSE_SPLIT,0.1,yahoo,corroborated,0.0968,0.0929,persistent
SCNX,2023-06-22,REVERSE_SPLIT,0.0666666666667,yahoo,ex-date-absent,,,
SCO,2022-05-26,REVERSE_SPLIT,0.2,yahoo,corroborated,0.2033,0.2103,persistent
SCO,2026-05-28,REVERSE_SPLIT,0.25,yahoo,corroborated,0.2549,0.2552,persistent
SCOR,2023-12-20,REVERSE_SPLIT,0.05,yahoo,corroborated,0.0558,0.0558,persistent
SCPX,2024-07-18,REVERSE_SPLIT,0.005,yahoo,ex-date-absent,,,
SCWO,2025-12-26,REVERSE_SPLIT,0.1,yahoo,corroborated,0.1054,0.097,persistent
SCYB,2024-10-11,FORWARD_SPLIT,2.0,yahoo,corroborated,1.9943,1.9943,persistent
SCYX,2026-06-01,REVERSE_SPLIT,0.125,yahoo,corroborated,0.1382,0.131,persistent
SCZM,2025-12-10,REVERSE_SPLIT,0.25,yahoo,ex-date-absent,,,
SDEM,2022-12-20,REVERSE_SPLIT,0.333333,yahoo,corroborated,0.3318,0.3318,persistent
SDEV,2022-11-16,REVERSE_SPLIT,0.0285714285714,yahoo,ex-date-absent,,,
SDEV,2024-05-31,REVERSE_SPLIT,0.0285714285714,yahoo,ex-date-absent,,,
SDEV,2026-02-23,REVERSE_SPLIT,0.2,yahoo,ex-date-absent,,,
SDIG,2023-05-16,REVERSE_SPLIT,0.105263,inband,corroborated,0.1048,0.1138,persistent
SDIV,2022-12-20,REVERSE_SPLIT,0.333333,yahoo,corroborated,0.3335,0.3329,persistent
SDOT,2024-10-18,REVERSE_SPLIT,0.1,yahoo,corroborated,0.102,0.102,persistent
SDOT,2025-09-15,REVERSE_SPLIT,0.1,yahoo,corroborated,0.0989,0.0989,persistent
SDOT,2026-05-27,REVERSE_SPLIT,0.05,yahoo,corroborated,0.0464,0.0504,persistent
SDOW,2024-11-07,REVERSE_SPLIT,0.25,yahoo,corroborated,0.2504,0.2504,persistent
SDP,2024-11-07,REVERSE_SPLIT,0.5,yahoo,corroborated,0.5022,0.4988,persistent
SDP,2026-05-28,REVERSE_SPLIT,0.5,yahoo,ex-date-absent,,,
SDS,2022-01-13,REVERSE_SPLIT,0.2,yahoo,corroborated,0.2002,0.1949,persistent
SDS,2025-11-20,REVERSE_SPLIT,0.2,yahoo,corroborated,0.2065,0.194,persistent
SDST,2025-09-08,REVERSE_SPLIT,0.1,yahoo,corroborated,0.1077,0.1051,persistent
SEAC,2023-05-23,REVERSE_SPLIT,0.05,yahoo,corroborated,0.0524,0.0524,persistent
SEAT,2025-08-06,REVERSE_SPLIT,0.05,yahoo,drifted,0.0463,0.039,persistent
SEEL,2024-05-16,REVERSE_SPLIT,0.125,inband,corroborated,0.1348,0.1272,persistent
SEEL,2024-09-27,REVERSE_SPLIT,0.058824,inband,drifted,0.0834,0.0761,persistent
SEF,2024-11-07,REVERSE_SPLIT,0.25,yahoo,corroborated,0.247,0.247,persistent
SEGG,2023-08-10,REVERSE_SPLIT,0.05,yahoo,ex-date-absent,,,
SEGG,2025-08-29,REVERSE_SPLIT,0.1,yahoo,corroborated,0.1415,0.1209,persistent
SEGG,2026-08-03,REVERSE_SPLIT,0.142857,yahoo,corroborated,0.1672,0.1701,persistent
SENS,2025-10-20,REVERSE_SPLIT,0.05,yahoo,corroborated,0.049,0.0485,persistent
SER,2024-03-15,REVERSE_SPLIT,0.028,yahoo,ex-date-absent,,,
SER,2025-04-14,REVERSE_SPLIT,0.4,inband,ex-date-absent,,,
SERA,2025-09-05,REVERSE_SPLIT,0.692308,inband,drifted,1.0193,1.0193,bad-open-print
SETH,2025-11-20,REVERSE_SPLIT,0.25,yahoo,corroborated,0.2539,0.2403,persistent
SEZL,2025-03-31,FORWARD_SPLIT,6.0,yahoo,corroborated,6.0231,6.0507,persistent
SF,2026-02-27,FORWARD_SPLIT,1.5,yahoo,corroborated,1.5384,1.5897,persistent
SFBS,2026-08-21,FORWARD_SPLIT,2.0,yahoo,corroborated,1.9841,2.0138,persistent
SFET,2022-11-08,REVERSE_SPLIT,0.103448,inband,corroborated,0.1018,0.1161,persistent
SFHG,2026-02-27,REVERSE_SPLIT,0.2,yahoo,ex-date-absent,,,
SFLO,2026-05-18,FORWARD_SPLIT,1.5,inband,ex-date-absent,,,
SFT,2023-03-08,REVERSE_SPLIT,0.096774,inband,corroborated,0.1144,0.1199,persistent
SFY,2024-10-02,REVERSE_SPLIT,0.2,yahoo,corroborated,0.1998,0.1999,persistent
SGBX,2024-05-02,REVERSE_SPLIT,0.046154,inband,corroborated,0.0413,0.0382,persistent
SGBX,2025-09-08,REVERSE_SPLIT,0.015385,inband,corroborated,0.017,0.0164,persistent
SGD,2024-10-08,REVERSE_SPLIT,0.05,inband,corroborated,0.0624,0.0624,persistent
SGLY,2024-02-12,REVERSE_SPLIT,0.1,yahoo,corroborated,0.1387,0.1207,persistent
SGLY,2026-07-27,REVERSE_SPLIT,0.071429,yahoo,corroborated,0.0658,0.0656,persistent
SGN,2024-11-18,REVERSE_SPLIT,0.025,inband,corroborated,0.0293,0.0229,persistent
SGTX,2023-05-23,REVERSE_SPLIT,0.078125,inband,corroborated,0.0586,0.0738,persistent
SH,2024-11-07,REVERSE_SPLIT,0.25,yahoo,corroborated,0.2508,0.2518,persistent
SHFS,2025-03-24,REVERSE_SPLIT,0.05,yahoo,ex-date-absent,,,
SHIP,2023-02-16,REVERSE_SPLIT,0.1,yahoo,corroborated,0.1031,0.0984,persistent
SHNY,2026-02-24,FORWARD_SPLIT,10.0,yahoo,corroborated,10.4209,10.3951,persistent
SHOP,2022-06-29,FORWARD_SPLIT,10.0,yahoo,corroborated,10.2266,10.5979,persistent
SHOT,2026-07-17,REVERSE_SPLIT,0.04,inband,corroborated,0.0395,0.0396,persistent
SHPH,2024-08-13,REVERSE_SPLIT,0.125,yahoo,corroborated,0.1349,0.1454,persistent
SHPH,2025-06-16,REVERSE_SPLIT,0.04,yahoo,ex-date-absent,,,
SHPH,2026-06-11,REVERSE_SPLIT,0.1,yahoo,corroborated,0.1149,0.1194,persistent
SI,2025-07-31,REVERSE_SPLIT,0.08,inband,corroborated,0.0801,0.0831,persistent
SIC,2026-08-17,REVERSE_SPLIT,0.290323,inband,ex-date-absent,,,
SIDU,2023-12-20,REVERSE_SPLIT,0.01,yahoo,corroborated,0.0113,0.0096,persistent
SIEN,2023-01-23,REVERSE_SPLIT,0.1,inband,corroborated,0.1108,0.1108,persistent
SIFY,2024-10-04,REVERSE_SPLIT,0.166667,yahoo,corroborated,0.1676,0.1691,persistent
SIJ,2025-06-12,REVERSE_SPLIT,0.5,yahoo,ex-date-absent,,,
SIJ,2026-05-28,REVERSE_SPLIT,0.5,yahoo,ex-date-absent,,,
SILO,2022-09-15,REVERSE_SPLIT,0.02,yahoo,ex-date-absent,,,
SILO,2026-06-03,REVERSE_SPLIT,0.066667,yahoo,corroborated,0.0604,0.0586,persistent
SING,2023-07-20,REVERSE_SPLIT,0.0025,yahoo,ex-date-absent,,,
SING,2023-12-15,REVERSE_SPLIT,0.0384615384615,yahoo,ex-date-absent,,,
SINT,2022-12-20,REVERSE_SPLIT,0.01,yahoo,corroborated,0.0092,0.0098,persistent
SINT,2024-05-28,REVERSE_SPLIT,0.005,yahoo,drifted,0.0074,0.0071,persistent
SINV,2022-06-22,FORWARD_SPLIT,12.5,inband,no-prev-bar,,,
SIRI,2024-09-10,REVERSE_SPLIT,0.1,yahoo,corroborated,0.1064,0.0978,persistent
SISI,2024-02-16,REVERSE_SPLIT,0.1,yahoo,corroborated,0.114,0.0867,persistent
SISI,2024-11-12,REVERSE_SPLIT,0.041667,yahoo,corroborated,0.0419,0.0382,persistent
SISI,2025-08-11,REVERSE_SPLIT,0.02,yahoo,ex-date-absent,,,
SITC,2024-08-19,REVERSE_SPLIT,0.25,yahoo,corroborated,0.24,0.2494,persistent
SKF,2022-01-13,REVERSE_SPLIT,0.5,yahoo,ex-date-absent,,,
SKF,2024-11-07,REVERSE_SPLIT,0.25,yahoo,corroborated,0.2469,0.2469,persistent
SKIL,2023-10-02,REVERSE_SPLIT,0.05,yahoo,corroborated,0.0538,0.0525,persistent
SKK,2026-04-06,REVERSE_SPLIT,0.1,yahoo,ex-date-absent,,,
SKLZ,2023-06-26,REVERSE_SPLIT,0.05,inband,corroborated,0.0506,0.056,persistent
SKM,2021-11-30,REVERSE_SPLIT,0.607,yahoo,corroborated,0.6556,0.6485,persistent
SKM,2021-12-27,FORWARD_SPLIT,1.588235,inband,corroborated,1.6616,1.6731,persistent
SKYA,2024-10-16,REVERSE_SPLIT,0.0454545454545,yahoo,ex-date-absent,,,
SKYA,2025-04-28,REVERSE_SPLIT,0.00333333333333,yahoo,ex-date-absent,,,
SKYA,2026-05-28,FORWARD_SPLIT,5.6,inband,corroborated,5.9186,5.8338,persistent
SKYE,2023-09-08,REVERSE_SPLIT,0.004,yahoo,ex-date-absent,,,
SKYE,2026-08-24,REVERSE_SPLIT,0.125,yahoo,corroborated,0.1274,0.1256,persistent
SKYQ,2026-03-16,REVERSE_SPLIT,0.125,yahoo,corroborated,0.1331,0.1023,persistent
SLAI,2026-07-06,REVERSE_SPLIT,0.15,inband,corroborated,0.1607,0.1352,persistent
SLDB,2022-10-28,REVERSE_SPLIT,0.066667,yahoo,corroborated,0.0745,0.0742,persistent
SLE,2023-09-11,REVERSE_SPLIT,0.05,yahoo,no-prev-bar,,,
SLE,2025-06-23,REVERSE_SPLIT,0.025,yahoo,corroborated,0.0265,0.0253,persistent
SLE,2026-01-23,REVERSE_SPLIT,0.083333,yahoo,corroborated,0.068,0.0863,persistent
SLG,2022-01-24,REVERSE_SPLIT,0.97,yahoo,corroborated,0.9867,0.9703,persistent
SLGL,2025-05-05,REVERSE_SPLIT,0.1,yahoo,drifted,0.102,0.1264,persistent
SLMT,2025-06-26,REVERSE_SPLIT,0.1,yahoo,ex-date-absent,,,
SLMT,2026-05-14,REVERSE_SPLIT,0.1,yahoo,corroborated,0.0966,0.0918,persistent
SLNH,2023-10-16,REVERSE_SPLIT,0.04,yahoo,corroborated,0.0489,0.0498,persistent
SLNO,2022-08-26,REVERSE_SPLIT,0.075,inband,corroborated,0.0778,0.0855,persistent
SLON,2026-05-28,REVERSE_SPLIT,0.2,yahoo,ex-date-absent,,,
SLRX,2025-08-18,REVERSE_SPLIT,0.068966,inband,ex-date-absent,,,
SLVO,2022-09-27,REVERSE_SPLIT,0.05,yahoo,corroborated,0.0495,0.0495,persistent
SLXN,2024-10-03,FORWARD_SPLIT,1.481481,inband,drifted,1.0034,1.0028,persistent
SLXN,2024-11-29,REVERSE_SPLIT,0.12,inband,corroborated,0.1163,0.107,persistent
SLXN,2025-07-29,REVERSE_SPLIT,0.0666666666667,yahoo,ex-date-absent,,,
SLXN,2026-05-29,REVERSE_SPLIT,0.1,yahoo,drifted,0.0866,0.0791,persistent
SMAP,2024-10-24,REVERSE_SPLIT,0.294118,inband,ex-date-absent,,,
SMCC,2026-06-30,REVERSE_SPLIT,0.242857,inband,ex-date-absent,,,
SMCI,2024-10-01,FORWARD_SPLIT,10.0,yahoo,corroborated,9.9278,10.2705,persistent
SMCL,2026-05-01,REVERSE_SPLIT,0.05,yahoo,corroborated,0.0493,0.0518,persistent
SMCL,2026-06-26,FORWARD_SPLIT,3.0,yahoo,corroborated,3.0423,3.2001,persistent
SMCX,2024-11-18,REVERSE_SPLIT,0.05,yahoo,drifted,0.0416,0.0377,persistent
SMCX,2026-03-19,REVERSE_SPLIT,0.5,yahoo,corroborated,0.5138,0.4907,persistent
SMCZ,2025-12-09,REVERSE_SPLIT,0.125,yahoo,corroborated,0.1211,0.1225,persistent
SMDD,2025-06-12,REVERSE_SPLIT,0.5,yahoo,ex-date-absent,,,
SMFL,2023-04-24,REVERSE_SPLIT,0.02,yahoo,corroborated,0.0203,0.0213,persistent
SMFL,2023-08-02,REVERSE_SPLIT,0.333333,yahoo,corroborated,0.2599,0.3439,persistent
SMFL,2023-10-27,REVERSE_SPLIT,0.333333,yahoo,corroborated,0.2434,0.3637,persistent
SMFL,2024-04-22,REVERSE_SPLIT,0.142857,yahoo,corroborated,0.1192,0.1147,persistent
SMH,2023-05-05,FORWARD_SPLIT,2.0,yahoo,corroborated,1.9942,1.9578,persistent
SMN,2024-11-07,REVERSE_SPLIT,0.5,yahoo,corroborated,0.6057,0.5027,persistent
SMN,2026-05-28,REVERSE_SPLIT,0.5,yahoo,corroborated,0.5429,0.5418,persistent
SMSI,2024-04-11,REVERSE_SPLIT,0.125,yahoo,corroborated,0.1335,0.1222,persistent
SMSI,2026-06-05,REVERSE_SPLIT,0.2,yahoo,ex-date-absent,,,
SMST,2025-05-23,REVERSE_SPLIT,0.05,yahoo,corroborated,0.0474,0.0434,persistent
SMTK,2026-08-21,REVERSE_SPLIT,0.02,yahoo,corroborated,0.0195,0.0227,persistent
SMU,2025-12-02,REVERSE_SPLIT,0.2,yahoo,corroborated,0.1971,0.1826,persistent
SMU,2026-03-10,REVERSE_SPLIT,0.333333,yahoo,corroborated,0.3312,0.3399,persistent
SMUP,2026-01-26,REVERSE_SPLIT,0.1,yahoo,not-corroborated,1.006,1.1655,bad-open-print
SMUP,2026-04-08,REVERSE_SPLIT,0.04,yahoo,corroborated,0.0356,0.0362,persistent
SMX,2023-08-21,REVERSE_SPLIT,0.045455,yahoo,corroborated,0.0453,0.049,persistent
SMX,2024-07-15,REVERSE_SPLIT,0.013333,yahoo,corroborated,0.0154,0.0157,persistent
SMX,2025-01-15,REVERSE_SPLIT,0.035,yahoo,corroborated,0.0398,0.0351,persistent
SMX,2025-06-16,REVERSE_SPLIT,0.243,yahoo,ex-date-absent,,,
SMX,2025-08-07,REVERSE_SPLIT,0.142857,yahoo,corroborated,0.1453,0.1524,persistent
SMX,2025-10-23,REVERSE_SPLIT,0.091,yahoo,drifted,0.1183,0.1145,persistent
SMX,2026-02-17,REVERSE_SPLIT,0.204,yahoo,corroborated,0.1886,0.2217,persistent
SMX,2026-05-11,REVERSE_SPLIT,0.052632,inband,drifted,0.051,0.0771,persistent
SMX,2026-06-01,REVERSE_SPLIT,0.437,yahoo,corroborated,0.4626,0.4416,persistent
SMXT,2026-08-13,REVERSE_SPLIT,0.0833333333333,yahoo,ex-date-absent,,,
SNAL,2026-07-06,REVERSE_SPLIT,0.2,yahoo,corroborated,0.2088,0.2012,persistent
SNAX,2023-07-14,REVERSE_SPLIT,0.066667,yahoo,corroborated,0.0743,0.0728,persistent
SNCE,2023-12-08,REVERSE_SPLIT,0.052632,inband,corroborated,0.062,0.0492,persistent
SNCR,2023-12-11,REVERSE_SPLIT,0.12,inband,corroborated,0.1171,0.1133,persistent
SNDL,2022-07-26,REVERSE_SPLIT,0.1,yahoo,drifted,0.1118,0.1307,persistent
SNDQ,2026-07-21,REVERSE_SPLIT,0.1,yahoo,drifted,0.1189,0.1403,persistent
SNDU,2026-06-08,FORWARD_SPLIT,3.0,yahoo,corroborated,2.7228,2.7113,persistent
SNES,2022-11-16,REVERSE_SPLIT,0.05,yahoo,corroborated,0.0495,0.0625,persistent
SNES,2023-11-17,REVERSE_SPLIT,0.083333,yahoo,corroborated,0.0656,0.0789,persistent
SNES,2024-07-25,REVERSE_SPLIT,0.1,yahoo,corroborated,0.1075,0.0916,persistent
SNEX,2023-11-27,FORWARD_SPLIT,1.5,yahoo,corroborated,1.4998,1.5194,persistent
SNEX,2025-03-24,FORWARD_SPLIT,1.5,yahoo,corroborated,1.5278,1.4801,persistent
SNEX,2026-03-23,FORWARD_SPLIT,1.5,yahoo,corroborated,1.4573,1.4728,persistent
SNEX,2026-07-20,FORWARD_SPLIT,1.5,yahoo,corroborated,1.451,1.4582,persistent
SNFCA,2022-06-30,FORWARD_SPLIT,1.05,yahoo,ex-date-absent,,,
SNFCA,2023-07-06,FORWARD_SPLIT,1.05,yahoo,corroborated,1.043,1.0504,persistent
SNFCA,2024-07-05,FORWARD_SPLIT,1.05,yahoo,corroborated,1.0303,1.0654,persistent
SNFCA,2025-07-11,FORWARD_SPLIT,1.05,yahoo,corroborated,1.0174,1.0573,persistent
SNFCA,2026-07-10,FORWARD_SPLIT,1.05,yahoo,corroborated,1.0684,1.0299,persistent
SNGX,2023-02-10,REVERSE_SPLIT,0.066667,yahoo,corroborated,0.0784,0.0784,persistent
SNGX,2024-06-06,REVERSE_SPLIT,0.0625,yahoo,corroborated,0.0707,0.0768,persistent
SNOA,2024-08-30,REVERSE_SPLIT,0.05,yahoo,corroborated,0.0502,0.0497,persistent
SNPX,2024-04-05,REVERSE_SPLIT,0.047619,inband,drifted,0.0366,0.0352,persistent
SNPX,2025-11-13,REVERSE_SPLIT,0.318182,inband,ex-date-absent,,,
SNSE,2025-06-17,REVERSE_SPLIT,0.052632,inband,corroborated,0.0523,0.0521,persistent
SNTG,2022-08-11,REVERSE_SPLIT,0.2,yahoo,corroborated,0.2057,0.2082,persistent
SNTI,2024-07-18,REVERSE_SPLIT,0.1,yahoo,corroborated,0.1079,0.1139,persistent
SNXX,2026-06-03,FORWARD_SPLIT,8.0,yahoo,corroborated,7.7689,7.0424,persistent
SOAR,2025-02-24,REVERSE_SPLIT,0.04,yahoo,drifted,0.0558,0.0593,persistent
SOAR,2025-12-26,FORWARD_SPLIT,1.126,yahoo,corroborated,0.9512,1.2207,persistent
SOBR,2022-04-28,REVERSE_SPLIT,0.333333333333,yahoo,ex-date-absent,,,
SOBR,2024-10-02,REVERSE_SPLIT,0.009091,yahoo,corroborated,0.0102,0.0093,persistent
SOBR,2025-04-04,REVERSE_SPLIT,0.1,yahoo,drifted,0.0824,0.0722,persistent
SOGP,2023-09-20,REVERSE_SPLIT,0.1,yahoo,ex-date-absent,,,
SOLT,2025-04-07,FORWARD_SPLIT,1.705882,inband,drifted,1.4906,1.3481,persistent
SOLT,2026-02-27,REVERSE_SPLIT,0.05,yahoo,corroborated,0.054,0.0565,persistent
SOND,2023-09-21,REVERSE_SPLIT,0.052632,inband,corroborated,0.0539,0.0564,persistent
SONM,2021-09-16,REVERSE_SPLIT,0.1,yahoo,corroborated,0.107,0.0996,persistent
SONM,2024-07-18,REVERSE_SPLIT,0.1,yahoo,corroborated,0.1097,0.106,persistent
SONM,2025-10-27,REVERSE_SPLIT,0.055556,yahoo,corroborated,0.0592,0.0601,persistent
SONN,2023-09-01,REVERSE_SPLIT,0.04,inband,corroborated,0.0456,0.0435,persistent
SONN,2024-09-30,REVERSE_SPLIT,0.128571,inband,ex-date-absent,,,
SONX,2024-11-08,REVERSE_SPLIT,0.005,yahoo,ex-date-absent,,,
SONY,2024-10-09,FORWARD_SPLIT,5.0,yahoo,corroborated,5.0526,4.9942,persistent
SOS,2022-07-06,REVERSE_SPLIT,0.02,yahoo,corroborated,0.0232,0.0203,persistent
SOS,2024-11-19,REVERSE_SPLIT,0.066667,yahoo,corroborated,0.07,0.0799,persistent
SOUX,2026-03-19,REVERSE_SPLIT,0.25,yahoo,ex-date-absent,,,
SOWG,2026-04-24,REVERSE_SPLIT,0.066667,yahoo,corroborated,0.0629,0.0625,persistent
SOXS,2022-03-28,REVERSE_SPLIT,0.1,yahoo,corroborated,0.0979,0.1017,persistent
SOXS,2024-04-15,REVERSE_SPLIT,0.1,yahoo,corroborated,0.1033,0.0967,persistent
SOXS,2026-03-05,REVERSE_SPLIT,0.05,yahoo,corroborated,0.0495,0.0483,persistent
SOXS,2026-07-15,REVERSE_SPLIT,0.1,yahoo,corroborated,0.1042,0.0933,persistent
SOXX,2024-03-07,FORWARD_SPLIT,3.0,yahoo,corroborated,2.9587,2.8999,persistent
SPAQ,2023-01-30,REVERSE_SPLIT,0.071429,inband,ex-date-absent,,,
SPCB,2022-11-23,REVERSE_SPLIT,0.1,yahoo,corroborated,0.1214,0.1221,persistent
SPCB,2024-08-22,REVERSE_SPLIT,0.05,yahoo,corroborated,0.0572,0.0515,persistent
SPCE,2024-06-17,REVERSE_SPLIT,0.05,yahoo,corroborated,0.0685,0.0585,persistent
SPGC,2024-07-30,REVERSE_SPLIT,0.096774,inband,drifted,0.122,0.1382,persistent
SPGI,2026-07-01,FORWARD_SPLIT,1.057,yahoo,corroborated,1.0192,0.9814,persistent
SPHL,2025-12-02,REVERSE_SPLIT,0.125,yahoo,corroborated,0.1145,0.1145,persistent
SPHR,2023-04-21,FORWARD_SPLIT,2.165,yahoo,no-prev-bar,,,
SPIR,2023-08-31,REVERSE_SPLIT,0.125,yahoo,corroborated,0.127,0.1074,persistent
SPKY,2023-05-10,FORWARD_SPLIT,1.7,inband,ex-date-absent,,,
SPPL,2025-04-07,REVERSE_SPLIT,0.125,yahoo,ex-date-absent,,,
SPRB,2025-08-05,REVERSE_SPLIT,0.0133333333333,yahoo,ex-date-absent,,,
SPRC,2023-09-28,REVERSE_SPLIT,0.038462,yahoo,not-corroborated,0.0494,0.0613,persistent
SPRC,2025-07-03,REVERSE_SPLIT,0.047619047619,yahoo,ex-date-absent,,,
SPRC,2026-03-04,REVERSE_SPLIT,0.111111,yahoo,corroborated,0.0958,0.0943,persistent
SPRU,2023-10-09,REVERSE_SPLIT,0.125,yahoo,corroborated,0.1389,0.1295,persistent
SPWR,2025-04-22,REVERSE_SPLIT,0.058824,inband,corroborated,0.0615,0.0735,persistent
SPXE,2024-04-10,FORWARD_SPLIT,2.0,yahoo,ex-date-absent,,,
SPXN,2024-04-10,FORWARD_SPLIT,2.0,yahoo,corroborated,1.9522,1.9522,persistent
SPXS,2025-09-29,REVERSE_SPLIT,0.1,yahoo,corroborated,0.1011,0.1005,persistent
SPXU,2024-04-10,REVERSE_SPLIT,0.2,yahoo,corroborated,0.1961,0.1942,persistent
SPXU,2025-11-20,REVERSE_SPLIT,0.25,yahoo,corroborated,0.2619,0.239,persistent
SPXV,2024-04-10,FORWARD_SPLIT,2.0,yahoo,ex-date-absent,,,
SPYQ,2025-06-03,REVERSE_SPLIT,0.2,yahoo,ex-date-absent,,,
SPYU,2026-02-24,FORWARD_SPLIT,2.0,yahoo,corroborated,1.9992,1.9405,persistent
SPYX,2023-01-12,FORWARD_SPLIT,3.0,yahoo,ex-date-absent,,,
SQFT,2025-05-19,REVERSE_SPLIT,0.1,yahoo,ex-date-absent,,,
SQNS,2024-10-09,REVERSE_SPLIT,0.4,yahoo,corroborated,0.412,0.4292,persistent
SQNS,2025-09-17,REVERSE_SPLIT,0.1,yahoo,corroborated,0.1,0.1012,persistent
SQQQ,2022-01-13,REVERSE_SPLIT,0.2,yahoo,corroborated,0.2028,0.1866,persistent
SQQQ,2024-11-07,REVERSE_SPLIT,0.2,yahoo,corroborated,0.203,0.21,persistent
SQQQ,2025-11-20,REVERSE_SPLIT,0.2,yahoo,corroborated,0.2137,0.1871,persistent
SRE,2023-08-22,FORWARD_SPLIT,2.0,yahoo,corroborated,2.0042,1.9947,persistent
SRET,2022-12-20,REVERSE_SPLIT,0.333333,yahoo,corroborated,0.3388,0.3388,persistent
SRFM,2024-08-19,REVERSE_SPLIT,0.142857,yahoo,corroborated,0.145,0.1503,persistent
SRGA,2022-05-17,REVERSE_SPLIT,0.04,inband,drifted,0.032,0.0292,persistent
SRS,2024-11-07,REVERSE_SPLIT,0.25,yahoo,corroborated,0.254,0.254,persistent
SRTY,2022-01-13,REVERSE_SPLIT,0.2,yahoo,corroborated,0.2034,0.1953,persistent
SRTY,2025-11-20,REVERSE_SPLIT,0.25,yahoo,corroborated,0.2658,0.2369,persistent
SRXH,2024-03-21,REVERSE_SPLIT,0.025,yahoo,ex-date-absent,,,
SRXH,2025-04-30,FORWARD_SPLIT,1.35,yahoo,no-prev-bar,,,
SRXH,2026-07-06,REVERSE_SPLIT,0.016667,yahoo,not-corroborated,0.0272,0.0509,persistent
SRZN,2023-12-14,REVERSE_SPLIT,0.0666666666667,yahoo,ex-date-absent,,,
SSBI,2021-10-28,FORWARD_SPLIT,1.1,yahoo,ex-date-absent,,,
SSG,2024-04-10,REVERSE_SPLIT,0.2,yahoo,ex-date-absent,,,
SSG,2024-11-07,REVERSE_SPLIT,0.2,yahoo,corroborated,0.2062,0.2081,persistent
SSG,2025-11-20,REVERSE_SPLIT,0.25,yahoo,corroborated,0.2661,0.2324,persistent
SSKN,2024-06-07,REVERSE_SPLIT,0.1,yahoo,corroborated,0.1199,0.1199,persistent
SSO,2022-01-13,FORWARD_SPLIT,2.0,yahoo,corroborated,1.987,2.0608,persistent
SSO,2025-11-20,FORWARD_SPLIT,2.0,yahoo,corroborated,1.9506,2.0624,persistent
SSP,2025-12-08,FORWARD_SPLIT,1.33,yahoo,drifted,0.9966,0.9602,bad-open-print
SST,2025-06-12,REVERSE_SPLIT,0.1,yahoo,corroborated,0.103,0.0914,persistent
STAI,2025-12-16,REVERSE_SPLIT,0.05,yahoo,corroborated,0.0538,0.0557,persistent
STCN,2023-06-22,REVERSE_SPLIT,0.115385,inband,drifted,0.1079,0.0883,persistent
STEM,2025-06-23,REVERSE_SPLIT,0.05,yahoo,corroborated,0.0509,0.0562,persistent
STEX,2024-02-02,REVERSE_SPLIT,0.1,yahoo,ex-date-absent,,,
STFS,2026-03-13,REVERSE_SPLIT,0.025,yahoo,corroborated,0.0316,0.025,persistent
STHH,2026-07-14,FORWARD_SPLIT,10.0,yahoo,ex-date-absent,,,
STI,2025-05-12,REVERSE_SPLIT,0.02,yahoo,drifted,0.0201,0.0266,persistent
STKE,2025-08-05,REVERSE_SPLIT,0.125,yahoo,ex-date-absent,,,
STKH,2024-04-04,REVERSE_SPLIT,0.1,yahoo,ex-date-absent,,,
STKH,2025-04-28,REVERSE_SPLIT,0.2,yahoo,corroborated,0.2193,0.2193,persistent
STKH,2025-09-10,REVERSE_SPLIT,0.125,yahoo,corroborated,0.1261,0.1261,persistent
STKH,2026-07-27,REVERSE_SPLIT,0.333333,yahoo,corroborated,0.2752,0.2713,persistent
STRC,2023-07-06,REVERSE_SPLIT,0.15,inband,drifted,0.1723,0.1943,persistent
STRM,2024-10-04,REVERSE_SPLIT,0.066667,inband,corroborated,0.066,0.0653,persistent
STRN,2025-08-20,REVERSE_SPLIT,0.068966,inband,ex-date-absent,,,
STRO,2025-12-03,REVERSE_SPLIT,0.1,yahoo,corroborated,0.0988,0.0835,persistent
STRR,2024-06-17,REVERSE_SPLIT,0.214286,inband,corroborated,0.2236,0.2166,persistent
STSM,2026-03-23,REVERSE_SPLIT,0.333333,yahoo,corroborated,0.3592,0.3592,persistent
SUGP,2025-08-25,REVERSE_SPLIT,0.1,yahoo,corroborated,0.0839,0.093,persistent
SUGP,2026-08-06,REVERSE_SPLIT,0.2,yahoo,corroborated,0.1621,0.1833,persistent
SUNE,2022-03-21,REVERSE_SPLIT,0.25,yahoo,ex-date-absent,,,
SUNE,2024-06-12,REVERSE_SPLIT,0.0666666666667,yahoo,ex-date-absent,,,
SUNE,2024-10-17,REVERSE_SPLIT,0.02,yahoo,ex-date-absent,,,
SUNE,2025-04-21,REVERSE_SPLIT,0.005,yahoo,drifted,0.0048,0.0064,persistent
SUNL,2023-08-23,REVERSE_SPLIT,0.05,inband,drifted,0.0665,0.0637,persistent
SURG,2021-11-02,REVERSE_SPLIT,0.02,yahoo,no-prev-bar,,,
SVC,2026-07-07,REVERSE_SPLIT,0.2,yahoo,corroborated,0.1975,0.201,persistent
SVRE,2024-10-28,REVERSE_SPLIT,0.055556,yahoo,corroborated,0.0498,0.0447,persistent
SVRE,2025-02-21,REVERSE_SPLIT,0.076923,inband,corroborated,0.0756,0.0749,persistent
SVRE,2025-06-11,REVERSE_SPLIT,0.333333,yahoo,corroborated,0.3098,0.3333,persistent
SVRE,2025-12-10,REVERSE_SPLIT,0.333333,yahoo,corroborated,0.336,0.3333,persistent
SVRE,2026-02-25,REVERSE_SPLIT,0.25,yahoo,corroborated,0.2423,0.2293,persistent
SVRN,2022-12-21,REVERSE_SPLIT,0.1,yahoo,ex-date-absent,,,
SVRN,2022-12-22,REVERSE_SPLIT,0.1,yahoo,ex-date-absent,,,
SVRN,2023-06-08,REVERSE_SPLIT,0.05,yahoo,ex-date-absent,,,
SVRN,2025-08-25,REVERSE_SPLIT,0.04,yahoo,ex-date-absent,,,
SVRN,2026-03-30,REVERSE_SPLIT,0.05,yahoo,corroborated,0.0429,0.0468,persistent
SVXY,2024-04-11,FORWARD_SPLIT,2.0,yahoo,corroborated,2.0018,1.9815,persistent
SWAG,2022-12-16,FORWARD_SPLIT,7.0,inband,corroborated,7.8923,7.4348,persistent
SWVL,2023-01-26,REVERSE_SPLIT,0.04,yahoo,corroborated,0.0379,0.0444,persistent
SXTC,2022-05-19,REVERSE_SPLIT,0.064516,inband,corroborated,0.064,0.0581,persistent
SXTC,2023-10-05,REVERSE_SPLIT,0.04,yahoo,corroborated,0.0365,0.0416,persistent
SXTC,2026-02-03,REVERSE_SPLIT,0.006667,yahoo,drifted,0.0081,0.0097,persistent
SXTC,2026-08-10,REVERSE_SPLIT,0.0125,yahoo,corroborated,0.0122,0.0128,persistent
SXTP,2024-08-12,REVERSE_SPLIT,0.083333,yahoo,drifted,0.0618,0.0583,persistent
SXTP,2025-02-24,REVERSE_SPLIT,0.2,yahoo,corroborated,0.2113,0.2005,persistent
SXTP,2026-01-20,REVERSE_SPLIT,0.25,yahoo,corroborated,0.2623,0.3103,persistent
SYBX,2023-09-28,REVERSE_SPLIT,0.074074,inband,corroborated,0.0682,0.0804,persistent
SYN,2022-07-25,REVERSE_SPLIT,0.107692,inband,corroborated,0.1007,0.1027,persistent
SYRE,2023-09-08,REVERSE_SPLIT,0.04,yahoo,ex-date-absent,,,
SYRS,2022-09-19,REVERSE_SPLIT,0.1,yahoo,corroborated,0.1432,0.1177,persistent
SYTA,2023-12-04,REVERSE_SPLIT,0.140625,inband,ex-date-absent,,,
SYTA,2024-08-02,REVERSE_SPLIT,0.058824,inband,corroborated,0.0621,0.0587,persistent
SYTA,2024-12-27,REVERSE_SPLIT,0.092308,inband,corroborated,0.1002,0.0807,persistent
SZK,2026-05-28,REVERSE_SPLIT,0.5,yahoo,ex-date-absent,,,
T,2022-04-11,FORWARD_SPLIT,1.324,yahoo,corroborated,1.2739,1.2298,persistent
TACK,2026-04-20,REVERSE_SPLIT,0.1,yahoo,ex-date-absent,,,
TADS,2022-01-03,FORWARD_SPLIT,64.0,inband,corroborated,48.9704,62.234,persistent
TANH,2022-02-28,REVERSE_SPLIT,0.1,yahoo,corroborated,0.1,0.0986,persistent
TANH,2022-11-09,REVERSE_SPLIT,0.041667,yahoo,corroborated,0.0495,0.0495,persistent
TANH,2025-02-13,REVERSE_SPLIT,0.025,yahoo,corroborated,0.0265,0.0221,persistent
TANH,2026-09-04,REVERSE_SPLIT,0.02,yahoo,ex-date-absent,,,
TAOP,2023-08-01,REVERSE_SPLIT,0.1,yahoo,corroborated,0.0996,0.1123,persistent
TAOP,2025-05-29,REVERSE_SPLIT,0.033333,yahoo,corroborated,0.0388,0.0406,persistent
TAOX,2024-04-05,REVERSE_SPLIT,0.04,yahoo,ex-date-absent,,,
TARK,2022-12-01,REVERSE_SPLIT,0.2,yahoo,corroborated,0.1991,0.1954,persistent
TARK,2024-11-27,FORWARD_SPLIT,2.0,yahoo,corroborated,2.0646,2.0152,persistent
TBH,2026-06-01,REVERSE_SPLIT,0.125,inband,corroborated,0.1203,0.1205,persistent
TBIO,2024-05-09,REVERSE_SPLIT,0.055556,yahoo,corroborated,0.0653,0.0546,persistent
TBLT,2024-01-02,REVERSE_SPLIT,0.015625,inband,corroborated,0.0173,0.0185,persistent
TC,2024-01-26,REVERSE_SPLIT,0.066667,yahoo,corroborated,0.058,0.0534,persistent
TC,2025-08-29,REVERSE_SPLIT,0.05,yahoo,corroborated,0.0488,0.0488,persistent
TCBP,2022-11-21,REVERSE_SPLIT,0.02,inband,corroborated,0.0237,0.0237,persistent
TCBP,2023-12-15,REVERSE_SPLIT,0.05,inband,corroborated,0.0557,0.058,persistent
TCBP,2024-08-05,REVERSE_SPLIT,0.1,inband,ex-date-absent,,,
TCBP,2025-02-10,REVERSE_SPLIT,0.046154,inband,corroborated,0.0508,0.0567,persistent
TCDA,2022-10-24,FORWARD_SPLIT,15.5,inband,corroborated,15.7811,18.1076,persistent
TCON,2024-04-10,REVERSE_SPLIT,0.05,inband,corroborated,0.0565,0.0557,persistent
TCRT,2024-02-01,REVERSE_SPLIT,0.066667,yahoo,drifted,0.0751,0.0848,persistent
TCRT,2024-07-18,REVERSE_SPLIT,0.1,yahoo,drifted,0.1548,0.1526,persistent
TCS,2024-09-04,REVERSE_SPLIT,0.071429,inband,corroborated,0.0705,0.0787,persistent
TDIC,2026-04-20,REVERSE_SPLIT,0.2,yahoo,corroborated,0.212,0.2065,persistent
TDIC,2026-06-15,REVERSE_SPLIT,0.04,yahoo,corroborated,0.0358,0.0432,persistent
TDTH,2026-04-24,REVERSE_SPLIT,0.033333,yahoo,corroborated,0.0365,0.0346,persistent
TECH,2022-11-30,FORWARD_SPLIT,4.0,yahoo,corroborated,4.0065,3.8524,persistent
TECS,2021-10-25,REVERSE_SPLIT,0.1,yahoo,corroborated,0.1013,0.1007,persistent
TECS,2024-11-04,REVERSE_SPLIT,0.1,yahoo,corroborated,0.1007,0.0999,persistent
TECS,2026-07-15,REVERSE_SPLIT,0.1,yahoo,corroborated,0.099,0.0967,persistent
TECX,2024-06-21,REVERSE_SPLIT,0.0833333333333,yahoo,no-prev-bar,,,
TEDU,2021-12-23,REVERSE_SPLIT,0.238095,inband,ex-date-absent,,,
TEMT,2026-03-10,REVERSE_SPLIT,0.333333,yahoo,corroborated,0.3197,0.3425,persistent
TENX,2023-01-05,REVERSE_SPLIT,0.05,yahoo,corroborated,0.0495,0.0478,persistent
TENX,2024-01-03,REVERSE_SPLIT,0.0125,yahoo,corroborated,0.0144,0.0144,persistent
TEUP,2026-08-24,REVERSE_SPLIT,0.1,yahoo,corroborated,0.1055,0.1049,persistent
TFFP,2023-12-19,REVERSE_SPLIT,0.034483,inband,drifted,0.0492,0.0461,persistent
TGL,2024-02-27,REVERSE_SPLIT,0.014286,yahoo,corroborated,0.016,0.016,persistent
TGL,2025-04-07,REVERSE_SPLIT,0.02,yahoo,corroborated,0.0197,0.0186,persistent
TGL,2025-12-05,REVERSE_SPLIT,0.05,yahoo,not-corroborated,0.0459,0.0129,persistent
THAR,2024-05-28,REVERSE_SPLIT,0.068966,inband,corroborated,0.0789,0.0773,persistent
THCH,2025-01-13,REVERSE_SPLIT,0.2,yahoo,corroborated,0.2169,0.2169,persistent
THCX,2023-08-09,REVERSE_SPLIT,0.103448,inband,ex-date-absent,,,
THH,2026-08-10,REVERSE_SPLIT,0.1,yahoo,drifted,0.0883,0.0758,persistent
THMO,2022-12-22,REVERSE_SPLIT,0.022222,yahoo,corroborated,0.0218,0.0222,persistent
THTX,2023-07-31,REVERSE_SPLIT,0.222222,inband,corroborated,0.3122,0.2605,persistent
TII,2025-11-03,REVERSE_SPLIT,0.666666666667,yahoo,ex-date-absent,,,
TIL,2023-12-08,REVERSE_SPLIT,0.05,yahoo,corroborated,0.0479,0.0473,persistent
TIPD,2025-08-21,REVERSE_SPLIT,0.257143,inband,ex-date-absent,,,
TISI,2022-12-22,REVERSE_SPLIT,0.1,yahoo,corroborated,0.0983,0.1032,persistent
TIVC,2025-03-07,REVERSE_SPLIT,0.064516,inband,corroborated,0.0601,0.0664,persistent
TJGC,2026-05-26,REVERSE_SPLIT,0.333333333333,yahoo,ex-date-absent,,,
TKLF,2024-11-15,REVERSE_SPLIT,0.1,yahoo,ex-date-absent,,,
TLIH,2026-05-01,REVERSE_SPLIT,0.1,yahoo,drifted,0.0662,0.067,persistent
TLIS,2023-07-06,REVERSE_SPLIT,0.07,inband,corroborated,0.0654,0.0669,persistent
TLPH,2022-10-26,REVERSE_SPLIT,0.05,yahoo,ex-date-absent,,,
TLRY,2025-12-02,REVERSE_SPLIT,0.1,yahoo,corroborated,0.098,0.1016,persistent
TMF,2023-12-04,REVERSE_SPLIT,0.1,yahoo,corroborated,0.1006,0.1011,persistent
TMV,2023-08-28,FORWARD_SPLIT,4.0,yahoo,corroborated,4.0584,4.0223,persistent
TNMG,2025-12-23,REVERSE_SPLIT,0.05,yahoo,corroborated,0.0379,0.0585,persistent
TNON,2023-11-02,REVERSE_SPLIT,0.1,yahoo,corroborated,0.1026,0.1026,persistent
TNON,2024-09-06,REVERSE_SPLIT,0.125,yahoo,corroborated,0.1,0.1142,persistent
TNON,2026-08-10,REVERSE_SPLIT,0.028571,yahoo,drifted,0.0267,0.0228,persistent
TNXP,2022-05-17,REVERSE_SPLIT,0.03125,yahoo,drifted,0.0368,0.04,persistent
TNXP,2023-05-10,REVERSE_SPLIT,0.16,yahoo,corroborated,0.1675,0.1797,persistent
TNXP,2024-06-10,REVERSE_SPLIT,0.03125,yahoo,drifted,0.043,0.0473,persistent
TNXP,2025-02-05,REVERSE_SPLIT,0.01,yahoo,corroborated,0.0111,0.0104,persistent
TOMZ,2026-07-20,REVERSE_SPLIT,0.333333333333,yahoo,ex-date-absent,,,
TONX,2023-04-19,REVERSE_SPLIT,0.025,yahoo,ex-date-absent,,,
TONX,2024-10-09,REVERSE_SPLIT,0.005,yahoo,ex-date-absent,,,
TOON,2023-02-13,REVERSE_SPLIT,0.1,yahoo,ex-date-absent,,,
TOP,2026-08-03,REVERSE_SPLIT,0.2,yahoo,corroborated,0.1874,0.1922,persistent
TOPS,2022-09-23,REVERSE_SPLIT,0.05,yahoo,corroborated,0.0392,0.0516,persistent
TOPS,2023-09-29,REVERSE_SPLIT,0.083333,yahoo,corroborated,0.0891,0.088,persistent
TOPW,2026-03-23,REVERSE_SPLIT,0.304348,inband,corroborated,0.2917,0.2928,persistent
TOUR,2026-04-22,REVERSE_SPLIT,0.1,yahoo,corroborated,0.1188,0.1142,persistent
TOVX,2022-07-25,REVERSE_SPLIT,0.1,yahoo,ex-date-absent,,,
TOVX,2024-08-26,REVERSE_SPLIT,0.04,yahoo,corroborated,0.0443,0.0413,persistent
TPET,2024-11-15,REVERSE_SPLIT,0.05,yahoo,corroborated,0.0594,0.0591,persistent
TPET,2026-08-31,REVERSE_SPLIT,0.111111,yahoo,corroborated,0.1102,0.1135,persistent
TPL,2024-03-27,FORWARD_SPLIT,3.0,yahoo,corroborated,2.972,2.9136,persistent
TPL,2025-12-23,FORWARD_SPLIT,3.0,yahoo,corroborated,2.9737,3.0552,persistent
TPST,2025-04-09,REVERSE_SPLIT,0.076923,yahoo,corroborated,0.078,0.0698,persistent
TQQQ,2022-01-13,FORWARD_SPLIT,2.0,yahoo,corroborated,1.9809,2.1564,persistent
TQQQ,2025-11-20,FORWARD_SPLIT,2.0,yahoo,corroborated,1.9192,2.1536,persistent
TR,2022-03-04,FORWARD_SPLIT,1.03,yahoo,corroborated,1.0341,1.0275,persistent
TR,2023-03-03,FORWARD_SPLIT,1.03,yahoo,corroborated,1.0253,1.0241,persistent
TR,2024-03-05,FORWARD_SPLIT,1.03,yahoo,corroborated,1.0287,1.0495,persistent
TR,2025-03-05,FORWARD_SPLIT,1.03,yahoo,corroborated,1.0309,1.025,persistent
TR,2026-03-05,FORWARD_SPLIT,1.03,yahoo,corroborated,1.0335,1.0437,persistent
TRAW,2024-09-23,REVERSE_SPLIT,0.04,yahoo,corroborated,0.0451,0.0427,persistent
TRI,2023-06-23,REVERSE_SPLIT,0.963,yahoo,corroborated,0.9976,0.978,persistent
TRIB,2024-02-23,REVERSE_SPLIT,0.2,yahoo,ex-date-absent,,,
TRIB,2026-07-24,REVERSE_SPLIT,0.0333333333333,yahoo,ex-date-absent,,,
TRKA,2023-06-01,REVERSE_SPLIT,0.038462,inband,corroborated,0.0472,0.0322,persistent
TRNR,2024-06-14,REVERSE_SPLIT,0.025,yahoo,drifted,0.0313,0.0319,persistent
TRNR,2024-11-11,REVERSE_SPLIT,0.01,yahoo,drifted,0.0136,0.0125,persistent
TRNR,2025-06-27,REVERSE_SPLIT,0.1,yahoo,corroborated,0.0946,0.0914,persistent
TRNR,2026-02-24,REVERSE_SPLIT,0.1,yahoo,corroborated,0.0995,0.0926,persistent
TRNR,2026-06-30,REVERSE_SPLIT,0.142857,yahoo,corroborated,0.1313,0.1272,persistent
TRT,2026-01-05,FORWARD_SPLIT,2.0,yahoo,corroborated,1.8671,1.9343,persistent
TRUG,2025-06-23,REVERSE_SPLIT,0.02,yahoo,corroborated,0.0215,0.0242,persistent
TRUG,2026-03-27,REVERSE_SPLIT,0.1,yahoo,corroborated,0.1123,0.1123,persistent
TRVG,2023-11-17,REVERSE_SPLIT,0.2,yahoo,corroborated,0.2167,0.2256,persistent
TRVN,2022-11-10,REVERSE_SPLIT,0.04,yahoo,corroborated,0.0483,0.0496,persistent
TRVN,2024-08-13,REVERSE_SPLIT,0.04,yahoo,corroborated,0.0478,0.0478,persistent
TSCO,2024-12-20,FORWARD_SPLIT,5.0,yahoo,corroborated,4.9955,4.8982,persistent
TSDD,2025-01-13,REVERSE_SPLIT,0.05,yahoo,corroborated,0.0476,0.0521,persistent
TSIB,2026-07-31,REVERSE_SPLIT,0.409091,inband,ex-date-absent,,,
TSLA,2022-08-25,FORWARD_SPLIT,3.0,yahoo,corroborated,2.9428,3.0081,persistent
TSLQ,2024-11-27,REVERSE_SPLIT,0.166667,yahoo,corroborated,0.1676,0.1615,persistent
TSLQ,2025-10-21,REVERSE_SPLIT,0.333333,yahoo,corroborated,0.331,0.3265,persistent
TSLS,2026-03-10,REVERSE_SPLIT,0.1,yahoo,corroborated,0.1014,0.1,persistent
TSLY,2024-02-26,REVERSE_SPLIT,0.5,yahoo,corroborated,0.4992,0.4865,persistent
TSLY,2025-12-01,REVERSE_SPLIT,0.2,yahoo,corroborated,0.2018,0.2002,persistent
TSLZ,2025-10-29,REVERSE_SPLIT,0.05,yahoo,corroborated,0.0506,0.0495,persistent
TSYY,2026-06-02,REVERSE_SPLIT,0.125,yahoo,corroborated,0.1419,0.1246,persistent
TTDU,2026-08-24,REVERSE_SPLIT,0.1,yahoo,corroborated,0.0983,0.0978,persistent
TTEK,2024-09-09,FORWARD_SPLIT,5.0,yahoo,corroborated,4.9721,4.9547,persistent
TTNP,2024-01-09,REVERSE_SPLIT,0.055556,inband,drifted,0.0444,0.0438,persistent
TTOO,2023-10-13,REVERSE_SPLIT,0.01,yahoo,not-corroborated,0.0158,0.021,persistent
TUEM,2022-12-01,REVERSE_SPLIT,0.032258,inband,ex-date-absent,,,
TVGN,2026-03-06,REVERSE_SPLIT,0.02,yahoo,corroborated,0.0188,0.0222,persistent
TVRD,2024-12-31,REVERSE_SPLIT,0.0833333333333,yahoo,ex-date-absent,,,
TVRD,2025-04-16,REVERSE_SPLIT,0.333333333333,yahoo,no-prev-bar,,,
TWAV,2023-01-04,REVERSE_SPLIT,0.0666666666667,yahoo,ex-date-absent,,,
TWAV,2024-08-26,REVERSE_SPLIT,0.025,yahoo,ex-date-absent,,,
TWG,2025-07-21,REVERSE_SPLIT,0.011111,yahoo,drifted,0.015,0.0172,persistent
TWM,2024-11-07,REVERSE_SPLIT,0.2,yahoo,corroborated,0.1992,0.1983,persistent
TWO,2022-11-02,REVERSE_SPLIT,0.266667,inband,corroborated,0.2545,0.2525,persistent
TWOU,2024-06-14,REVERSE_SPLIT,0.033333,inband,corroborated,0.0338,0.0318,persistent
TXMD,2022-05-09,REVERSE_SPLIT,0.02,yahoo,not-corroborated,0.0233,0.0349,persistent
TXXS,2026-07-06,REVERSE_SPLIT,0.1,yahoo,ex-date-absent,,,
TZA,2026-07-15,REVERSE_SPLIT,0.1,yahoo,corroborated,0.1006,0.1011,persistent
UAVS,2024-02-09,REVERSE_SPLIT,0.05,yahoo,corroborated,0.0527,0.0535,persistent
UAVS,2024-10-15,REVERSE_SPLIT,0.02,yahoo,not-corroborated,0.0333,0.0363,persistent
UBX,2022-10-20,REVERSE_SPLIT,0.096774,inband,corroborated,0.1139,0.1098,persistent
UBXG,2024-11-27,REVERSE_SPLIT,0.0625,inband,corroborated,0.0703,0.0745,persistent
UBXG,2026-05-22,REVERSE_SPLIT,0.038462,inband,corroborated,0.0419,0.0419,persistent
UCAR,2024-04-03,REVERSE_SPLIT,0.01,yahoo,corroborated,0.0096,0.0103,persistent
UCAR,2026-04-01,REVERSE_SPLIT,0.1,yahoo,drifted,0.0877,0.0768,persistent
UCC,2022-01-13,FORWARD_SPLIT,2.0,yahoo,ex-date-absent,,,
UCC,2025-04-07,FORWARD_SPLIT,1.391304,inband,drifted,1.0973,1.0973,bad-open-print
UCO,2022-05-26,FORWARD_SPLIT,4.0,yahoo,corroborated,3.8801,3.7574,persistent
UDOW,2025-11-20,FORWARD_SPLIT,2.0,yahoo,corroborated,1.9716,2.0501,persistent
UGE,2022-01-13,FORWARD_SPLIT,4.0,yahoo,ex-date-absent,,,
UGL,2025-06-13,FORWARD_SPLIT,4.0,yahoo,corroborated,3.9271,3.894,persistent
UGRO,2026-02-09,REVERSE_SPLIT,0.046875,inband,corroborated,0.0386,0.0413,persistent
UHAL,2022-11-10,FORWARD_SPLIT,10.0,yahoo,corroborated,9.6285,9.9053,persistent
UK,2022-04-22,REVERSE_SPLIT,0.05,yahoo,ex-date-absent,,,
UK,2023-11-30,REVERSE_SPLIT,0.083333,yahoo,corroborated,0.0515,0.0967,persistent
UK,2026-04-30,REVERSE_SPLIT,0.1,yahoo,ex-date-absent,,,
UL,2025-12-09,REVERSE_SPLIT,0.888,yahoo,corroborated,0.8869,0.8635,persistent
ULTY,2025-12-01,REVERSE_SPLIT,0.1,yahoo,corroborated,0.1034,0.1018,persistent
ULY,2025-03-18,REVERSE_SPLIT,0.083333,inband,corroborated,0.0948,0.0815,persistent
UNCY,2025-06-20,REVERSE_SPLIT,0.1,yahoo,corroborated,0.1078,0.1071,persistent
UNG,2024-01-24,REVERSE_SPLIT,0.25,yahoo,corroborated,0.2437,0.2392,persistent
UNIT,2025-08-04,REVERSE_SPLIT,0.602,yahoo,corroborated,0.648,0.6048,persistent
UNX,2026-03-10,REVERSE_SPLIT,0.1,yahoo,corroborated,0.1079,0.1045,persistent
UONE,2026-01-23,REVERSE_SPLIT,0.1,yahoo,corroborated,0.088,0.088,persistent
UONEK,2026-01-23,REVERSE_SPLIT,0.1,yahoo,ex-date-absent,,,
UP,2023-06-08,REVERSE_SPLIT,0.1,yahoo,corroborated,0.1018,0.0944,persistent
UP,2026-04-27,REVERSE_SPLIT,0.05,yahoo,drifted,0.0521,0.0664,persistent
UPC,2023-07-28,REVERSE_SPLIT,0.166667,yahoo,corroborated,0.1582,0.1816,persistent
UPC,2024-11-18,REVERSE_SPLIT,0.066667,yahoo,corroborated,0.0654,0.0711,persistent
UPC,2025-03-24,REVERSE_SPLIT,0.025,yahoo,corroborated,0.0235,0.0215,persistent
UPH,2022-12-09,REVERSE_SPLIT,0.096774,inband,corroborated,0.1016,0.0967,persistent
UPLD,2026-06-17,REVERSE_SPLIT,0.1,yahoo,corroborated,0.0984,0.1083,persistent
UPRO,2022-01-13,FORWARD_SPLIT,2.0,yahoo,corroborated,1.9857,2.0858,persistent
UPSX,2025-12-02,REVERSE_SPLIT,0.2,yahoo,corroborated,0.1986,0.2154,persistent
UPW,2025-11-20,FORWARD_SPLIT,4.0,yahoo,ex-date-absent,,,
UPXI,2024-10-03,REVERSE_SPLIT,0.05,yahoo,drifted,0.0601,0.0638,persistent
URNM,2022-12-21,FORWARD_SPLIT,2.0,yahoo,corroborated,1.9634,1.9538,persistent
USAS,2025-08-26,REVERSE_SPLIT,0.4,yahoo,corroborated,0.3849,0.3975,persistent
USBC,2025-02-19,REVERSE_SPLIT,0.025,yahoo,ex-date-absent,,,
USCB,2024-04-24,FORWARD_SPLIT,1.454545,inband,drifted,1.0209,1.0209,bad-open-print
USD,2024-11-07,FORWARD_SPLIT,2.0,yahoo,corroborated,1.9751,1.9229,persistent
USD,2025-11-20,FORWARD_SPLIT,2.0,yahoo,corroborated,1.8613,2.1518,persistent
USFR,2022-03-24,REVERSE_SPLIT,0.5,yahoo,corroborated,0.5001,0.5,persistent
USLM,2024-07-15,FORWARD_SPLIT,5.0,yahoo,corroborated,4.8693,4.8156,persistent
USOI,2022-09-27,REVERSE_SPLIT,0.05,yahoo,corroborated,0.0494,0.0491,persistent
USWS,2021-10-01,REVERSE_SPLIT,0.294118,inband,corroborated,0.2974,0.2857,persistent
USWS,2022-08-05,REVERSE_SPLIT,0.166667,inband,corroborated,0.1717,0.1682,persistent
USX,2026-06-08,REVERSE_SPLIT,0.325,inband,ex-date-absent,,,
UTF,2025-09-22,FORWARD_SPLIT,1.017,yahoo,corroborated,1.0245,1.0283,persistent
UTRS,2023-10-02,REVERSE_SPLIT,0.05,yahoo,corroborated,0.0508,0.0494,persistent
UTSI,2022-06-29,REVERSE_SPLIT,0.25,yahoo,ex-date-absent,,,
UVIX,2023-01-25,REVERSE_SPLIT,0.2,yahoo,corroborated,0.1921,0.2015,persistent
UVIX,2023-10-11,REVERSE_SPLIT,0.1,yahoo,corroborated,0.101,0.1033,persistent
UVIX,2025-01-15,REVERSE_SPLIT,0.1,yahoo,corroborated,0.1028,0.1194,persistent
UVIX,2026-07-01,REVERSE_SPLIT,0.05,yahoo,corroborated,0.0502,0.0493,persistent
UVXY,2023-06-23,REVERSE_SPLIT,0.1,yahoo,corroborated,0.098,0.0979,persistent
UVXY,2024-04-11,REVERSE_SPLIT,0.2,yahoo,corroborated,0.1916,0.2052,persistent
UVXY,2025-11-20,REVERSE_SPLIT,0.2,yahoo,corroborated,0.212,0.1803,persistent
UXIN,2022-10-28,REVERSE_SPLIT,0.1,yahoo,corroborated,0.1244,0.1202,persistent
UXIN,2024-01-16,REVERSE_SPLIT,0.1,yahoo,corroborated,0.1127,0.1053,persistent
UXRP,2026-05-28,REVERSE_SPLIT,0.2,yahoo,ex-date-absent,,,
UYM,2022-05-27,FORWARD_SPLIT,4.0,yahoo,ex-date-absent,,,
UZX,2025-04-07,REVERSE_SPLIT,0.1,yahoo,ex-date-absent,,,
VAI,2022-04-06,REVERSE_SPLIT,0.1,yahoo,ex-date-absent,,,
VAI,2025-07-29,REVERSE_SPLIT,0.1,yahoo,ex-date-absent,,,
VALN,2023-11-20,REVERSE_SPLIT,0.414286,inband,ex-date-absent,,,
VANI,2022-08-19,REVERSE_SPLIT,0.333333333333,yahoo,ex-date-absent,,,
VAPO,2023-08-18,REVERSE_SPLIT,0.130435,inband,corroborated,0.1519,0.1242,persistent
VATE,2024-08-09,REVERSE_SPLIT,0.1,yahoo,corroborated,0.1167,0.1096,persistent
VBIO,2023-08-23,REVERSE_SPLIT,0.01,yahoo,ex-date-absent,,,
VBIO,2025-03-07,REVERSE_SPLIT,0.0588235294118,yahoo,ex-date-absent,,,
VBIO,2026-08-31,REVERSE_SPLIT,0.04,yahoo,corroborated,0.0348,0.0332,persistent
VBIV,2023-04-12,REVERSE_SPLIT,0.034483,inband,drifted,0.038,0.0484,persistent
VCIG,2024-11-05,REVERSE_SPLIT,0.020408,yahoo,corroborated,0.0193,0.0205,persistent
VCIG,2025-04-03,REVERSE_SPLIT,0.05,yahoo,corroborated,0.0513,0.0567,persistent
VCIG,2025-09-16,REVERSE_SPLIT,0.033333,yahoo,corroborated,0.0346,0.0385,persistent
VCIG,2026-02-27,REVERSE_SPLIT,0.016667,yahoo,drifted,0.0186,0.0223,persistent
VCIG,2026-08-24,REVERSE_SPLIT,0.066667,yahoo,corroborated,0.0642,0.0708,persistent
VCNX,2023-09-26,REVERSE_SPLIT,0.066667,yahoo,drifted,0.0528,0.0875,persistent
VCNX,2024-02-20,REVERSE_SPLIT,0.071429,yahoo,drifted,0.0929,0.092,persistent
VCSA,2023-10-03,REVERSE_SPLIT,0.045455,inband,corroborated,0.054,0.0525,persistent
VEEA,2026-08-31,REVERSE_SPLIT,0.05,yahoo,corroborated,0.0615,0.0583,persistent
VEEE,2025-04-08,REVERSE_SPLIT,0.1,yahoo,corroborated,0.0957,0.1057,persistent
VEEE,2026-05-04,REVERSE_SPLIT,0.027027,yahoo,corroborated,0.0273,0.0266,persistent
VELO,2024-06-13,REVERSE_SPLIT,0.0285714285714,yahoo,ex-date-absent,,,
VELO,2025-07-28,REVERSE_SPLIT,0.0666666666667,yahoo,ex-date-absent,,,
VEON,2023-03-08,REVERSE_SPLIT,0.04,yahoo,corroborated,0.0421,0.0421,persistent
VERO,2023-05-12,REVERSE_SPLIT,0.071429,inband,drifted,0.0628,0.0527,persistent
VERO,2025-03-04,REVERSE_SPLIT,0.09,inband,corroborated,0.1129,0.0927,persistent
VERU,2025-08-11,REVERSE_SPLIT,0.1,yahoo,corroborated,0.1079,0.1031,persistent
VGT,2026-04-21,FORWARD_SPLIT,8.0,yahoo,corroborated,7.9706,8.0124,persistent
VHC,2023-10-26,REVERSE_SPLIT,0.05,yahoo,corroborated,0.0557,0.0557,persistent
VIA,2023-03-22,REVERSE_SPLIT,0.21875,inband,corroborated,0.2126,0.2507,persistent
VIEW,2023-07-27,REVERSE_SPLIT,0.015625,inband,drifted,0.0155,0.0111,persistent
VINC,2025-01-28,REVERSE_SPLIT,0.05,yahoo,corroborated,0.0529,0.0588,persistent
VINO,2022-11-04,REVERSE_SPLIT,0.083333,yahoo,corroborated,0.0971,0.0971,persistent
VINO,2023-09-25,REVERSE_SPLIT,0.1,yahoo,corroborated,0.0848,0.1053,persistent
VINO,2024-05-01,REVERSE_SPLIT,0.1,yahoo,drifted,0.1283,0.1259,persistent
VIOG,2023-03-14,FORWARD_SPLIT,2.0,yahoo,corroborated,2.0609,2.0609,persistent
VIOO,2023-03-14,FORWARD_SPLIT,2.0,yahoo,corroborated,1.9878,1.9724,persistent
VIOV,2023-03-14,FORWARD_SPLIT,2.0,yahoo,ex-date-absent,,,
VIP,2021-09-15,REVERSE_SPLIT,0.207,yahoo,ex-date-absent,,,
VIP,2023-05-16,REVERSE_SPLIT,0.1,yahoo,ex-date-absent,,,
VISL,2023-05-01,REVERSE_SPLIT,0.05,yahoo,corroborated,0.0521,0.0548,persistent
VIVK,2022-02-14,REVERSE_SPLIT,0.0333333333333,yahoo,no-prev-bar,,,
VIVK,2025-09-05,FORWARD_SPLIT,1.034,yahoo,corroborated,1.061,1.1518,persistent
VIVK,2026-03-24,REVERSE_SPLIT,0.005,yahoo,ex-date-absent,,,
VIVK,2026-07-17,REVERSE_SPLIT,0.05,yahoo,not-corroborated,0.0505,0.0964,persistent
VIVO,2023-10-06,REVERSE_SPLIT,0.1,yahoo,ex-date-absent,,,
VIVS,2025-03-21,REVERSE_SPLIT,0.0833333333333,yahoo,ex-date-absent,,,
VIXY,2023-06-23,REVERSE_SPLIT,0.2,yahoo,corroborated,0.1949,0.1974,persistent
VIXY,2024-11-07,REVERSE_SPLIT,0.25,yahoo,corroborated,0.2534,0.2583,persistent
VLCN,2024-06-07,REVERSE_SPLIT,0.0125,inband,corroborated,0.0136,0.0156,persistent
VLCN,2025-06-12,REVERSE_SPLIT,0.133333,inband,corroborated,0.1181,0.1094,persistent
VLD,2024-06-13,REVERSE_SPLIT,0.037037,inband,corroborated,0.0355,0.0318,persistent
VMAR,2024-08-22,REVERSE_SPLIT,0.066667,yahoo,drifted,0.0904,0.0995,persistent
VMAR,2024-10-08,REVERSE_SPLIT,0.111111,yahoo,corroborated,0.1046,0.1282,persistent
VMAR,2025-03-31,REVERSE_SPLIT,0.1,yahoo,corroborated,0.0832,0.0813,persistent
VMAR,2026-01-14,REVERSE_SPLIT,0.025,yahoo,corroborated,0.0247,0.0257,persistent
VMAR,2026-06-17,REVERSE_SPLIT,0.1,yahoo,drifted,0.0788,0.068,persistent
VMAR,2026-08-26,REVERSE_SPLIT,0.1,yahoo,drifted,0.0922,0.0763,persistent
VNRX,2026-04-28,REVERSE_SPLIT,0.05,yahoo,corroborated,0.0534,0.0504,persistent
VO,2026-04-21,FORWARD_SPLIT,4.0,yahoo,corroborated,4.0001,4.0236,persistent
VOLT,2024-12-04,REVERSE_SPLIT,0.2375,inband,ex-date-absent,,,
VOOG,2026-04-21,FORWARD_SPLIT,6.0,yahoo,corroborated,5.9627,6.0393,persistent
VOR,2025-09-19,REVERSE_SPLIT,0.05,yahoo,corroborated,0.0532,0.0559,persistent
VRAX,2023-12-18,REVERSE_SPLIT,0.1,yahoo,corroborated,0.1131,0.1131,persistent
VRAX,2026-06-26,REVERSE_SPLIT,0.04,yahoo,corroborated,0.0373,0.0439,persistent
VRCA,2025-07-25,REVERSE_SPLIT,0.1,yahoo,corroborated,0.1091,0.1091,persistent
VRM,2024-02-14,REVERSE_SPLIT,0.014286,inband,corroborated,0.0139,0.0137,persistent
VRPX,2024-03-01,REVERSE_SPLIT,0.1,yahoo,corroborated,0.0883,0.0811,persistent
VRPX,2025-03-21,REVERSE_SPLIT,0.04,yahoo,corroborated,0.0351,0.0475,persistent
VRTL,2026-06-26,FORWARD_SPLIT,3.0,yahoo,corroborated,3.3612,3.3998,persistent
VS,2022-11-09,REVERSE_SPLIT,0.066667,yahoo,corroborated,0.0756,0.0813,persistent
VS,2023-12-29,REVERSE_SPLIT,0.0625,yahoo,corroborated,0.0603,0.0585,persistent
VSA,2021-12-23,REVERSE_SPLIT,0.2,yahoo,ex-date-absent,,,
VSA,2025-12-22,REVERSE_SPLIT,0.02,yahoo,corroborated,0.0187,0.0179,persistent
VSA,2026-05-26,REVERSE_SPLIT,0.1,yahoo,corroborated,0.0863,0.0821,persistent
VSME,2024-06-18,REVERSE_SPLIT,0.142857,yahoo,corroborated,0.1626,0.1626,persistent
VSME,2026-01-12,REVERSE_SPLIT,0.05,yahoo,corroborated,0.0492,0.0511,persistent
VSTD,2023-11-28,REVERSE_SPLIT,0.1,yahoo,ex-date-absent,,,
VSTD,2025-07-31,FORWARD_SPLIT,4.0,yahoo,ex-date-absent,,,
VSTL,2026-03-19,REVERSE_SPLIT,0.333333,yahoo,corroborated,0.3475,0.3475,persistent
VSTM,2023-06-01,REVERSE_SPLIT,0.083333,yahoo,corroborated,0.0876,0.084,persistent
VTAK,2022-10-03,REVERSE_SPLIT,0.02,yahoo,ex-date-absent,,,
VTAK,2024-07-15,REVERSE_SPLIT,0.1,yahoo,corroborated,0.1189,0.1228,persistent
VTAK,2025-08-15,REVERSE_SPLIT,0.052632,yahoo,corroborated,0.0544,0.0587,persistent
VTGN,2023-06-07,REVERSE_SPLIT,0.033333,yahoo,corroborated,0.0329,0.0362,persistent
VTVT,2023-11-21,REVERSE_SPLIT,0.025,yahoo,drifted,0.0311,0.0335,persistent
VUG,2026-04-21,FORWARD_SPLIT,6.0,yahoo,corroborated,5.9771,6.0423,persistent
VVOS,2023-10-27,REVERSE_SPLIT,0.04,yahoo,drifted,0.061,0.0577,persistent
VXX,2023-03-07,REVERSE_SPLIT,0.25,yahoo,corroborated,0.254,0.2439,persistent
VXX,2024-07-24,REVERSE_SPLIT,0.25,yahoo,corroborated,0.246,0.2194,persistent
VXZ,2024-07-24,REVERSE_SPLIT,0.25,yahoo,ex-date-absent,,,
VYNE,2023-02-13,REVERSE_SPLIT,0.06,inband,ex-date-absent,,,
VYNE,2026-07-27,REVERSE_SPLIT,0.02,yahoo,corroborated,0.0203,0.0192,persistent
VYNT,2022-11-02,REVERSE_SPLIT,0.235294,inband,corroborated,0.2492,0.2492,persistent
VYX,2023-10-17,FORWARD_SPLIT,1.63,yahoo,no-prev-bar,,,
WAI,2025-05-05,REVERSE_SPLIT,0.043478,inband,ex-date-absent,,,
WAI,2025-09-08,REVERSE_SPLIT,0.037037,inband,corroborated,0.0456,0.0458,persistent
WATT,2023-08-16,REVERSE_SPLIT,0.05,yahoo,drifted,0.0569,0.0774,persistent
WATT,2025-08-11,REVERSE_SPLIT,0.033333,yahoo,corroborated,0.0434,0.0395,persistent
WAVD,2023-10-18,REVERSE_SPLIT,0.096774,inband,corroborated,0.0842,0.0812,persistent
WBUY,2025-04-10,REVERSE_SPLIT,0.00833333333333,yahoo,ex-date-absent,,,
WBX,2025-07-03,REVERSE_SPLIT,0.052632,inband,corroborated,0.0523,0.0516,persistent
WCT,2026-03-06,REVERSE_SPLIT,0.02,yahoo,corroborated,0.0216,0.0216,persistent
WDC,2025-02-24,FORWARD_SPLIT,1.323,yahoo,corroborated,1.3085,1.4031,persistent
WDCX,2026-06-03,FORWARD_SPLIT,3.0,yahoo,corroborated,3.0307,2.7665,persistent
WDTE,2024-08-01,REVERSE_SPLIT,0.333333333333,yahoo,ex-date-absent,,,
WE,2023-09-05,REVERSE_SPLIT,0.025,inband,corroborated,0.0303,0.0311,persistent
WEAT,2025-11-25,REVERSE_SPLIT,0.2,yahoo,corroborated,0.2007,0.1997,persistent
WEBS,2024-11-04,REVERSE_SPLIT,0.1,yahoo,corroborated,0.0982,0.0998,persistent
WEED,2023-05-01,REVERSE_SPLIT,0.2,yahoo,ex-date-absent,,,
WETO,2026-08-03,REVERSE_SPLIT,0.01,yahoo,corroborated,0.012,0.0122,persistent
WFF,2026-04-13,REVERSE_SPLIT,0.2,yahoo,ex-date-absent,,,
WGS,2023-05-04,REVERSE_SPLIT,0.030303,yahoo,corroborated,0.0315,0.0318,persistent
WHLR,2023-08-18,REVERSE_SPLIT,0.1,yahoo,corroborated,0.0887,0.0985,persistent
WHLR,2024-05-17,REVERSE_SPLIT,0.041667,yahoo,drifted,0.0433,0.0538,persistent
WHLR,2024-06-20,REVERSE_SPLIT,0.166667,yahoo,not-corroborated,0.9817,0.9781,bad-open-print
WHLR,2024-06-28,REVERSE_SPLIT,0.2,yahoo,corroborated,0.1526,0.1769,persistent
WHLR,2024-09-20,REVERSE_SPLIT,0.333333,yahoo,drifted,0.3159,0.4372,persistent
WHLR,2024-11-19,REVERSE_SPLIT,0.5,yahoo,corroborated,0.5547,0.5585,persistent
WHLR,2025-01-28,REVERSE_SPLIT,0.25,yahoo,corroborated,0.3413,0.3002,persistent
WHLR,2025-03-27,REVERSE_SPLIT,0.2,yahoo,corroborated,0.2258,0.2273,persistent
WHLR,2025-05-27,REVERSE_SPLIT,0.142857,yahoo,corroborated,0.1397,0.1381,persistent
WHLR,2025-09-23,REVERSE_SPLIT,0.2,yahoo,corroborated,0.1996,0.2035,persistent
WHLR,2025-12-01,REVERSE_SPLIT,0.5,yahoo,corroborated,0.4095,0.4455,persistent
WHLR,2026-01-20,REVERSE_SPLIT,0.333333,yahoo,corroborated,0.3353,0.3161,persistent
WHLR,2026-04-20,REVERSE_SPLIT,0.333333,yahoo,corroborated,0.2906,0.3108,persistent
WHLR,2026-06-18,REVERSE_SPLIT,0.25,yahoo,corroborated,0.2254,0.2348,persistent
WHLR,2026-07-28,REVERSE_SPLIT,0.2,yahoo,corroborated,0.1644,0.1886,persistent
WHLR,2026-08-27,REVERSE_SPLIT,0.25,yahoo,drifted,0.2804,0.3536,persistent
WIMI,2025-04-03,FORWARD_SPLIT,2.0,yahoo,corroborated,1.4548,1.7318,persistent
WIMI,2025-04-14,REVERSE_SPLIT,0.05,yahoo,drifted,0.0518,0.067,persistent
WINT,2023-02-24,REVERSE_SPLIT,0.02,yahoo,corroborated,0.0194,0.0236,persistent
WINT,2024-04-22,REVERSE_SPLIT,0.055556,yahoo,corroborated,0.0697,0.062,persistent
WINT,2025-02-21,REVERSE_SPLIT,0.02,yahoo,corroborated,0.022,0.022,persistent
WISA,2023-01-27,REVERSE_SPLIT,0.0125,inband,corroborated,0.01,0.0123,persistent
WISH,2023-04-12,REVERSE_SPLIT,0.035714,inband,corroborated,0.0372,0.0412,persistent
WIT,2024-12-11,FORWARD_SPLIT,2.0,yahoo,corroborated,1.9781,2.0,persistent
WKEY,2022-06-23,REVERSE_SPLIT,0.5,yahoo,ex-date-absent,,,
WKEY,2023-07-05,REVERSE_SPLIT,0.4,yahoo,corroborated,0.413,0.4064,persistent
WKHS,2024-06-17,REVERSE_SPLIT,0.05,yahoo,drifted,0.0567,0.0686,persistent
WKHS,2025-03-17,REVERSE_SPLIT,0.08,yahoo,drifted,0.0847,0.1013,persistent
WKHS,2025-12-08,REVERSE_SPLIT,0.083333,yahoo,corroborated,0.0665,0.1021,persistent
WKSP,2025-03-18,REVERSE_SPLIT,0.1,yahoo,corroborated,0.0937,0.0903,persistent
WLDS,2024-10-10,REVERSE_SPLIT,0.05,yahoo,corroborated,0.0567,0.0567,persistent
WLDS,2025-03-17,REVERSE_SPLIT,0.25,yahoo,corroborated,0.1968,0.2353,persistent
WLDS,2026-03-11,REVERSE_SPLIT,0.333333,yahoo,corroborated,0.3889,0.3803,persistent
WLDS,2026-06-22,REVERSE_SPLIT,0.333333,yahoo,corroborated,0.4239,0.3576,persistent
WLFC,2026-07-21,FORWARD_SPLIT,3.0,yahoo,corroborated,2.9846,2.8855,persistent
WMC,2022-07-11,REVERSE_SPLIT,0.103448,inband,corroborated,0.0994,0.1001,persistent
WMT,2024-02-26,FORWARD_SPLIT,3.0,yahoo,corroborated,2.9696,2.9456,persistent
WNW,2023-12-20,REVERSE_SPLIT,0.0285714285714,yahoo,ex-date-absent,,,
WNW,2025-04-01,REVERSE_SPLIT,0.05,yahoo,corroborated,0.0589,0.0589,persistent
WNW,2026-04-06,REVERSE_SPLIT,0.01,yahoo,drifted,0.0092,0.0126,persistent
WOK,2025-10-21,REVERSE_SPLIT,0.01,yahoo,corroborated,0.0098,0.009,persistent
WOK,2025-12-29,REVERSE_SPLIT,0.01,yahoo,corroborated,0.008,0.008,persistent
WOK,2026-06-18,REVERSE_SPLIT,0.01,yahoo,drifted,0.007,0.0137,persistent
WOLF,2025-09-29,REVERSE_SPLIT,0.066667,inband,corroborated,0.0672,0.0548,persistent
WOR,2023-12-01,FORWARD_SPLIT,1.622,yahoo,corroborated,1.522,1.5737,persistent
WORX,2023-10-11,REVERSE_SPLIT,0.07,inband,corroborated,0.0786,0.0838,persistent
WORX,2026-08-04,REVERSE_SPLIT,0.0833333333333,yahoo,ex-date-absent,,,
WPC,2023-11-02,FORWARD_SPLIT,1.021,yahoo,corroborated,1.0026,0.9794,persistent
WPRT,2023-06-06,REVERSE_SPLIT,0.1,yahoo,corroborated,0.0934,0.0946,persistent
WRB,2022-03-24,FORWARD_SPLIT,1.5,yahoo,corroborated,1.5153,1.4991,persistent
WRB,2024-07-11,FORWARD_SPLIT,1.5,yahoo,corroborated,1.5133,1.5229,persistent
WSC,2022-06-30,REVERSE_SPLIT,0.444444,inband,not-corroborated,1.0205,1.0006,bad-open-print
WSM,2024-07-09,FORWARD_SPLIT,2.0,yahoo,corroborated,2.016,2.0052,persistent
WTER,2023-04-05,REVERSE_SPLIT,0.066667,yahoo,corroborated,0.0825,0.0651,persistent
WTER,2025-12-16,REVERSE_SPLIT,0.1,yahoo,ex-date-absent,,,
WTO,2025-03-31,REVERSE_SPLIT,0.111111,inband,drifted,0.0869,0.0869,persistent
WTO,2026-02-17,REVERSE_SPLIT,0.193548,inband,drifted,0.1996,0.2484,persistent
WTO,2026-06-22,REVERSE_SPLIT,0.1,inband,corroborated,0.1,0.0949,persistent
WXM,2026-06-04,REVERSE_SPLIT,0.1,yahoo,drifted,0.0732,0.0644,persistent
WYHG,2026-06-02,REVERSE_SPLIT,0.25,yahoo,ex-date-absent,,,
XAGE,2025-05-14,REVERSE_SPLIT,0.033333,yahoo,corroborated,0.0327,0.0351,persistent
XAIR,2025-07-14,REVERSE_SPLIT,0.05,yahoo,corroborated,0.0479,0.0563,persistent
XAIR,2026-07-13,REVERSE_SPLIT,0.05,yahoo,corroborated,0.0537,0.0534,persistent
XBIO,2023-05-15,REVERSE_SPLIT,0.1,yahoo,not-corroborated,0.18,0.1676,persistent
XBP,2025-12-15,REVERSE_SPLIT,0.1,yahoo,corroborated,0.0915,0.0962,persistent
XCH,2026-08-21,REVERSE_SPLIT,0.05,yahoo,corroborated,0.0545,0.0484,persistent
XCUR,2022-06-30,REVERSE_SPLIT,0.033333,yahoo,drifted,0.0424,0.0432,persistent
XCUR,2024-08-28,REVERSE_SPLIT,0.2,yahoo,drifted,0.2092,0.1535,persistent
XDIV,2025-07-10,FORWARD_SPLIT,4.166667,inband,no-prev-bar,,,
XELA,2022-07-26,REVERSE_SPLIT,0.05,yahoo,not-corroborated,0.0782,0.0786,persistent
XELA,2023-05-15,REVERSE_SPLIT,0.005,yahoo,not-corroborated,0.0062,0.0082,persistent
XELB,2025-03-25,REVERSE_SPLIT,0.1,yahoo,corroborated,0.0839,0.0851,persistent
XFLT,2026-03-23,REVERSE_SPLIT,0.2,yahoo,corroborated,0.1975,0.2025,persistent
XFOR,2025-04-28,REVERSE_SPLIT,0.033333,yahoo,corroborated,0.0302,0.0365,persistent
XHG,2022-03-07,REVERSE_SPLIT,0.2,yahoo,ex-date-absent,,,
XHG,2023-12-07,REVERSE_SPLIT,0.025,yahoo,ex-date-absent,,,
XHG,2024-11-08,REVERSE_SPLIT,0.05,yahoo,corroborated,0.0559,0.0585,persistent
XHG,2025-05-09,REVERSE_SPLIT,0.05,yahoo,corroborated,0.0421,0.0421,persistent
XHLD,2025-12-02,REVERSE_SPLIT,0.066667,yahoo,corroborated,0.0614,0.0614,persistent
XIN,2022-11-28,REVERSE_SPLIT,0.103448,inband,corroborated,0.1005,0.1011,persistent
XLB,2025-12-05,FORWARD_SPLIT,2.0,yahoo,corroborated,1.995,2.0057,persistent
XLE,2025-12-05,FORWARD_SPLIT,2.0,yahoo,corroborated,2.0015,2.0087,persistent
XLG,2023-07-17,FORWARD_SPLIT,10.0,yahoo,corroborated,9.9679,9.9399,persistent
XLK,2025-12-05,FORWARD_SPLIT,2.0,yahoo,corroborated,1.9913,1.9851,persistent
XLO,2026-03-16,REVERSE_SPLIT,0.071429,yahoo,corroborated,0.0752,0.0665,persistent
XLU,2025-12-05,FORWARD_SPLIT,2.0,yahoo,corroborated,1.9919,2.0195,persistent
XLY,2025-12-05,FORWARD_SPLIT,2.0,yahoo,corroborated,1.9973,1.9893,persistent
XMAX,2023-05-24,REVERSE_SPLIT,0.2,yahoo,ex-date-absent,,,
XOS,2023-12-07,REVERSE_SPLIT,0.033333,yahoo,corroborated,0.0347,0.0383,persistent
XPO,2022-11-01,FORWARD_SPLIT,1.683,yahoo,corroborated,1.5798,1.592,persistent
XPON,2024-10-09,REVERSE_SPLIT,0.01,yahoo,corroborated,0.0111,0.0103,persistent
XPON,2026-07-21,REVERSE_SPLIT,0.083333,yahoo,corroborated,0.0897,0.0897,persistent
XPRO,2021-10-04,REVERSE_SPLIT,0.166666666667,yahoo,no-prev-bar,,,
XRN,2025-09-22,REVERSE_SPLIT,0.2,yahoo,ex-date-absent,,,
XRPT,2026-02-27,REVERSE_SPLIT,0.05,yahoo,corroborated,0.0518,0.0531,persistent
XRTX,2023-11-10,REVERSE_SPLIT,0.111111111111,yahoo,ex-date-absent,,,
XRTX,2023-11-14,REVERSE_SPLIT,0.111111,yahoo,corroborated,0.1395,0.1265,persistent
XRTX,2026-04-06,REVERSE_SPLIT,0.2,yahoo,ex-date-absent,,,
XTIA,2022-10-07,REVERSE_SPLIT,0.0133333333333,yahoo,ex-date-absent,,,
XTIA,2024-03-13,REVERSE_SPLIT,0.01,yahoo,no-prev-bar,,,
XTIA,2025-01-10,REVERSE_SPLIT,0.004,yahoo,not-corroborated,0.0048,0.0068,persistent
XTLB,2026-03-25,REVERSE_SPLIT,0.25,yahoo,ex-date-absent,,,
XWEL,2023-09-28,REVERSE_SPLIT,0.05,yahoo,corroborated,0.0586,0.0586,persistent
XXII,2023-07-05,REVERSE_SPLIT,0.066667,yahoo,corroborated,0.0715,0.0801,persistent
XXII,2024-04-02,REVERSE_SPLIT,0.0625,yahoo,corroborated,0.063,0.0648,persistent
XXII,2024-12-17,REVERSE_SPLIT,0.007407,yahoo,drifted,0.0104,0.0097,persistent
XXII,2025-06-20,REVERSE_SPLIT,0.043478,yahoo,drifted,0.0511,0.0584,persistent
XXII,2026-01-26,REVERSE_SPLIT,0.066667,yahoo,corroborated,0.0643,0.063,persistent
XXII,2026-06-12,REVERSE_SPLIT,0.05,yahoo,corroborated,0.0459,0.0479,persistent
XXRP,2026-06-29,REVERSE_SPLIT,0.1,yahoo,corroborated,0.0985,0.101,persistent
XYLO,2024-08-05,REVERSE_SPLIT,0.359375,inband,drifted,0.4375,0.4667,persistent
XYZY,2025-12-01,REVERSE_SPLIT,0.2,yahoo,ex-date-absent,,,
YAAS,2025-09-30,REVERSE_SPLIT,0.0125,yahoo,corroborated,0.0142,0.0146,persistent
YAAS,2026-07-30,REVERSE_SPLIT,0.2,yahoo,corroborated,0.1413,0.2433,persistent
YANG,2024-11-04,REVERSE_SPLIT,0.05,yahoo,corroborated,0.0516,0.051,persistent
YARW,2023-02-13,REVERSE_SPLIT,0.0555555555556,yahoo,ex-date-absent,,,
YARW,2026-07-27,REVERSE_SPLIT,0.02,yahoo,ex-date-absent,,,
YBIT,2025-12-01,REVERSE_SPLIT,0.2,yahoo,corroborated,0.2123,0.2101,persistent
YCBD,2023-04-25,REVERSE_SPLIT,0.022222,yahoo,corroborated,0.0217,0.0207,persistent
YCBD,2025-05-07,REVERSE_SPLIT,0.125,yahoo,corroborated,0.1364,0.1418,persistent
YCS,2022-05-26,FORWARD_SPLIT,2.0,yahoo,ex-date-absent,,,
YCS,2024-11-07,FORWARD_SPLIT,2.0,yahoo,ex-date-absent,,,
YDKG,2022-12-12,REVERSE_SPLIT,0.25,yahoo,ex-date-absent,,,
YDKG,2025-11-14,REVERSE_SPLIT,0.01,yahoo,corroborated,0.0088,0.0119,persistent
YGMZ,2024-07-01,REVERSE_SPLIT,0.137931,inband,drifted,0.1458,0.1783,persistent
YHC,2023-11-30,REVERSE_SPLIT,0.0166666666667,yahoo,ex-date-absent,,,
YHC,2024-03-04,FORWARD_SPLIT,1.5,yahoo,ex-date-absent,,,
YHC,2025-04-21,REVERSE_SPLIT,0.028571,yahoo,corroborated,0.0368,0.0335,persistent
YHC,2026-07-13,REVERSE_SPLIT,0.01,yahoo,corroborated,0.0098,0.01,persistent
YHGJ,2025-10-01,REVERSE_SPLIT,0.1,yahoo,ex-date-absent,,,
YI,2025-01-24,REVERSE_SPLIT,0.105263,inband,corroborated,0.0964,0.0939,persistent
YINN,2022-05-31,REVERSE_SPLIT,0.05,yahoo,corroborated,0.0441,0.0457,persistent
YJ,2023-06-20,REVERSE_SPLIT,0.1,yahoo,ex-date-absent,,,
YJ,2024-09-13,REVERSE_SPLIT,0.25,yahoo,corroborated,0.2374,0.2166,persistent
YMAT,2026-07-10,REVERSE_SPLIT,0.2,yahoo,drifted,0.1781,0.1579,persistent
YMT,2026-05-18,REVERSE_SPLIT,0.066667,yahoo,drifted,0.0504,0.048,persistent
YMT,2026-08-27,REVERSE_SPLIT,0.0625,yahoo,corroborated,0.0507,0.073,persistent
YQ,2021-11-17,REVERSE_SPLIT,0.25,yahoo,corroborated,0.2692,0.2918,persistent
YQ,2023-12-18,REVERSE_SPLIT,0.2,yahoo,ex-date-absent,,,
YSG,2024-03-18,REVERSE_SPLIT,0.2,yahoo,corroborated,0.2025,0.2149,persistent
YTEN,2024-05-03,REVERSE_SPLIT,0.041667,inband,corroborated,0.0425,0.0425,persistent
YVR,2023-08-07,REVERSE_SPLIT,0.271429,inband,ex-date-absent,,,
YXI,2025-11-20,REVERSE_SPLIT,0.5,yahoo,ex-date-absent,,,
YXT,2026-07-14,REVERSE_SPLIT,0.1,yahoo,ex-date-absent,,,
YYAI,2023-09-25,REVERSE_SPLIT,0.025,yahoo,ex-date-absent,,,
YYAI,2024-06-27,REVERSE_SPLIT,0.05,yahoo,corroborated,0.0521,0.0494,persistent
YYAI,2025-10-27,REVERSE_SPLIT,0.02,yahoo,corroborated,0.02,0.0226,persistent
YYAI,2026-05-18,REVERSE_SPLIT,0.025,yahoo,drifted,0.0269,0.0344,persistent
YYAI,2026-08-17,REVERSE_SPLIT,0.05,yahoo,corroborated,0.037,0.0454,persistent
YYGH,2026-03-23,REVERSE_SPLIT,0.02,yahoo,corroborated,0.0207,0.023,persistent
YYGH,2026-06-23,REVERSE_SPLIT,0.033333,yahoo,corroborated,0.0331,0.0329,persistent
ZAPP,2024-04-23,REVERSE_SPLIT,0.046875,inband,corroborated,0.0574,0.0459,persistent
ZBAI,2025-08-08,REVERSE_SPLIT,0.061538,inband,corroborated,0.0636,0.0591,persistent
ZBH,2022-03-01,FORWARD_SPLIT,1.03,yahoo,corroborated,1.0194,1.0246,persistent
ZCAR,2024-10-22,REVERSE_SPLIT,0.01,yahoo,drifted,0.0117,0.0131,persistent
ZCAR,2025-03-24,REVERSE_SPLIT,0.05,yahoo,ex-date-absent,,,
ZCMD,2024-02-29,REVERSE_SPLIT,0.1,yahoo,corroborated,0.1213,0.122,persistent
ZCMD,2026-03-02,REVERSE_SPLIT,0.125,yahoo,corroborated,0.1245,0.1245,persistent
ZCMD,2026-06-08,REVERSE_SPLIT,0.032258,yahoo,corroborated,0.0263,0.0301,persistent
ZCMD,2026-06-29,REVERSE_SPLIT,0.333333,yahoo,drifted,0.3382,0.2578,persistent
ZD,2021-10-08,FORWARD_SPLIT,1.15,yahoo,no-prev-bar,,,
ZDAI,2026-02-19,REVERSE_SPLIT,0.0625,yahoo,drifted,0.0745,0.0836,persistent
ZEPP,2024-09-16,REVERSE_SPLIT,0.25,yahoo,corroborated,0.2503,0.2451,persistent
ZEST,2023-03-02,REVERSE_SPLIT,0.681818,inband,ex-date-absent,,,
ZEV,2023-04-28,REVERSE_SPLIT,0.05,inband,corroborated,0.0555,0.0549,persistent
ZH,2024-05-10,REVERSE_SPLIT,0.166667,yahoo,corroborated,0.1691,0.173,persistent
ZIVO,2023-10-27,REVERSE_SPLIT,0.166666666667,yahoo,ex-date-absent,,,
ZJYL,2024-02-08,FORWARD_SPLIT,20.0,yahoo,corroborated,15.6235,17.6288,persistent
ZJYL,2026-03-16,REVERSE_SPLIT,0.05,yahoo,corroborated,0.0486,0.0484,persistent
ZKPW,2026-03-02,FORWARD_SPLIT,1.391304,inband,ex-date-absent,,,
ZME,2021-12-23,REVERSE_SPLIT,0.148148,inband,corroborated,0.1307,0.1752,persistent
ZNB,2022-09-26,REVERSE_SPLIT,0.025,yahoo,ex-date-absent,,,
ZNB,2024-11-15,REVERSE_SPLIT,0.01,yahoo,ex-date-absent,,,
ZNB,2025-08-22,REVERSE_SPLIT,0.04,yahoo,no-prev-bar,,,
ZNB,2026-03-12,REVERSE_SPLIT,0.01,yahoo,corroborated,0.0116,0.0117,persistent
ZNB,2026-07-27,REVERSE_SPLIT,0.125,yahoo,drifted,0.1079,0.0989,persistent
ZOOZ,2026-06-01,REVERSE_SPLIT,0.05,yahoo,corroborated,0.0452,0.0452,persistent
ZSAN,2022-04-12,REVERSE_SPLIT,0.033333,inband,corroborated,0.0347,0.0371,persistent
ZSL,2024-11-07,REVERSE_SPLIT,0.25,yahoo,corroborated,0.2591,0.2652,persistent
ZSL,2026-02-26,REVERSE_SPLIT,0.1,yahoo,corroborated,0.0975,0.1011,persistent
ZSPC,2026-04-21,REVERSE_SPLIT,0.04,yahoo,corroborated,0.0416,0.0443,persistent
ZSQR,2024-12-31,REVERSE_SPLIT,0.05,yahoo,ex-date-absent,,,
ZSTK,2023-06-09,REVERSE_SPLIT,0.05,yahoo,ex-date-absent,,,
ZSTK,2025-08-04,REVERSE_SPLIT,0.025641025641,yahoo,ex-date-absent,,,
ZVSA,2023-12-05,REVERSE_SPLIT,0.028571,yahoo,corroborated,0.0323,0.0269,persistent
ZVSA,2024-04-26,REVERSE_SPLIT,0.1,yahoo,corroborated,0.0998,0.1227,persistent
