symbol,ex_date,amount,source
A,2021-10-04,0.194,yahoo
A,2022-01-03,0.21,yahoo
A,2022-04-04,0.21,yahoo
A,2022-07-01,0.21,yahoo
A,2022-10-03,0.21,yahoo
A,2022-12-30,0.225,yahoo
A,2023-04-03,0.225,yahoo
A,2023-06-30,0.225,yahoo
A,2023-10-02,0.225,yahoo
A,2023-12-29,0.236,yahoo
A,2024-04-01,0.236,yahoo
A,2024-07-02,0.236,yahoo
A,2024-10-01,0.236,yahoo
A,2024-12-31,0.248,yahoo
A,2025-04-01,0.248,yahoo
A,2025-07-01,0.248,yahoo
A,2025-09-30,0.248,yahoo
A,2026-01-06,0.255,yahoo
A,2026-03-31,0.255,yahoo
A,2026-06-30,0.255,yahoo
AA,2021-10-28,0.1,yahoo
AA,2022-03-07,0.1,yahoo
AA,2022-05-16,0.1,yahoo
AA,2022-08-08,0.1,yahoo
AA,2022-10-31,0.1,yahoo
AA,2023-03-06,0.1,yahoo
AA,2023-05-15,0.1,yahoo
AA,2023-08-07,0.1,yahoo
AA,2023-10-30,0.1,yahoo
AA,2024-03-04,0.1,yahoo
AA,2024-05-20,0.1,yahoo
AA,2024-08-12,0.1,yahoo
AA,2024-10-29,0.1,yahoo
AA,2025-03-04,0.1,yahoo
AA,2025-05-20,0.1,yahoo
AA,2025-08-12,0.1,yahoo
AA,2025-11-04,0.1,yahoo
AA,2026-03-10,0.1,yahoo
AA,2026-05-19,0.1,yahoo
AA,2026-08-11,0.1,yahoo
AAON,2021-11-24,0.126667,yahoo
AAON,2022-06-02,0.126667,yahoo
AAON,2022-11-25,0.16,yahoo
AAON,2023-03-10,0.08,yahoo
AAON,2023-06-08,0.08,yahoo
AAON,2023-09-07,0.08,yahoo
AAON,2023-11-28,0.08,yahoo
AAON,2024-03-15,0.08,yahoo
AAON,2024-06-07,0.08,yahoo
AAON,2024-09-06,0.08,yahoo
AAON,2024-11-29,0.08,yahoo
AAON,2025-03-18,0.1,yahoo
AAON,2025-06-06,0.1,yahoo
AAON,2025-09-05,0.1,yahoo
AAON,2025-11-26,0.1,yahoo
AAON,2026-03-18,0.1,yahoo
AAON,2026-06-05,0.1,yahoo
AAON,2026-09-04,0.1,yahoo
AAP,2021-09-16,1,yahoo
AAP,2021-12-16,1,yahoo
AAP,2022-03-17,1.5,yahoo
AAP,2022-06-16,1.5,yahoo
AAP,2022-09-15,1.5,yahoo
AAP,2022-12-15,1.5,yahoo
AAP,2023-04-13,1.5,yahoo
AAP,2023-07-13,0.25,yahoo
AAP,2023-10-12,0.25,yahoo
AAP,2024-01-11,0.25,yahoo
AAP,2024-04-11,0.25,yahoo
AAP,2024-07-12,0.25,yahoo
AAP,2024-10-11,0.25,yahoo
AAP,2025-01-10,0.25,yahoo
AAP,2025-04-11,0.25,yahoo
AAP,2025-07-11,0.25,yahoo
AAP,2025-10-10,0.25,yahoo
AAP,2026-01-09,0.25,yahoo
AAP,2026-04-10,0.25,yahoo
AAP,2026-07-10,0.25,yahoo
AAPL,2021-11-05,0.22,yahoo
AAPL,2022-02-04,0.22,yahoo
AAPL,2022-05-06,0.23,yahoo
AAPL,2022-08-05,0.23,yahoo
AAPL,2022-11-04,0.23,yahoo
AAPL,2023-02-10,0.23,yahoo
AAPL,2023-05-12,0.24,yahoo
AAPL,2023-08-11,0.24,yahoo
AAPL,2023-11-10,0.24,yahoo
AAPL,2024-02-09,0.24,yahoo
AAPL,2024-05-10,0.25,yahoo
AAPL,2024-08-12,0.25,yahoo
AAPL,2024-11-08,0.25,yahoo
AAPL,2025-02-10,0.25,yahoo
AAPL,2025-05-12,0.26,yahoo
AAPL,2025-08-11,0.26,yahoo
AAPL,2025-11-10,0.26,yahoo
AAPL,2026-02-09,0.26,yahoo
AAPL,2026-05-11,0.27,yahoo
AAPL,2026-08-10,0.27,yahoo
ABBV,2021-10-14,1.3,yahoo
ABBV,2022-01-13,1.41,yahoo
ABBV,2022-04-13,1.41,yahoo
ABBV,2022-07-14,1.41,yahoo
ABBV,2022-10-13,1.41,yahoo
ABBV,2023-01-12,1.48,yahoo
ABBV,2023-04-13,1.48,yahoo
ABBV,2023-07-13,1.48,yahoo
ABBV,2023-10-12,1.48,yahoo
ABBV,2024-01-12,1.55,yahoo
ABBV,2024-04-12,1.55,yahoo
ABBV,2024-07-15,1.55,yahoo
ABBV,2024-10-15,1.55,yahoo
ABBV,2025-01-15,1.64,yahoo
ABBV,2025-04-15,1.64,yahoo
ABBV,2025-07-15,1.64,yahoo
ABBV,2025-10-15,1.64,yahoo
ABBV,2026-01-16,1.73,yahoo
ABBV,2026-04-15,1.73,yahoo
ABBV,2026-07-15,1.73,yahoo
ABT,2021-10-14,0.45,yahoo
ABT,2022-01-13,0.47,yahoo
ABT,2022-04-13,0.47,yahoo
ABT,2022-07-14,0.47,yahoo
ABT,2022-10-13,0.47,yahoo
ABT,2023-01-12,0.51,yahoo
ABT,2023-04-13,0.51,yahoo
ABT,2023-07-13,0.51,yahoo
ABT,2023-10-12,0.51,yahoo
ABT,2024-01-11,0.55,yahoo
ABT,2024-04-12,0.55,yahoo
ABT,2024-07-15,0.55,yahoo
ABT,2024-10-15,0.55,yahoo
ABT,2025-01-15,0.59,yahoo
ABT,2025-04-15,0.59,yahoo
ABT,2025-07-15,0.59,yahoo
ABT,2025-10-15,0.59,yahoo
ABT,2026-01-15,0.63,yahoo
ABT,2026-04-15,0.63,yahoo
ABT,2026-07-15,0.63,yahoo
ACA,2021-10-14,0.05,yahoo
ACA,2022-01-13,0.05,yahoo
ACA,2022-04-13,0.05,yahoo
ACA,2022-07-14,0.05,yahoo
ACA,2022-10-13,0.05,yahoo
ACA,2023-01-12,0.05,yahoo
ACA,2023-04-13,0.05,yahoo
ACA,2023-07-13,0.05,yahoo
ACA,2023-10-12,0.05,yahoo
ACA,2024-01-11,0.05,yahoo
ACA,2024-04-12,0.05,yahoo
ACA,2024-07-15,0.05,yahoo
ACA,2024-10-15,0.05,yahoo
ACA,2025-01-15,0.05,yahoo
ACA,2025-04-15,0.05,yahoo
ACA,2025-07-15,0.05,yahoo
ACA,2025-10-15,0.05,yahoo
ACA,2026-01-15,0.05,yahoo
ACA,2026-04-15,0.05,yahoo
ACA,2026-07-15,0.05,yahoo
ACGL,2024-11-18,5,yahoo
ACI,2021-10-28,0.12,yahoo
ACI,2022-01-25,0.12,yahoo
ACI,2022-04-25,0.12,yahoo
ACI,2022-07-25,0.12,yahoo
ACI,2022-10-21,6.85,yahoo
ACI,2022-10-28,0.12,yahoo
ACI,2023-01-25,0.12,yahoo
ACI,2023-04-25,0.12,yahoo
ACI,2023-07-25,0.12,yahoo
ACI,2023-10-30,0.12,yahoo
ACI,2024-01-25,0.12,yahoo
ACI,2024-04-25,0.12,yahoo
ACI,2024-07-26,0.12,yahoo
ACI,2024-10-28,0.12,yahoo
ACI,2025-01-24,0.15,yahoo
ACI,2025-04-25,0.15,yahoo
ACI,2025-07-25,0.15,yahoo
ACI,2025-10-24,0.15,yahoo
ACI,2026-01-23,0.15,yahoo
ACI,2026-04-24,0.17,yahoo
ACI,2026-07-24,0.17,yahoo
ACM,2022-01-04,0.15,yahoo
ACM,2022-04-05,0.15,yahoo
ACM,2022-07-05,0.15,yahoo
ACM,2022-10-04,0.15,yahoo
ACM,2023-01-03,0.18,yahoo
ACM,2023-04-04,0.18,yahoo
ACM,2023-07-05,0.18,yahoo
ACM,2023-10-04,0.18,yahoo
ACM,2024-01-03,0.22,yahoo
ACM,2024-04-23,0.22,yahoo
ACM,2024-07-03,0.22,yahoo
ACM,2024-10-02,0.22,yahoo
ACM,2025-01-02,0.26,yahoo
ACM,2025-04-02,0.26,yahoo
ACM,2025-07-02,0.26,yahoo
ACM,2025-10-01,0.26,yahoo
ACM,2026-01-07,0.31,yahoo
ACM,2026-04-01,0.31,yahoo
ACM,2026-07-01,0.31,yahoo
ACN,2021-10-13,0.97,yahoo
ACN,2022-01-12,0.97,yahoo
ACN,2022-04-13,0.97,yahoo
ACN,2022-07-13,0.97,yahoo
ACN,2022-10-12,1.12,yahoo
ACN,2023-01-11,1.12,yahoo
ACN,2023-04-12,1.12,yahoo
ACN,2023-07-12,1.12,yahoo
ACN,2023-10-11,1.29,yahoo
ACN,2024-01-17,1.29,yahoo
ACN,2024-04-10,1.29,yahoo
ACN,2024-07-11,1.29,yahoo
ACN,2024-10-10,1.48,yahoo
ACN,2025-01-16,1.48,yahoo
ACN,2025-04-10,1.48,yahoo
ACN,2025-07-10,1.48,yahoo
ACN,2026-04-09,1.63,yahoo
ACN,2026-07-09,1.63,yahoo
ACWI,2021-12-13,1.017,yahoo
ACWI,2021-12-30,0.071,yahoo
ACWI,2022-06-09,0.847,yahoo
ACWI,2022-12-13,0.676,yahoo
ACWI,2023-06-07,0.953,yahoo
ACWI,2023-12-20,0.962,yahoo
ACWI,2024-06-11,0.935,yahoo
ACWI,2024-12-17,1.066,yahoo
ACWI,2025-06-16,0.961,yahoo
ACWI,2025-12-16,1.235,yahoo
ACWI,2026-06-15,1.01,yahoo
ADC,2021-09-29,0.217,yahoo
ADC,2021-10-28,0.227,yahoo
ADC,2021-11-29,0.227,yahoo
ADC,2021-12-30,0.227,yahoo
ADC,2022-01-28,0.227,yahoo
ADC,2022-02-25,0.227,yahoo
ADC,2022-03-30,0.227,yahoo
ADC,2022-04-28,0.234,yahoo
ADC,2022-05-27,0.234,yahoo
ADC,2022-06-29,0.234,yahoo
ADC,2022-07-28,0.234,yahoo
ADC,2022-08-30,0.234,yahoo
ADC,2022-09-29,0.234,yahoo
ADC,2022-10-28,0.24,yahoo
ADC,2022-11-29,0.24,yahoo
ADC,2022-12-29,0.24,yahoo
ADC,2023-01-30,0.24,yahoo
ADC,2023-02-27,0.24,yahoo
ADC,2023-03-30,0.24,yahoo
ADC,2023-04-27,0.243,yahoo
ADC,2023-05-30,0.243,yahoo
ADC,2023-06-29,0.243,yahoo
ADC,2023-07-28,0.243,yahoo
ADC,2023-08-30,0.243,yahoo
ADC,2023-09-28,0.243,yahoo
ADC,2023-10-30,0.247,yahoo
ADC,2023-11-29,0.247,yahoo
ADC,2023-12-28,0.247,yahoo
ADC,2024-01-30,0.247,yahoo
ADC,2024-02-28,0.247,yahoo
ADC,2024-03-27,0.247,yahoo
ADC,2024-04-29,0.25,yahoo
ADC,2024-05-31,0.25,yahoo
ADC,2024-06-28,0.25,yahoo
ADC,2024-07-31,0.25,yahoo
ADC,2024-08-30,0.25,yahoo
ADC,2024-09-30,0.25,yahoo
ADC,2024-10-31,0.253,yahoo
ADC,2024-11-29,0.253,yahoo
ADC,2024-12-31,0.253,yahoo
ADC,2025-01-31,0.253,yahoo
ADC,2025-02-28,0.253,yahoo
ADC,2025-03-31,0.253,yahoo
ADC,2025-04-30,0.256,yahoo
ADC,2025-05-30,0.256,yahoo
ADC,2025-06-30,0.256,yahoo
ADC,2025-07-31,0.256,yahoo
ADC,2025-08-29,0.256,yahoo
ADC,2025-09-30,0.256,yahoo
ADC,2025-10-31,0.262,yahoo
ADC,2025-11-28,0.262,yahoo
ADC,2025-12-31,0.262,yahoo
ADC,2026-01-30,0.262,yahoo
ADC,2026-02-27,0.262,yahoo
ADC,2026-03-31,0.262,yahoo
ADC,2026-04-30,0.267,yahoo
ADC,2026-05-29,0.267,yahoo
ADC,2026-06-30,0.267,yahoo
ADC,2026-07-31,0.267,yahoo
ADC,2026-08-31,0.267,yahoo
ADI,2021-12-02,0.69,yahoo
ADI,2022-02-24,0.76,yahoo
ADI,2022-05-27,0.76,yahoo
ADI,2022-08-29,0.76,yahoo
ADI,2022-12-02,0.76,yahoo
ADI,2023-02-24,0.86,yahoo
ADI,2023-06-02,0.86,yahoo
ADI,2023-09-01,0.86,yahoo
ADI,2023-12-01,0.86,yahoo
ADI,2024-03-04,0.92,yahoo
ADI,2024-06-04,0.92,yahoo
ADI,2024-09-03,0.92,yahoo
ADI,2024-12-09,0.92,yahoo
ADI,2025-03-04,0.99,yahoo
ADI,2025-06-04,0.99,yahoo
ADI,2025-09-02,0.99,yahoo
ADI,2025-12-08,0.99,yahoo
ADI,2026-03-03,1.1,yahoo
ADI,2026-06-02,1.1,yahoo
ADI,2026-09-01,1.1,yahoo
ADM,2021-11-16,0.37,yahoo
ADM,2022-02-07,0.4,yahoo
ADM,2022-05-17,0.4,yahoo
ADM,2022-08-16,0.4,yahoo
ADM,2022-11-15,0.4,yahoo
ADM,2023-02-08,0.45,yahoo
ADM,2023-05-16,0.45,yahoo
ADM,2023-08-15,0.45,yahoo
ADM,2023-11-14,0.45,yahoo
ADM,2024-02-07,0.5,yahoo
ADM,2024-05-15,0.5,yahoo
ADM,2024-08-21,0.5,yahoo
ADM,2024-11-21,0.5,yahoo
ADM,2025-02-18,0.51,yahoo
ADM,2025-05-21,0.51,yahoo
ADM,2025-08-20,0.51,yahoo
ADM,2025-11-19,0.51,yahoo
ADM,2026-02-17,0.52,yahoo
ADM,2026-05-20,0.52,yahoo
ADM,2026-08-19,0.52,yahoo
ADP,2021-09-09,0.93,yahoo
ADP,2021-12-09,1.04,yahoo
ADP,2022-03-10,1.04,yahoo
ADP,2022-06-09,1.04,yahoo
ADP,2022-09-08,1.04,yahoo
ADP,2022-12-08,1.25,yahoo
ADP,2023-03-09,1.25,yahoo
ADP,2023-06-08,1.25,yahoo
ADP,2023-09-07,1.25,yahoo
ADP,2023-12-07,1.4,yahoo
ADP,2024-03-07,1.4,yahoo
ADP,2024-06-14,1.4,yahoo
ADP,2024-09-13,1.4,yahoo
ADP,2024-12-13,1.54,yahoo
ADP,2025-03-14,1.54,yahoo
ADP,2025-06-13,1.54,yahoo
ADP,2025-09-12,1.54,yahoo
ADP,2025-12-12,1.7,yahoo
ADP,2026-03-13,1.7,yahoo
ADP,2026-06-12,1.7,yahoo
ADP,2026-09-11,1.7,yahoo
AEE,2021-09-07,0.55,yahoo
AEE,2021-12-07,0.55,yahoo
AEE,2022-03-08,0.59,yahoo
AEE,2022-06-07,0.59,yahoo
AEE,2022-09-06,0.59,yahoo
AEE,2022-12-06,0.59,yahoo
AEE,2023-03-14,0.63,yahoo
AEE,2023-06-13,0.63,yahoo
AEE,2023-09-12,0.63,yahoo
AEE,2023-12-12,0.63,yahoo
AEE,2024-03-12,0.67,yahoo
AEE,2024-06-12,0.67,yahoo
AEE,2024-09-11,0.67,yahoo
AEE,2024-12-11,0.67,yahoo
AEE,2025-03-11,0.71,yahoo
AEE,2025-06-10,0.71,yahoo
AEE,2025-09-09,0.71,yahoo
AEE,2025-12-09,0.71,yahoo
AEE,2026-03-10,0.75,yahoo
AEE,2026-06-09,0.75,yahoo
AEE,2026-09-08,0.75,yahoo
AEIS,2021-11-19,0.1,yahoo
AEIS,2022-02-17,0.1,yahoo
AEIS,2022-05-20,0.1,yahoo
AEIS,2022-08-19,0.1,yahoo
AEIS,2022-11-18,0.1,yahoo
AEIS,2023-02-16,0.1,yahoo
AEIS,2023-05-19,0.1,yahoo
AEIS,2023-08-18,0.1,yahoo
AEIS,2023-11-17,0.1,yahoo
AEIS,2024-02-15,0.1,yahoo
AEIS,2024-05-23,0.1,yahoo
AEIS,2024-08-26,0.1,yahoo
AEIS,2024-11-25,0.1,yahoo
AEIS,2025-02-24,0.1,yahoo
AEIS,2025-05-23,0.1,yahoo
AEIS,2025-08-25,0.1,yahoo
AEIS,2025-11-24,0.1,yahoo
AEIS,2026-02-23,0.1,yahoo
AEIS,2026-05-22,0.1,yahoo
AEIS,2026-08-24,0.1,yahoo
AEM,2021-11-30,0.35,yahoo
AEM,2022-03-04,0.4,yahoo
AEM,2022-05-31,0.4,yahoo
AEM,2022-08-31,0.4,yahoo
AEM,2022-11-30,0.4,yahoo
AEM,2023-02-28,0.4,yahoo
AEM,2023-05-31,0.4,yahoo
AEM,2023-08-31,0.4,yahoo
AEM,2023-11-30,0.4,yahoo
AEM,2024-02-29,0.4,yahoo
AEM,2024-05-31,0.4,yahoo
AEM,2024-08-30,0.4,yahoo
AEM,2024-11-29,0.4,yahoo
AEM,2025-02-28,0.4,yahoo
AEM,2025-05-30,0.4,yahoo
AEM,2025-09-02,0.4,yahoo
AEM,2025-12-01,0.4,yahoo
AEM,2026-03-02,0.45,yahoo
AEM,2026-06-01,0.45,yahoo
AEM,2026-09-01,0.45,yahoo
AEO,2021-10-07,0.18,yahoo
AEO,2021-12-09,0.18,yahoo
AEO,2022-03-10,0.18,yahoo
AEO,2022-07-07,0.18,yahoo
AEO,2023-04-05,0.1,yahoo
AEO,2023-07-06,0.1,yahoo
AEO,2023-10-12,0.1,yahoo
AEO,2024-01-04,0.125,yahoo
AEO,2024-04-11,0.125,yahoo
AEO,2024-07-12,0.125,yahoo
AEO,2024-10-11,0.125,yahoo
AEO,2025-01-10,0.125,yahoo
AEO,2025-04-11,0.125,yahoo
AEO,2025-07-11,0.125,yahoo
AEO,2025-10-10,0.125,yahoo
AEO,2026-01-09,0.125,yahoo
AEO,2026-04-10,0.125,yahoo
AEO,2026-07-10,0.125,yahoo
AEP,2021-11-09,0.78,yahoo
AEP,2022-02-09,0.78,yahoo
AEP,2022-05-09,0.78,yahoo
AEP,2022-08-09,0.78,yahoo
AEP,2022-11-09,0.83,yahoo
AEP,2023-02-09,0.83,yahoo
AEP,2023-05-09,0.83,yahoo
AEP,2023-08-09,0.83,yahoo
AEP,2023-11-09,0.88,yahoo
AEP,2024-02-08,0.88,yahoo
AEP,2024-05-09,0.88,yahoo
AEP,2024-08-09,0.88,yahoo
AEP,2024-11-08,0.93,yahoo
AEP,2025-02-10,0.93,yahoo
AEP,2025-05-09,0.93,yahoo
AEP,2025-08-08,0.93,yahoo
AEP,2025-11-10,0.95,yahoo
AEP,2026-02-10,0.95,yahoo
AEP,2026-05-08,0.95,yahoo
AEP,2026-08-10,0.95,yahoo
AER,2024-05-21,0.25,yahoo
AER,2024-08-14,0.25,yahoo
AER,2024-11-13,0.25,yahoo
AER,2025-03-12,0.27,yahoo
AER,2025-05-14,0.27,yahoo
AER,2025-08-13,0.27,yahoo
AER,2026-02-25,0.4,yahoo
AER,2026-05-13,0.4,yahoo
AER,2026-08-12,0.4,yahoo
AES,2021-11-01,0.151,yahoo
AES,2022-01-31,0.158,yahoo
AES,2022-04-28,0.158,yahoo
AES,2022-07-29,0.158,yahoo
AES,2022-10-31,0.158,yahoo
AES,2023-01-31,0.166,yahoo
AES,2023-04-28,0.166,yahoo
AES,2023-07-31,0.166,yahoo
AES,2023-10-31,0.166,yahoo
AES,2024-01-31,0.173,yahoo
AES,2024-04-30,0.173,yahoo
AES,2024-08-01,0.173,yahoo
AES,2024-11-01,0.173,yahoo
AES,2025-01-31,0.176,yahoo
AES,2025-05-01,0.176,yahoo
AES,2025-08-01,0.176,yahoo
AES,2025-10-31,0.176,yahoo
AES,2026-01-30,0.176,yahoo
AES,2026-05-01,0.176,yahoo
AES,2026-07-31,0.176,yahoo
AFG,2021-09-27,4,yahoo
AFG,2021-10-14,0.56,yahoo
AFG,2021-11-12,4,yahoo
AFG,2021-12-22,2,yahoo
AFG,2022-01-13,0.56,yahoo
AFG,2022-03-14,2,yahoo
AFG,2022-04-13,0.56,yahoo
AFG,2022-05-19,8,yahoo
AFG,2022-07-14,0.56,yahoo
AFG,2022-10-13,0.63,yahoo
AFG,2022-11-14,2,yahoo
AFG,2023-01-12,0.63,yahoo
AFG,2023-02-14,4,yahoo
AFG,2023-04-13,0.63,yahoo
AFG,2023-07-13,0.63,yahoo
AFG,2023-10-12,0.71,yahoo
AFG,2023-11-10,1.5,yahoo
AFG,2024-01-11,0.71,yahoo
AFG,2024-02-15,2.5,yahoo
AFG,2024-04-12,0.71,yahoo
AFG,2024-07-15,0.71,yahoo
AFG,2024-10-15,0.8,yahoo
AFG,2024-11-15,4,yahoo
AFG,2025-01-14,0.8,yahoo
AFG,2025-03-17,2,yahoo
AFG,2025-04-15,0.8,yahoo
AFG,2025-07-15,0.8,yahoo
AFG,2025-10-15,0.88,yahoo
AFG,2025-11-17,2,yahoo
AFG,2026-01-15,0.88,yahoo
AFG,2026-02-13,1.5,yahoo
AFG,2026-04-15,0.88,yahoo
AFG,2026-07-15,0.88,yahoo
AFL,2021-11-16,0.33,yahoo
AFL,2022-02-15,0.4,yahoo
AFL,2022-05-17,0.4,yahoo
AFL,2022-08-23,0.4,yahoo
AFL,2022-11-15,0.4,yahoo
AFL,2023-02-14,0.42,yahoo
AFL,2023-05-16,0.42,yahoo
AFL,2023-08-22,0.42,yahoo
AFL,2023-11-14,0.42,yahoo
AFL,2024-02-20,0.5,yahoo
AFL,2024-05-21,0.5,yahoo
AFL,2024-08-21,0.5,yahoo
AFL,2024-11-20,0.5,yahoo
AFL,2025-02-19,0.58,yahoo
AFL,2025-05-21,0.58,yahoo
AFL,2025-08-20,0.58,yahoo
AFL,2025-11-19,0.58,yahoo
AFL,2026-02-18,0.61,yahoo
AFL,2026-05-20,0.61,yahoo
AFL,2026-08-19,0.61,yahoo
AG,2021-11-16,0.005,yahoo
AG,2022-03-18,0.008,yahoo
AG,2022-05-24,0.006,yahoo
AG,2022-08-15,0.006,yahoo
AG,2022-11-21,0.006,yahoo
AG,2023-03-09,0.005,yahoo
AG,2023-05-17,0.006,yahoo
AG,2023-08-15,0.005,yahoo
AG,2023-11-14,0.005,yahoo
AG,2024-03-13,0.005,yahoo
AG,2024-05-16,0.004,yahoo
AG,2024-08-16,0.005,yahoo
AG,2024-11-15,0.005,yahoo
AG,2025-02-28,0.006,yahoo
AG,2025-05-16,0.005,yahoo
AG,2026-02-27,0.008,yahoo
AG,2026-05-20,0.017,yahoo
AG,2026-08-14,0.015,yahoo
AGCO,2021-11-12,0.2,yahoo
AGCO,2022-02-14,0.2,yahoo
AGCO,2022-05-13,0.24,yahoo
AGCO,2022-05-19,4.5,yahoo
AGCO,2022-08-12,0.24,yahoo
AGCO,2022-11-14,0.24,yahoo
AGCO,2023-02-14,0.24,yahoo
AGCO,2023-05-12,0.29,yahoo
AGCO,2023-05-18,5,yahoo
AGCO,2023-08-14,0.29,yahoo
AGCO,2023-11-14,0.29,yahoo
AGCO,2024-02-14,0.29,yahoo
AGCO,2024-05-14,0.29,yahoo
AGCO,2024-05-17,2.5,yahoo
AGCO,2024-08-15,0.29,yahoo
AGCO,2024-11-15,0.29,yahoo
AGCO,2025-02-14,0.29,yahoo
AGCO,2025-05-15,0.29,yahoo
AGCO,2025-08-15,0.29,yahoo
AGCO,2025-11-14,0.29,yahoo
AGCO,2026-02-13,0.29,yahoo
AGCO,2026-05-15,0.3,yahoo
AGCO,2026-08-14,0.3,yahoo
AGG,2021-10-01,0.18,yahoo
AGG,2021-11-01,0.18,yahoo
AGG,2021-12-01,0.162,yahoo
AGG,2021-12-16,0.117,yahoo
AGG,2022-02-01,0.161,yahoo
AGG,2022-03-01,0.161,yahoo
AGG,2022-04-01,0.16,yahoo
AGG,2022-05-02,0.181,yahoo
AGG,2022-06-01,0.186,yahoo
AGG,2022-07-01,0.186,yahoo
AGG,2022-08-01,0.2,yahoo
AGG,2022-09-01,0.204,yahoo
AGG,2022-10-03,0.211,yahoo
AGG,2022-11-01,0.216,yahoo
AGG,2022-12-01,0.226,yahoo
AGG,2022-12-15,0.226,yahoo
AGG,2023-02-01,0.245,yahoo
AGG,2023-03-01,0.234,yahoo
AGG,2023-04-03,0.252,yahoo
AGG,2023-05-01,0.249,yahoo
AGG,2023-06-01,0.258,yahoo
AGG,2023-07-03,0.255,yahoo
AGG,2023-08-01,0.265,yahoo
AGG,2023-09-01,0.26,yahoo
AGG,2023-10-02,0.257,yahoo
AGG,2023-11-01,0.277,yahoo
AGG,2023-12-01,0.274,yahoo
AGG,2023-12-14,0.282,yahoo
AGG,2024-02-01,0.293,yahoo
AGG,2024-03-01,0.286,yahoo
AGG,2024-04-01,0.29,yahoo
AGG,2024-05-01,0.295,yahoo
AGG,2024-06-03,0.302,yahoo
AGG,2024-07-01,0.301,yahoo
AGG,2024-08-01,0.304,yahoo
AGG,2024-09-03,0.312,yahoo
AGG,2024-10-01,0.307,yahoo
AGG,2024-11-01,0.31,yahoo
AGG,2024-12-02,0.312,yahoo
AGG,2024-12-18,0.316,yahoo
AGG,2025-02-03,0.322,yahoo
AGG,2025-03-03,0.304,yahoo
AGG,2025-04-01,0.325,yahoo
AGG,2025-05-01,0.321,yahoo
AGG,2025-06-02,0.323,yahoo
AGG,2025-07-01,0.319,yahoo
AGG,2025-08-01,0.33,yahoo
AGG,2025-09-02,0.327,yahoo
AGG,2025-10-01,0.325,yahoo
AGG,2025-11-03,0.327,yahoo
AGG,2025-12-01,0.326,yahoo
AGG,2025-12-19,0.334,yahoo
AGG,2026-02-02,0.325,yahoo
AGG,2026-03-02,0.316,yahoo
AGG,2026-04-01,0.337,yahoo
AGG,2026-05-01,0.33,yahoo
AGG,2026-06-01,0.331,yahoo
AGG,2026-07-01,0.331,yahoo
AGG,2026-08-03,0.338,yahoo
AGG,2026-09-01,0.337,yahoo
AGI,2021-09-15,0.025,yahoo
AGI,2021-12-06,0.025,yahoo
AGI,2022-03-16,0.025,yahoo
AGI,2022-06-15,0.025,yahoo
AGI,2022-09-14,0.025,yahoo
AGI,2022-12-05,0.025,yahoo
AGI,2023-03-15,0.025,yahoo
AGI,2023-06-14,0.025,yahoo
AGI,2023-09-13,0.025,yahoo
AGI,2023-12-05,0.025,yahoo
AGI,2024-03-13,0.025,yahoo
AGI,2024-06-13,0.025,yahoo
AGI,2024-09-12,0.025,yahoo
AGI,2024-12-05,0.025,yahoo
AGI,2025-03-13,0.025,yahoo
AGI,2025-06-12,0.025,yahoo
AGI,2026-03-12,0.04,yahoo
AGI,2026-06-11,0.04,yahoo
AGI,2026-09-10,0.04,yahoo
AGNC,2021-09-29,0.12,yahoo
AGNC,2021-10-28,0.12,yahoo
AGNC,2021-11-29,0.12,yahoo
AGNC,2021-12-30,0.12,yahoo
AGNC,2022-01-28,0.12,yahoo
AGNC,2022-02-25,0.12,yahoo
AGNC,2022-03-30,0.12,yahoo
AGNC,2022-04-28,0.12,yahoo
AGNC,2022-05-27,0.12,yahoo
AGNC,2022-06-29,0.12,yahoo
AGNC,2022-07-28,0.12,yahoo
AGNC,2022-08-30,0.12,yahoo
AGNC,2022-09-29,0.12,yahoo
AGNC,2022-10-28,0.12,yahoo
AGNC,2022-11-29,0.12,yahoo
AGNC,2022-12-29,0.12,yahoo
AGNC,2023-01-30,0.12,yahoo
AGNC,2023-02-27,0.12,yahoo
AGNC,2023-03-30,0.12,yahoo
AGNC,2023-04-27,0.12,yahoo
AGNC,2023-05-30,0.12,yahoo
AGNC,2023-06-29,0.12,yahoo
AGNC,2023-07-28,0.12,yahoo
AGNC,2023-08-30,0.12,yahoo
AGNC,2023-09-28,0.12,yahoo
AGNC,2023-10-30,0.12,yahoo
AGNC,2023-11-29,0.12,yahoo
AGNC,2023-12-28,0.12,yahoo
AGNC,2024-01-30,0.12,yahoo
AGNC,2024-02-28,0.12,yahoo
AGNC,2024-03-27,0.12,yahoo
AGNC,2024-04-29,0.12,yahoo
AGNC,2024-05-31,0.12,yahoo
AGNC,2024-06-28,0.12,yahoo
AGNC,2024-07-31,0.12,yahoo
AGNC,2024-08-30,0.12,yahoo
AGNC,2024-09-30,0.12,yahoo
AGNC,2024-10-31,0.12,yahoo
AGNC,2024-11-29,0.12,yahoo
AGNC,2024-12-31,0.12,yahoo
AGNC,2025-01-31,0.12,yahoo
AGNC,2025-02-28,0.12,yahoo
AGNC,2025-03-31,0.12,yahoo
AGNC,2025-04-30,0.12,yahoo
AGNC,2025-05-30,0.12,yahoo
AGNC,2025-06-30,0.12,yahoo
AGNC,2025-07-31,0.12,yahoo
AGNC,2025-08-29,0.12,yahoo
AGNC,2025-09-30,0.12,yahoo
AGNC,2025-10-31,0.12,yahoo
AGNC,2025-11-28,0.12,yahoo
AGNC,2025-12-31,0.12,yahoo
AGNC,2026-01-30,0.12,yahoo
AGNC,2026-02-27,0.12,yahoo
AGNC,2026-03-31,0.12,yahoo
AGNC,2026-04-30,0.12,yahoo
AGNC,2026-05-29,0.12,yahoo
AGNC,2026-06-30,0.12,yahoo
AGNC,2026-07-31,0.12,yahoo
AGNC,2026-08-31,0.12,yahoo
AGX,2021-10-20,0.25,yahoo
AGX,2022-01-20,0.25,yahoo
AGX,2022-04-20,0.25,yahoo
AGX,2022-07-20,0.25,yahoo
AGX,2022-10-20,0.25,yahoo
AGX,2023-01-19,0.25,yahoo
AGX,2023-04-19,0.25,yahoo
AGX,2023-07-20,0.25,yahoo
AGX,2023-10-20,0.3,yahoo
AGX,2024-01-22,0.3,yahoo
AGX,2024-04-19,0.3,yahoo
AGX,2024-07-23,0.3,yahoo
AGX,2024-10-23,0.375,yahoo
AGX,2025-01-23,0.375,yahoo
AGX,2025-04-22,0.375,yahoo
AGX,2025-07-23,0.375,yahoo
AGX,2025-10-23,0.5,yahoo
AGX,2026-01-22,0.5,yahoo
AGX,2026-04-22,0.5,yahoo
AGX,2026-07-23,0.5,yahoo
AHR,2024-03-27,0.25,yahoo
AHR,2024-06-27,0.25,yahoo
AHR,2024-09-20,0.25,yahoo
AHR,2024-12-31,0.25,yahoo
AHR,2025-03-31,0.25,yahoo
AHR,2025-06-30,0.25,yahoo
AHR,2025-09-30,0.25,yahoo
AHR,2025-12-31,0.25,yahoo
AHR,2026-03-31,0.25,yahoo
AHR,2026-06-30,0.25,yahoo
AIG,2021-09-15,0.32,yahoo
AIG,2021-12-15,0.32,yahoo
AIG,2022-03-16,0.32,yahoo
AIG,2022-06-15,0.32,yahoo
AIG,2022-09-15,0.32,yahoo
AIG,2022-12-14,0.32,yahoo
AIG,2023-03-16,0.32,yahoo
AIG,2023-06-15,0.36,yahoo
AIG,2023-09-14,0.36,yahoo
AIG,2023-12-13,0.36,yahoo
AIG,2024-03-13,0.36,yahoo
AIG,2024-06-14,0.4,yahoo
AIG,2024-09-16,0.4,yahoo
AIG,2024-12-16,0.4,yahoo
AIG,2025-03-17,0.4,yahoo
AIG,2025-06-13,0.45,yahoo
AIG,2025-09-16,0.45,yahoo
AIG,2025-12-16,0.45,yahoo
AIG,2026-03-16,0.45,yahoo
AIG,2026-06-15,0.5,yahoo
AIT,2021-11-12,0.33,yahoo
AIT,2022-02-14,0.34,yahoo
AIT,2022-05-13,0.34,yahoo
AIT,2022-08-12,0.34,yahoo
AIT,2022-11-14,0.34,yahoo
AIT,2023-02-14,0.35,yahoo
AIT,2023-05-12,0.35,yahoo
AIT,2023-08-14,0.35,yahoo
AIT,2023-11-14,0.35,yahoo
AIT,2024-02-14,0.37,yahoo
AIT,2024-05-14,0.37,yahoo
AIT,2024-08-15,0.37,yahoo
AIT,2024-11-15,0.37,yahoo
AIT,2025-02-14,0.46,yahoo
AIT,2025-05-15,0.46,yahoo
AIT,2025-08-15,0.46,yahoo
AIT,2025-11-14,0.46,yahoo
AIT,2026-02-13,0.51,yahoo
AIT,2026-05-15,0.51,yahoo
AIT,2026-08-14,0.51,yahoo
AIZ,2021-11-26,0.68,yahoo
AIZ,2022-02-25,0.68,yahoo
AIZ,2022-05-27,0.68,yahoo
AIZ,2022-08-26,0.68,yahoo
AIZ,2022-11-25,0.7,yahoo
AIZ,2023-02-24,0.7,yahoo
AIZ,2023-05-26,0.7,yahoo
AIZ,2023-08-25,0.7,yahoo
AIZ,2023-11-24,0.72,yahoo
AIZ,2024-02-02,0.72,yahoo
AIZ,2024-06-10,0.72,yahoo
AIZ,2024-09-03,0.72,yahoo
AIZ,2024-12-09,0.8,yahoo
AIZ,2025-02-03,0.8,yahoo
AIZ,2025-06-09,0.8,yahoo
AIZ,2025-09-02,0.8,yahoo
AIZ,2025-12-01,0.88,yahoo
AIZ,2026-02-17,0.88,yahoo
AIZ,2026-06-08,0.88,yahoo
AIZ,2026-08-31,0.88,yahoo
AJG,2021-09-02,0.48,yahoo
AJG,2021-12-02,0.48,yahoo
AJG,2022-03-03,0.51,yahoo
AJG,2022-06-02,0.51,yahoo
AJG,2022-09-01,0.51,yahoo
AJG,2022-12-01,0.51,yahoo
AJG,2023-03-02,0.55,yahoo
AJG,2023-06-01,0.55,yahoo
AJG,2023-08-31,0.55,yahoo
AJG,2023-11-30,0.55,yahoo
AJG,2024-02-29,0.6,yahoo
AJG,2024-06-07,0.6,yahoo
AJG,2024-09-06,0.6,yahoo
AJG,2024-12-06,0.6,yahoo
AJG,2025-03-07,0.65,yahoo
AJG,2025-06-06,0.65,yahoo
AJG,2025-09-05,0.65,yahoo
AJG,2025-12-05,0.65,yahoo
AJG,2026-03-06,0.7,yahoo
AJG,2026-06-05,0.7,yahoo
AJG,2026-09-08,0.7,yahoo
ALB,2021-09-16,0.39,yahoo
ALB,2021-12-16,0.39,yahoo
ALB,2022-03-17,0.395,yahoo
ALB,2022-06-09,0.395,yahoo
ALB,2022-09-15,0.395,yahoo
ALB,2022-12-15,0.395,yahoo
ALB,2023-03-16,0.4,yahoo
ALB,2023-06-15,0.4,yahoo
ALB,2023-09-14,0.4,yahoo
ALB,2023-12-14,0.4,yahoo
ALB,2024-03-14,0.4,yahoo
ALB,2024-06-14,0.4,yahoo
ALB,2024-09-13,0.405,yahoo
ALB,2024-12-13,0.405,yahoo
ALB,2025-03-14,0.405,yahoo
ALB,2025-06-13,0.405,yahoo
ALB,2025-09-12,0.405,yahoo
ALB,2025-12-12,0.405,yahoo
ALB,2026-03-13,0.405,yahoo
ALB,2026-06-12,0.405,yahoo
ALB,2026-09-11,0.41,yahoo
ALC,2022-05-03,0.205,yahoo
ALC,2023-05-10,0.236,yahoo
ALC,2024-05-14,0.264,yahoo
ALC,2025-05-13,0.331,yahoo
ALC,2026-05-05,0.358,yahoo
ALL,2021-11-29,0.81,yahoo
ALL,2022-02-25,0.85,yahoo
ALL,2022-06-02,0.85,yahoo
ALL,2022-08-30,0.85,yahoo
ALL,2022-11-29,0.85,yahoo
ALL,2023-02-27,0.89,yahoo
ALL,2023-06-01,0.89,yahoo
ALL,2023-08-30,0.89,yahoo
ALL,2023-11-29,0.89,yahoo
ALL,2024-03-01,0.92,yahoo
ALL,2024-05-31,0.92,yahoo
ALL,2024-08-30,0.92,yahoo
ALL,2024-11-29,0.92,yahoo
ALL,2025-03-10,1,yahoo
ALL,2025-06-09,1,yahoo
ALL,2025-08-29,1,yahoo
ALL,2025-12-01,1,yahoo
ALL,2026-03-02,1.08,yahoo
ALL,2026-06-01,1.08,yahoo
ALL,2026-08-31,1.08,yahoo
ALLE,2021-09-15,0.36,yahoo
ALLE,2021-12-17,0.36,yahoo
ALLE,2022-03-15,0.41,yahoo
ALLE,2022-06-15,0.41,yahoo
ALLE,2022-09-15,0.41,yahoo
ALLE,2022-12-15,0.41,yahoo
ALLE,2023-03-14,0.45,yahoo
ALLE,2023-06-14,0.45,yahoo
ALLE,2023-09-15,0.45,yahoo
ALLE,2023-12-15,0.45,yahoo
ALLE,2024-03-14,0.48,yahoo
ALLE,2024-06-14,0.48,yahoo
ALLE,2024-09-20,0.48,yahoo
ALLE,2024-12-17,0.48,yahoo
ALLE,2025-03-14,0.51,yahoo
ALLE,2025-06-13,0.51,yahoo
ALLE,2026-03-13,0.55,yahoo
ALLE,2026-06-15,0.55,yahoo
ALLY,2021-10-29,0.25,yahoo
ALLY,2022-01-31,0.3,yahoo
ALLY,2022-04-29,0.3,yahoo
ALLY,2022-07-29,0.3,yahoo
ALLY,2022-10-31,0.3,yahoo
ALLY,2023-01-31,0.3,yahoo
ALLY,2023-04-28,0.3,yahoo
ALLY,2023-07-31,0.3,yahoo
ALLY,2023-10-31,0.3,yahoo
ALLY,2024-01-31,0.3,yahoo
ALLY,2024-04-30,0.3,yahoo
ALLY,2024-08-01,0.3,yahoo
ALLY,2024-11-01,0.3,yahoo
ALLY,2025-01-31,0.3,yahoo
ALLY,2025-05-01,0.3,yahoo
ALLY,2025-08-01,0.3,yahoo
ALLY,2025-10-31,0.3,yahoo
ALLY,2026-02-02,0.3,yahoo
ALLY,2026-05-01,0.3,yahoo
ALLY,2026-07-31,0.3,yahoo
ALSN,2021-11-19,0.19,yahoo
ALSN,2022-03-04,0.21,yahoo
ALSN,2022-05-13,0.21,yahoo
ALSN,2022-08-19,0.21,yahoo
ALSN,2022-11-18,0.21,yahoo
ALSN,2023-03-03,0.23,yahoo
ALSN,2023-05-12,0.23,yahoo
ALSN,2023-08-11,0.23,yahoo
ALSN,2023-11-10,0.23,yahoo
ALSN,2024-03-01,0.25,yahoo
ALSN,2024-05-17,0.25,yahoo
ALSN,2024-08-19,0.25,yahoo
ALSN,2024-11-18,0.25,yahoo
ALSN,2025-03-03,0.27,yahoo
ALSN,2025-05-19,0.27,yahoo
ALSN,2025-08-20,0.27,yahoo
ALSN,2025-11-21,0.27,yahoo
ALSN,2026-03-09,0.29,yahoo
ALSN,2026-05-18,0.29,yahoo
ALSN,2026-08-21,0.29,yahoo
ALV,2021-09-08,0.62,yahoo
ALV,2021-11-26,0.64,yahoo
ALV,2022-03-07,0.64,yahoo
ALV,2022-05-23,0.64,yahoo
ALV,2022-09-06,0.64,yahoo
ALV,2022-11-21,0.66,yahoo
ALV,2023-03-07,0.66,yahoo
ALV,2023-05-24,0.66,yahoo
ALV,2023-09-06,0.66,yahoo
ALV,2023-11-27,0.68,yahoo
ALV,2024-03-11,0.68,yahoo
ALV,2024-05-22,0.68,yahoo
ALV,2024-09-04,0.68,yahoo
ALV,2024-12-03,0.7,yahoo
ALV,2025-03-07,0.7,yahoo
ALV,2025-05-21,0.7,yahoo
ALV,2025-09-05,0.85,yahoo
ALV,2026-03-04,0.87,yahoo
ALV,2026-05-20,0.87,yahoo
ALV,2026-08-28,0.87,yahoo
AMAT,2021-11-24,0.24,yahoo
AMAT,2022-02-22,0.24,yahoo
AMAT,2022-05-25,0.26,yahoo
AMAT,2022-08-24,0.26,yahoo
AMAT,2022-11-23,0.26,yahoo
AMAT,2023-02-22,0.26,yahoo
AMAT,2023-05-24,0.32,yahoo
AMAT,2023-08-23,0.32,yahoo
AMAT,2023-11-22,0.32,yahoo
AMAT,2024-02-21,0.32,yahoo
AMAT,2024-05-22,0.4,yahoo
AMAT,2024-08-22,0.4,yahoo
AMAT,2024-11-21,0.4,yahoo
AMAT,2025-02-20,0.4,yahoo
AMAT,2025-05-22,0.46,yahoo
AMAT,2025-08-21,0.46,yahoo
AMAT,2025-11-20,0.46,yahoo
AMAT,2026-02-19,0.46,yahoo
AMAT,2026-05-21,0.53,yahoo
AMAT,2026-08-20,0.53,yahoo
AMCR,2021-09-07,0.59,yahoo
AMCR,2021-11-23,0.6,yahoo
AMCR,2022-02-22,0.6,yahoo
AMCR,2022-05-24,0.6,yahoo
AMCR,2022-09-07,0.6,yahoo
AMCR,2022-11-22,0.615,yahoo
AMCR,2023-02-28,0.615,yahoo
AMCR,2023-05-23,0.615,yahoo
AMCR,2023-09-06,0.615,yahoo
AMCR,2023-11-21,0.625,yahoo
AMCR,2024-02-27,0.625,yahoo
AMCR,2024-05-21,0.625,yahoo
AMCR,2024-09-06,0.625,yahoo
AMCR,2024-11-21,0.64,yahoo
AMCR,2025-02-26,0.64,yahoo
AMCR,2025-05-22,0.64,yahoo
AMCR,2025-09-05,0.64,yahoo
AMCR,2025-11-28,0.65,yahoo
AMCR,2026-02-25,0.65,yahoo
AMCR,2026-05-28,0.65,yahoo
AMCR,2026-09-04,0.65,yahoo
AME,2021-09-13,0.2,yahoo
AME,2021-12-07,0.2,yahoo
AME,2022-03-09,0.22,yahoo
AME,2022-06-09,0.22,yahoo
AME,2022-09-13,0.22,yahoo
AME,2022-12-06,0.22,yahoo
AME,2023-03-09,0.25,yahoo
AME,2023-06-09,0.25,yahoo
AME,2023-09-13,0.25,yahoo
AME,2023-12-07,0.25,yahoo
AME,2024-03-07,0.28,yahoo
AME,2024-06-14,0.28,yahoo
AME,2024-09-16,0.28,yahoo
AME,2024-12-06,0.28,yahoo
AME,2025-03-14,0.31,yahoo
AME,2025-06-13,0.31,yahoo
AME,2025-09-15,0.31,yahoo
AME,2025-12-05,0.31,yahoo
AME,2026-03-16,0.34,yahoo
AME,2026-06-15,0.34,yahoo
AMG,2021-11-09,0.01,yahoo
AMG,2022-02-16,0.01,yahoo
AMG,2022-05-11,0.01,yahoo
AMG,2022-08-10,0.01,yahoo
AMG,2022-11-16,0.01,yahoo
AMG,2023-02-15,0.01,yahoo
AMG,2023-05-10,0.01,yahoo
AMG,2023-08-04,0.01,yahoo
AMG,2023-11-15,0.01,yahoo
AMG,2024-02-14,0.01,yahoo
AMG,2024-05-15,0.01,yahoo
AMG,2024-08-08,0.01,yahoo
AMG,2024-11-14,0.01,yahoo
AMG,2025-02-18,0.01,yahoo
AMG,2025-05-19,0.01,yahoo
AMG,2025-08-11,0.01,yahoo
AMG,2025-11-13,0.01,yahoo
AMG,2026-02-23,0.01,yahoo
AMG,2026-05-11,0.01,yahoo
AMG,2026-08-10,0.01,yahoo
AMGN,2021-11-15,1.76,yahoo
AMGN,2022-02-14,1.94,yahoo
AMGN,2022-05-16,1.94,yahoo
AMGN,2022-08-17,1.94,yahoo
AMGN,2022-11-16,1.94,yahoo
AMGN,2023-02-14,2.13,yahoo
AMGN,2023-05-17,2.13,yahoo
AMGN,2023-08-17,2.13,yahoo
AMGN,2023-11-16,2.13,yahoo
AMGN,2024-02-15,2.25,yahoo
AMGN,2024-05-16,2.25,yahoo
AMGN,2024-08-16,2.25,yahoo
AMGN,2024-11-18,2.25,yahoo
AMGN,2025-02-14,2.38,yahoo
AMGN,2025-05-16,2.38,yahoo
AMGN,2025-08-22,2.38,yahoo
AMGN,2025-11-21,2.38,yahoo
AMGN,2026-02-13,2.52,yahoo
AMGN,2026-05-15,2.52,yahoo
AMGN,2026-08-21,2.52,yahoo
AMH,2021-09-14,0.1,yahoo
AMH,2021-12-14,0.1,yahoo
AMH,2022-03-14,0.18,yahoo
AMH,2022-06-14,0.18,yahoo
AMH,2022-09-14,0.18,yahoo
AMH,2022-12-14,0.18,yahoo
AMH,2023-03-14,0.22,yahoo
AMH,2023-06-14,0.22,yahoo
AMH,2023-09-14,0.22,yahoo
AMH,2023-12-14,0.22,yahoo
AMH,2024-03-14,0.26,yahoo
AMH,2024-06-14,0.26,yahoo
AMH,2024-09-13,0.26,yahoo
AMH,2024-12-13,0.26,yahoo
AMH,2025-03-14,0.3,yahoo
AMH,2025-06-13,0.3,yahoo
AMH,2025-09-15,0.3,yahoo
AMH,2025-12-15,0.3,yahoo
AMH,2026-03-13,0.33,yahoo
AMH,2026-06-15,0.33,yahoo
AMKR,2021-09-03,0.04,yahoo
AMKR,2021-12-06,0.05,yahoo
AMKR,2022-02-28,0.05,yahoo
AMKR,2022-06-06,0.05,yahoo
AMKR,2022-09-02,0.05,yahoo
AMKR,2022-12-05,0.075,yahoo
AMKR,2023-02-27,0.075,yahoo
AMKR,2023-06-05,0.075,yahoo
AMKR,2023-09-01,0.075,yahoo
AMKR,2023-12-04,0.079,yahoo
AMKR,2024-03-11,0.079,yahoo
AMKR,2024-06-04,0.079,yahoo
AMKR,2024-09-03,0.079,yahoo
AMKR,2024-12-04,0.488,yahoo
AMKR,2025-03-13,0.083,yahoo
AMKR,2025-06-05,0.083,yahoo
AMKR,2025-09-03,0.083,yahoo
AMKR,2025-12-03,0.084,yahoo
AMKR,2026-03-12,0.084,yahoo
AMKR,2026-06-03,0.084,yahoo
AMKR,2026-09-02,0.084,yahoo
AMP,2021-11-05,1.13,yahoo
AMP,2022-02-10,1.13,yahoo
AMP,2022-05-06,1.25,yahoo
AMP,2022-08-05,1.25,yahoo
AMP,2022-11-04,1.25,yahoo
AMP,2023-02-09,1.25,yahoo
AMP,2023-05-05,1.35,yahoo
AMP,2023-08-04,1.35,yahoo
AMP,2023-11-03,1.35,yahoo
AMP,2024-02-08,1.35,yahoo
AMP,2024-05-03,1.48,yahoo
AMP,2024-08-05,1.48,yahoo
AMP,2024-11-04,1.48,yahoo
AMP,2025-02-10,1.48,yahoo
AMP,2025-05-05,1.6,yahoo
AMP,2025-08-04,1.6,yahoo
AMP,2025-11-10,1.6,yahoo
AMP,2026-02-09,1.6,yahoo
AMP,2026-05-04,1.7,yahoo
AMP,2026-08-03,1.7,yahoo
AMR,2022-06-14,0.375,yahoo
AMR,2022-09-14,0.392,yahoo
AMR,2022-12-14,5.418,yahoo
AMR,2023-03-14,0.44,yahoo
AMR,2023-06-14,0.5,yahoo
AMR,2023-09-14,0.5,yahoo
AMR,2023-11-30,0.5,yahoo
AMRZ,2026-04-24,0.44,yahoo
AMRZ,2026-05-12,0.11,yahoo
AMRZ,2026-08-18,0.11,yahoo
AMT,2021-09-27,1.31,yahoo
AMT,2021-12-23,1.39,yahoo
AMT,2022-04-12,1.4,yahoo
AMT,2022-06-16,1.43,yahoo
AMT,2022-10-07,1.47,yahoo
AMT,2022-12-27,1.56,yahoo
AMT,2023-04-13,1.56,yahoo
AMT,2023-06-15,1.57,yahoo
AMT,2023-10-10,1.62,yahoo
AMT,2023-12-27,1.7,yahoo
AMT,2024-04-11,1.62,yahoo
AMT,2024-06-14,1.62,yahoo
AMT,2024-10-09,1.62,yahoo
AMT,2024-12-27,1.62,yahoo
AMT,2025-04-11,1.7,yahoo
AMT,2025-06-13,1.7,yahoo
AMT,2025-09-30,1.7,yahoo
AMT,2025-12-29,1.7,yahoo
AMT,2026-04-14,1.79,yahoo
AMT,2026-06-12,1.79,yahoo
AON,2021-10-29,0.51,yahoo
AON,2022-01-31,0.51,yahoo
AON,2022-04-29,0.56,yahoo
AON,2022-07-29,0.56,yahoo
AON,2022-10-31,0.56,yahoo
AON,2023-01-31,0.56,yahoo
AON,2023-04-28,0.615,yahoo
AON,2023-07-31,0.615,yahoo
AON,2023-10-31,0.615,yahoo
AON,2024-01-31,0.615,yahoo
AON,2024-04-30,0.675,yahoo
AON,2024-08-01,0.675,yahoo
AON,2024-11-01,0.675,yahoo
AON,2025-02-03,0.675,yahoo
AON,2025-05-01,0.745,yahoo
AON,2025-08-01,0.745,yahoo
AON,2026-05-01,0.82,yahoo
AON,2026-08-03,0.82,yahoo
AOS,2021-10-28,0.28,yahoo
AOS,2022-01-28,0.28,yahoo
AOS,2022-04-28,0.28,yahoo
AOS,2022-07-28,0.28,yahoo
AOS,2022-10-28,0.3,yahoo
AOS,2023-01-30,0.3,yahoo
AOS,2023-04-27,0.3,yahoo
AOS,2023-07-28,0.3,yahoo
AOS,2023-10-30,0.32,yahoo
AOS,2024-01-30,0.32,yahoo
AOS,2024-04-29,0.32,yahoo
AOS,2024-07-31,0.32,yahoo
AOS,2024-10-31,0.34,yahoo
AOS,2025-01-31,0.34,yahoo
AOS,2025-04-30,0.34,yahoo
AOS,2025-07-31,0.34,yahoo
AOS,2025-10-31,0.36,yahoo
AOS,2026-01-30,0.36,yahoo
AOS,2026-04-30,0.36,yahoo
AOS,2026-07-31,0.36,yahoo
APA,2021-10-21,0.063,yahoo
APA,2022-01-20,0.125,yahoo
APA,2022-04-21,0.125,yahoo
APA,2022-07-21,0.125,yahoo
APA,2022-10-20,0.25,yahoo
APA,2023-01-20,0.25,yahoo
APA,2023-04-20,0.25,yahoo
APA,2023-07-20,0.25,yahoo
APA,2023-10-20,0.25,yahoo
APA,2024-01-19,0.25,yahoo
APA,2024-04-19,0.25,yahoo
APA,2024-07-22,0.25,yahoo
APA,2024-10-22,0.25,yahoo
APA,2025-01-22,0.25,yahoo
APA,2025-04-22,0.25,yahoo
APA,2025-07-22,0.25,yahoo
APA,2025-10-22,0.25,yahoo
APA,2026-01-22,0.25,yahoo
APA,2026-04-22,0.25,yahoo
APA,2026-07-22,0.25,yahoo
APD,2021-09-30,1.5,yahoo
APD,2021-12-31,1.5,yahoo
APD,2022-03-31,1.62,yahoo
APD,2022-06-30,1.62,yahoo
APD,2022-09-30,1.62,yahoo
APD,2022-12-30,1.62,yahoo
APD,2023-03-31,1.75,yahoo
APD,2023-06-30,1.75,yahoo
APD,2023-09-29,1.75,yahoo
APD,2023-12-29,1.75,yahoo
APD,2024-03-28,1.77,yahoo
APD,2024-07-01,1.77,yahoo
APD,2024-10-01,1.77,yahoo
APD,2025-01-02,1.77,yahoo
APD,2025-04-01,1.79,yahoo
APD,2025-07-01,1.79,yahoo
APD,2025-10-01,1.79,yahoo
APD,2026-01-02,1.79,yahoo
APD,2026-04-01,1.81,yahoo
APD,2026-07-01,1.81,yahoo
APH,2021-09-20,0.03625,yahoo
APH,2021-12-20,0.05,yahoo
APH,2022-03-21,0.05,yahoo
APH,2022-06-17,0.05,yahoo
APH,2022-09-19,0.05,yahoo
APH,2022-12-19,0.0525,yahoo
APH,2023-03-20,0.0525,yahoo
APH,2023-06-16,0.0525,yahoo
APH,2023-09-18,0.0525,yahoo
APH,2023-12-18,0.055,yahoo
APH,2024-03-18,0.055,yahoo
APH,2024-06-18,0.055,yahoo
APH,2024-09-17,0.0825,yahoo
APH,2024-12-17,0.0825,yahoo
APH,2025-03-18,0.0825,yahoo
APH,2025-06-17,0.0825,yahoo
APH,2025-09-16,0.0825,yahoo
APH,2025-12-16,0.125,yahoo
APH,2026-03-23,0.125,yahoo
APH,2026-06-23,0.125,yahoo
APO,2021-11-18,0.5,yahoo
APO,2022-02-17,0.4,yahoo
APO,2022-05-17,0.4,yahoo
APO,2022-08-17,0.4,yahoo
APO,2022-11-16,0.4,yahoo
APO,2023-02-17,0.4,yahoo
APO,2023-05-19,0.43,yahoo
APO,2023-08-17,0.43,yahoo
APO,2023-11-16,0.43,yahoo
APO,2024-02-16,0.43,yahoo
APO,2024-05-16,0.463,yahoo
APO,2024-08-16,0.463,yahoo
APO,2024-11-18,0.463,yahoo
APO,2025-02-18,0.463,yahoo
APO,2025-05-16,0.51,yahoo
APO,2025-08-18,0.51,yahoo
APO,2025-11-17,0.51,yahoo
APO,2026-02-19,0.51,yahoo
APO,2026-05-19,0.563,yahoo
APO,2026-08-19,0.563,yahoo
ARE,2021-09-29,1.12,yahoo
ARE,2021-12-30,1.15,yahoo
ARE,2022-03-30,1.15,yahoo
ARE,2022-06-29,1.18,yahoo
ARE,2022-09-29,1.18,yahoo
ARE,2022-12-29,1.21,yahoo
ARE,2023-03-30,1.21,yahoo
ARE,2023-06-29,1.24,yahoo
ARE,2023-09-28,1.24,yahoo
ARE,2023-12-28,1.27,yahoo
ARE,2024-03-27,1.27,yahoo
ARE,2024-06-28,1.3,yahoo
ARE,2024-09-30,1.3,yahoo
ARE,2024-12-31,1.32,yahoo
ARE,2025-03-31,1.32,yahoo
ARE,2025-06-30,1.32,yahoo
ARE,2025-09-30,1.32,yahoo
ARE,2025-12-31,0.72,yahoo
ARE,2026-03-31,0.72,yahoo
ARE,2026-06-30,0.72,yahoo
ARES,2021-09-15,0.47,yahoo
ARES,2021-12-16,0.47,yahoo
ARES,2022-03-16,0.61,yahoo
ARES,2022-06-15,0.61,yahoo
ARES,2022-09-15,0.61,yahoo
ARES,2022-12-15,0.61,yahoo
ARES,2023-03-16,0.77,yahoo
ARES,2023-06-15,0.77,yahoo
ARES,2023-09-14,0.77,yahoo
ARES,2023-12-14,0.77,yahoo
ARES,2024-03-14,0.93,yahoo
ARES,2024-06-14,0.93,yahoo
ARES,2024-09-16,0.93,yahoo
ARES,2024-12-17,0.93,yahoo
ARES,2025-03-17,1.12,yahoo
ARES,2025-06-16,1.12,yahoo
ARES,2025-09-16,1.12,yahoo
ARES,2025-12-17,1.12,yahoo
ARES,2026-03-17,1.35,yahoo
ARES,2026-06-16,1.35,yahoo
ARKG,2021-12-29,0.382,yahoo
ARKK,2021-12-29,0.783,yahoo
ARKK,2023-09-08,0.364,yahoo
ARMK,2021-11-29,0.079422,yahoo
ARMK,2022-02-15,0.079422,yahoo
ARMK,2022-05-17,0.079422,yahoo
ARMK,2022-08-16,0.079422,yahoo
ARMK,2022-11-21,0.079422,yahoo
ARMK,2023-02-21,0.079422,yahoo
ARMK,2023-05-16,0.079422,yahoo
ARMK,2023-08-15,0.079422,yahoo
ARMK,2023-11-27,0.095,yahoo
ARMK,2024-02-13,0.095,yahoo
ARMK,2024-05-10,0.095,yahoo
ARMK,2024-08-19,0.095,yahoo
ARMK,2024-12-02,0.105,yahoo
ARMK,2025-02-10,0.105,yahoo
ARMK,2025-05-14,0.105,yahoo
ARMK,2025-08-06,0.105,yahoo
ARMK,2025-12-05,0.12,yahoo
ARMK,2026-02-18,0.12,yahoo
ARMK,2026-05-20,0.12,yahoo
ARMK,2026-08-19,0.12,yahoo
AROC,2021-11-08,0.145,yahoo
AROC,2022-02-07,0.145,yahoo
AROC,2022-05-09,0.145,yahoo
AROC,2022-08-08,0.145,yahoo
AROC,2022-11-07,0.145,yahoo
AROC,2023-02-06,0.15,yahoo
AROC,2023-05-08,0.15,yahoo
AROC,2023-08-07,0.155,yahoo
AROC,2023-11-06,0.155,yahoo
AROC,2024-02-05,0.165,yahoo
AROC,2024-05-06,0.165,yahoo
AROC,2024-08-06,0.165,yahoo
AROC,2024-11-06,0.175,yahoo
AROC,2025-02-12,0.19,yahoo
AROC,2025-05-06,0.19,yahoo
AROC,2025-08-05,0.21,yahoo
AROC,2025-11-04,0.21,yahoo
AROC,2026-02-10,0.22,yahoo
AROC,2026-05-12,0.22,yahoo
AROC,2026-08-04,0.23,yahoo
ASML,2021-11-02,2.084,yahoo
ASML,2022-05-03,3.898,yahoo
ASML,2022-08-04,1.396,yahoo
ASML,2022-11-03,1.34,yahoo
ASML,2023-02-06,1.472,yahoo
ASML,2023-05-01,1.858,yahoo
ASML,2023-08-01,1.593,yahoo
ASML,2023-11-01,1.53,yahoo
ASML,2024-02-05,1.556,yahoo
ASML,2024-04-26,1.873,yahoo
ASML,2024-07-29,1.643,yahoo
ASML,2024-10-29,1.641,yahoo
ASML,2025-02-11,1.57,yahoo
ASML,2025-04-28,2.091,yahoo
ASML,2025-07-29,1.847,yahoo
ASML,2025-10-29,1.864,yahoo
ASML,2026-02-10,1.883,yahoo
ASML,2026-04-27,3.177,yahoo
ASML,2026-07-28,2.138,yahoo
ASO,2022-03-16,0.075,yahoo
ASO,2022-06-15,0.075,yahoo
ASO,2022-09-14,0.075,yahoo
ASO,2022-12-19,0.075,yahoo
ASO,2023-03-22,0.09,yahoo
ASO,2023-06-14,0.09,yahoo
ASO,2023-09-12,0.09,yahoo
ASO,2023-12-12,0.09,yahoo
ASO,2024-03-25,0.11,yahoo
ASO,2024-06-20,0.11,yahoo
ASO,2024-09-19,0.11,yahoo
ASO,2024-12-18,0.11,yahoo
ASO,2025-03-25,0.13,yahoo
ASO,2025-06-18,0.13,yahoo
ASO,2025-09-11,0.13,yahoo
ASO,2025-12-18,0.13,yahoo
ASO,2026-03-20,0.15,yahoo
ASO,2026-06-18,0.15,yahoo
ASX,2021-09-03,0.302,yahoo
ASX,2022-06-29,0.479,yahoo
ASX,2023-06-30,0.571,yahoo
ASX,2024-07-02,0.322,yahoo
ASX,2025-07-02,0.356,yahoo
ASX,2026-07-06,0.417,yahoo
ATKR,2024-02-26,0.32,yahoo
ATKR,2024-05-20,0.32,yahoo
ATKR,2024-08-20,0.32,yahoo
ATKR,2024-12-06,0.32,yahoo
ATKR,2025-02-18,0.32,yahoo
ATKR,2025-05-16,0.33,yahoo
ATKR,2025-08-19,0.33,yahoo
ATKR,2025-12-05,0.33,yahoo
ATKR,2026-02-17,0.33,yahoo
ATKR,2026-05-19,0.33,yahoo
ATKR,2026-08-18,0.33,yahoo
ATO,2021-11-26,0.68,yahoo
ATO,2022-02-17,0.68,yahoo
ATO,2022-05-20,0.68,yahoo
ATO,2022-08-19,0.68,yahoo
ATO,2022-11-25,0.74,yahoo
ATO,2023-02-16,0.74,yahoo
ATO,2023-05-19,0.74,yahoo
ATO,2023-08-18,0.74,yahoo
ATO,2023-11-24,0.805,yahoo
ATO,2024-02-23,0.805,yahoo
ATO,2024-05-24,0.805,yahoo
ATO,2024-08-26,0.805,yahoo
ATO,2024-11-25,0.87,yahoo
ATO,2025-02-25,0.87,yahoo
ATO,2025-05-27,0.87,yahoo
ATO,2025-08-25,0.87,yahoo
ATO,2025-11-24,1,yahoo
ATO,2026-02-23,1,yahoo
ATO,2026-05-26,1,yahoo
ATO,2026-08-24,1,yahoo
AU,2022-03-10,0.145,yahoo
AU,2022-08-25,0.294,yahoo
AU,2023-03-16,0.177,yahoo
AU,2023-08-24,0.037,yahoo
AU,2024-03-13,0.19,yahoo
AU,2024-03-14,0.19,yahoo
AU,2024-08-30,0.22,yahoo
AU,2025-03-14,0.69,yahoo
AU,2025-05-30,0.125,yahoo
AU,2025-08-22,0.8,yahoo
AU,2025-11-28,0.91,yahoo
AU,2026-03-13,1.73,yahoo
AU,2026-05-29,1.16,yahoo
AU,2026-08-21,0.72,yahoo
AUGO,2025-08-18,0.33,yahoo
AUGO,2026-03-11,0.66,yahoo
AUGO,2026-05-19,0.78,yahoo
AUGO,2026-08-18,0.72,yahoo
AVGO,2021-09-21,0.36,yahoo
AVGO,2021-12-21,0.41,yahoo
AVGO,2022-03-21,0.41,yahoo
AVGO,2022-06-21,0.41,yahoo
AVGO,2022-09-21,0.41,yahoo
AVGO,2022-12-19,0.46,yahoo
AVGO,2023-03-21,0.46,yahoo
AVGO,2023-06-21,0.46,yahoo
AVGO,2023-09-20,0.46,yahoo
AVGO,2023-12-19,0.525,yahoo
AVGO,2024-03-20,0.525,yahoo
AVGO,2024-06-24,0.525,yahoo
AVGO,2024-09-19,0.53,yahoo
AVGO,2024-12-23,0.59,yahoo
AVGO,2025-03-20,0.59,yahoo
AVGO,2025-06-20,0.59,yahoo
AVGO,2025-09-22,0.59,yahoo
AVGO,2025-12-22,0.65,yahoo
AVGO,2026-03-23,0.65,yahoo
AVGO,2026-06-22,0.65,yahoo
AVT,2021-09-03,0.24,yahoo
AVT,2021-11-30,0.24,yahoo
AVT,2022-03-01,0.26,yahoo
AVT,2022-06-07,0.26,yahoo
AVT,2022-09-13,0.29,yahoo
AVT,2022-12-06,0.29,yahoo
AVT,2023-02-28,0.29,yahoo
AVT,2023-06-06,0.29,yahoo
AVT,2023-09-12,0.31,yahoo
AVT,2023-12-05,0.31,yahoo
AVT,2024-03-05,0.31,yahoo
AVT,2024-06-05,0.31,yahoo
AVT,2024-09-11,0.33,yahoo
AVT,2024-12-04,0.33,yahoo
AVT,2025-03-05,0.33,yahoo
AVT,2025-06-04,0.33,yahoo
AVT,2025-09-17,0.35,yahoo
AVT,2025-12-03,0.35,yahoo
AVT,2026-03-04,0.35,yahoo
AVT,2026-06-03,0.35,yahoo
AVT,2026-09-09,0.37,yahoo
AVY,2021-11-30,0.68,yahoo
AVY,2022-03-01,0.68,yahoo
AVY,2022-05-31,0.75,yahoo
AVY,2022-09-06,0.75,yahoo
AVY,2022-12-06,0.75,yahoo
AVY,2023-02-28,0.75,yahoo
AVY,2023-06-06,0.81,yahoo
AVY,2023-09-05,0.81,yahoo
AVY,2023-12-05,0.81,yahoo
AVY,2024-03-05,0.81,yahoo
AVY,2024-06-05,0.88,yahoo
AVY,2024-09-04,0.88,yahoo
AVY,2024-12-04,0.88,yahoo
AVY,2025-03-05,0.88,yahoo
AVY,2025-06-04,0.94,yahoo
AVY,2025-09-03,0.94,yahoo
AVY,2025-12-03,0.94,yahoo
AVY,2026-03-04,0.94,yahoo
AVY,2026-06-03,1,yahoo
AVY,2026-09-02,1,yahoo
AWI,2021-11-03,0.231,yahoo
AWI,2022-03-02,0.231,yahoo
AWI,2022-05-04,0.231,yahoo
AWI,2022-08-03,0.231,yahoo
AWI,2022-11-02,0.254,yahoo
AWI,2023-03-01,0.254,yahoo
AWI,2023-05-03,0.254,yahoo
AWI,2023-08-02,0.254,yahoo
AWI,2023-11-01,0.28,yahoo
AWI,2024-02-28,0.28,yahoo
AWI,2024-05-08,0.28,yahoo
AWI,2024-08-08,0.28,yahoo
AWI,2024-11-07,0.308,yahoo
AWI,2025-03-06,0.308,yahoo
AWI,2025-05-08,0.308,yahoo
AWI,2025-08-07,0.308,yahoo
AWI,2025-11-06,0.339,yahoo
AWI,2026-03-05,0.339,yahoo
AWI,2026-05-11,0.339,yahoo
AWI,2026-08-05,0.339,yahoo
AWK,2021-11-09,0.603,yahoo
AWK,2022-02-07,0.603,yahoo
AWK,2022-05-09,0.655,yahoo
AWK,2022-08-08,0.655,yahoo
AWK,2022-11-07,0.655,yahoo
AWK,2023-02-06,0.655,yahoo
AWK,2023-05-08,0.708,yahoo
AWK,2023-08-07,0.708,yahoo
AWK,2023-11-13,0.708,yahoo
AWK,2024-02-07,0.708,yahoo
AWK,2024-05-13,0.765,yahoo
AWK,2024-08-13,0.765,yahoo
AWK,2024-11-12,0.765,yahoo
AWK,2025-02-07,0.765,yahoo
AWK,2025-05-13,0.828,yahoo
AWK,2025-08-12,0.828,yahoo
AWK,2025-11-13,0.828,yahoo
AWK,2026-02-10,0.828,yahoo
AWK,2026-05-12,0.895,yahoo
AWK,2026-08-11,0.895,yahoo
AXP,2021-10-07,0.43,yahoo
AXP,2022-01-06,0.43,yahoo
AXP,2022-04-07,0.52,yahoo
AXP,2022-06-30,0.52,yahoo
AXP,2022-10-13,0.52,yahoo
AXP,2023-01-05,0.52,yahoo
AXP,2023-04-05,0.6,yahoo
AXP,2023-07-06,0.6,yahoo
AXP,2023-10-05,0.6,yahoo
AXP,2024-01-04,0.6,yahoo
AXP,2024-04-04,0.7,yahoo
AXP,2024-07-05,0.7,yahoo
AXP,2024-10-04,0.7,yahoo
AXP,2025-01-03,0.7,yahoo
AXP,2025-04-04,0.82,yahoo
AXP,2025-07-03,0.82,yahoo
AXP,2025-10-10,0.82,yahoo
AXP,2026-01-02,0.82,yahoo
AXP,2026-04-02,0.95,yahoo
AXP,2026-07-02,0.95,yahoo
AYI,2021-10-14,0.13,yahoo
AYI,2022-01-19,0.13,yahoo
AYI,2022-04-14,0.13,yahoo
AYI,2022-07-14,0.13,yahoo
AYI,2022-10-14,0.13,yahoo
AYI,2023-02-03,0.13,yahoo
AYI,2023-04-14,0.13,yahoo
AYI,2023-07-17,0.13,yahoo
AYI,2023-10-17,0.13,yahoo
AYI,2024-02-02,0.15,yahoo
AYI,2024-04-16,0.15,yahoo
AYI,2024-07-18,0.15,yahoo
AYI,2024-10-18,0.15,yahoo
AYI,2025-02-03,0.17,yahoo
AYI,2025-04-17,0.17,yahoo
AYI,2025-07-18,0.17,yahoo
AYI,2025-10-17,0.17,yahoo
AYI,2026-02-02,0.2,yahoo
AYI,2026-04-17,0.2,yahoo
AYI,2026-07-17,0.2,yahoo
AZN,2022-02-24,1.97,yahoo
AZN,2022-08-11,0.93,yahoo
AZN,2023-02-23,1.97,yahoo
AZN,2023-08-10,0.93,yahoo
AZN,2024-02-22,1.97,yahoo
AZN,2024-08-09,1,yahoo
AZN,2025-02-21,2.1,yahoo
AZN,2025-08-08,1.03,yahoo
AZN,2026-02-19,2.153,yahoo
B,2021-11-29,0.23,yahoo
B,2022-02-25,0.1,yahoo
B,2022-05-26,0.2,yahoo
B,2022-08-30,0.2,yahoo
B,2022-11-29,0.15,yahoo
B,2023-02-27,0.1,yahoo
B,2023-05-30,0.1,yahoo
B,2023-08-30,0.1,yahoo
B,2023-11-29,0.1,yahoo
B,2024-02-28,0.1,yahoo
B,2024-05-31,0.1,yahoo
B,2024-08-30,0.1,yahoo
B,2024-11-29,0.1,yahoo
B,2025-02-28,0.1,yahoo
B,2025-05-30,0.1,yahoo
B,2025-08-29,0.15,yahoo
B,2025-11-28,0.175,yahoo
B,2026-02-27,0.42,yahoo
B,2026-05-29,0.175,yahoo
B,2026-08-31,0.175,yahoo
BABA,2023-12-20,1,yahoo
BABA,2024-06-13,1.66,yahoo
BABA,2025-06-12,2,yahoo
BABA,2026-06-11,1.05,yahoo
BAC,2021-09-02,0.21,yahoo
BAC,2021-12-02,0.21,yahoo
BAC,2022-03-03,0.21,yahoo
BAC,2022-06-02,0.21,yahoo
BAC,2022-09-01,0.22,yahoo
BAC,2022-12-01,0.22,yahoo
BAC,2023-03-02,0.22,yahoo
BAC,2023-06-01,0.22,yahoo
BAC,2023-08-31,0.24,yahoo
BAC,2023-11-30,0.24,yahoo
BAC,2024-02-29,0.24,yahoo
BAC,2024-06-07,0.24,yahoo
BAC,2024-09-06,0.26,yahoo
BAC,2024-12-06,0.26,yahoo
BAC,2025-03-07,0.26,yahoo
BAC,2025-06-06,0.26,yahoo
BAC,2025-09-05,0.28,yahoo
BAC,2025-12-05,0.28,yahoo
BAC,2026-03-06,0.28,yahoo
BAC,2026-06-05,0.28,yahoo
BAC,2026-09-04,0.32,yahoo
BAH,2021-11-12,0.37,yahoo
BAH,2022-02-10,0.43,yahoo
BAH,2022-06-14,0.43,yahoo
BAH,2022-08-12,0.43,yahoo
BAH,2022-11-14,0.43,yahoo
BAH,2023-02-09,0.47,yahoo
BAH,2023-06-14,0.47,yahoo
BAH,2023-08-14,0.47,yahoo
BAH,2023-11-14,0.47,yahoo
BAH,2024-02-09,0.51,yahoo
BAH,2024-06-13,0.51,yahoo
BAH,2024-08-14,0.51,yahoo
BAH,2024-11-15,0.51,yahoo
BAH,2025-02-14,0.55,yahoo
BAH,2025-06-11,0.55,yahoo
BAH,2025-08-14,0.55,yahoo
BAH,2025-11-14,0.55,yahoo
BAH,2026-02-13,0.59,yahoo
BAH,2026-06-10,0.59,yahoo
BAH,2026-08-14,0.59,yahoo
BALL,2021-11-30,0.2,yahoo
BALL,2022-02-28,0.2,yahoo
BALL,2022-05-31,0.2,yahoo
BALL,2022-08-31,0.2,yahoo
BALL,2022-11-30,0.2,yahoo
BALL,2023-02-28,0.2,yahoo
BALL,2023-05-31,0.2,yahoo
BALL,2023-08-31,0.2,yahoo
BALL,2023-11-30,0.2,yahoo
BALL,2024-02-29,0.2,yahoo
BALL,2024-06-03,0.2,yahoo
BALL,2024-09-03,0.2,yahoo
BALL,2024-12-02,0.2,yahoo
BALL,2025-03-03,0.2,yahoo
BALL,2025-06-02,0.2,yahoo
BALL,2025-09-02,0.2,yahoo
BALL,2025-12-01,0.2,yahoo
BALL,2026-03-02,0.2,yahoo
BALL,2026-06-01,0.2,yahoo
BALL,2026-09-01,0.2,yahoo
BAM,2023-02-27,0.32,yahoo
BAM,2023-05-30,0.32,yahoo
BAM,2023-08-30,0.32,yahoo
BAM,2023-11-29,0.32,yahoo
BAM,2024-02-28,0.38,yahoo
BAM,2024-05-31,0.38,yahoo
BAM,2024-08-30,0.38,yahoo
BAM,2024-11-29,0.38,yahoo
BAM,2025-02-28,0.438,yahoo
BAM,2025-05-30,0.438,yahoo
BAM,2025-08-29,0.438,yahoo
BAM,2025-11-28,0.438,yahoo
BAM,2026-02-27,0.502,yahoo
BAM,2026-05-29,0.502,yahoo
BAM,2026-08-31,0.502,yahoo
BAP,2021-09-14,1.209,yahoo
BAP,2022-05-19,3.994,yahoo
BAP,2023-05-18,6.775,yahoo
BAP,2024-05-17,9.288,yahoo
BAP,2024-09-23,2.917,yahoo
BAP,2025-05-19,11.011,yahoo
BAP,2026-05-18,14.276,yahoo
BAX,2021-09-02,0.28,yahoo
BAX,2021-12-02,0.28,yahoo
BAX,2022-02-24,0.28,yahoo
BAX,2022-06-02,0.29,yahoo
BAX,2022-09-01,0.29,yahoo
BAX,2022-12-01,0.29,yahoo
BAX,2023-02-23,0.29,yahoo
BAX,2023-06-01,0.29,yahoo
BAX,2023-08-31,0.29,yahoo
BAX,2023-11-30,0.29,yahoo
BAX,2024-02-29,0.29,yahoo
BAX,2024-05-31,0.29,yahoo
BAX,2024-08-30,0.29,yahoo
BAX,2024-11-29,0.17,yahoo
BAX,2025-02-28,0.17,yahoo
BAX,2025-05-30,0.17,yahoo
BAX,2025-08-29,0.17,yahoo
BAX,2025-11-28,0.01,yahoo
BAX,2026-02-27,0.01,yahoo
BAX,2026-05-29,0.01,yahoo
BAX,2026-08-28,0.01,yahoo
BBWI,2021-11-18,0.15,yahoo
BBWI,2022-02-17,0.2,yahoo
BBWI,2022-06-02,0.2,yahoo
BBWI,2022-08-18,0.2,yahoo
BBWI,2022-11-17,0.2,yahoo
BBWI,2023-02-16,0.2,yahoo
BBWI,2023-06-01,0.2,yahoo
BBWI,2023-08-17,0.2,yahoo
BBWI,2023-11-16,0.2,yahoo
BBWI,2024-02-22,0.2,yahoo
BBWI,2024-06-07,0.2,yahoo
BBWI,2024-08-23,0.2,yahoo
BBWI,2024-11-22,0.2,yahoo
BBWI,2025-02-21,0.2,yahoo
BBWI,2025-06-06,0.2,yahoo
BBWI,2025-08-22,0.2,yahoo
BBWI,2025-11-21,0.2,yahoo
BBWI,2026-02-20,0.2,yahoo
BBWI,2026-06-05,0.2,yahoo
BBWI,2026-08-21,0.2,yahoo
BBY,2021-09-13,0.7,yahoo
BBY,2021-12-13,0.7,yahoo
BBY,2022-03-23,0.88,yahoo
BBY,2022-06-13,0.88,yahoo
BBY,2022-09-19,0.88,yahoo
BBY,2022-12-12,0.88,yahoo
BBY,2023-03-22,0.92,yahoo
BBY,2023-06-14,0.92,yahoo
BBY,2023-09-18,0.92,yahoo
BBY,2023-12-11,0.92,yahoo
BBY,2024-03-20,0.94,yahoo
BBY,2024-06-20,0.94,yahoo
BBY,2024-09-19,0.94,yahoo
BBY,2024-12-17,0.94,yahoo
BBY,2025-03-25,0.95,yahoo
BBY,2025-06-18,0.95,yahoo
BBY,2025-09-18,0.95,yahoo
BBY,2025-12-16,0.95,yahoo
BBY,2026-03-24,0.96,yahoo
BBY,2026-06-18,0.96,yahoo
BCE,2021-09-14,0.692,yahoo
BCE,2021-12-14,0.683,yahoo
BCE,2022-03-14,0.722,yahoo
BCE,2022-06-14,0.714,yahoo
BCE,2022-09-14,0.699,yahoo
BCE,2022-12-14,0.679,yahoo
BCE,2023-03-14,0.705,yahoo
BCE,2023-06-14,0.727,yahoo
BCE,2023-09-14,0.714,yahoo
BCE,2023-12-14,0.716,yahoo
BCE,2024-03-14,0.741,yahoo
BCE,2024-06-14,0.726,yahoo
BCE,2024-09-16,0.734,yahoo
BCE,2024-12-16,0.695,yahoo
BCE,2025-03-14,0.718,yahoo
BCE,2025-06-16,0.319,yahoo
BCE,2025-09-15,0.311,yahoo
BCE,2025-12-15,0.315,yahoo
BCE,2026-03-16,0.319,yahoo
BCE,2026-06-15,0.313,yahoo
BDX,2021-09-08,0.636601,yahoo
BDX,2021-12-09,0.66728,yahoo
BDX,2022-03-09,0.66728,yahoo
BDX,2022-06-08,0.683962,yahoo
BDX,2022-09-08,0.683962,yahoo
BDX,2022-12-08,0.715409,yahoo
BDX,2023-03-09,0.715409,yahoo
BDX,2023-06-08,0.715409,yahoo
BDX,2023-09-07,0.715409,yahoo
BDX,2023-12-07,0.746855,yahoo
BDX,2024-03-07,0.746855,yahoo
BDX,2024-06-10,0.746855,yahoo
BDX,2024-09-09,0.746855,yahoo
BDX,2024-12-09,0.81761,yahoo
BDX,2025-03-10,0.81761,yahoo
BDX,2025-06-09,0.81761,yahoo
BDX,2025-09-08,0.81761,yahoo
BDX,2025-12-08,0.825472,yahoo
BDX,2026-03-10,1.05,yahoo
BDX,2026-06-09,1.05,yahoo
BDX,2026-09-09,1.05,yahoo
BEKE,2023-09-14,0.171,yahoo
BEKE,2024-04-04,0.351,yahoo
BEKE,2025-04-09,0.36,yahoo
BEKE,2026-04-08,0.276,yahoo
BEN,2021-09-29,0.28,yahoo
BEN,2021-12-30,0.29,yahoo
BEN,2022-03-30,0.29,yahoo
BEN,2022-06-29,0.29,yahoo
BEN,2022-09-29,0.29,yahoo
BEN,2022-12-29,0.3,yahoo
BEN,2023-03-30,0.3,yahoo
BEN,2023-06-29,0.3,yahoo
BEN,2023-09-28,0.3,yahoo
BEN,2024-01-02,0.31,yahoo
BEN,2024-03-27,0.31,yahoo
BEN,2024-06-28,0.31,yahoo
BEN,2024-09-30,0.31,yahoo
BEN,2024-12-30,0.32,yahoo
BEN,2025-03-31,0.32,yahoo
BEN,2025-06-27,0.32,yahoo
BEN,2025-09-30,0.32,yahoo
BEN,2025-12-30,0.33,yahoo
BEN,2026-03-31,0.33,yahoo
BEN,2026-06-29,0.33,yahoo
BG,2021-11-17,0.525,yahoo
BG,2022-02-15,0.525,yahoo
BG,2022-05-18,0.525,yahoo
BG,2022-08-18,0.625,yahoo
BG,2022-11-17,0.625,yahoo
BG,2023-02-15,0.625,yahoo
BG,2023-05-18,0.625,yahoo
BG,2023-08-17,0.663,yahoo
BG,2023-11-16,0.663,yahoo
BG,2024-02-15,0.663,yahoo
BG,2024-05-17,0.68,yahoo
BG,2024-08-19,0.68,yahoo
BG,2024-11-18,0.68,yahoo
BG,2025-02-18,0.68,yahoo
BG,2025-05-19,0.7,yahoo
BG,2025-08-19,0.7,yahoo
BG,2025-11-17,0.7,yahoo
BG,2026-02-17,0.7,yahoo
BG,2026-05-22,0.72,yahoo
BG,2026-08-18,0.72,yahoo
BHP,2021-09-02,3.568243,yahoo
BHP,2022-02-24,2.676182,yahoo
BHP,2022-09-01,3.5,yahoo
BHP,2023-03-09,1.8,yahoo
BHP,2023-09-07,1.6,yahoo
BHP,2024-03-07,1.44,yahoo
BHP,2024-09-13,1.48,yahoo
BHP,2025-03-07,1,yahoo
BHP,2026-03-06,1.46,yahoo
BHP,2026-09-04,1.98,yahoo
BIL,2022-03-01,0.022,yahoo
BIL,2022-06-01,0.031,yahoo
BIL,2022-07-01,0.053,yahoo
BIL,2022-08-01,0.097,yahoo
BIL,2022-09-01,0.139,yahoo
BIL,2022-10-03,0.155,yahoo
BIL,2022-11-01,0.208,yahoo
BIL,2022-12-01,0.26,yahoo
BIL,2022-12-19,0.271,yahoo
BIL,2023-02-01,0.336,yahoo
BIL,2023-03-01,0.255,yahoo
BIL,2023-04-03,0.372,yahoo
BIL,2023-05-01,0.353,yahoo
BIL,2023-06-01,0.371,yahoo
BIL,2023-07-03,0.373,yahoo
BIL,2023-08-01,0.394,yahoo
BIL,2023-09-01,0.405,yahoo
BIL,2023-10-02,0.394,yahoo
BIL,2023-11-01,0.408,yahoo
BIL,2023-12-01,0.419,yahoo
BIL,2023-12-18,0.421,yahoo
BIL,2024-02-01,0.406,yahoo
BIL,2024-03-01,0.355,yahoo
BIL,2024-04-01,0.405,yahoo
BIL,2024-05-01,0.388,yahoo
BIL,2024-06-03,0.405,yahoo
BIL,2024-07-01,0.392,yahoo
BIL,2024-08-01,0.402,yahoo
BIL,2024-09-03,0.396,yahoo
BIL,2024-10-01,0.371,yahoo
BIL,2024-11-01,0.359,yahoo
BIL,2024-12-02,0.335,yahoo
BIL,2024-12-19,0.383,yahoo
BIL,2025-02-03,0.326,yahoo
BIL,2025-03-03,0.289,yahoo
BIL,2025-04-01,0.321,yahoo
BIL,2025-05-01,0.312,yahoo
BIL,2025-06-02,0.316,yahoo
BIL,2025-07-01,0.306,yahoo
BIL,2025-08-01,0.319,yahoo
BIL,2025-09-02,0.322,yahoo
BIL,2025-10-01,0.311,yahoo
BIL,2025-11-03,0.303,yahoo
BIL,2025-12-01,0.281,yahoo
BIL,2025-12-18,0.365,yahoo
BIL,2026-02-02,0.274,yahoo
BIL,2026-03-02,0.243,yahoo
BIL,2026-04-01,0.264,yahoo
BIL,2026-05-01,0.27,yahoo
BIL,2026-06-01,0.269,yahoo
BIL,2026-07-01,0.268,yahoo
BIL,2026-08-03,0.273,yahoo
BIL,2026-09-01,0.28,yahoo
BITO,2023-02-01,0.149,yahoo
BITO,2023-03-01,0.101,yahoo
BITO,2023-04-03,0.465,yahoo
BITO,2023-05-01,0.417,yahoo
BITO,2023-06-01,0.428,yahoo
BITO,2023-07-03,0.664,yahoo
BITO,2023-08-01,0.385,yahoo
BITO,2023-09-01,0.005,yahoo
BITO,2023-10-02,0.074,yahoo
BITO,2023-11-01,0.14,yahoo
BITO,2023-12-01,0.127,yahoo
BITO,2023-12-20,0.147,yahoo
BITO,2024-02-01,0.356,yahoo
BITO,2024-03-01,0.726,yahoo
BITO,2024-04-01,1.145,yahoo
BITO,2024-05-01,1.681,yahoo
BITO,2024-06-03,1.768,yahoo
BITO,2024-07-01,1.503,yahoo
BITO,2024-08-01,1.447,yahoo
BITO,2024-09-03,1.209,yahoo
BITO,2024-10-01,1.091,yahoo
BITO,2024-11-01,0.994,yahoo
BITO,2024-12-02,0.996,yahoo
BITO,2024-12-23,1.113,yahoo
BITO,2025-02-03,0.937,yahoo
BITO,2025-03-03,0.72,yahoo
BITO,2025-04-01,0.361,yahoo
BITO,2025-05-01,0.545,yahoo
BITO,2025-06-02,0.997,yahoo
BITO,2025-07-01,0.777,yahoo
BITO,2025-08-01,1.209,yahoo
BITO,2025-09-02,0.861,yahoo
BITO,2025-10-01,0.756,yahoo
BITO,2025-11-03,0.838,yahoo
BITO,2025-12-01,0.776,yahoo
BITO,2025-12-24,0.743,yahoo
BITO,2026-02-02,0.01,yahoo
BITO,2026-03-02,0.014,yahoo
BITO,2026-04-01,0.006,yahoo
BITO,2026-05-01,0.016,yahoo
BITO,2026-06-01,0.014,yahoo
BITO,2026-07-01,0.01,yahoo
BITO,2026-08-03,0.014,yahoo
BITO,2026-09-01,0.011,yahoo
BITX,2024-05-22,0.968,yahoo
BITX,2024-06-25,0.857,yahoo
BITX,2024-07-24,0.684,yahoo
BITX,2024-08-28,0.626,yahoo
BITX,2024-09-26,0.63,yahoo
BITX,2024-10-29,0.589,yahoo
BITX,2024-11-26,0.609,yahoo
BITX,2024-12-16,0.577,yahoo
BITX,2025-01-29,0.092,yahoo
BITX,2025-02-26,0.058,yahoo
BITX,2025-03-27,0.532,yahoo
BITX,2025-04-28,0.542,yahoo
BITX,2025-05-28,0.522,yahoo
BITX,2025-06-26,0.542,yahoo
BITX,2025-07-29,0.613,yahoo
BITX,2025-08-27,0.619,yahoo
BITX,2025-09-26,0.615,yahoo
BITX,2025-10-29,0.57,yahoo
BITX,2025-11-25,0.569,yahoo
BITX,2025-12-15,0.744,yahoo
BITX,2026-01-21,0.031,yahoo
BITX,2026-02-18,0.02,yahoo
BITX,2026-03-18,0.017,yahoo
BITX,2026-04-22,0.015,yahoo
BITX,2026-05-20,0.021,yahoo
BITX,2026-06-17,0.018,yahoo
BITX,2026-07-22,0.014,yahoo
BITX,2026-08-19,0.013,yahoo
BKH,2021-11-16,0.595,yahoo
BKH,2022-02-11,0.595,yahoo
BKH,2022-05-17,0.595,yahoo
BKH,2022-08-17,0.595,yahoo
BKH,2022-11-16,0.625,yahoo
BKH,2023-02-13,0.625,yahoo
BKH,2023-05-17,0.625,yahoo
BKH,2023-08-17,0.625,yahoo
BKH,2023-11-16,0.625,yahoo
BKH,2024-02-15,0.65,yahoo
BKH,2024-05-16,0.65,yahoo
BKH,2024-08-19,0.65,yahoo
BKH,2024-11-18,0.65,yahoo
BKH,2025-02-18,0.676,yahoo
BKH,2025-05-16,0.676,yahoo
BKH,2025-08-18,0.676,yahoo
BKH,2025-11-17,0.676,yahoo
BKH,2026-02-17,0.703,yahoo
BKH,2026-05-15,0.703,yahoo
BKH,2026-08-17,0.703,yahoo
BKNG,2024-03-07,0.35,yahoo
BKNG,2024-06-07,0.35,yahoo
BKNG,2024-09-06,0.35,yahoo
BKNG,2024-12-06,0.35,yahoo
BKNG,2025-03-07,0.384,yahoo
BKNG,2025-06-06,0.384,yahoo
BKNG,2025-09-05,0.384,yahoo
BKNG,2025-12-05,0.384,yahoo
BKNG,2026-03-06,0.42,yahoo
BKNG,2026-06-05,0.42,yahoo
BKNG,2026-09-11,0.42,yahoo
BKR,2021-11-01,0.18,yahoo
BKR,2022-02-04,0.18,yahoo
BKR,2022-05-27,0.18,yahoo
BKR,2022-08-08,0.18,yahoo
BKR,2022-11-04,0.19,yahoo
BKR,2023-02-03,0.19,yahoo
BKR,2023-05-26,0.19,yahoo
BKR,2023-08-07,0.2,yahoo
BKR,2023-11-03,0.2,yahoo
BKR,2024-02-12,0.21,yahoo
BKR,2024-05-03,0.21,yahoo
BKR,2024-08-06,0.21,yahoo
BKR,2024-11-04,0.21,yahoo
BKR,2025-02-11,0.23,yahoo
BKR,2025-05-06,0.23,yahoo
BKR,2025-08-05,0.23,yahoo
BKR,2025-11-04,0.23,yahoo
BKR,2026-02-17,0.23,yahoo
BKR,2026-05-05,0.23,yahoo
BKR,2026-08-07,0.23,yahoo
BLK,2021-09-03,4.13,yahoo
BLK,2021-12-06,4.13,yahoo
BLK,2022-03-04,4.88,yahoo
BLK,2022-06-03,4.88,yahoo
BLK,2022-09-06,4.88,yahoo
BLK,2022-12-06,4.88,yahoo
BLK,2023-03-06,5,yahoo
BLK,2023-06-07,5,yahoo
BLK,2023-09-07,5,yahoo
BLK,2023-12-06,5,yahoo
BLK,2024-03-06,5.1,yahoo
BLK,2024-06-07,5.1,yahoo
BLK,2024-09-09,5.1,yahoo
BLK,2024-12-05,5.1,yahoo
BLK,2025-03-07,5.21,yahoo
BLK,2025-06-05,5.21,yahoo
BLK,2025-09-05,5.21,yahoo
BLK,2025-12-05,5.21,yahoo
BLK,2026-03-06,5.73,yahoo
BLK,2026-06-05,5.73,yahoo
BLK,2026-09-08,5.73,yahoo
BMNR,2025-12-08,0.01,yahoo
BMO,2021-10-29,0.859,yahoo
BMO,2022-01-31,1.042,yahoo
BMO,2022-04-29,1.039,yahoo
BMO,2022-07-29,1.085,yahoo
BMO,2022-10-31,1.022,yahoo
BMO,2023-01-27,1.073,yahoo
BMO,2023-04-27,1.049,yahoo
BMO,2023-07-27,1.113,yahoo
BMO,2023-10-27,1.063,yahoo
BMO,2024-01-29,1.123,yahoo
BMO,2024-04-26,1.106,yahoo
BMO,2024-07-30,1.119,yahoo
BMO,2024-10-30,1.114,yahoo
BMO,2025-01-30,1.103,yahoo
BMO,2025-04-29,1.15,yahoo
BMO,2025-07-30,1.183,yahoo
BMO,2026-04-29,1.221,yahoo
BMO,2026-07-30,1.218,yahoo
BMY,2021-09-30,0.49,yahoo
BMY,2022-01-06,0.54,yahoo
BMY,2022-03-31,0.54,yahoo
BMY,2022-06-30,0.54,yahoo
BMY,2022-10-06,0.54,yahoo
BMY,2023-01-05,0.57,yahoo
BMY,2023-04-06,0.57,yahoo
BMY,2023-07-06,0.57,yahoo
BMY,2023-10-05,0.57,yahoo
BMY,2024-01-04,0.6,yahoo
BMY,2024-04-04,0.6,yahoo
BMY,2024-07-05,0.6,yahoo
BMY,2024-10-04,0.6,yahoo
BMY,2025-01-03,0.62,yahoo
BMY,2025-04-04,0.62,yahoo
BMY,2025-07-03,0.62,yahoo
BMY,2025-10-03,0.62,yahoo
BMY,2026-01-02,0.63,yahoo
BMY,2026-04-02,0.63,yahoo
BMY,2026-07-02,0.63,yahoo
BN,2021-11-29,0.070062,yahoo
BN,2022-02-25,0.075451,yahoo
BN,2022-05-27,0.075451,yahoo
BN,2022-05-31,0.075451,yahoo
BN,2022-08-30,0.075451,yahoo
BN,2022-11-29,0.075451,yahoo
BN,2023-02-27,0.046667,yahoo
BN,2023-05-30,0.046667,yahoo
BN,2023-08-30,0.046667,yahoo
BN,2023-11-29,0.046667,yahoo
BN,2024-03-12,0.053333,yahoo
BN,2024-06-13,0.053333,yahoo
BN,2024-09-12,0.053333,yahoo
BN,2024-12-16,0.053333,yahoo
BN,2025-03-14,0.06,yahoo
BN,2025-06-13,0.06,yahoo
BN,2025-09-12,0.06,yahoo
BN,2025-12-16,0.06,yahoo
BN,2026-03-17,0.07,yahoo
BN,2026-06-15,0.07,yahoo
BND,2021-10-01,0.13,yahoo
BND,2021-11-01,0.134,yahoo
BND,2021-12-01,0.135,yahoo
BND,2021-12-23,0.271,yahoo
BND,2022-02-01,0.137,yahoo
BND,2022-03-01,0.129,yahoo
BND,2022-04-01,0.198,yahoo
BND,2022-05-02,0.141,yahoo
BND,2022-06-01,0.148,yahoo
BND,2022-07-01,0.149,yahoo
BND,2022-08-01,0.153,yahoo
BND,2022-09-01,0.156,yahoo
BND,2022-10-03,0.156,yahoo
BND,2022-11-01,0.163,yahoo
BND,2022-12-01,0.165,yahoo
BND,2022-12-23,0.172,yahoo
BND,2023-02-01,0.176,yahoo
BND,2023-03-01,0.164,yahoo
BND,2023-04-03,0.183,yahoo
BND,2023-05-01,0.18,yahoo
BND,2023-06-01,0.187,yahoo
BND,2023-07-03,0.184,yahoo
BND,2023-08-01,0.193,yahoo
BND,2023-09-01,0.196,yahoo
BND,2023-10-02,0.192,yahoo
BND,2023-11-01,0.203,yahoo
BND,2023-12-01,0.201,yahoo
BND,2023-12-22,0.211,yahoo
BND,2024-02-01,0.212,yahoo
BND,2024-03-01,0.202,yahoo
BND,2024-04-01,0.216,yahoo
BND,2024-05-01,0.214,yahoo
BND,2024-06-03,0.219,yahoo
BND,2024-07-01,0.221,yahoo
BND,2024-08-01,0.224,yahoo
BND,2024-09-03,0.226,yahoo
BND,2024-10-01,0.221,yahoo
BND,2024-11-01,0.228,yahoo
BND,2024-12-02,0.223,yahoo
BND,2024-12-24,0.233,yahoo
BND,2025-02-03,0.235,yahoo
BND,2025-03-03,0.219,yahoo
BND,2025-04-01,0.24,yahoo
BND,2025-05-01,0.236,yahoo
BND,2025-06-02,0.24,yahoo
BND,2025-07-01,0.235,yahoo
BND,2025-08-01,0.242,yahoo
BND,2025-09-02,0.243,yahoo
BND,2025-10-01,0.237,yahoo
BND,2025-11-03,0.244,yahoo
BND,2025-12-01,0.239,yahoo
BND,2025-12-18,0.247,yahoo
BND,2026-02-02,0.245,yahoo
BND,2026-03-02,0.228,yahoo
BND,2026-04-01,0.25,yahoo
BND,2026-05-01,0.242,yahoo
BND,2026-06-01,0.247,yahoo
BND,2026-07-01,0.244,yahoo
BND,2026-08-03,0.252,yahoo
BND,2026-09-01,0.253,yahoo
BNS,2021-10-04,0.712,yahoo
BNS,2021-12-31,0.785,yahoo
BNS,2022-04-04,0.799,yahoo
BNS,2022-07-05,0.8,yahoo
BNS,2022-10-03,0.745,yahoo
BNS,2023-01-03,0.759,yahoo
BNS,2023-04-03,0.762,yahoo
BNS,2023-07-05,0.8,yahoo
BNS,2023-09-29,0.786,yahoo
BNS,2024-01-02,0.8,yahoo
BNS,2024-04-01,0.783,yahoo
BNS,2024-07-03,0.775,yahoo
BNS,2024-10-02,0.786,yahoo
BNS,2025-01-07,0.74,yahoo
BNS,2025-04-01,0.737,yahoo
BNS,2025-07-02,0.806,yahoo
BNS,2026-04-07,0.792,yahoo
BNS,2026-07-07,0.803,yahoo
BNTX,2022-06-02,2.111,yahoo
BNY,2021-10-29,0.34,yahoo
BNY,2022-01-28,0.34,yahoo
BNY,2022-04-27,0.34,yahoo
BNY,2022-07-22,0.37,yahoo
BNY,2022-10-26,0.37,yahoo
BNY,2023-01-20,0.37,yahoo
BNY,2023-04-27,0.37,yahoo
BNY,2023-07-27,0.42,yahoo
BNY,2023-10-26,0.42,yahoo
BNY,2024-01-19,0.42,yahoo
BNY,2024-04-25,0.42,yahoo
BNY,2024-07-22,0.47,yahoo
BNY,2024-10-21,0.47,yahoo
BNY,2025-01-27,0.47,yahoo
BNY,2025-04-21,0.47,yahoo
BNY,2025-07-25,0.53,yahoo
BNY,2025-10-27,0.53,yahoo
BNY,2026-01-20,0.051,yahoo
BNY,2026-01-23,0.53,yahoo
BNY,2026-02-06,0.051,yahoo
BNY,2026-04-27,0.53,yahoo
BNY,2026-07-27,0.63,yahoo
BOXX,2024-08-13,0.291,yahoo
BP,2021-11-10,0.328,yahoo
BP,2022-02-17,0.328,yahoo
BP,2022-05-12,0.328,yahoo
BP,2022-08-11,0.36,yahoo
BP,2022-11-09,0.36,yahoo
BP,2023-02-16,0.397,yahoo
BP,2023-05-11,0.397,yahoo
BP,2023-08-10,0.436,yahoo
BP,2023-11-09,0.436,yahoo
BP,2024-02-15,0.436,yahoo
BP,2024-05-16,0.436,yahoo
BP,2024-08-09,0.48,yahoo
BP,2024-11-08,0.48,yahoo
BP,2025-02-21,0.48,yahoo
BP,2025-05-16,0.48,yahoo
BP,2025-08-15,0.499,yahoo
BP,2025-11-14,0.499,yahoo
BP,2026-02-20,0.499,yahoo
BP,2026-05-15,0.499,yahoo
BP,2026-08-14,0.52,yahoo
BPOP,2021-09-09,0.45,yahoo
BPOP,2021-12-06,0.45,yahoo
BPOP,2022-03-14,0.55,yahoo
BPOP,2022-06-01,0.55,yahoo
BPOP,2022-09-06,0.55,yahoo
BPOP,2022-12-06,0.55,yahoo
BPOP,2023-03-17,0.55,yahoo
BPOP,2023-05-31,0.55,yahoo
BPOP,2023-09-07,0.55,yahoo
BPOP,2023-12-06,0.62,yahoo
BPOP,2024-03-13,0.62,yahoo
BPOP,2024-05-30,0.62,yahoo
BPOP,2024-09-13,0.62,yahoo
BPOP,2024-12-06,0.7,yahoo
BPOP,2025-03-18,0.7,yahoo
BPOP,2025-05-29,0.7,yahoo
BPOP,2025-09-12,0.75,yahoo
BPOP,2025-12-05,0.75,yahoo
BPOP,2026-03-18,0.75,yahoo
BPOP,2026-05-29,0.75,yahoo
BPOP,2026-09-10,0.9,yahoo
BR,2021-09-14,0.64,yahoo
BR,2021-12-14,0.64,yahoo
BR,2022-03-14,0.64,yahoo
BR,2022-06-14,0.64,yahoo
BR,2022-09-14,0.725,yahoo
BR,2022-12-14,0.725,yahoo
BR,2023-03-14,0.725,yahoo
BR,2023-06-14,0.725,yahoo
BR,2023-09-14,0.8,yahoo
BR,2023-12-14,0.8,yahoo
BR,2024-03-14,0.8,yahoo
BR,2024-06-14,0.8,yahoo
BR,2024-09-12,0.88,yahoo
BR,2024-12-13,0.88,yahoo
BR,2025-03-13,0.88,yahoo
BR,2025-06-12,0.88,yahoo
BR,2025-09-11,0.975,yahoo
BR,2025-12-12,0.975,yahoo
BR,2026-03-16,0.975,yahoo
BR,2026-06-12,0.975,yahoo
BR,2026-09-03,1.09,yahoo
BRKR,2021-11-30,0.04,yahoo
BRKR,2022-02-28,0.05,yahoo
BRKR,2022-05-31,0.05,yahoo
BRKR,2022-08-31,0.05,yahoo
BRKR,2022-11-30,0.05,yahoo
BRKR,2023-02-28,0.05,yahoo
BRKR,2023-05-31,0.05,yahoo
BRKR,2023-08-31,0.05,yahoo
BRKR,2023-11-30,0.05,yahoo
BRKR,2024-02-29,0.05,yahoo
BRKR,2024-06-03,0.05,yahoo
BRKR,2024-08-30,0.05,yahoo
BRKR,2024-12-02,0.05,yahoo
BRKR,2025-03-17,0.05,yahoo
BRKR,2025-06-16,0.05,yahoo
BRKR,2025-09-23,0.05,yahoo
BRKR,2025-12-08,0.05,yahoo
BRKR,2026-03-23,0.05,yahoo
BRKR,2026-06-22,0.05,yahoo
BRO,2021-11-02,0.103,yahoo
BRO,2022-02-03,0.103,yahoo
BRO,2022-05-06,0.103,yahoo
BRO,2022-08-09,0.103,yahoo
BRO,2022-11-01,0.115,yahoo
BRO,2023-02-02,0.115,yahoo
BRO,2023-05-05,0.115,yahoo
BRO,2023-08-08,0.115,yahoo
BRO,2023-10-31,0.13,yahoo
BRO,2024-02-01,0.13,yahoo
BRO,2024-05-03,0.13,yahoo
BRO,2024-08-07,0.13,yahoo
BRO,2024-11-06,0.15,yahoo
BRO,2025-02-05,0.15,yahoo
BRO,2025-05-12,0.15,yahoo
BRO,2025-08-13,0.15,yahoo
BRO,2025-11-05,0.165,yahoo
BRO,2026-02-04,0.165,yahoo
BRO,2026-05-11,0.165,yahoo
BRO,2026-08-12,0.165,yahoo
BRX,2021-10-04,0.215,yahoo
BRX,2022-01-04,0.24,yahoo
BRX,2022-04-04,0.24,yahoo
BRX,2022-07-01,0.24,yahoo
BRX,2022-10-03,0.24,yahoo
BRX,2023-01-03,0.26,yahoo
BRX,2023-04-03,0.26,yahoo
BRX,2023-07-03,0.26,yahoo
BRX,2023-10-02,0.26,yahoo
BRX,2024-01-02,0.273,yahoo
BRX,2024-04-01,0.273,yahoo
BRX,2024-07-02,0.273,yahoo
BRX,2024-10-02,0.273,yahoo
BRX,2025-01-03,0.288,yahoo
BRX,2025-04-02,0.288,yahoo
BRX,2025-07-02,0.288,yahoo
BRX,2025-10-02,0.288,yahoo
BRX,2026-01-05,0.308,yahoo
BRX,2026-04-02,0.308,yahoo
BRX,2026-07-02,0.308,yahoo
BSY,2021-12-08,0.03,yahoo
BSY,2022-03-07,0.03,yahoo
BSY,2022-06-08,0.03,yahoo
BSY,2022-09-07,0.03,yahoo
BSY,2022-11-29,0.03,yahoo
BSY,2023-02-17,0.05,yahoo
BSY,2023-06-07,0.05,yahoo
BSY,2023-08-14,0.05,yahoo
BSY,2023-12-01,0.05,yahoo
BSY,2024-03-19,0.06,yahoo
BSY,2024-06-04,0.06,yahoo
BSY,2024-09-17,0.06,yahoo
BSY,2024-12-03,0.06,yahoo
BSY,2025-03-19,0.07,yahoo
BSY,2025-06-03,0.07,yahoo
BSY,2025-09-23,0.07,yahoo
BSY,2025-12-04,0.07,yahoo
BSY,2026-03-10,0.07,yahoo
BSY,2026-06-02,0.07,yahoo
BTI,2021-09-30,0.746,yahoo
BTI,2021-12-22,0.746,yahoo
BTI,2022-03-24,0.74,yahoo
BTI,2022-07-07,0.74,yahoo
BTI,2022-09-29,0.74,yahoo
BTI,2022-12-22,0.74,yahoo
BTI,2023-03-23,0.701,yahoo
BTI,2023-07-13,0.701,yahoo
BTI,2023-09-28,0.701,yahoo
BTI,2023-12-21,0.701,yahoo
BTI,2024-03-21,0.743,yahoo
BTI,2024-06-28,0.743,yahoo
BTI,2024-09-27,0.743,yahoo
BTI,2024-12-20,0.743,yahoo
BTI,2025-03-28,0.749,yahoo
BTI,2025-06-27,0.749,yahoo
BTI,2025-10-03,0.749,yahoo
BTI,2025-12-30,0.749,yahoo
BTI,2026-03-27,0.835,yahoo
BTI,2026-07-10,0.835,yahoo
BUD,2022-05-03,0.543,yahoo
BUD,2023-05-03,0.824,yahoo
BUD,2024-05-03,0.872,yahoo
BUD,2025-05-07,1.128,yahoo
BUD,2026-05-08,1.174,yahoo
BWA,2021-11-30,0.149648,yahoo
BWA,2022-02-28,0.149648,yahoo
BWA,2022-05-31,0.149648,yahoo
BWA,2022-08-31,0.149648,yahoo
BWA,2022-11-30,0.149648,yahoo
BWA,2023-02-28,0.149648,yahoo
BWA,2023-05-31,0.149648,yahoo
BWA,2023-08-31,0.11,yahoo
BWA,2023-11-30,0.11,yahoo
BWA,2024-02-29,0.11,yahoo
BWA,2024-06-03,0.11,yahoo
BWA,2024-09-03,0.11,yahoo
BWA,2024-12-02,0.11,yahoo
BWA,2025-03-03,0.11,yahoo
BWA,2025-06-02,0.11,yahoo
BWA,2025-09-02,0.17,yahoo
BWA,2025-12-01,0.17,yahoo
BWA,2026-03-02,0.17,yahoo
BWA,2026-06-01,0.17,yahoo
BWA,2026-09-01,0.17,yahoo
BWXT,2021-11-18,0.21,yahoo
BWXT,2022-03-09,0.22,yahoo
BWXT,2022-05-19,0.22,yahoo
BWXT,2022-08-18,0.22,yahoo
BWXT,2022-11-18,0.22,yahoo
BWXT,2023-03-09,0.23,yahoo
BWXT,2023-05-18,0.23,yahoo
BWXT,2023-08-16,0.23,yahoo
BWXT,2023-11-20,0.23,yahoo
BWXT,2024-03-08,0.24,yahoo
BWXT,2024-05-16,0.24,yahoo
BWXT,2024-08-16,0.24,yahoo
BWXT,2024-11-19,0.24,yahoo
BWXT,2025-03-11,0.25,yahoo
BWXT,2025-05-19,0.25,yahoo
BWXT,2025-08-18,0.25,yahoo
BWXT,2025-11-19,0.25,yahoo
BWXT,2026-03-11,0.27,yahoo
BWXT,2026-05-19,0.27,yahoo
BWXT,2026-08-18,0.27,yahoo
BX,2021-10-29,1.09,yahoo
BX,2022-02-04,1.45,yahoo
BX,2022-04-29,1.32,yahoo
BX,2022-07-29,1.27,yahoo
BX,2022-10-28,0.9,yahoo
BX,2023-02-03,0.91,yahoo
BX,2023-04-28,0.82,yahoo
BX,2023-07-28,0.79,yahoo
BX,2023-10-27,0.8,yahoo
BX,2024-02-02,0.94,yahoo
BX,2024-04-26,0.83,yahoo
BX,2024-07-29,0.82,yahoo
BX,2024-10-28,0.86,yahoo
BX,2025-02-10,1.44,yahoo
BX,2025-04-28,0.93,yahoo
BX,2025-08-04,1.03,yahoo
BX,2025-11-03,1.29,yahoo
BX,2026-02-09,1.49,yahoo
BX,2026-05-04,1.16,yahoo
BX,2026-08-03,1.29,yahoo
BXP,2021-09-29,0.98,yahoo
BXP,2021-12-30,0.98,yahoo
BXP,2022-03-30,0.98,yahoo
BXP,2022-06-29,0.98,yahoo
BXP,2022-09-29,0.98,yahoo
BXP,2022-12-29,0.98,yahoo
BXP,2023-03-30,0.98,yahoo
BXP,2023-06-29,0.98,yahoo
BXP,2023-09-28,0.98,yahoo
BXP,2023-12-28,0.98,yahoo
BXP,2024-03-27,0.98,yahoo
BXP,2024-06-28,0.98,yahoo
BXP,2024-09-30,0.98,yahoo
BXP,2024-12-31,0.98,yahoo
BXP,2025-03-31,0.98,yahoo
BXP,2025-06-30,0.98,yahoo
BXP,2025-09-30,0.7,yahoo
BXP,2025-12-31,0.7,yahoo
BXP,2026-03-31,0.7,yahoo
BXP,2026-06-30,0.7,yahoo
BYD,2022-03-14,0.15,yahoo
BYD,2022-06-29,0.15,yahoo
BYD,2022-09-29,0.15,yahoo
BYD,2022-12-16,0.15,yahoo
BYD,2023-03-14,0.16,yahoo
BYD,2023-06-14,0.16,yahoo
BYD,2023-09-14,0.16,yahoo
BYD,2023-12-21,0.16,yahoo
BYD,2024-03-14,0.17,yahoo
BYD,2024-06-14,0.17,yahoo
BYD,2024-09-13,0.17,yahoo
BYD,2024-12-16,0.17,yahoo
BYD,2025-03-17,0.18,yahoo
BYD,2025-06-16,0.18,yahoo
BYD,2025-09-15,0.18,yahoo
BYD,2025-12-15,0.18,yahoo
BYD,2026-03-16,0.2,yahoo
BYD,2026-06-15,0.2,yahoo
BZ,2023-12-04,0.18,yahoo
BZ,2025-10-08,0.168,yahoo
C,2021-10-29,0.51,yahoo
C,2022-02-04,0.51,yahoo
C,2022-04-29,0.51,yahoo
C,2022-07-29,0.51,yahoo
C,2022-11-04,0.51,yahoo
C,2023-02-03,0.51,yahoo
C,2023-04-28,0.51,yahoo
C,2023-08-04,0.53,yahoo
C,2023-11-03,0.53,yahoo
C,2024-02-02,0.53,yahoo
C,2024-05-03,0.53,yahoo
C,2024-08-05,0.56,yahoo
C,2024-11-04,0.56,yahoo
C,2025-02-03,0.56,yahoo
C,2025-05-05,0.56,yahoo
C,2025-08-04,0.6,yahoo
C,2025-11-03,0.6,yahoo
C,2026-02-02,0.6,yahoo
C,2026-05-04,0.6,yahoo
C,2026-08-03,0.67,yahoo
CAG,2021-10-29,0.313,yahoo
CAG,2022-01-28,0.313,yahoo
CAG,2022-04-28,0.313,yahoo
CAG,2022-08-02,0.33,yahoo
CAG,2022-11-02,0.33,yahoo
CAG,2023-01-27,0.33,yahoo
CAG,2023-04-27,0.33,yahoo
CAG,2023-07-28,0.35,yahoo
CAG,2023-11-01,0.35,yahoo
CAG,2024-01-29,0.35,yahoo
CAG,2024-04-29,0.35,yahoo
CAG,2024-08-01,0.35,yahoo
CAG,2024-10-31,0.35,yahoo
CAG,2025-01-27,0.35,yahoo
CAG,2025-04-28,0.35,yahoo
CAG,2025-07-30,0.35,yahoo
CAG,2025-10-30,0.35,yahoo
CAG,2026-01-27,0.35,yahoo
CAG,2026-04-30,0.35,yahoo
CAG,2026-07-30,0.175,yahoo
CAH,2021-09-30,0.491,yahoo
CAH,2021-12-31,0.491,yahoo
CAH,2022-03-31,0.491,yahoo
CAH,2022-06-30,0.496,yahoo
CAH,2022-09-30,0.496,yahoo
CAH,2022-12-30,0.496,yahoo
CAH,2023-03-31,0.496,yahoo
CAH,2023-06-30,0.501,yahoo
CAH,2023-10-02,0.501,yahoo
CAH,2023-12-29,0.501,yahoo
CAH,2024-03-28,0.501,yahoo
CAH,2024-07-01,0.506,yahoo
CAH,2024-10-01,0.506,yahoo
CAH,2025-01-02,0.506,yahoo
CAH,2025-04-01,0.506,yahoo
CAH,2025-07-01,0.511,yahoo
CAH,2025-10-01,0.511,yahoo
CAH,2026-01-02,0.511,yahoo
CAH,2026-04-01,0.511,yahoo
CAH,2026-07-01,0.516,yahoo
CAKE,2022-05-10,0.27,yahoo
CAKE,2022-08-09,0.27,yahoo
CAKE,2022-11-14,0.27,yahoo
CAKE,2023-03-07,0.27,yahoo
CAKE,2023-05-23,0.27,yahoo
CAKE,2023-08-15,0.27,yahoo
CAKE,2023-11-14,0.27,yahoo
CAKE,2024-03-05,0.27,yahoo
CAKE,2024-05-21,0.27,yahoo
CAKE,2024-08-14,0.27,yahoo
CAKE,2024-11-13,0.27,yahoo
CAKE,2025-03-05,0.27,yahoo
CAKE,2025-05-14,0.27,yahoo
CAKE,2025-08-12,0.27,yahoo
CAKE,2025-11-10,0.27,yahoo
CAKE,2026-03-04,0.3,yahoo
CAKE,2026-05-13,0.3,yahoo
CAKE,2026-08-11,0.3,yahoo
CALM,2022-04-26,0.125,yahoo
CALM,2022-07-29,0.749,yahoo
CALM,2022-10-25,0.853,yahoo
CALM,2023-01-24,1.351,yahoo
CALM,2023-04-25,2.199,yahoo
CALM,2023-08-04,0.755,yahoo
CALM,2023-10-31,0.006,yahoo
CALM,2024-01-30,0.116,yahoo
CALM,2024-04-30,0.997,yahoo
CALM,2024-08-05,0.77,yahoo
CALM,2024-10-30,1.019,yahoo
CALM,2025-01-29,1.489,yahoo
CALM,2025-04-30,3.456,yahoo
CALM,2025-08-04,2.354,yahoo
CALM,2025-10-29,1.371,yahoo
CALM,2026-01-28,0.719,yahoo
CALM,2026-04-29,0.355,yahoo
CARR,2021-10-28,0.12,yahoo
CARR,2021-12-22,0.15,yahoo
CARR,2022-04-28,0.15,yahoo
CARR,2022-06-22,0.15,yahoo
CARR,2022-10-27,0.15,yahoo
CARR,2022-12-21,0.185,yahoo
CARR,2023-05-04,0.185,yahoo
CARR,2023-06-22,0.185,yahoo
CARR,2023-10-26,0.185,yahoo
CARR,2023-12-20,0.19,yahoo
CARR,2024-05-02,0.19,yahoo
CARR,2024-06-21,0.19,yahoo
CARR,2024-10-25,0.19,yahoo
CARR,2024-12-20,0.225,yahoo
CARR,2025-05-02,0.225,yahoo
CARR,2025-07-21,0.225,yahoo
CARR,2025-10-29,0.225,yahoo
CARR,2026-01-20,0.24,yahoo
CARR,2026-05-04,0.24,yahoo
CARR,2026-07-21,0.24,yahoo
CASY,2021-10-29,0.35,yahoo
CASY,2022-01-31,0.35,yahoo
CASY,2022-04-29,0.35,yahoo
CASY,2022-07-29,0.38,yahoo
CASY,2022-10-31,0.38,yahoo
CASY,2023-01-31,0.38,yahoo
CASY,2023-04-28,0.38,yahoo
CASY,2023-07-31,0.43,yahoo
CASY,2023-10-31,0.43,yahoo
CASY,2024-01-31,0.43,yahoo
CASY,2024-04-30,0.43,yahoo
CASY,2024-08-01,0.5,yahoo
CASY,2024-11-01,0.5,yahoo
CASY,2025-02-03,0.5,yahoo
CASY,2025-05-01,0.5,yahoo
CASY,2025-08-01,0.57,yahoo
CASY,2025-10-31,0.57,yahoo
CASY,2026-01-30,0.57,yahoo
CASY,2026-05-01,0.57,yahoo
CASY,2026-07-31,0.65,yahoo
CAT,2021-10-22,1.11,yahoo
CAT,2022-01-19,1.11,yahoo
CAT,2022-04-22,1.11,yahoo
CAT,2022-07-19,1.2,yahoo
CAT,2022-10-21,1.2,yahoo
CAT,2023-01-19,1.2,yahoo
CAT,2023-04-21,1.2,yahoo
CAT,2023-07-19,1.3,yahoo
CAT,2023-10-20,1.3,yahoo
CAT,2024-01-19,1.3,yahoo
CAT,2024-04-19,1.3,yahoo
CAT,2024-07-22,1.41,yahoo
CAT,2024-10-21,1.41,yahoo
CAT,2025-01-21,1.41,yahoo
CAT,2025-04-21,1.41,yahoo
CAT,2025-07-21,1.51,yahoo
CAT,2025-10-20,1.51,yahoo
CAT,2026-01-20,1.51,yahoo
CAT,2026-04-20,1.51,yahoo
CAT,2026-07-20,1.63,yahoo
CB,2021-09-16,0.8,yahoo
CB,2021-12-16,0.8,yahoo
CB,2022-03-17,0.8,yahoo
CB,2022-06-16,0.83,yahoo
CB,2022-09-15,0.83,yahoo
CB,2022-12-15,0.83,yahoo
CB,2023-03-16,0.83,yahoo
CB,2023-06-15,0.86,yahoo
CB,2023-09-14,0.86,yahoo
CB,2023-12-14,0.86,yahoo
CB,2024-03-14,0.86,yahoo
CB,2024-06-14,0.91,yahoo
CB,2024-09-13,0.91,yahoo
CB,2024-12-13,0.91,yahoo
CB,2025-03-14,0.91,yahoo
CB,2025-06-13,0.97,yahoo
CB,2026-03-13,0.97,yahoo
CB,2026-06-12,1.02,yahoo
CB,2026-09-11,1.02,yahoo
CBOE,2021-11-29,0.48,yahoo
CBOE,2022-02-25,0.48,yahoo
CBOE,2022-05-27,0.48,yahoo
CBOE,2022-08-30,0.5,yahoo
CBOE,2022-11-29,0.5,yahoo
CBOE,2023-02-27,0.5,yahoo
CBOE,2023-05-30,0.5,yahoo
CBOE,2023-08-30,0.55,yahoo
CBOE,2023-11-29,0.55,yahoo
CBOE,2024-02-28,0.55,yahoo
CBOE,2024-05-31,0.55,yahoo
CBOE,2024-08-30,0.63,yahoo
CBOE,2024-11-29,0.63,yahoo
CBOE,2025-02-28,0.63,yahoo
CBOE,2025-05-30,0.63,yahoo
CBOE,2026-02-27,0.72,yahoo
CBOE,2026-05-29,0.72,yahoo
CBOE,2026-08-31,0.86,yahoo
CBSH,2021-09-03,0.216371,yahoo
CBSH,2021-12-01,0.227189,yahoo
CBSH,2022-03-07,0.228917,yahoo
CBSH,2022-06-06,0.228917,yahoo
CBSH,2022-09-06,0.228917,yahoo
CBSH,2022-12-01,0.228917,yahoo
CBSH,2023-03-06,0.233236,yahoo
CBSH,2023-06-02,0.233236,yahoo
CBSH,2023-09-05,0.233236,yahoo
CBSH,2023-12-01,0.233107,yahoo
CBSH,2024-03-06,0.244898,yahoo
CBSH,2024-06-05,0.244898,yahoo
CBSH,2024-09-05,0.244898,yahoo
CBSH,2024-12-03,0.244762,yahoo
CBSH,2025-03-07,0.261905,yahoo
CBSH,2025-06-06,0.261905,yahoo
CBSH,2025-09-05,0.261905,yahoo
CBSH,2025-12-02,0.262,yahoo
CBSH,2026-03-06,0.275,yahoo
CBSH,2026-06-05,0.275,yahoo
CBSH,2026-09-04,0.275,yahoo
CCEP,2021-11-18,1.62,yahoo
CCEP,2022-05-12,0.59,yahoo
CCEP,2022-11-17,1.11,yahoo
CCEP,2023-05-11,0.74,yahoo
CCEP,2023-11-16,1.23,yahoo
CCEP,2024-05-09,0.79,yahoo
CCEP,2024-11-15,1.34,yahoo
CCEP,2025-05-16,0.9,yahoo
CCEP,2025-11-14,1.43,yahoo
CCEP,2026-05-15,0.96,yahoo
CCI,2021-09-14,1.33,yahoo
CCI,2021-12-14,1.47,yahoo
CCI,2022-03-14,1.47,yahoo
CCI,2022-06-14,1.47,yahoo
CCI,2022-09-14,1.47,yahoo
CCI,2022-12-14,1.565,yahoo
CCI,2023-03-14,1.565,yahoo
CCI,2023-06-14,1.565,yahoo
CCI,2023-09-14,1.565,yahoo
CCI,2023-12-14,1.565,yahoo
CCI,2024-03-14,1.565,yahoo
CCI,2024-06-14,1.565,yahoo
CCI,2024-09-13,1.565,yahoo
CCI,2024-12-13,1.565,yahoo
CCI,2025-03-14,1.565,yahoo
CCI,2025-06-13,1.063,yahoo
CCI,2025-09-15,1.063,yahoo
CCI,2025-12-15,1.063,yahoo
CCI,2026-03-13,1.063,yahoo
CCI,2026-06-15,1.063,yahoo
CCJ,2021-11-29,0.063,yahoo
CCJ,2022-11-29,0.089,yahoo
CCJ,2023-11-29,0.088,yahoo
CCJ,2024-11-27,0.114,yahoo
CCJ,2025-12-01,0.172,yahoo
CCK,2021-11-10,0.2,yahoo
CCK,2022-03-09,0.22,yahoo
CCK,2022-05-11,0.22,yahoo
CCK,2022-08-10,0.22,yahoo
CCK,2022-11-09,0.22,yahoo
CCK,2023-03-08,0.24,yahoo
CCK,2023-05-10,0.24,yahoo
CCK,2023-08-09,0.24,yahoo
CCK,2023-11-07,0.24,yahoo
CCK,2024-03-13,0.25,yahoo
CCK,2024-06-13,0.25,yahoo
CCK,2024-08-15,0.25,yahoo
CCK,2024-11-14,0.25,yahoo
CCK,2025-03-18,0.26,yahoo
CCK,2025-05-15,0.26,yahoo
CCK,2025-08-07,0.26,yahoo
CCK,2025-11-06,0.26,yahoo
CCK,2026-03-17,0.35,yahoo
CCK,2026-05-14,0.35,yahoo
CCK,2026-08-06,0.35,yahoo
CCL,2026-02-13,0.15,yahoo
CCL,2026-05-18,0.15,yahoo
CCL,2026-08-07,0.15,yahoo
CDE,2026-05-22,0.02,yahoo
CDW,2021-11-23,0.5,yahoo
CDW,2022-02-24,0.5,yahoo
CDW,2022-05-24,0.5,yahoo
CDW,2022-08-24,0.5,yahoo
CDW,2022-11-23,0.59,yahoo
CDW,2023-02-23,0.59,yahoo
CDW,2023-05-24,0.59,yahoo
CDW,2023-08-24,0.59,yahoo
CDW,2023-11-22,0.62,yahoo
CDW,2024-02-23,0.62,yahoo
CDW,2024-05-23,0.62,yahoo
CDW,2024-08-26,0.62,yahoo
CDW,2024-11-25,0.625,yahoo
CDW,2025-02-25,0.625,yahoo
CDW,2025-05-23,0.625,yahoo
CDW,2025-08-25,0.625,yahoo
CDW,2025-11-25,0.63,yahoo
CDW,2026-02-25,0.63,yahoo
CDW,2026-05-22,0.63,yahoo
CDW,2026-08-25,0.63,yahoo
CE,2021-10-29,0.68,yahoo
CE,2022-02-18,0.68,yahoo
CE,2022-04-27,0.68,yahoo
CE,2022-07-22,0.68,yahoo
CE,2022-10-28,0.7,yahoo
CE,2023-02-17,0.7,yahoo
CE,2023-04-28,0.7,yahoo
CE,2023-07-28,0.7,yahoo
CE,2023-10-27,0.7,yahoo
CE,2024-02-16,0.7,yahoo
CE,2024-04-26,0.7,yahoo
CE,2024-07-30,0.7,yahoo
CE,2024-10-30,0.7,yahoo
CE,2025-02-25,0.03,yahoo
CE,2025-04-28,0.03,yahoo
CE,2025-07-29,0.03,yahoo
CE,2025-10-28,0.03,yahoo
CE,2026-02-24,0.03,yahoo
CE,2026-04-27,0.03,yahoo
CE,2026-07-28,0.03,yahoo
CEG,2022-02-24,0.141,yahoo
CEG,2022-05-12,0.141,yahoo
CEG,2022-08-12,0.141,yahoo
CEG,2022-11-14,0.141,yahoo
CEG,2023-02-24,0.282,yahoo
CEG,2023-05-11,0.282,yahoo
CEG,2023-08-11,0.282,yahoo
CEG,2023-11-16,0.282,yahoo
CEG,2024-03-07,0.353,yahoo
CEG,2024-05-29,0.353,yahoo
CEG,2024-08-12,0.353,yahoo
CEG,2024-11-15,0.353,yahoo
CEG,2025-03-07,0.388,yahoo
CEG,2025-05-16,0.388,yahoo
CEG,2025-08-18,0.388,yahoo
CEG,2025-11-17,0.388,yahoo
CEG,2026-03-09,0.427,yahoo
CEG,2026-05-15,0.427,yahoo
CEG,2026-08-18,0.427,yahoo
CF,2021-11-12,0.3,yahoo
CF,2022-02-14,0.3,yahoo
CF,2022-05-13,0.4,yahoo
CF,2022-08-12,0.4,yahoo
CF,2022-11-14,0.4,yahoo
CF,2023-02-14,0.4,yahoo
CF,2023-05-12,0.4,yahoo
CF,2023-08-14,0.4,yahoo
CF,2023-11-14,0.4,yahoo
CF,2024-02-14,0.5,yahoo
CF,2024-05-14,0.5,yahoo
CF,2024-08-15,0.5,yahoo
CF,2024-11-15,0.5,yahoo
CF,2025-02-14,0.5,yahoo
CF,2025-05-15,0.5,yahoo
CF,2025-08-15,0.5,yahoo
CF,2025-11-14,0.5,yahoo
CF,2026-02-13,0.5,yahoo
CF,2026-05-15,0.5,yahoo
CF,2026-08-14,0.6,yahoo
CFG,2021-10-28,0.39,yahoo
CFG,2022-01-28,0.39,yahoo
CFG,2022-05-02,0.39,yahoo
CFG,2022-08-01,0.42,yahoo
CFG,2022-11-01,0.42,yahoo
CFG,2023-01-30,0.42,yahoo
CFG,2023-05-02,0.42,yahoo
CFG,2023-08-01,0.42,yahoo
CFG,2023-10-31,0.42,yahoo
CFG,2024-01-30,0.42,yahoo
CFG,2024-04-30,0.42,yahoo
CFG,2024-07-31,0.42,yahoo
CFG,2024-10-30,0.42,yahoo
CFG,2025-01-31,0.42,yahoo
CFG,2025-04-30,0.42,yahoo
CFG,2025-07-31,0.42,yahoo
CFG,2025-10-29,0.46,yahoo
CFG,2026-02-04,0.46,yahoo
CFG,2026-04-30,0.46,yahoo
CFG,2026-07-30,0.46,yahoo
CFR,2021-11-29,0.75,yahoo
CFR,2022-02-25,0.75,yahoo
CFR,2022-05-27,0.75,yahoo
CFR,2022-08-30,0.87,yahoo
CFR,2022-11-29,0.87,yahoo
CFR,2023-02-27,0.87,yahoo
CFR,2023-05-30,0.87,yahoo
CFR,2023-08-30,0.92,yahoo
CFR,2023-11-29,0.92,yahoo
CFR,2024-02-28,0.92,yahoo
CFR,2024-05-31,0.92,yahoo
CFR,2024-08-30,0.95,yahoo
CFR,2024-11-29,0.95,yahoo
CFR,2025-02-28,0.95,yahoo
CFR,2025-05-30,1,yahoo
CFR,2025-08-29,1,yahoo
CFR,2025-11-28,1,yahoo
CFR,2026-02-27,1,yahoo
CFR,2026-05-29,1.03,yahoo
CFR,2026-08-31,1.03,yahoo
CG,2021-11-08,0.25,yahoo
CG,2022-02-14,0.25,yahoo
CG,2022-05-09,0.325,yahoo
CG,2022-08-08,0.325,yahoo
CG,2022-11-17,0.325,yahoo
CG,2023-02-21,0.325,yahoo
CG,2023-05-15,0.35,yahoo
CG,2023-08-14,0.35,yahoo
CG,2023-11-20,0.35,yahoo
CG,2024-02-22,0.35,yahoo
CG,2024-05-13,0.35,yahoo
CG,2024-08-16,0.35,yahoo
CG,2024-11-18,0.35,yahoo
CG,2025-02-21,0.35,yahoo
CG,2025-05-19,0.35,yahoo
CG,2025-08-18,0.35,yahoo
CG,2025-11-10,0.35,yahoo
CG,2026-02-13,0.35,yahoo
CG,2026-05-18,0.35,yahoo
CG,2026-08-17,0.35,yahoo
CGNX,2021-11-18,0.065,yahoo
CGNX,2022-03-03,0.065,yahoo
CGNX,2022-05-19,0.065,yahoo
CGNX,2022-08-18,0.065,yahoo
CGNX,2022-11-17,0.07,yahoo
CGNX,2023-03-02,0.07,yahoo
CGNX,2023-05-18,0.07,yahoo
CGNX,2023-08-17,0.07,yahoo
CGNX,2023-11-16,0.075,yahoo
CGNX,2024-02-28,0.075,yahoo
CGNX,2024-05-15,0.075,yahoo
CGNX,2024-08-15,0.075,yahoo
CGNX,2024-11-14,0.08,yahoo
CGNX,2025-02-27,0.08,yahoo
CGNX,2025-05-15,0.08,yahoo
CGNX,2025-08-14,0.08,yahoo
CGNX,2025-11-13,0.085,yahoo
CGNX,2026-02-26,0.085,yahoo
CGNX,2026-05-21,0.085,yahoo
CGNX,2026-08-20,0.085,yahoo
CHD,2021-11-12,0.253,yahoo
CHD,2022-02-14,0.263,yahoo
CHD,2022-05-13,0.263,yahoo
CHD,2022-08-12,0.263,yahoo
CHD,2022-11-14,0.263,yahoo
CHD,2023-02-14,0.273,yahoo
CHD,2023-05-12,0.273,yahoo
CHD,2023-08-14,0.273,yahoo
CHD,2023-11-14,0.273,yahoo
CHD,2024-02-14,0.284,yahoo
CHD,2024-05-14,0.284,yahoo
CHD,2024-08-15,0.284,yahoo
CHD,2024-11-15,0.284,yahoo
CHD,2025-02-14,0.295,yahoo
CHD,2025-05-15,0.295,yahoo
CHD,2025-08-15,0.295,yahoo
CHD,2025-11-14,0.295,yahoo
CHD,2026-02-13,0.308,yahoo
CHD,2026-05-15,0.308,yahoo
CHD,2026-08-14,0.308,yahoo
CHDN,2021-12-02,0.3335,yahoo
CHDN,2022-12-01,0.357,yahoo
CHDN,2023-11-30,0.382,yahoo
CHDN,2024-12-06,0.409,yahoo
CHDN,2025-12-05,0.438,yahoo
CHE,2021-11-12,0.36,yahoo
CHE,2022-02-25,0.36,yahoo
CHE,2022-05-25,0.36,yahoo
CHE,2022-08-12,0.38,yahoo
CHE,2022-11-10,0.38,yahoo
CHE,2023-02-24,0.38,yahoo
CHE,2023-05-24,0.38,yahoo
CHE,2023-08-11,0.4,yahoo
CHE,2023-11-10,0.4,yahoo
CHE,2024-02-23,0.4,yahoo
CHE,2024-05-30,0.4,yahoo
CHE,2024-08-12,0.5,yahoo
CHE,2024-11-18,0.5,yahoo
CHE,2025-02-24,0.5,yahoo
CHE,2025-05-29,0.5,yahoo
CHE,2025-08-11,0.6,yahoo
CHE,2025-11-17,0.6,yahoo
CHE,2026-02-23,0.6,yahoo
CHE,2026-05-28,0.6,yahoo
CHE,2026-08-17,0.7,yahoo
CHRD,2021-11-12,0.5,yahoo
CHRD,2022-02-17,0.585,yahoo
CHRD,2022-03-18,3,yahoo
CHRD,2022-05-19,0.585,yahoo
CHRD,2022-05-31,2.94,yahoo
CHRD,2022-07-01,15,yahoo
CHRD,2022-08-15,1.25,yahoo
CHRD,2022-11-14,3.67,yahoo
CHRD,2023-03-06,4.8,yahoo
CHRD,2023-05-15,3.22,yahoo
CHRD,2023-08-14,1.36,yahoo
CHRD,2023-11-13,2.5,yahoo
CHRD,2024-03-04,3.25,yahoo
CHRD,2024-05-21,2.94,yahoo
CHRD,2024-08-21,2.52,yahoo
CHRD,2024-11-27,1.44,yahoo
CHRD,2025-03-11,1.3,yahoo
CHRD,2025-05-21,1.3,yahoo
CHRD,2025-08-21,1.3,yahoo
CHRD,2025-11-19,1.3,yahoo
CHRD,2026-03-12,1.3,yahoo
CHRD,2026-05-20,1.3,yahoo
CHRD,2026-08-20,1.3,yahoo
CHRW,2021-09-02,0.51,yahoo
CHRW,2021-12-14,0.55,yahoo
CHRW,2022-03-03,0.55,yahoo
CHRW,2022-06-02,0.55,yahoo
CHRW,2022-09-01,0.55,yahoo
CHRW,2022-12-01,0.61,yahoo
CHRW,2023-03-02,0.61,yahoo
CHRW,2023-06-01,0.61,yahoo
CHRW,2023-08-31,0.61,yahoo
CHRW,2023-11-30,0.61,yahoo
CHRW,2024-02-29,0.61,yahoo
CHRW,2024-06-07,0.61,yahoo
CHRW,2024-09-06,0.62,yahoo
CHRW,2024-12-06,0.62,yahoo
CHRW,2025-03-07,0.62,yahoo
CHRW,2025-06-06,0.62,yahoo
CHRW,2025-09-05,0.62,yahoo
CHRW,2025-12-05,0.63,yahoo
CHRW,2026-03-06,0.63,yahoo
CHRW,2026-06-05,0.63,yahoo
CHRW,2026-09-04,0.63,yahoo
CI,2021-09-07,1,yahoo
CI,2021-12-06,1,yahoo
CI,2022-03-08,1.12,yahoo
CI,2022-06-07,1.12,yahoo
CI,2022-09-06,1.12,yahoo
CI,2022-12-05,1.12,yahoo
CI,2023-03-07,1.23,yahoo
CI,2023-06-06,1.23,yahoo
CI,2023-09-05,1.23,yahoo
CI,2023-12-05,1.23,yahoo
CI,2024-03-05,1.4,yahoo
CI,2024-06-04,1.4,yahoo
CI,2024-09-04,1.4,yahoo
CI,2024-12-04,1.4,yahoo
CI,2025-03-05,1.51,yahoo
CI,2025-06-03,1.51,yahoo
CI,2025-09-04,1.51,yahoo
CI,2025-12-04,1.51,yahoo
CI,2026-03-05,1.56,yahoo
CI,2026-06-04,1.56,yahoo
CI,2026-09-08,1.56,yahoo
CIBR,2021-12-23,0.281,yahoo
CIBR,2022-03-25,0.02,yahoo
CIBR,2022-06-24,0.003,yahoo
CIBR,2022-12-23,0.095,yahoo
CIBR,2023-06-27,0.053,yahoo
CIBR,2023-09-22,0.009,yahoo
CIBR,2023-12-22,0.166,yahoo
CIBR,2024-03-21,0.024,yahoo
CIBR,2024-06-27,0.066,yahoo
CIBR,2024-09-26,0.011,yahoo
CIBR,2024-12-13,0.081,yahoo
CIBR,2025-03-27,0.004,yahoo
CIBR,2025-06-26,0.09,yahoo
CIBR,2025-09-25,0.001,yahoo
CIBR,2025-12-12,0.208,yahoo
CIBR,2026-03-26,0.11,yahoo
CIBR,2026-06-25,0.072,yahoo
CINF,2021-09-15,0.63,yahoo
CINF,2021-12-15,0.63,yahoo
CINF,2022-03-17,0.69,yahoo
CINF,2022-06-16,0.69,yahoo
CINF,2022-09-15,0.69,yahoo
CINF,2022-12-15,0.69,yahoo
CINF,2023-03-16,0.75,yahoo
CINF,2023-06-15,0.75,yahoo
CINF,2023-09-15,0.75,yahoo
CINF,2023-12-18,0.75,yahoo
CINF,2024-03-18,0.81,yahoo
CINF,2024-06-18,0.81,yahoo
CINF,2024-09-17,0.81,yahoo
CINF,2024-12-19,0.81,yahoo
CINF,2025-03-24,0.87,yahoo
CINF,2025-06-23,0.87,yahoo
CINF,2025-09-22,0.87,yahoo
CINF,2025-12-22,0.87,yahoo
CINF,2026-03-24,0.94,yahoo
CINF,2026-06-23,0.94,yahoo
CL,2021-10-20,0.45,yahoo
CL,2022-01-21,0.45,yahoo
CL,2022-04-20,0.47,yahoo
CL,2022-07-20,0.47,yahoo
CL,2022-10-20,0.47,yahoo
CL,2023-01-20,0.47,yahoo
CL,2023-04-20,0.48,yahoo
CL,2023-07-20,0.48,yahoo
CL,2023-10-20,0.48,yahoo
CL,2024-01-19,0.48,yahoo
CL,2024-04-19,0.5,yahoo
CL,2024-07-19,0.5,yahoo
CL,2024-10-18,0.5,yahoo
CL,2025-01-21,0.5,yahoo
CL,2025-04-17,0.52,yahoo
CL,2025-07-18,0.52,yahoo
CL,2025-10-17,0.52,yahoo
CL,2026-01-21,0.52,yahoo
CL,2026-04-20,0.53,yahoo
CL,2026-07-20,0.53,yahoo
CLX,2021-10-26,1.16,yahoo
CLX,2022-01-25,1.16,yahoo
CLX,2022-04-26,1.16,yahoo
CLX,2022-07-26,1.18,yahoo
CLX,2022-10-25,1.18,yahoo
CLX,2023-01-24,1.18,yahoo
CLX,2023-04-25,1.18,yahoo
CLX,2023-08-08,1.2,yahoo
CLX,2023-10-24,1.2,yahoo
CLX,2024-01-23,1.2,yahoo
CLX,2024-04-23,1.2,yahoo
CLX,2024-08-14,1.22,yahoo
CLX,2024-10-23,1.22,yahoo
CLX,2025-01-29,1.22,yahoo
CLX,2025-04-23,1.22,yahoo
CLX,2025-08-13,1.24,yahoo
CLX,2025-10-22,1.24,yahoo
CLX,2026-01-28,1.24,yahoo
CLX,2026-04-22,1.24,yahoo
CLX,2026-08-12,1.25,yahoo
CM,2021-09-27,0.577,yahoo
CM,2022-03-25,0.643,yahoo
CM,2022-06-27,0.644,yahoo
CM,2022-09-27,0.604,yahoo
CM,2022-12-23,0.623,yahoo
CM,2023-03-27,0.618,yahoo
CM,2023-06-27,0.662,yahoo
CM,2023-09-27,0.644,yahoo
CM,2023-12-27,0.682,yahoo
CM,2024-03-27,0.663,yahoo
CM,2024-06-28,0.657,yahoo
CM,2024-09-27,0.668,yahoo
CM,2024-12-27,0.673,yahoo
CM,2025-03-28,0.678,yahoo
CM,2025-06-27,0.711,yahoo
CM,2026-03-27,0.772,yahoo
CM,2026-06-29,0.754,yahoo
CMC,2021-10-26,0.14,yahoo
CMC,2022-01-19,0.14,yahoo
CMC,2022-03-29,0.14,yahoo
CMC,2022-06-28,0.14,yahoo
CMC,2022-10-26,0.16,yahoo
CMC,2023-01-18,0.16,yahoo
CMC,2023-03-31,0.16,yahoo
CMC,2023-06-30,0.16,yahoo
CMC,2023-10-25,0.16,yahoo
CMC,2024-01-17,0.16,yahoo
CMC,2024-03-28,0.18,yahoo
CMC,2024-07-01,0.18,yahoo
CMC,2024-10-31,0.18,yahoo
CMC,2025-01-16,0.18,yahoo
CMC,2025-03-31,0.18,yahoo
CMC,2025-06-30,0.18,yahoo
CMC,2025-10-30,0.18,yahoo
CMC,2026-01-16,0.18,yahoo
CMC,2026-04-06,0.2,yahoo
CMC,2026-07-06,0.2,yahoo
CMCSA,2021-10-05,0.234302,yahoo
CMCSA,2022-01-04,0.234302,yahoo
CMCSA,2022-04-05,0.253046,yahoo
CMCSA,2022-07-05,0.253046,yahoo
CMCSA,2022-10-04,0.253046,yahoo
CMCSA,2023-01-03,0.253046,yahoo
CMCSA,2023-04-04,0.27179,yahoo
CMCSA,2023-07-03,0.27179,yahoo
CMCSA,2023-10-03,0.27179,yahoo
CMCSA,2024-01-02,0.27179,yahoo
CMCSA,2024-04-02,0.290534,yahoo
CMCSA,2024-07-03,0.290534,yahoo
CMCSA,2024-10-02,0.290534,yahoo
CMCSA,2025-01-08,0.290534,yahoo
CMCSA,2025-04-02,0.309278,yahoo
CMCSA,2025-07-02,0.309278,yahoo
CMCSA,2025-10-01,0.309278,yahoo
CMCSA,2026-01-14,0.33,yahoo
CMCSA,2026-04-01,0.33,yahoo
CMCSA,2026-07-01,0.33,yahoo
CME,2021-09-09,0.9,yahoo
CME,2021-12-09,0.9,yahoo
CME,2021-12-27,3.25,yahoo
CME,2022-03-09,1,yahoo
CME,2022-06-09,1,yahoo
CME,2022-09-08,1,yahoo
CME,2022-12-08,1,yahoo
CME,2022-12-27,4.5,yahoo
CME,2023-03-09,1.1,yahoo
CME,2023-06-08,1.1,yahoo
CME,2023-09-07,1.1,yahoo
CME,2023-12-07,1.1,yahoo
CME,2023-12-27,5.25,yahoo
CME,2024-03-07,1.15,yahoo
CME,2024-06-07,1.15,yahoo
CME,2024-09-09,1.15,yahoo
CME,2024-12-09,1.15,yahoo
CME,2024-12-27,5.8,yahoo
CME,2025-03-07,1.25,yahoo
CME,2025-06-09,1.25,yahoo
CME,2025-09-09,1.25,yahoo
CME,2025-12-12,1.25,yahoo
CME,2026-03-10,7.45,yahoo
CME,2026-06-09,1.3,yahoo
CME,2026-09-09,1.3,yahoo
CMI,2021-11-18,1.45,yahoo
CMI,2022-02-17,1.45,yahoo
CMI,2022-05-19,1.45,yahoo
CMI,2022-08-18,1.57,yahoo
CMI,2022-11-17,1.57,yahoo
CMI,2023-02-23,1.57,yahoo
CMI,2023-05-18,1.57,yahoo
CMI,2023-08-24,1.68,yahoo
CMI,2023-11-22,1.68,yahoo
CMI,2024-02-22,1.68,yahoo
CMI,2024-05-23,1.68,yahoo
CMI,2024-08-23,1.82,yahoo
CMI,2024-11-22,1.82,yahoo
CMI,2025-02-21,1.82,yahoo
CMI,2025-05-23,1.82,yahoo
CMI,2025-08-22,2,yahoo
CMI,2025-11-21,2,yahoo
CMI,2026-02-20,2,yahoo
CMI,2026-05-22,2,yahoo
CMI,2026-08-21,2.2,yahoo
CMS,2021-11-04,0.435,yahoo
CMS,2022-02-10,0.46,yahoo
CMS,2022-05-05,0.46,yahoo
CMS,2022-08-04,0.46,yahoo
CMS,2022-11-03,0.46,yahoo
CMS,2023-02-10,0.488,yahoo
CMS,2023-05-04,0.488,yahoo
CMS,2023-08-03,0.488,yahoo
CMS,2023-11-02,0.488,yahoo
CMS,2024-02-09,0.515,yahoo
CMS,2024-05-14,0.515,yahoo
CMS,2024-08-02,0.515,yahoo
CMS,2024-11-13,0.515,yahoo
CMS,2025-02-14,0.543,yahoo
CMS,2025-05-09,0.543,yahoo
CMS,2025-08-08,0.543,yahoo
CMS,2025-11-07,0.543,yahoo
CMS,2026-02-17,0.57,yahoo
CMS,2026-05-08,0.57,yahoo
CMS,2026-08-07,0.57,yahoo
CNH,2022-04-19,0.302,yahoo
CNH,2023-04-24,0.396,yahoo
CNH,2024-05-10,0.47,yahoo
CNH,2025-05-21,0.25,yahoo
CNH,2026-05-21,0.1,yahoo
CNI,2021-09-07,0.491,yahoo
CNI,2021-12-08,0.486,yahoo
CNI,2022-03-09,0.568,yahoo
CNI,2022-06-08,0.585,yahoo
CNI,2022-09-07,0.557,yahoo
CNI,2022-12-07,0.537,yahoo
CNI,2023-03-09,0.573,yahoo
CNI,2023-06-08,0.591,yahoo
CNI,2023-09-07,0.579,yahoo
CNI,2023-12-06,0.581,yahoo
CNI,2024-03-06,0.622,yahoo
CNI,2024-06-07,0.618,yahoo
CNI,2024-09-06,0.626,yahoo
CNI,2024-12-09,0.597,yahoo
CNI,2025-03-10,0.617,yahoo
CNI,2025-06-09,0.648,yahoo
CNI,2025-09-08,0.642,yahoo
CNI,2026-03-10,0.674,yahoo
CNI,2026-06-09,0.656,yahoo
CNI,2026-09-08,0.663,yahoo
CNK,2025-03-05,0.08,yahoo
CNK,2025-05-29,0.08,yahoo
CNK,2025-08-27,0.08,yahoo
CNK,2025-11-28,0.09,yahoo
CNK,2026-03-03,0.09,yahoo
CNK,2026-05-28,0.09,yahoo
CNK,2026-08-26,0.09,yahoo
CNP,2021-11-17,0.17,yahoo
CNP,2022-02-16,0.17,yahoo
CNP,2022-05-18,0.17,yahoo
CNP,2022-08-17,0.18,yahoo
CNP,2022-11-16,0.18,yahoo
CNP,2023-02-15,0.19,yahoo
CNP,2023-05-17,0.19,yahoo
CNP,2023-08-16,0.19,yahoo
CNP,2023-11-15,0.2,yahoo
CNP,2024-02-14,0.2,yahoo
CNP,2024-05-15,0.2,yahoo
CNP,2024-08-15,0.2,yahoo
CNP,2024-11-21,0.21,yahoo
CNP,2025-02-20,0.22,yahoo
CNP,2025-05-15,0.22,yahoo
CNP,2025-08-21,0.22,yahoo
CNP,2025-11-20,0.22,yahoo
CNP,2026-02-19,0.23,yahoo
CNP,2026-05-21,0.23,yahoo
CNP,2026-08-20,0.24,yahoo
CNQ,2021-09-16,0.182174,yahoo
CNQ,2021-12-09,0.227228,yahoo
CNQ,2022-03-17,0.289912,yahoo
CNQ,2022-06-16,0.285015,yahoo
CNQ,2022-08-22,0.5775,yahoo
CNQ,2022-09-15,0.285,yahoo
CNQ,2022-12-15,0.314,yahoo
CNQ,2023-03-16,0.327,yahoo
CNQ,2023-06-15,0.338,yahoo
CNQ,2023-09-14,0.332,yahoo
CNQ,2023-12-07,0.368,yahoo
CNQ,2024-03-14,0.39,yahoo
CNQ,2024-06-17,0.382,yahoo
CNQ,2024-09-13,0.387,yahoo
CNQ,2024-12-13,0.39,yahoo
CNQ,2025-03-21,0.41,yahoo
CNQ,2025-06-13,0.432,yahoo
CNQ,2026-03-20,0.455,yahoo
CNQ,2026-06-23,0.442,yahoo
CNQ,2026-09-11,0.452,yahoo
COF,2021-11-12,0.6,yahoo
COF,2022-02-11,0.6,yahoo
COF,2022-05-13,0.6,yahoo
COF,2022-08-05,0.6,yahoo
COF,2022-11-10,0.6,yahoo
COF,2023-02-03,0.6,yahoo
COF,2023-05-12,0.6,yahoo
COF,2023-08-04,0.6,yahoo
COF,2023-11-10,0.6,yahoo
COF,2024-02-09,0.6,yahoo
COF,2024-05-10,0.6,yahoo
COF,2024-08-12,0.6,yahoo
COF,2024-11-14,0.6,yahoo
COF,2025-02-18,0.6,yahoo
COF,2025-05-23,0.6,yahoo
COF,2025-08-15,0.6,yahoo
COF,2025-11-17,0.8,yahoo
COF,2026-02-19,0.8,yahoo
COF,2026-05-19,0.8,yahoo
COF,2026-08-17,0.8,yahoo
COKE,2021-10-21,0.025,yahoo
COKE,2022-01-27,0.025,yahoo
COKE,2022-04-27,0.025,yahoo
COKE,2022-07-28,0.025,yahoo
COKE,2022-10-26,0.025,yahoo
COKE,2023-01-26,0.35,yahoo
COKE,2023-04-27,0.05,yahoo
COKE,2023-07-27,0.05,yahoo
COKE,2023-10-26,0.05,yahoo
COKE,2024-01-25,1.65,yahoo
COKE,2024-04-25,0.05,yahoo
COKE,2024-07-26,0.05,yahoo
COKE,2024-10-25,0.25,yahoo
COKE,2025-01-24,0.25,yahoo
COKE,2025-04-25,0.25,yahoo
COKE,2025-07-25,0.25,yahoo
COKE,2025-10-24,0.25,yahoo
COKE,2026-01-23,0.25,yahoo
COKE,2026-04-24,0.25,yahoo
COKE,2026-07-24,0.25,yahoo
COLB,2021-10-12,0.3,yahoo
COLB,2022-02-01,0.3,yahoo
COLB,2022-05-03,0.3,yahoo
COLB,2022-08-02,0.3,yahoo
COLB,2022-10-14,0.3,yahoo
COLB,2023-02-03,0.3,yahoo
COLB,2023-05-30,0.36,yahoo
COLB,2023-08-24,0.36,yahoo
COLB,2023-11-22,0.36,yahoo
COLB,2024-02-22,0.36,yahoo
COLB,2024-05-23,0.36,yahoo
COLB,2024-08-23,0.36,yahoo
COLB,2024-11-29,0.36,yahoo
COLB,2025-02-28,0.36,yahoo
COLB,2025-05-30,0.36,yahoo
COLB,2025-08-29,0.36,yahoo
COLB,2025-11-28,0.37,yahoo
COLB,2026-02-27,0.37,yahoo
COLB,2026-05-29,0.37,yahoo
COLB,2026-08-28,0.37,yahoo
CONL,2024-02-27,0.109,yahoo
COO,2022-01-20,0.0075,yahoo
COO,2022-07-26,0.0075,yahoo
COO,2023-01-20,0.0075,yahoo
COO,2023-07-26,0.0075,yahoo
COP,2021-10-27,0.46,yahoo
COP,2021-12-31,0.2,yahoo
COP,2022-02-11,0.46,yahoo
COP,2022-03-30,0.3,yahoo
COP,2022-05-16,0.46,yahoo
COP,2022-06-27,0.7,yahoo
COP,2022-08-15,0.46,yahoo
COP,2022-09-28,1.4,yahoo
COP,2022-11-14,0.51,yahoo
COP,2022-12-23,0.7,yahoo
COP,2023-02-13,0.51,yahoo
COP,2023-03-28,0.6,yahoo
COP,2023-05-15,0.51,yahoo
COP,2023-06-26,0.6,yahoo
COP,2023-08-15,0.51,yahoo
COP,2023-09-27,0.6,yahoo
COP,2023-11-13,0.58,yahoo
COP,2024-02-15,0.78,yahoo
COP,2024-05-10,0.78,yahoo
COP,2024-08-12,0.78,yahoo
COP,2024-11-08,0.78,yahoo
COP,2025-02-14,0.78,yahoo
COP,2025-05-19,0.78,yahoo
COP,2025-08-18,0.78,yahoo
COP,2025-11-17,0.84,yahoo
COP,2026-02-18,0.84,yahoo
COP,2026-05-11,0.84,yahoo
COP,2026-08-17,0.84,yahoo
COPX,2021-12-30,0.385,yahoo
COPX,2022-06-29,0.718,yahoo
COPX,2022-12-29,0.395,yahoo
COPX,2023-06-29,0.505,yahoo
COPX,2023-12-28,0.391,yahoo
COPX,2024-06-27,0.159,yahoo
COPX,2024-12-30,0.53,yahoo
COPX,2025-06-27,0.25,yahoo
COPX,2025-12-30,1.672,yahoo
COPX,2026-06-29,0.258,yahoo
COR,2021-09-29,1.27,yahoo
COR,2021-11-12,0.46,yahoo
COR,2021-12-01,1.27,yahoo
COR,2022-02-11,0.46,yahoo
COR,2022-05-13,0.46,yahoo
COR,2022-08-12,0.46,yahoo
COR,2022-11-10,0.485,yahoo
COR,2023-02-09,0.485,yahoo
COR,2023-05-11,0.485,yahoo
COR,2023-08-10,0.485,yahoo
COR,2023-11-10,0.51,yahoo
COR,2024-02-08,0.51,yahoo
COR,2024-05-09,0.51,yahoo
COR,2024-08-09,0.51,yahoo
COR,2024-11-15,0.55,yahoo
COR,2025-02-14,0.55,yahoo
COR,2025-05-16,0.55,yahoo
COR,2025-08-15,0.55,yahoo
COR,2025-11-14,0.6,yahoo
COR,2026-02-13,0.6,yahoo
COR,2026-05-15,0.6,yahoo
COR,2026-08-14,0.6,yahoo
COST,2021-10-28,0.79,yahoo
COST,2022-02-03,0.79,yahoo
COST,2022-04-28,0.9,yahoo
COST,2022-07-28,0.9,yahoo
COST,2022-10-27,0.9,yahoo
COST,2023-02-02,0.9,yahoo
COST,2023-05-04,1.02,yahoo
COST,2023-08-24,1.02,yahoo
COST,2023-11-02,1.02,yahoo
COST,2023-12-27,15,yahoo
COST,2024-02-01,1.02,yahoo
COST,2024-04-25,1.16,yahoo
COST,2024-07-26,1.16,yahoo
COST,2024-11-01,1.16,yahoo
COST,2025-02-07,1.16,yahoo
COST,2025-05-02,1.3,yahoo
COST,2025-08-01,1.3,yahoo
COST,2025-10-31,1.3,yahoo
COST,2026-01-30,1.3,yahoo
COST,2026-05-01,1.47,yahoo
COST,2026-07-24,1.47,yahoo
CP,2021-09-23,0.149,yahoo
CP,2021-12-30,0.149,yahoo
CP,2022-03-24,0.151,yahoo
CP,2022-06-23,0.147,yahoo
CP,2022-09-28,0.138,yahoo
CP,2022-09-29,0.14,yahoo
CP,2022-12-29,0.14,yahoo
CP,2023-03-30,0.14,yahoo
CP,2023-06-29,0.143,yahoo
CP,2023-09-28,0.141,yahoo
CP,2023-12-28,0.144,yahoo
CP,2024-03-27,0.14,yahoo
CP,2024-06-28,0.139,yahoo
CP,2024-09-27,0.141,yahoo
CP,2024-12-27,0.132,yahoo
CP,2025-03-28,0.133,yahoo
CP,2025-06-27,0.167,yahoo
CP,2025-09-26,0.164,yahoo
CP,2026-03-27,0.165,yahoo
CP,2026-06-26,0.189,yahoo
CPB,2021-10-06,0.37,yahoo
CPB,2022-01-05,0.37,yahoo
CPB,2022-04-06,0.37,yahoo
CPB,2022-07-06,0.37,yahoo
CPB,2022-10-05,0.37,yahoo
CPB,2023-01-04,0.37,yahoo
CPB,2023-04-05,0.37,yahoo
CPB,2023-07-05,0.37,yahoo
CPB,2023-10-04,0.37,yahoo
CPB,2024-01-03,0.37,yahoo
CPB,2024-04-03,0.37,yahoo
CPB,2024-07-03,0.37,yahoo
CPB,2024-10-03,0.37,yahoo
CPB,2025-01-02,0.39,yahoo
CPB,2025-04-03,0.39,yahoo
CPB,2025-07-03,0.39,yahoo
CPB,2025-10-02,0.39,yahoo
CPB,2026-01-08,0.39,yahoo
CPB,2026-04-02,0.39,yahoo
CPB,2026-07-02,0.39,yahoo
CPT,2021-09-29,0.83,yahoo
CPT,2021-12-15,0.83,yahoo
CPT,2022-03-30,0.94,yahoo
CPT,2022-06-29,0.94,yahoo
CPT,2022-09-29,0.94,yahoo
CPT,2022-12-15,0.94,yahoo
CPT,2023-03-30,1,yahoo
CPT,2023-06-29,1,yahoo
CPT,2023-09-28,1,yahoo
CPT,2023-12-14,1,yahoo
CPT,2024-03-27,1.03,yahoo
CPT,2024-06-28,1.03,yahoo
CPT,2024-09-30,1.03,yahoo
CPT,2024-12-18,1.03,yahoo
CPT,2025-03-31,1.05,yahoo
CPT,2025-06-30,1.05,yahoo
CPT,2025-09-30,1.05,yahoo
CPT,2025-12-17,1.05,yahoo
CPT,2026-03-31,1.06,yahoo
CPT,2026-06-30,1.06,yahoo
CR,2023-05-30,0.18,yahoo
CR,2023-08-30,0.18,yahoo
CR,2023-11-29,0.18,yahoo
CR,2024-02-28,0.205,yahoo
CR,2024-05-31,0.205,yahoo
CR,2024-08-30,0.205,yahoo
CR,2024-11-29,0.205,yahoo
CR,2025-02-28,0.23,yahoo
CR,2025-05-30,0.23,yahoo
CR,2025-08-29,0.23,yahoo
CR,2025-11-28,0.23,yahoo
CR,2026-02-27,0.255,yahoo
CR,2026-05-29,0.255,yahoo
CR,2026-08-31,0.255,yahoo
CRBG,2022-10-06,0.23,yahoo
CRBG,2022-12-15,0.23,yahoo
CRBG,2023-03-16,0.23,yahoo
CRBG,2023-06-15,0.85,yahoo
CRBG,2023-09-14,0.23,yahoo
CRBG,2023-11-10,1.16,yahoo
CRBG,2023-12-14,0.23,yahoo
CRBG,2024-03-14,0.23,yahoo
CRBG,2024-06-14,0.23,yahoo
CRBG,2024-09-16,0.23,yahoo
CRBG,2024-12-17,0.23,yahoo
CRBG,2025-03-17,0.24,yahoo
CRBG,2025-06-16,0.24,yahoo
CRBG,2025-09-16,0.24,yahoo
CRBG,2025-12-17,0.24,yahoo
CRBG,2026-03-17,0.25,yahoo
CRBG,2026-06-16,0.25,yahoo
CRGY,2022-03-17,0.12,yahoo
CRGY,2022-05-23,0.17,yahoo
CRGY,2022-08-22,0.17,yahoo
CRGY,2022-11-22,0.17,yahoo
CRGY,2023-03-17,0.17,yahoo
CRGY,2023-05-23,0.12,yahoo
CRGY,2023-08-22,0.12,yahoo
CRGY,2023-11-17,0.12,yahoo
CRGY,2024-03-14,0.12,yahoo
CRGY,2024-05-20,0.12,yahoo
CRGY,2024-08-19,0.12,yahoo
CRGY,2024-11-18,0.12,yahoo
CRGY,2025-03-12,0.12,yahoo
CRGY,2025-05-19,0.12,yahoo
CRGY,2025-08-18,0.12,yahoo
CRGY,2025-11-17,0.12,yahoo
CRGY,2026-03-11,0.12,yahoo
CRGY,2026-05-18,0.12,yahoo
CRGY,2026-08-17,0.12,yahoo
CRH,2021-09-09,0.23,yahoo
CRH,2022-03-10,1.006,yahoo
CRH,2022-03-16,0.98,yahoo
CRH,2022-09-08,0.24,yahoo
CRH,2023-03-16,1.03,yahoo
CRH,2023-10-19,0.25,yahoo
CRH,2023-12-14,1.08,yahoo
CRH,2024-03-14,0.35,yahoo
CRH,2024-05-23,0.35,yahoo
CRH,2024-08-23,0.35,yahoo
CRH,2024-11-22,0.35,yahoo
CRH,2025-03-14,0.37,yahoo
CRH,2025-05-23,0.37,yahoo
CRH,2026-03-06,0.39,yahoo
CRH,2026-05-15,0.39,yahoo
CRH,2026-08-14,0.39,yahoo
CRM,2024-03-13,0.4,yahoo
CRM,2024-07-09,0.4,yahoo
CRM,2024-09-18,0.4,yahoo
CRM,2024-12-18,0.4,yahoo
CRM,2025-04-10,0.416,yahoo
CRM,2025-06-18,0.416,yahoo
CRM,2025-09-17,0.416,yahoo
CRM,2025-12-18,0.416,yahoo
CRM,2026-04-09,0.44,yahoo
CRM,2026-06-11,0.44,yahoo
CRS,2021-10-25,0.2,yahoo
CRS,2022-01-31,0.2,yahoo
CRS,2022-05-02,0.2,yahoo
CRS,2022-08-22,0.2,yahoo
CRS,2022-10-24,0.2,yahoo
CRS,2023-01-30,0.2,yahoo
CRS,2023-05-01,0.2,yahoo
CRS,2023-08-21,0.2,yahoo
CRS,2023-10-23,0.2,yahoo
CRS,2024-01-29,0.2,yahoo
CRS,2024-04-22,0.2,yahoo
CRS,2024-08-27,0.2,yahoo
CRS,2024-10-22,0.2,yahoo
CRS,2025-01-28,0.2,yahoo
CRS,2025-04-22,0.2,yahoo
CRS,2025-08-26,0.2,yahoo
CRS,2025-10-21,0.2,yahoo
CRS,2026-01-27,0.2,yahoo
CRS,2026-04-28,0.2,yahoo
CRS,2026-08-25,0.2,yahoo
CSCO,2021-10-04,0.37,yahoo
CSCO,2022-01-04,0.37,yahoo
CSCO,2022-04-05,0.38,yahoo
CSCO,2022-07-05,0.38,yahoo
CSCO,2022-10-04,0.38,yahoo
CSCO,2023-01-04,0.38,yahoo
CSCO,2023-04-04,0.39,yahoo
CSCO,2023-07-05,0.39,yahoo
CSCO,2023-10-03,0.39,yahoo
CSCO,2024-01-03,0.39,yahoo
CSCO,2024-04-03,0.4,yahoo
CSCO,2024-07-05,0.4,yahoo
CSCO,2024-10-02,0.4,yahoo
CSCO,2025-01-03,0.4,yahoo
CSCO,2025-04-03,0.41,yahoo
CSCO,2025-07-03,0.41,yahoo
CSCO,2025-10-03,0.41,yahoo
CSCO,2026-01-02,0.41,yahoo
CSCO,2026-04-02,0.42,yahoo
CSCO,2026-07-06,0.42,yahoo
CSL,2021-11-16,0.54,yahoo
CSL,2022-02-17,0.54,yahoo
CSL,2022-05-16,0.54,yahoo
CSL,2022-08-17,0.75,yahoo
CSL,2022-11-16,0.75,yahoo
CSL,2023-02-16,0.75,yahoo
CSL,2023-05-16,0.75,yahoo
CSL,2023-08-16,0.85,yahoo
CSL,2023-11-14,0.85,yahoo
CSL,2024-02-15,0.85,yahoo
CSL,2024-05-17,0.85,yahoo
CSL,2024-08-20,1,yahoo
CSL,2024-11-15,1,yahoo
CSL,2025-02-18,1,yahoo
CSL,2025-05-19,1,yahoo
CSL,2025-08-19,1.1,yahoo
CSL,2025-11-14,1.1,yahoo
CSL,2026-02-17,1.1,yahoo
CSL,2026-05-18,1.1,yahoo
CSL,2026-08-19,1.25,yahoo
CSX,2021-11-29,0.093,yahoo
CSX,2022-02-25,0.1,yahoo
CSX,2022-05-27,0.1,yahoo
CSX,2022-08-30,0.1,yahoo
CSX,2022-11-29,0.1,yahoo
CSX,2023-02-27,0.11,yahoo
CSX,2023-05-30,0.11,yahoo
CSX,2023-08-30,0.11,yahoo
CSX,2023-11-29,0.11,yahoo
CSX,2024-02-28,0.12,yahoo
CSX,2024-05-31,0.12,yahoo
CSX,2024-08-30,0.12,yahoo
CSX,2024-11-29,0.12,yahoo
CSX,2025-02-28,0.13,yahoo
CSX,2025-05-30,0.13,yahoo
CSX,2025-08-29,0.13,yahoo
CSX,2025-11-28,0.13,yahoo
CSX,2026-02-27,0.14,yahoo
CSX,2026-05-29,0.14,yahoo
CSX,2026-08-31,0.14,yahoo
CTAS,2021-11-12,0.2375,yahoo
CTAS,2022-02-14,0.2375,yahoo
CTAS,2022-05-13,0.2375,yahoo
CTAS,2022-08-12,0.2875,yahoo
CTAS,2022-11-14,0.2875,yahoo
CTAS,2023-02-14,0.2875,yahoo
CTAS,2023-05-12,0.2875,yahoo
CTAS,2023-08-14,0.3375,yahoo
CTAS,2023-11-14,0.3375,yahoo
CTAS,2024-02-14,0.3375,yahoo
CTAS,2024-05-14,0.3375,yahoo
CTAS,2024-08-15,0.39,yahoo
CTAS,2024-11-15,0.39,yahoo
CTAS,2025-02-14,0.39,yahoo
CTAS,2025-05-15,0.39,yahoo
CTAS,2025-08-15,0.45,yahoo
CTAS,2025-11-14,0.45,yahoo
CTAS,2026-02-13,0.45,yahoo
CTAS,2026-05-15,0.45,yahoo
CTAS,2026-08-14,0.52,yahoo
CTRE,2021-09-29,0.265,yahoo
CTRE,2021-12-30,0.265,yahoo
CTRE,2022-03-30,0.275,yahoo
CTRE,2022-06-29,0.275,yahoo
CTRE,2022-09-29,0.275,yahoo
CTRE,2022-12-29,0.275,yahoo
CTRE,2023-03-30,0.28,yahoo
CTRE,2023-06-29,0.28,yahoo
CTRE,2023-09-28,0.28,yahoo
CTRE,2023-12-28,0.28,yahoo
CTRE,2024-03-27,0.29,yahoo
CTRE,2024-06-28,0.29,yahoo
CTRE,2024-09-30,0.29,yahoo
CTRE,2024-12-31,0.29,yahoo
CTRE,2025-03-31,0.335,yahoo
CTRE,2025-06-30,0.335,yahoo
CTRE,2025-09-30,0.335,yahoo
CTRE,2025-12-31,0.335,yahoo
CTRE,2026-03-31,0.39,yahoo
CTRE,2026-06-30,0.39,yahoo
CTSH,2021-11-18,0.24,yahoo
CTSH,2022-02-17,0.27,yahoo
CTSH,2022-05-19,0.27,yahoo
CTSH,2022-08-18,0.27,yahoo
CTSH,2022-11-17,0.27,yahoo
CTSH,2023-02-16,0.29,yahoo
CTSH,2023-05-18,0.29,yahoo
CTSH,2023-08-18,0.29,yahoo
CTSH,2023-11-20,0.29,yahoo
CTSH,2024-02-16,0.3,yahoo
CTSH,2024-05-17,0.3,yahoo
CTSH,2024-08-20,0.3,yahoo
CTSH,2024-11-19,0.3,yahoo
CTSH,2025-02-18,0.31,yahoo
CTSH,2025-05-19,0.31,yahoo
CTSH,2025-08-18,0.31,yahoo
CTSH,2025-11-18,0.31,yahoo
CTSH,2026-02-18,0.33,yahoo
CTSH,2026-05-18,0.33,yahoo
CTSH,2026-08-18,0.33,yahoo
CTVA,2021-11-10,0.14,yahoo
CTVA,2022-02-28,0.14,yahoo
CTVA,2022-05-12,0.14,yahoo
CTVA,2022-08-11,0.15,yahoo
CTVA,2022-11-10,0.15,yahoo
CTVA,2023-02-28,0.15,yahoo
CTVA,2023-05-31,0.15,yahoo
CTVA,2023-08-31,0.16,yahoo
CTVA,2023-11-30,0.16,yahoo
CTVA,2024-02-29,0.16,yahoo
CTVA,2024-06-04,0.16,yahoo
CTVA,2024-09-03,0.17,yahoo
CTVA,2024-12-02,0.17,yahoo
CTVA,2025-03-03,0.17,yahoo
CTVA,2025-06-02,0.17,yahoo
CTVA,2025-09-02,0.18,yahoo
CTVA,2025-12-01,0.18,yahoo
CTVA,2026-03-02,0.18,yahoo
CTVA,2026-06-01,0.18,yahoo
CTVA,2026-09-01,0.18,yahoo
CUBE,2021-09-30,0.34,yahoo
CUBE,2021-12-31,0.43,yahoo
CUBE,2022-03-31,0.43,yahoo
CUBE,2022-06-30,0.43,yahoo
CUBE,2022-09-30,0.43,yahoo
CUBE,2022-12-30,0.49,yahoo
CUBE,2023-03-31,0.49,yahoo
CUBE,2023-06-30,0.49,yahoo
CUBE,2023-09-29,0.49,yahoo
CUBE,2023-12-29,0.51,yahoo
CUBE,2024-03-28,0.51,yahoo
CUBE,2024-07-01,0.51,yahoo
CUBE,2024-10-01,0.51,yahoo
CUBE,2025-01-02,0.52,yahoo
CUBE,2025-04-01,0.52,yahoo
CUBE,2025-07-01,0.52,yahoo
CUBE,2025-10-01,0.52,yahoo
CUBE,2026-01-02,0.53,yahoo
CUBE,2026-04-01,0.53,yahoo
CUBE,2026-07-01,0.53,yahoo
CVE,2021-09-14,0.014,yahoo
CVE,2021-12-14,0.027,yahoo
CVE,2022-03-14,0.027,yahoo
CVE,2022-06-14,0.081,yahoo
CVE,2022-09-14,0.08,yahoo
CVE,2022-11-17,0.086,yahoo
CVE,2022-12-14,0.078,yahoo
CVE,2023-03-14,0.076,yahoo
CVE,2023-06-14,0.105,yahoo
CVE,2023-09-14,0.103,yahoo
CVE,2023-12-14,0.104,yahoo
CVE,2024-03-14,0.104,yahoo
CVE,2024-05-16,0.099,yahoo
CVE,2024-06-14,0.131,yahoo
CVE,2024-09-13,0.133,yahoo
CVE,2024-12-13,0.127,yahoo
CVE,2025-03-14,0.125,yahoo
CVE,2025-06-13,0.147,yahoo
CVE,2026-03-13,0.147,yahoo
CVE,2026-06-15,0.157,yahoo
CVS,2021-10-21,0.5,yahoo
CVS,2022-01-20,0.55,yahoo
CVS,2022-04-21,0.55,yahoo
CVS,2022-07-21,0.55,yahoo
CVS,2022-10-20,0.55,yahoo
CVS,2023-01-19,0.605,yahoo
CVS,2023-04-20,0.605,yahoo
CVS,2023-07-20,0.605,yahoo
CVS,2023-10-19,0.605,yahoo
CVS,2024-01-19,0.665,yahoo
CVS,2024-04-19,0.665,yahoo
CVS,2024-07-22,0.665,yahoo
CVS,2024-10-21,0.665,yahoo
CVS,2025-01-23,0.665,yahoo
CVS,2025-04-22,0.665,yahoo
CVS,2025-07-22,0.665,yahoo
CVS,2025-10-23,0.665,yahoo
CVS,2026-01-22,0.665,yahoo
CVS,2026-04-23,0.665,yahoo
CVS,2026-07-23,0.665,yahoo
CVX,2021-11-17,1.34,yahoo
CVX,2022-02-15,1.42,yahoo
CVX,2022-05-18,1.42,yahoo
CVX,2022-08-18,1.42,yahoo
CVX,2022-11-17,1.42,yahoo
CVX,2023-02-15,1.51,yahoo
CVX,2023-05-18,1.51,yahoo
CVX,2023-08-17,1.51,yahoo
CVX,2023-11-16,1.51,yahoo
CVX,2024-02-15,1.63,yahoo
CVX,2024-05-16,1.63,yahoo
CVX,2024-08-19,1.63,yahoo
CVX,2024-11-18,1.63,yahoo
CVX,2025-02-14,1.71,yahoo
CVX,2025-05-19,1.71,yahoo
CVX,2025-08-19,1.71,yahoo
CVX,2025-11-18,1.71,yahoo
CVX,2026-02-17,1.78,yahoo
CVX,2026-05-19,1.78,yahoo
CVX,2026-08-19,1.78,yahoo
CW,2021-09-29,0.18,yahoo
CW,2021-11-23,0.18,yahoo
CW,2022-03-30,0.18,yahoo
CW,2022-06-16,0.19,yahoo
CW,2022-09-29,0.19,yahoo
CW,2022-11-22,0.19,yahoo
CW,2023-03-30,0.19,yahoo
CW,2023-06-15,0.2,yahoo
CW,2023-09-28,0.2,yahoo
CW,2023-11-21,0.2,yahoo
CW,2024-03-27,0.2,yahoo
CW,2024-06-17,0.21,yahoo
CW,2024-09-27,0.21,yahoo
CW,2024-11-22,0.21,yahoo
CW,2025-03-27,0.21,yahoo
CW,2025-06-16,0.24,yahoo
CW,2025-09-26,0.24,yahoo
CW,2025-11-28,0.24,yahoo
CW,2026-03-26,0.24,yahoo
CW,2026-06-15,0.26,yahoo
D,2021-09-02,0.63,yahoo
D,2021-12-02,0.63,yahoo
D,2022-03-03,0.668,yahoo
D,2022-06-02,0.668,yahoo
D,2022-09-01,0.668,yahoo
D,2022-12-01,0.668,yahoo
D,2023-03-02,0.668,yahoo
D,2023-06-01,0.668,yahoo
D,2023-08-31,0.668,yahoo
D,2023-11-30,0.668,yahoo
D,2024-02-29,0.668,yahoo
D,2024-05-31,0.668,yahoo
D,2024-08-30,0.668,yahoo
D,2024-11-29,0.668,yahoo
D,2025-02-28,0.668,yahoo
D,2025-05-29,0.668,yahoo
D,2025-09-05,0.668,yahoo
D,2025-12-05,0.668,yahoo
D,2026-02-27,0.668,yahoo
D,2026-05-29,0.668,yahoo
D,2026-09-04,0.668,yahoo
DAL,2023-07-14,0.1,yahoo
DAL,2023-10-11,0.1,yahoo
DAL,2024-02-23,0.1,yahoo
DAL,2024-05-13,0.1,yahoo
DAL,2024-07-30,0.15,yahoo
DAL,2024-10-10,0.15,yahoo
DAL,2025-02-27,0.15,yahoo
DAL,2025-05-13,0.15,yahoo
DAL,2025-07-31,0.188,yahoo
DAL,2025-10-16,0.188,yahoo
DAL,2026-02-26,0.188,yahoo
DAL,2026-05-14,0.188,yahoo
DAL,2026-07-09,0.215,yahoo
DB,2022-05-20,0.212,yahoo
DB,2023-05-18,0.325,yahoo
DB,2024-05-17,0.489,yahoo
DB,2025-05-23,0.767,yahoo
DB,2026-05-29,1.165,yahoo
DCI,2021-12-06,0.22,yahoo
DCI,2022-02-10,0.22,yahoo
DCI,2022-06-08,0.23,yahoo
DCI,2022-08-15,0.23,yahoo
DCI,2022-12-02,0.23,yahoo
DCI,2023-02-09,0.23,yahoo
DCI,2023-06-06,0.25,yahoo
DCI,2023-08-14,0.25,yahoo
DCI,2023-12-04,0.25,yahoo
DCI,2024-02-09,0.25,yahoo
DCI,2024-06-17,0.27,yahoo
DCI,2024-08-13,0.27,yahoo
DCI,2024-12-09,0.27,yahoo
DCI,2025-02-13,0.27,yahoo
DCI,2025-06-16,0.3,yahoo
DCI,2025-08-12,0.3,yahoo
DCI,2025-12-05,0.3,yahoo
DCI,2026-02-12,0.3,yahoo
DCI,2026-06-15,0.32,yahoo
DCI,2026-08-17,0.32,yahoo
DD,2021-11-29,0.376569,yahoo
DD,2022-02-25,0.414226,yahoo
DD,2022-05-27,0.414226,yahoo
DD,2022-07-28,0.414226,yahoo
DD,2022-11-29,0.414226,yahoo
DD,2023-02-27,0.451883,yahoo
DD,2023-05-30,0.451883,yahoo
DD,2023-07-28,0.451883,yahoo
DD,2023-11-29,0.451883,yahoo
DD,2024-02-28,0.476987,yahoo
DD,2024-05-31,0.476987,yahoo
DD,2024-08-30,0.476987,yahoo
DD,2024-11-29,0.476987,yahoo
DD,2025-03-03,0.514644,yahoo
DD,2025-05-30,0.514644,yahoo
DD,2025-08-29,0.514644,yahoo
DD,2025-11-28,0.6,yahoo
DD,2026-03-02,0.6,yahoo
DD,2026-05-15,0.6,yahoo
DD,2026-08-31,0.6,yahoo
DDS,2021-09-29,0.2,yahoo
DDS,2021-11-26,15,yahoo
DDS,2021-12-30,0.2,yahoo
DDS,2022-03-30,0.2,yahoo
DDS,2022-06-29,0.2,yahoo
DDS,2022-09-29,0.2,yahoo
DDS,2022-12-14,15,yahoo
DDS,2022-12-29,0.2,yahoo
DDS,2023-03-30,0.2,yahoo
DDS,2023-06-29,0.2,yahoo
DDS,2023-09-28,0.25,yahoo
DDS,2023-12-14,20,yahoo
DDS,2023-12-28,0.25,yahoo
DDS,2024-03-27,0.25,yahoo
DDS,2024-06-28,0.25,yahoo
DDS,2024-09-30,0.25,yahoo
DDS,2024-12-13,25,yahoo
DDS,2024-12-31,0.25,yahoo
DDS,2025-03-31,0.25,yahoo
DDS,2025-06-30,0.25,yahoo
DDS,2025-09-30,0.3,yahoo
DDS,2025-12-12,30,yahoo
DDS,2025-12-31,0.3,yahoo
DDS,2026-03-31,0.3,yahoo
DDS,2026-06-30,0.3,yahoo
DE,2021-09-29,1.05,yahoo
DE,2021-12-30,1.05,yahoo
DE,2022-03-30,1.05,yahoo
DE,2022-06-29,1.13,yahoo
DE,2022-09-29,1.13,yahoo
DE,2022-12-29,1.2,yahoo
DE,2023-03-30,1.25,yahoo
DE,2023-06-29,1.25,yahoo
DE,2023-09-28,1.35,yahoo
DE,2023-12-28,1.47,yahoo
DE,2024-03-27,1.47,yahoo
DE,2024-06-28,1.47,yahoo
DE,2024-09-30,1.47,yahoo
DE,2024-12-31,1.62,yahoo
DE,2025-03-31,1.62,yahoo
DE,2025-06-30,1.62,yahoo
DE,2025-09-30,1.62,yahoo
DE,2025-12-31,1.62,yahoo
DE,2026-03-31,1.62,yahoo
DE,2026-06-30,1.62,yahoo
DELL,2022-04-19,0.33,yahoo
DELL,2022-07-19,0.33,yahoo
DELL,2022-10-18,0.33,yahoo
DELL,2023-01-24,0.33,yahoo
DELL,2023-04-24,0.37,yahoo
DELL,2023-07-24,0.37,yahoo
DELL,2023-10-23,0.37,yahoo
DELL,2024-01-22,0.37,yahoo
DELL,2024-04-22,0.445,yahoo
DELL,2024-07-23,0.445,yahoo
DELL,2024-10-22,0.445,yahoo
DELL,2025-01-22,0.445,yahoo
DELL,2025-04-22,0.525,yahoo
DELL,2025-07-22,0.525,yahoo
DELL,2025-10-21,0.525,yahoo
DELL,2026-01-20,0.525,yahoo
DELL,2026-04-21,0.63,yahoo
DELL,2026-07-21,0.63,yahoo
DEO,2022-02-24,1.571,yahoo
DEO,2022-08-25,2.278,yahoo
DEO,2023-03-02,1.529,yahoo
DEO,2023-08-24,2.509,yahoo
DEO,2024-02-29,1.62,yahoo
DEO,2024-08-30,2.519,yahoo
DEO,2025-02-28,1.62,yahoo
DEO,2025-10-17,2.519,yahoo
DEO,2026-04-17,0.8,yahoo
DG,2021-10-04,0.42,yahoo
DG,2022-01-03,0.42,yahoo
DG,2022-04-04,0.55,yahoo
DG,2022-07-01,0.55,yahoo
DG,2022-10-03,0.55,yahoo
DG,2022-12-30,0.55,yahoo
DG,2023-04-10,0.59,yahoo
DG,2023-07-10,0.59,yahoo
DG,2023-10-06,0.59,yahoo
DG,2024-01-08,0.59,yahoo
DG,2024-04-08,0.59,yahoo
DG,2024-07-09,0.59,yahoo
DG,2024-10-08,0.59,yahoo
DG,2025-01-07,0.59,yahoo
DG,2025-04-08,0.59,yahoo
DG,2025-07-08,0.59,yahoo
DG,2025-10-07,0.59,yahoo
DG,2026-01-06,0.59,yahoo
DG,2026-04-07,0.59,yahoo
DG,2026-07-07,0.59,yahoo
DGX,2021-10-04,0.62,yahoo
DGX,2022-01-18,0.62,yahoo
DGX,2022-04-05,0.66,yahoo
DGX,2022-07-05,0.66,yahoo
DGX,2022-10-03,0.66,yahoo
DGX,2023-01-17,0.66,yahoo
DGX,2023-04-06,0.71,yahoo
DGX,2023-07-10,0.71,yahoo
DGX,2023-10-05,0.71,yahoo
DGX,2024-01-16,0.71,yahoo
DGX,2024-04-05,0.75,yahoo
DGX,2024-07-08,0.75,yahoo
DGX,2024-10-04,0.75,yahoo
DGX,2025-01-14,0.75,yahoo
DGX,2025-04-07,0.8,yahoo
DGX,2025-07-07,0.8,yahoo
DGX,2025-10-03,0.8,yahoo
DGX,2026-01-13,0.8,yahoo
DGX,2026-04-06,0.86,yahoo
DGX,2026-07-08,0.86,yahoo
DHI,2021-12-03,0.225,yahoo
DHI,2022-02-16,0.225,yahoo
DHI,2022-05-06,0.225,yahoo
DHI,2022-08-03,0.225,yahoo
DHI,2022-12-01,0.25,yahoo
DHI,2023-02-06,0.25,yahoo
DHI,2023-05-02,0.25,yahoo
DHI,2023-08-04,0.25,yahoo
DHI,2023-11-20,0.3,yahoo
DHI,2024-02-05,0.3,yahoo
DHI,2024-05-01,0.3,yahoo
DHI,2024-08-01,0.3,yahoo
DHI,2024-11-12,0.4,yahoo
DHI,2025-02-07,0.4,yahoo
DHI,2025-05-02,0.4,yahoo
DHI,2025-08-07,0.4,yahoo
DHI,2025-11-13,0.45,yahoo
DHI,2026-02-05,0.45,yahoo
DHI,2026-05-07,0.45,yahoo
DHI,2026-08-06,0.45,yahoo
DHR,2021-09-29,0.18617,yahoo
DHR,2021-12-29,0.18617,yahoo
DHR,2022-03-24,0.221631,yahoo
DHR,2022-06-23,0.221631,yahoo
DHR,2022-09-29,0.221631,yahoo
DHR,2022-12-29,0.221631,yahoo
DHR,2023-03-30,0.239362,yahoo
DHR,2023-06-29,0.239362,yahoo
DHR,2023-10-11,0.27,yahoo
DHR,2023-12-28,0.24,yahoo
DHR,2024-03-27,0.27,yahoo
DHR,2024-06-28,0.27,yahoo
DHR,2024-09-27,0.27,yahoo
DHR,2024-12-27,0.27,yahoo
DHR,2025-03-28,0.32,yahoo
DHR,2025-06-27,0.32,yahoo
DHR,2025-09-26,0.32,yahoo
DHR,2025-12-26,0.32,yahoo
DHR,2026-03-27,0.4,yahoo
DHR,2026-06-26,0.4,yahoo
DIA,2021-09-17,0.736,yahoo
DIA,2021-10-15,0.117,yahoo
DIA,2021-11-19,0.701,yahoo
DIA,2021-12-17,0.662,yahoo
DIA,2022-01-21,0.258,yahoo
DIA,2022-02-18,0.519,yahoo
DIA,2022-03-18,0.772,yahoo
DIA,2022-04-14,0.126,yahoo
DIA,2022-05-20,0.745,yahoo
DIA,2022-06-17,0.692,yahoo
DIA,2022-07-15,0.128,yahoo
DIA,2022-08-19,0.656,yahoo
DIA,2022-09-16,0.823,yahoo
DIA,2022-10-21,0.182,yahoo
DIA,2022-11-18,0.681,yahoo
DIA,2022-12-16,0.75,yahoo
DIA,2023-01-20,0.28,yahoo
DIA,2023-02-17,0.552,yahoo
DIA,2023-03-17,0.858,yahoo
DIA,2023-04-21,0.184,yahoo
DIA,2023-05-19,0.726,yahoo
DIA,2023-06-16,0.776,yahoo
DIA,2023-07-21,0.268,yahoo
DIA,2023-08-18,0.51,yahoo
DIA,2023-09-15,0.923,yahoo
DIA,2023-10-20,0.187,yahoo
DIA,2023-11-17,0.707,yahoo
DIA,2023-12-15,0.833,yahoo
DIA,2024-01-19,0.213,yahoo
DIA,2024-02-16,0.612,yahoo
DIA,2024-03-15,0.933,yahoo
DIA,2024-04-19,0.198,yahoo
DIA,2024-05-17,0.594,yahoo
DIA,2024-06-21,0.874,yahoo
DIA,2024-07-19,0.194,yahoo
DIA,2024-08-16,0.327,yahoo
DIA,2024-09-20,1.248,yahoo
DIA,2024-10-18,0.149,yahoo
DIA,2024-11-15,0.266,yahoo
DIA,2024-12-20,1.223,yahoo
DIA,2025-01-17,0.162,yahoo
DIA,2025-02-21,0.659,yahoo
DIA,2025-03-21,0.801,yahoo
DIA,2025-04-17,0.197,yahoo
DIA,2025-05-16,0.322,yahoo
DIA,2025-06-20,1.199,yahoo
DIA,2025-07-18,0.181,yahoo
DIA,2025-08-15,0.266,yahoo
DIA,2025-09-19,1.318,yahoo
DIA,2025-10-17,0.155,yahoo
DIA,2025-11-21,0.576,yahoo
DIA,2025-12-19,1.044,yahoo
DIA,2026-01-16,0.179,yahoo
DIA,2026-02-20,0.613,yahoo
DIA,2026-03-20,0.994,yahoo
DIA,2026-04-17,0.206,yahoo
DIA,2026-05-15,0.276,yahoo
DIA,2026-06-18,1.405,yahoo
DIA,2026-07-17,0.149,yahoo
DIA,2026-08-21,0.437,yahoo
DINO,2022-05-20,0.4,yahoo
DINO,2022-08-17,0.4,yahoo
DINO,2022-11-18,0.4,yahoo
DINO,2023-03-06,0.45,yahoo
DINO,2023-05-17,0.45,yahoo
DINO,2023-08-16,0.45,yahoo
DINO,2023-11-15,0.45,yahoo
DINO,2024-02-23,0.5,yahoo
DINO,2024-05-21,0.5,yahoo
DINO,2024-08-21,0.5,yahoo
DINO,2024-11-21,0.5,yahoo
DINO,2025-03-06,0.5,yahoo
DINO,2025-05-15,0.5,yahoo
DINO,2025-08-21,0.5,yahoo
DINO,2025-11-19,0.5,yahoo
DINO,2026-03-02,0.5,yahoo
DINO,2026-05-11,0.5,yahoo
DINO,2026-08-11,0.525,yahoo
DIS,2023-12-08,0.3,yahoo
DIS,2024-07-08,0.45,yahoo
DIS,2024-12-16,0.5,yahoo
DIS,2025-06-24,0.5,yahoo
DIS,2025-12-15,0.75,yahoo
DIS,2026-06-30,0.75,yahoo
DK,2022-07-11,0.2,yahoo
DK,2022-08-19,0.2,yahoo
DK,2022-11-17,0.21,yahoo
DK,2023-03-09,0.22,yahoo
DK,2023-05-12,0.23,yahoo
DK,2023-08-11,0.235,yahoo
DK,2023-11-10,0.24,yahoo
DK,2024-02-29,0.245,yahoo
DK,2024-05-16,0.25,yahoo
DK,2024-08-12,0.255,yahoo
DK,2024-11-12,0.255,yahoo
DK,2025-03-03,0.255,yahoo
DK,2025-05-12,0.255,yahoo
DK,2025-08-11,0.255,yahoo
DK,2025-11-10,0.255,yahoo
DK,2026-03-02,0.255,yahoo
DK,2026-05-01,0.255,yahoo
DK,2026-08-03,0.255,yahoo
DKS,2021-09-09,5.938,yahoo
DKS,2021-12-09,0.438,yahoo
DKS,2022-03-17,0.488,yahoo
DKS,2022-06-09,0.488,yahoo
DKS,2022-09-08,0.488,yahoo
DKS,2022-12-08,0.488,yahoo
DKS,2023-03-16,1,yahoo
DKS,2023-06-15,1,yahoo
DKS,2023-09-14,1,yahoo
DKS,2023-12-14,1,yahoo
DKS,2024-03-27,1.1,yahoo
DKS,2024-06-14,1.1,yahoo
DKS,2024-09-20,1.1,yahoo
DKS,2024-12-13,1.1,yahoo
DKS,2025-03-28,1.213,yahoo
DKS,2025-06-13,1.213,yahoo
DKS,2025-09-12,1.213,yahoo
DKS,2025-12-12,1.213,yahoo
DKS,2026-03-27,1.25,yahoo
DKS,2026-06-12,1.25,yahoo
DKS,2026-09-11,1.25,yahoo
DLB,2021-11-29,0.25,yahoo
DLB,2022-02-15,0.25,yahoo
DLB,2022-05-16,0.25,yahoo
DLB,2022-08-22,0.25,yahoo
DLB,2022-11-29,0.27,yahoo
DLB,2023-02-13,0.27,yahoo
DLB,2023-05-15,0.27,yahoo
DLB,2023-08-11,0.27,yahoo
DLB,2023-11-27,0.3,yahoo
DLB,2024-02-12,0.3,yahoo
DLB,2024-05-13,0.3,yahoo
DLB,2024-08-19,0.3,yahoo
DLB,2024-12-03,0.33,yahoo
DLB,2025-02-11,0.33,yahoo
DLB,2025-05-13,0.33,yahoo
DLB,2025-08-12,0.33,yahoo
DLB,2025-12-02,0.36,yahoo
DLB,2026-02-10,0.36,yahoo
DLB,2026-05-12,0.36,yahoo
DLB,2026-08-11,0.36,yahoo
DLR,2021-09-14,1.16,yahoo
DLR,2021-12-14,1.16,yahoo
DLR,2022-03-14,1.22,yahoo
DLR,2022-06-14,1.22,yahoo
DLR,2022-09-14,1.22,yahoo
DLR,2022-12-14,1.22,yahoo
DLR,2023-03-14,1.22,yahoo
DLR,2023-06-14,1.22,yahoo
DLR,2023-09-14,1.22,yahoo
DLR,2023-12-14,1.22,yahoo
DLR,2024-03-14,1.22,yahoo
DLR,2024-06-14,1.22,yahoo
DLR,2024-09-13,1.22,yahoo
DLR,2024-12-13,1.22,yahoo
DLR,2025-03-14,1.22,yahoo
DLR,2025-06-13,1.22,yahoo
DLR,2025-09-15,1.22,yahoo
DLR,2025-12-15,1.22,yahoo
DLR,2026-03-13,1.22,yahoo
DLR,2026-06-15,1.22,yahoo
DOC,2021-11-05,0.3,yahoo
DOC,2022-02-10,0.3,yahoo
DOC,2022-05-06,0.3,yahoo
DOC,2022-08-05,0.3,yahoo
DOC,2022-11-04,0.3,yahoo
DOC,2023-02-08,0.3,yahoo
DOC,2023-05-05,0.3,yahoo
DOC,2023-08-04,0.3,yahoo
DOC,2023-11-06,0.3,yahoo
DOC,2024-02-13,0.3,yahoo
DOC,2024-05-03,0.3,yahoo
DOC,2024-08-05,0.3,yahoo
DOC,2024-11-04,0.3,yahoo
DOC,2025-02-14,0.305,yahoo
DOC,2025-04-17,0.102,yahoo
DOC,2025-05-19,0.102,yahoo
DOC,2025-06-16,0.102,yahoo
DOC,2025-07-18,0.102,yahoo
DOC,2025-08-18,0.102,yahoo
DOC,2025-09-19,0.102,yahoo
DOC,2025-10-17,0.102,yahoo
DOC,2025-11-14,0.102,yahoo
DOC,2025-12-19,0.102,yahoo
DOC,2026-01-16,0.102,yahoo
DOC,2026-02-13,0.102,yahoo
DOC,2026-03-17,0.102,yahoo
DOC,2026-04-17,0.102,yahoo
DOC,2026-05-18,0.102,yahoo
DOC,2026-06-15,0.102,yahoo
DOC,2026-07-20,0.102,yahoo
DOC,2026-08-17,0.102,yahoo
DOV,2021-11-29,0.5,yahoo
DOV,2022-02-25,0.5,yahoo
DOV,2022-05-27,0.5,yahoo
DOV,2022-08-30,0.505,yahoo
DOV,2022-11-29,0.505,yahoo
DOV,2023-02-27,0.505,yahoo
DOV,2023-05-30,0.505,yahoo
DOV,2023-08-30,0.51,yahoo
DOV,2023-11-29,0.51,yahoo
DOV,2024-02-28,0.51,yahoo
DOV,2024-05-31,0.51,yahoo
DOV,2024-08-30,0.515,yahoo
DOV,2024-11-29,0.515,yahoo
DOV,2025-02-28,0.515,yahoo
DOV,2025-05-30,0.515,yahoo
DOV,2025-08-29,0.52,yahoo
DOV,2025-11-28,0.52,yahoo
DOV,2026-02-27,0.52,yahoo
DOV,2026-05-29,0.52,yahoo
DOV,2026-08-31,0.525,yahoo
DOW,2021-11-29,0.7,yahoo
DOW,2022-02-25,0.7,yahoo
DOW,2022-05-27,0.7,yahoo
DOW,2022-08-30,0.7,yahoo
DOW,2022-11-29,0.7,yahoo
DOW,2023-02-27,0.7,yahoo
DOW,2023-05-30,0.7,yahoo
DOW,2023-08-30,0.7,yahoo
DOW,2023-11-29,0.7,yahoo
DOW,2024-02-28,0.7,yahoo
DOW,2024-05-31,0.7,yahoo
DOW,2024-08-30,0.7,yahoo
DOW,2024-11-29,0.7,yahoo
DOW,2025-02-28,0.7,yahoo
DOW,2025-05-30,0.7,yahoo
DOW,2025-08-29,0.35,yahoo
DOW,2025-11-28,0.35,yahoo
DOW,2026-02-27,0.35,yahoo
DOW,2026-05-29,0.35,yahoo
DOW,2026-08-31,0.35,yahoo
DOX,2021-09-29,0.36,yahoo
DOX,2021-12-30,0.36,yahoo
DOX,2022-03-30,0.395,yahoo
DOX,2022-06-29,0.395,yahoo
DOX,2022-09-29,0.395,yahoo
DOX,2022-12-29,0.395,yahoo
DOX,2023-03-30,0.435,yahoo
DOX,2023-06-29,0.435,yahoo
DOX,2023-09-28,0.435,yahoo
DOX,2023-12-28,0.435,yahoo
DOX,2024-03-27,0.479,yahoo
DOX,2024-06-28,0.479,yahoo
DOX,2024-09-30,0.479,yahoo
DOX,2024-12-31,0.479,yahoo
DOX,2025-03-31,0.527,yahoo
DOX,2025-06-30,0.527,yahoo
DOX,2025-09-30,0.527,yahoo
DOX,2025-12-31,0.527,yahoo
DOX,2026-03-31,0.569,yahoo
DOX,2026-06-30,0.569,yahoo
DPZ,2021-09-14,0.94,yahoo
DPZ,2021-12-14,0.94,yahoo
DPZ,2022-03-14,1.1,yahoo
DPZ,2022-06-14,1.1,yahoo
DPZ,2022-09-14,1.1,yahoo
DPZ,2022-12-14,1.1,yahoo
DPZ,2023-03-14,1.21,yahoo
DPZ,2023-06-14,1.21,yahoo
DPZ,2023-09-14,1.21,yahoo
DPZ,2023-12-14,1.21,yahoo
DPZ,2024-03-14,1.51,yahoo
DPZ,2024-06-14,1.51,yahoo
DPZ,2024-09-13,1.51,yahoo
DPZ,2024-12-13,1.51,yahoo
DPZ,2025-03-14,1.74,yahoo
DPZ,2025-06-13,1.74,yahoo
DPZ,2025-09-15,1.74,yahoo
DPZ,2025-12-15,1.74,yahoo
DPZ,2026-03-13,1.99,yahoo
DPZ,2026-06-15,1.99,yahoo
DRI,2021-10-07,1.1,yahoo
DRI,2022-01-07,1.1,yahoo
DRI,2022-04-07,1.1,yahoo
DRI,2022-07-07,1.21,yahoo
DRI,2022-10-06,1.21,yahoo
DRI,2023-01-09,1.21,yahoo
DRI,2023-04-06,1.21,yahoo
DRI,2023-07-07,1.31,yahoo
DRI,2023-10-06,1.31,yahoo
DRI,2024-01-09,1.31,yahoo
DRI,2024-04-09,1.31,yahoo
DRI,2024-07-10,1.4,yahoo
DRI,2024-10-10,1.4,yahoo
DRI,2025-01-10,1.4,yahoo
DRI,2025-04-10,1.4,yahoo
DRI,2025-07-10,1.5,yahoo
DRI,2025-10-10,1.5,yahoo
DRI,2026-01-09,1.5,yahoo
DRI,2026-04-10,1.5,yahoo
DRI,2026-07-10,1.62,yahoo
DTE,2021-09-17,0.825,yahoo
DTE,2021-12-17,0.885,yahoo
DTE,2022-03-18,0.885,yahoo
DTE,2022-06-16,0.885,yahoo
DTE,2022-09-16,0.885,yahoo
DTE,2022-12-16,0.953,yahoo
DTE,2023-03-17,0.953,yahoo
DTE,2023-06-15,0.953,yahoo
DTE,2023-09-15,0.953,yahoo
DTE,2023-12-15,1.02,yahoo
DTE,2024-03-15,1.02,yahoo
DTE,2024-06-17,1.02,yahoo
DTE,2024-09-16,1.02,yahoo
DTE,2024-12-16,1.09,yahoo
DTE,2025-03-17,1.09,yahoo
DTE,2025-06-16,1.09,yahoo
DTE,2025-09-15,1.09,yahoo
DTE,2025-12-15,1.165,yahoo
DTE,2026-03-16,1.165,yahoo
DTE,2026-06-22,1.165,yahoo
DTM,2021-09-17,0.6,yahoo
DTM,2021-12-17,0.6,yahoo
DTM,2022-03-18,0.64,yahoo
DTM,2022-06-16,0.64,yahoo
DTM,2022-09-16,0.64,yahoo
DTM,2022-12-16,0.64,yahoo
DTM,2023-03-17,0.69,yahoo
DTM,2023-06-15,0.69,yahoo
DTM,2023-09-15,0.69,yahoo
DTM,2023-12-15,0.69,yahoo
DTM,2024-03-15,0.735,yahoo
DTM,2024-06-17,0.735,yahoo
DTM,2024-09-16,0.735,yahoo
DTM,2024-12-16,0.735,yahoo
DTM,2025-03-17,0.82,yahoo
DTM,2025-06-16,0.82,yahoo
DTM,2025-09-15,0.82,yahoo
DTM,2025-12-15,0.82,yahoo
DTM,2026-03-16,0.88,yahoo
DTM,2026-06-15,0.88,yahoo
DUK,2021-11-10,0.985,yahoo
DUK,2022-02-17,0.985,yahoo
DUK,2022-05-12,0.985,yahoo
DUK,2022-08-11,1.005,yahoo
DUK,2022-11-17,1.005,yahoo
DUK,2023-02-16,1.005,yahoo
DUK,2023-05-11,1.005,yahoo
DUK,2023-08-17,1.025,yahoo
DUK,2023-11-16,1.025,yahoo
DUK,2024-02-15,1.025,yahoo
DUK,2024-05-16,1.025,yahoo
DUK,2024-08-16,1.045,yahoo
DUK,2024-11-15,1.045,yahoo
DUK,2025-02-14,1.045,yahoo
DUK,2025-05-16,1.045,yahoo
DUK,2025-08-15,1.065,yahoo
DUK,2025-11-14,1.065,yahoo
DUK,2026-02-13,1.065,yahoo
DUK,2026-05-15,1.065,yahoo
DUK,2026-08-14,1.085,yahoo
DVN,2021-09-10,0.49,yahoo
DVN,2021-12-09,0.84,yahoo
DVN,2022-03-11,1,yahoo
DVN,2022-06-10,1.27,yahoo
DVN,2022-09-09,1.55,yahoo
DVN,2022-12-09,1.35,yahoo
DVN,2023-03-14,0.89,yahoo
DVN,2023-06-14,0.72,yahoo
DVN,2023-09-14,0.49,yahoo
DVN,2023-12-14,0.77,yahoo
DVN,2024-03-14,0.44,yahoo
DVN,2024-06-14,0.35,yahoo
DVN,2024-09-13,0.44,yahoo
DVN,2024-12-13,0.22,yahoo
DVN,2025-03-14,0.24,yahoo
DVN,2025-06-13,0.24,yahoo
DVN,2025-09-15,0.24,yahoo
DVN,2025-12-15,0.24,yahoo
DVN,2026-03-13,0.24,yahoo
DVN,2026-06-15,0.32,yahoo
EBAY,2021-11-30,0.18,yahoo
EBAY,2022-03-09,0.22,yahoo
EBAY,2022-05-31,0.22,yahoo
EBAY,2022-08-31,0.22,yahoo
EBAY,2022-11-30,0.22,yahoo
EBAY,2023-03-09,0.25,yahoo
EBAY,2023-05-31,0.25,yahoo
EBAY,2023-08-31,0.25,yahoo
EBAY,2023-11-30,0.25,yahoo
EBAY,2024-03-08,0.27,yahoo
EBAY,2024-05-31,0.27,yahoo
EBAY,2024-08-30,0.27,yahoo
EBAY,2024-11-29,0.27,yahoo
EBAY,2025-03-14,0.29,yahoo
EBAY,2025-05-30,0.29,yahoo
EBAY,2025-08-29,0.29,yahoo
EBAY,2025-11-28,0.29,yahoo
EBAY,2026-03-06,0.31,yahoo
EBAY,2026-05-29,0.31,yahoo
EBAY,2026-08-28,0.31,yahoo
ECL,2021-09-13,0.48,yahoo
ECL,2021-12-13,0.51,yahoo
ECL,2022-03-14,0.51,yahoo
ECL,2022-06-17,0.51,yahoo
ECL,2022-09-19,0.51,yahoo
ECL,2022-12-19,0.53,yahoo
ECL,2023-03-20,0.53,yahoo
ECL,2023-06-16,0.53,yahoo
ECL,2023-09-18,0.53,yahoo
ECL,2023-12-18,0.57,yahoo
ECL,2024-03-18,0.57,yahoo
ECL,2024-06-18,0.57,yahoo
ECL,2024-09-17,0.57,yahoo
ECL,2024-12-17,0.65,yahoo
ECL,2025-03-18,0.65,yahoo
ECL,2025-06-17,0.65,yahoo
ECL,2025-09-16,0.65,yahoo
ECL,2025-12-16,0.73,yahoo
ECL,2026-03-17,0.73,yahoo
ECL,2026-06-16,0.73,yahoo
ED,2021-11-16,0.775,yahoo
ED,2022-02-15,0.79,yahoo
ED,2022-05-17,0.79,yahoo
ED,2022-08-16,0.79,yahoo
ED,2022-11-15,0.79,yahoo
ED,2023-02-14,0.81,yahoo
ED,2023-05-16,0.81,yahoo
ED,2023-08-15,0.81,yahoo
ED,2023-11-14,0.81,yahoo
ED,2024-02-13,0.83,yahoo
ED,2024-05-14,0.83,yahoo
ED,2024-08-14,0.83,yahoo
ED,2024-11-13,0.83,yahoo
ED,2025-02-19,0.85,yahoo
ED,2025-05-14,0.85,yahoo
ED,2025-08-13,0.85,yahoo
ED,2025-11-19,0.85,yahoo
ED,2026-02-18,0.888,yahoo
ED,2026-05-13,0.888,yahoo
ED,2026-08-19,0.888,yahoo
EEM,2021-12-13,0.707,yahoo
EEM,2021-12-30,0.026,yahoo
EEM,2022-06-09,0.362,yahoo
EEM,2022-12-13,0.584,yahoo
EEM,2023-06-07,0.31,yahoo
EEM,2023-12-20,0.748,yahoo
EEM,2024-06-11,0.29,yahoo
EEM,2024-12-17,0.727,yahoo
EEM,2025-06-16,0.452,yahoo
EEM,2025-12-16,0.763,yahoo
EEM,2026-06-15,0.351,yahoo
EFA,2021-12-13,1.352,yahoo
EFA,2021-12-30,0.163,yahoo
EFA,2022-06-09,1.498,yahoo
EFA,2022-12-13,0.268,yahoo
EFA,2023-06-07,1.311,yahoo
EFA,2023-12-20,0.931,yahoo
EFA,2024-06-11,1.393,yahoo
EFA,2024-12-17,1.057,yahoo
EFA,2025-06-16,1.519,yahoo
EFA,2025-12-16,1.728,yahoo
EFA,2026-06-15,1.636,yahoo
EFX,2021-09-03,0.39,yahoo
EFX,2021-11-23,0.39,yahoo
EFX,2022-02-18,0.39,yahoo
EFX,2022-05-24,0.39,yahoo
EFX,2022-09-02,0.39,yahoo
EFX,2022-11-22,0.39,yahoo
EFX,2023-02-21,0.39,yahoo
EFX,2023-05-24,0.39,yahoo
EFX,2023-09-05,0.39,yahoo
EFX,2023-11-22,0.39,yahoo
EFX,2024-02-22,0.39,yahoo
EFX,2024-05-23,0.39,yahoo
EFX,2024-09-03,0.39,yahoo
EFX,2024-11-22,0.39,yahoo
EFX,2025-02-21,0.39,yahoo
EFX,2025-05-23,0.5,yahoo
EFX,2025-09-02,0.5,yahoo
EFX,2025-11-24,0.5,yahoo
EFX,2026-03-09,0.56,yahoo
EFX,2026-05-22,0.56,yahoo
EFX,2026-08-31,0.56,yahoo
EG,2021-11-30,1.55,yahoo
EG,2022-03-15,1.55,yahoo
EG,2022-05-24,1.65,yahoo
EG,2022-08-23,1.65,yahoo
EG,2022-11-22,1.65,yahoo
EG,2023-03-15,1.65,yahoo
EG,2023-05-30,1.65,yahoo
EG,2023-09-18,1.75,yahoo
EG,2023-11-28,1.75,yahoo
EG,2024-03-18,1.75,yahoo
EG,2024-05-29,2,yahoo
EG,2024-09-16,2,yahoo
EG,2024-11-27,2,yahoo
EG,2025-03-17,2,yahoo
EG,2025-05-28,2,yahoo
EG,2026-03-13,2,yahoo
EG,2026-06-12,2,yahoo
EG,2026-09-09,2,yahoo
EGO,2026-02-27,0.075,yahoo
EGO,2026-06-02,0.075,yahoo
EGO,2026-09-01,0.075,yahoo
EGP,2021-09-29,0.9,yahoo
EGP,2021-12-30,1.1,yahoo
EGP,2022-03-30,1.1,yahoo
EGP,2022-06-29,1.1,yahoo
EGP,2022-09-29,1.25,yahoo
EGP,2022-12-29,1.25,yahoo
EGP,2023-03-30,1.25,yahoo
EGP,2023-06-29,1.25,yahoo
EGP,2023-09-28,1.27,yahoo
EGP,2023-12-28,1.27,yahoo
EGP,2024-03-27,1.27,yahoo
EGP,2024-06-28,1.27,yahoo
EGP,2024-09-30,1.4,yahoo
EGP,2024-12-31,1.4,yahoo
EGP,2025-03-31,1.4,yahoo
EGP,2025-06-30,1.4,yahoo
EGP,2025-09-30,1.55,yahoo
EGP,2025-12-31,1.55,yahoo
EGP,2026-03-31,1.55,yahoo
EGP,2026-06-30,1.55,yahoo
EHC,2021-09-30,0.222753,yahoo
EHC,2021-12-31,0.222753,yahoo
EHC,2022-03-31,0.222753,yahoo
EHC,2022-07-12,0.28,yahoo
EHC,2022-09-30,0.15,yahoo
EHC,2022-12-30,0.15,yahoo
EHC,2023-03-31,0.15,yahoo
EHC,2023-06-30,0.15,yahoo
EHC,2023-09-29,0.15,yahoo
EHC,2023-12-29,0.15,yahoo
EHC,2024-03-28,0.15,yahoo
EHC,2024-07-01,0.15,yahoo
EHC,2024-10-01,0.17,yahoo
EHC,2025-01-02,0.17,yahoo
EHC,2025-04-01,0.17,yahoo
EHC,2025-07-01,0.17,yahoo
EHC,2025-10-01,0.19,yahoo
EHC,2026-01-02,0.19,yahoo
EHC,2026-04-01,0.19,yahoo
EHC,2026-07-01,0.19,yahoo
EIX,2021-09-29,0.663,yahoo
EIX,2021-12-30,0.7,yahoo
EIX,2022-03-30,0.7,yahoo
EIX,2022-07-01,0.7,yahoo
EIX,2022-09-29,0.7,yahoo
EIX,2022-12-29,0.738,yahoo
EIX,2023-03-30,0.738,yahoo
EIX,2023-07-03,0.738,yahoo
EIX,2023-09-28,0.738,yahoo
EIX,2023-12-28,0.78,yahoo
EIX,2024-03-27,0.78,yahoo
EIX,2024-07-08,0.78,yahoo
EIX,2024-10-07,0.78,yahoo
EIX,2025-01-07,0.828,yahoo
EIX,2025-04-07,0.828,yahoo
EIX,2025-07-07,0.828,yahoo
EIX,2025-10-07,0.828,yahoo
EIX,2026-01-07,0.878,yahoo
EIX,2026-04-07,0.878,yahoo
EIX,2026-07-07,0.878,yahoo
EL,2021-11-29,0.6,yahoo
EL,2022-02-25,0.6,yahoo
EL,2022-05-27,0.6,yahoo
EL,2022-08-30,0.6,yahoo
EL,2022-11-29,0.66,yahoo
EL,2023-02-27,0.66,yahoo
EL,2023-05-30,0.66,yahoo
EL,2023-08-30,0.66,yahoo
EL,2023-11-29,0.66,yahoo
EL,2024-02-28,0.66,yahoo
EL,2024-05-31,0.66,yahoo
EL,2024-08-30,0.66,yahoo
EL,2024-11-29,0.35,yahoo
EL,2025-02-28,0.35,yahoo
EL,2025-05-30,0.35,yahoo
EL,2025-09-02,0.35,yahoo
EL,2025-11-28,0.35,yahoo
EL,2026-02-27,0.35,yahoo
EL,2026-05-29,0.35,yahoo
EL,2026-08-31,0.35,yahoo
ELS,2021-09-23,0.363,yahoo
ELS,2021-12-30,0.363,yahoo
ELS,2022-03-24,0.41,yahoo
ELS,2022-06-23,0.41,yahoo
ELS,2022-09-29,0.41,yahoo
ELS,2022-12-29,0.41,yahoo
ELS,2023-03-30,0.448,yahoo
ELS,2023-06-29,0.448,yahoo
ELS,2023-09-28,0.448,yahoo
ELS,2023-12-28,0.448,yahoo
ELS,2024-03-27,0.478,yahoo
ELS,2024-06-28,0.478,yahoo
ELS,2024-09-27,0.478,yahoo
ELS,2024-12-27,0.478,yahoo
ELS,2025-03-28,0.515,yahoo
ELS,2025-06-27,0.515,yahoo
ELS,2025-09-26,0.515,yahoo
ELS,2025-12-26,0.515,yahoo
ELS,2026-03-27,0.543,yahoo
ELS,2026-06-26,0.543,yahoo
ELV,2021-09-09,1.13,yahoo
ELV,2021-12-02,1.13,yahoo
ELV,2022-03-09,1.28,yahoo
ELV,2022-06-09,1.28,yahoo
ELV,2022-09-08,1.28,yahoo
ELV,2022-12-02,1.28,yahoo
ELV,2023-03-09,1.48,yahoo
ELV,2023-06-08,1.48,yahoo
ELV,2023-09-07,1.48,yahoo
ELV,2023-12-05,1.48,yahoo
ELV,2024-03-07,1.63,yahoo
ELV,2024-06-10,1.63,yahoo
ELV,2024-09-10,1.63,yahoo
ELV,2024-12-05,1.63,yahoo
ELV,2025-03-10,1.71,yahoo
ELV,2025-06-10,1.71,yahoo
ELV,2025-09-10,1.71,yahoo
ELV,2025-12-05,1.71,yahoo
ELV,2026-03-10,1.72,yahoo
ELV,2026-06-10,1.72,yahoo
ELV,2026-09-10,1.72,yahoo
EMB,2021-10-01,0.345,yahoo
EMB,2021-11-01,0.358,yahoo
EMB,2021-12-01,0.357,yahoo
EMB,2021-12-16,0.368,yahoo
EMB,2022-02-01,0.373,yahoo
EMB,2022-03-01,0.356,yahoo
EMB,2022-04-01,0.383,yahoo
EMB,2022-05-02,0.364,yahoo
EMB,2022-06-01,0.335,yahoo
EMB,2022-07-01,0.361,yahoo
EMB,2022-08-01,0.346,yahoo
EMB,2022-09-01,0.312,yahoo
EMB,2022-10-03,0.371,yahoo
EMB,2022-11-01,0.382,yahoo
EMB,2022-12-01,0.339,yahoo
EMB,2022-12-15,0.34,yahoo
EMB,2023-02-01,0.312,yahoo
EMB,2023-03-01,0.379,yahoo
EMB,2023-04-03,0.362,yahoo
EMB,2023-05-01,0.35,yahoo
EMB,2023-06-01,0.353,yahoo
EMB,2023-07-03,0.346,yahoo
EMB,2023-08-01,0.348,yahoo
EMB,2023-09-01,0.359,yahoo
EMB,2023-10-02,0.353,yahoo
EMB,2023-11-01,0.362,yahoo
EMB,2023-12-01,0.332,yahoo
EMB,2023-12-14,0.364,yahoo
EMB,2024-02-01,0.367,yahoo
EMB,2024-03-01,0.386,yahoo
EMB,2024-04-01,0.366,yahoo
EMB,2024-05-01,0.361,yahoo
EMB,2024-06-03,0.363,yahoo
EMB,2024-07-01,0.381,yahoo
EMB,2024-08-01,0.391,yahoo
EMB,2024-09-03,0.368,yahoo
EMB,2024-10-01,0.385,yahoo
EMB,2024-11-01,0.422,yahoo
EMB,2024-12-02,0.388,yahoo
EMB,2024-12-18,0.429,yahoo
EMB,2024-12-30,0.255,yahoo
EMB,2025-02-03,0.441,yahoo
EMB,2025-03-03,0.386,yahoo
EMB,2025-04-01,0.4,yahoo
EMB,2025-05-01,0.402,yahoo
EMB,2025-06-02,0.405,yahoo
EMB,2025-07-01,0.38,yahoo
EMB,2025-08-01,0.411,yahoo
EMB,2025-09-02,0.402,yahoo
EMB,2025-10-01,0.393,yahoo
EMB,2025-11-03,0.418,yahoo
EMB,2025-12-01,0.372,yahoo
EMB,2025-12-19,0.383,yahoo
EMB,2026-02-02,0.415,yahoo
EMB,2026-03-02,0.403,yahoo
EMB,2026-04-01,0.455,yahoo
EMB,2026-05-01,0.41,yahoo
EMB,2026-06-01,0.407,yahoo
EMB,2026-07-01,0.4,yahoo
EMB,2026-08-03,0.414,yahoo
EMB,2026-09-01,0.414,yahoo
EME,2021-10-14,0.13,yahoo
EME,2022-01-14,0.13,yahoo
EME,2022-04-14,0.13,yahoo
EME,2022-07-15,0.13,yahoo
EME,2022-10-17,0.15,yahoo
EME,2023-01-13,0.15,yahoo
EME,2023-04-14,0.18,yahoo
EME,2023-07-19,0.18,yahoo
EME,2023-10-13,0.18,yahoo
EME,2024-01-12,0.18,yahoo
EME,2024-04-15,0.25,yahoo
EME,2024-07-15,0.25,yahoo
EME,2024-10-15,0.25,yahoo
EME,2025-01-16,0.25,yahoo
EME,2025-04-17,0.25,yahoo
EME,2025-07-15,0.25,yahoo
EME,2025-10-15,0.25,yahoo
EME,2026-01-14,0.4,yahoo
EME,2026-04-16,0.4,yahoo
EME,2026-07-15,0.4,yahoo
EMN,2021-09-14,0.69,yahoo
EMN,2021-12-14,0.76,yahoo
EMN,2022-03-14,0.76,yahoo
EMN,2022-06-14,0.76,yahoo
EMN,2022-09-14,0.76,yahoo
EMN,2022-12-14,0.79,yahoo
EMN,2023-03-14,0.79,yahoo
EMN,2023-06-14,0.79,yahoo
EMN,2023-09-14,0.79,yahoo
EMN,2023-12-15,0.81,yahoo
EMN,2024-03-14,0.81,yahoo
EMN,2024-06-17,0.81,yahoo
EMN,2024-09-16,0.81,yahoo
EMN,2024-12-16,0.83,yahoo
EMN,2025-03-14,0.83,yahoo
EMN,2025-06-13,0.83,yahoo
EMN,2025-09-15,0.83,yahoo
EMN,2025-12-15,0.84,yahoo
EMN,2026-03-13,0.84,yahoo
EMN,2026-06-15,0.84,yahoo
EMR,2021-11-10,0.515,yahoo
EMR,2022-02-10,0.515,yahoo
EMR,2022-05-12,0.515,yahoo
EMR,2022-08-11,0.515,yahoo
EMR,2022-11-09,0.52,yahoo
EMR,2023-02-16,0.52,yahoo
EMR,2023-05-11,0.52,yahoo
EMR,2023-08-10,0.52,yahoo
EMR,2023-11-16,0.525,yahoo
EMR,2024-02-15,0.525,yahoo
EMR,2024-05-16,0.525,yahoo
EMR,2024-08-16,0.525,yahoo
EMR,2024-11-15,0.528,yahoo
EMR,2025-02-14,0.528,yahoo
EMR,2025-05-16,0.528,yahoo
EMR,2025-08-15,0.528,yahoo
EMR,2025-11-14,0.555,yahoo
EMR,2026-02-13,0.555,yahoo
EMR,2026-05-15,0.555,yahoo
EMR,2026-08-14,0.555,yahoo
EMXC,2021-12-13,0.783,yahoo
EMXC,2021-12-30,0.042,yahoo
EMXC,2022-06-09,0.507,yahoo
EMXC,2022-12-13,0.846,yahoo
EMXC,2023-06-07,0.376,yahoo
EMXC,2023-12-20,0.637,yahoo
EMXC,2024-06-11,0.491,yahoo
EMXC,2024-12-17,1,yahoo
EMXC,2025-06-16,0.711,yahoo
EMXC,2025-12-16,1.336,yahoo
EMXC,2026-06-15,0.588,yahoo
ENB,2021-11-12,0.664,yahoo
ENB,2022-02-14,0.675,yahoo
ENB,2022-05-12,0.662,yahoo
ENB,2022-08-12,0.674,yahoo
ENB,2022-11-14,0.649,yahoo
ENB,2023-02-14,0.666,yahoo
ENB,2023-05-12,0.658,yahoo
ENB,2023-08-14,0.66,yahoo
ENB,2023-11-14,0.643,yahoo
ENB,2024-02-14,0.675,yahoo
ENB,2024-05-14,0.67,yahoo
ENB,2024-08-15,0.668,yahoo
ENB,2024-11-15,0.653,yahoo
ENB,2025-02-14,0.67,yahoo
ENB,2025-05-15,0.68,yahoo
ENB,2025-08-15,0.683,yahoo
ENB,2026-02-17,0.712,yahoo
ENB,2026-05-15,0.707,yahoo
ENB,2026-08-14,0.696,yahoo
ENS,2021-09-09,0.175,yahoo
ENS,2021-12-16,0.175,yahoo
ENS,2022-03-10,0.175,yahoo
ENS,2022-06-15,0.175,yahoo
ENS,2022-09-15,0.175,yahoo
ENS,2022-12-15,0.175,yahoo
ENS,2023-03-16,0.175,yahoo
ENS,2023-06-15,0.175,yahoo
ENS,2023-09-14,0.225,yahoo
ENS,2023-12-14,0.225,yahoo
ENS,2024-03-14,0.225,yahoo
ENS,2024-06-14,0.225,yahoo
ENS,2024-09-16,0.24,yahoo
ENS,2024-12-13,0.24,yahoo
ENS,2025-03-14,0.24,yahoo
ENS,2025-06-13,0.24,yahoo
ENS,2025-09-12,0.263,yahoo
ENS,2025-12-12,0.263,yahoo
ENS,2026-03-13,0.263,yahoo
ENS,2026-06-18,0.263,yahoo
ENTG,2021-10-26,0.08,yahoo
ENTG,2022-02-01,0.1,yahoo
ENTG,2022-05-03,0.1,yahoo
ENTG,2022-08-02,0.1,yahoo
ENTG,2022-11-01,0.1,yahoo
ENTG,2023-01-31,0.1,yahoo
ENTG,2023-05-02,0.1,yahoo
ENTG,2023-08-01,0.1,yahoo
ENTG,2023-10-31,0.1,yahoo
ENTG,2024-01-30,0.1,yahoo
ENTG,2024-04-30,0.1,yahoo
ENTG,2024-07-31,0.1,yahoo
ENTG,2024-10-30,0.1,yahoo
ENTG,2025-01-29,0.1,yahoo
ENTG,2025-04-30,0.1,yahoo
ENTG,2025-07-30,0.1,yahoo
ENTG,2025-10-29,0.1,yahoo
ENTG,2026-01-28,0.1,yahoo
ENTG,2026-04-29,0.1,yahoo
ENTG,2026-07-29,0.1,yahoo
EOG,2021-10-14,0.413,yahoo
EOG,2021-12-14,2,yahoo
EOG,2022-01-13,0.75,yahoo
EOG,2022-03-14,1,yahoo
EOG,2022-04-13,0.75,yahoo
EOG,2022-06-14,1.8,yahoo
EOG,2022-07-14,0.75,yahoo
EOG,2022-09-14,1.5,yahoo
EOG,2022-10-14,0.75,yahoo
EOG,2022-12-14,1.5,yahoo
EOG,2023-01-13,0.825,yahoo
EOG,2023-03-15,1,yahoo
EOG,2023-04-13,0.825,yahoo
EOG,2023-07-14,0.825,yahoo
EOG,2023-10-16,0.825,yahoo
EOG,2023-12-14,1.5,yahoo
EOG,2024-01-16,0.91,yahoo
EOG,2024-04-15,0.91,yahoo
EOG,2024-07-17,0.91,yahoo
EOG,2024-10-17,0.91,yahoo
EOG,2025-01-17,0.975,yahoo
EOG,2025-04-16,0.975,yahoo
EOG,2025-07-17,0.975,yahoo
EOG,2025-10-17,1.02,yahoo
EOG,2026-01-16,1.02,yahoo
EOG,2026-04-16,1.02,yahoo
EOG,2026-07-17,1.02,yahoo
EQH,2021-11-26,0.18,yahoo
EQH,2022-02-25,0.18,yahoo
EQH,2022-05-26,0.2,yahoo
EQH,2022-08-05,0.2,yahoo
EQH,2022-11-25,0.2,yahoo
EQH,2023-02-24,0.2,yahoo
EQH,2023-06-02,0.22,yahoo
EQH,2023-08-04,0.22,yahoo
EQH,2023-11-24,0.22,yahoo
EQH,2024-02-23,0.22,yahoo
EQH,2024-06-03,0.24,yahoo
EQH,2024-08-06,0.24,yahoo
EQH,2024-11-26,0.24,yahoo
EQH,2025-03-05,0.24,yahoo
EQH,2025-06-02,0.27,yahoo
EQH,2025-08-05,0.27,yahoo
EQH,2025-11-24,0.27,yahoo
EQH,2026-03-04,0.27,yahoo
EQH,2026-06-01,0.3,yahoo
EQH,2026-08-03,0.3,yahoo
EQIX,2021-11-16,2.87,yahoo
EQIX,2022-03-04,3.1,yahoo
EQIX,2022-05-17,3.1,yahoo
EQIX,2022-08-16,3.1,yahoo
EQIX,2022-11-15,3.1,yahoo
EQIX,2023-03-06,3.41,yahoo
EQIX,2023-05-23,3.41,yahoo
EQIX,2023-08-22,3.41,yahoo
EQIX,2023-11-14,4.26,yahoo
EQIX,2024-02-27,4.26,yahoo
EQIX,2024-05-21,4.26,yahoo
EQIX,2024-08-21,4.26,yahoo
EQIX,2024-11-13,4.26,yahoo
EQIX,2025-02-26,4.69,yahoo
EQIX,2025-05-21,4.69,yahoo
EQIX,2025-08-20,4.69,yahoo
EQIX,2025-11-19,4.69,yahoo
EQIX,2026-02-25,5.16,yahoo
EQIX,2026-05-20,5.16,yahoo
EQIX,2026-08-19,5.16,yahoo
EQNR,2021-11-10,0.18,yahoo
EQNR,2022-02-11,0.18,yahoo
EQNR,2022-05-12,0.4,yahoo
EQNR,2022-08-11,0.4,yahoo
EQNR,2022-11-10,0.7,yahoo
EQNR,2023-01-09,0.9,yahoo
EQNR,2023-05-11,0.9,yahoo
EQNR,2023-08-14,0.9,yahoo
EQNR,2023-11-14,0.9,yahoo
EQNR,2024-02-14,0.9,yahoo
EQNR,2024-05-15,0.7,yahoo
EQNR,2024-08-19,0.7,yahoo
EQNR,2024-11-19,0.7,yahoo
EQNR,2025-02-14,0.35,yahoo
EQNR,2025-05-16,0.37,yahoo
EQNR,2025-08-19,0.37,yahoo
EQNR,2025-11-14,0.37,yahoo
EQNR,2026-02-17,0.37,yahoo
EQNR,2026-05-15,0.39,yahoo
EQNR,2026-08-14,0.39,yahoo
EQT,2022-02-11,0.125,yahoo
EQT,2022-05-10,0.125,yahoo
EQT,2022-08-08,0.15,yahoo
EQT,2022-11-08,0.15,yahoo
EQT,2023-02-17,0.15,yahoo
EQT,2023-05-09,0.15,yahoo
EQT,2023-08-08,0.15,yahoo
EQT,2023-11-07,0.158,yahoo
EQT,2024-02-16,0.158,yahoo
EQT,2024-05-07,0.158,yahoo
EQT,2024-08-07,0.158,yahoo
EQT,2024-11-06,0.158,yahoo
EQT,2025-02-18,0.158,yahoo
EQT,2025-05-07,0.158,yahoo
EQT,2025-08-06,0.158,yahoo
EQT,2025-11-05,0.165,yahoo
EQT,2026-02-17,0.165,yahoo
EQT,2026-05-06,0.165,yahoo
EQT,2026-08-05,0.165,yahoo
EQX,2026-03-12,0.015,yahoo
EQX,2026-05-21,0.015,yahoo
EQX,2026-08-19,0.023,yahoo
ERIE,2021-10-04,1.035,yahoo
ERIE,2022-01-04,1.11,yahoo
ERIE,2022-04-04,1.11,yahoo
ERIE,2022-07-05,1.11,yahoo
ERIE,2022-10-04,1.11,yahoo
ERIE,2023-01-04,1.19,yahoo
ERIE,2023-04-04,1.19,yahoo
ERIE,2023-07-05,1.19,yahoo
ERIE,2023-10-04,1.19,yahoo
ERIE,2024-01-05,1.275,yahoo
ERIE,2024-04-08,1.275,yahoo
ERIE,2024-07-09,1.275,yahoo
ERIE,2024-10-07,1.275,yahoo
ERIE,2025-01-07,1.365,yahoo
ERIE,2025-04-07,1.365,yahoo
ERIE,2025-07-08,1.365,yahoo
ERIE,2025-10-06,1.365,yahoo
ERIE,2026-01-06,1.463,yahoo
ERIE,2026-04-07,1.463,yahoo
ERIE,2026-07-07,1.463,yahoo
ES,2021-09-15,0.603,yahoo
ES,2021-12-16,0.603,yahoo
ES,2022-03-02,0.638,yahoo
ES,2022-05-18,0.638,yahoo
ES,2022-09-23,0.638,yahoo
ES,2022-12-15,0.638,yahoo
ES,2023-03-01,0.675,yahoo
ES,2023-05-17,0.675,yahoo
ES,2023-09-22,0.675,yahoo
ES,2023-12-15,0.675,yahoo
ES,2024-03-04,0.715,yahoo
ES,2024-05-15,0.715,yahoo
ES,2024-09-23,0.715,yahoo
ES,2024-12-18,0.715,yahoo
ES,2025-03-04,0.753,yahoo
ES,2025-05-15,0.753,yahoo
ES,2025-09-22,0.753,yahoo
ES,2025-12-17,0.753,yahoo
ES,2026-03-05,0.788,yahoo
ES,2026-05-18,0.788,yahoo
ESE,2021-09-30,0.08,yahoo
ESE,2022-01-03,0.08,yahoo
ESE,2022-04-01,0.08,yahoo
ESE,2022-07-01,0.08,yahoo
ESE,2022-10-03,0.08,yahoo
ESE,2023-01-04,0.08,yahoo
ESE,2023-03-31,0.08,yahoo
ESE,2023-07-03,0.08,yahoo
ESE,2023-10-02,0.08,yahoo
ESE,2024-01-03,0.08,yahoo
ESE,2024-03-28,0.08,yahoo
ESE,2024-07-03,0.08,yahoo
ESE,2024-10-02,0.08,yahoo
ESE,2025-01-02,0.08,yahoo
ESE,2025-04-02,0.08,yahoo
ESE,2025-07-02,0.08,yahoo
ESE,2025-10-02,0.08,yahoo
ESE,2026-01-02,0.08,yahoo
ESE,2026-04-02,0.08,yahoo
ESE,2026-07-02,0.08,yahoo
ESI,2021-11-30,0.08,yahoo
ESI,2022-02-28,0.08,yahoo
ESI,2022-05-31,0.08,yahoo
ESI,2022-08-31,0.08,yahoo
ESI,2022-11-30,0.08,yahoo
ESI,2023-02-28,0.08,yahoo
ESI,2023-05-31,0.08,yahoo
ESI,2023-08-31,0.08,yahoo
ESI,2023-11-30,0.08,yahoo
ESI,2024-02-29,0.08,yahoo
ESI,2024-05-31,0.08,yahoo
ESI,2024-08-30,0.08,yahoo
ESI,2024-12-02,0.08,yahoo
ESI,2025-03-03,0.08,yahoo
ESI,2025-06-02,0.08,yahoo
ESI,2025-09-02,0.08,yahoo
ESI,2025-12-01,0.08,yahoo
ESI,2026-03-02,0.08,yahoo
ESI,2026-06-01,0.08,yahoo
ESI,2026-09-01,0.08,yahoo
ESS,2021-09-29,2.09,yahoo
ESS,2021-12-31,2.09,yahoo
ESS,2022-03-30,2.2,yahoo
ESS,2022-06-29,2.2,yahoo
ESS,2022-09-29,2.2,yahoo
ESS,2022-12-30,2.2,yahoo
ESS,2023-03-30,2.31,yahoo
ESS,2023-06-29,2.31,yahoo
ESS,2023-09-28,2.31,yahoo
ESS,2023-12-29,2.31,yahoo
ESS,2024-03-27,2.45,yahoo
ESS,2024-06-28,2.45,yahoo
ESS,2024-09-30,2.45,yahoo
ESS,2025-01-02,2.45,yahoo
ESS,2025-03-31,2.57,yahoo
ESS,2025-06-30,2.57,yahoo
ESS,2025-09-30,2.57,yahoo
ESS,2026-01-02,2.57,yahoo
ESS,2026-03-31,2.59,yahoo
ESS,2026-06-30,2.59,yahoo
ET,2021-11-04,0.153,yahoo
ET,2022-02-07,0.175,yahoo
ET,2022-05-06,0.2,yahoo
ET,2022-08-05,0.23,yahoo
ET,2022-11-03,0.265,yahoo
ET,2023-02-06,0.305,yahoo
ET,2023-05-05,0.308,yahoo
ET,2023-08-11,0.31,yahoo
ET,2023-10-27,0.313,yahoo
ET,2024-02-06,0.315,yahoo
ET,2024-05-10,0.318,yahoo
ET,2024-08-09,0.32,yahoo
ET,2024-11-08,0.323,yahoo
ET,2025-02-07,0.325,yahoo
ET,2025-05-09,0.328,yahoo
ET,2025-08-08,0.33,yahoo
ET,2025-11-07,0.333,yahoo
ET,2026-02-06,0.335,yahoo
ET,2026-05-08,0.338,yahoo
ET,2026-08-07,0.34,yahoo
ETN,2021-11-10,0.76,yahoo
ETN,2022-03-10,0.81,yahoo
ETN,2022-05-12,0.81,yahoo
ETN,2022-08-11,0.81,yahoo
ETN,2022-11-09,0.81,yahoo
ETN,2023-03-03,0.86,yahoo
ETN,2023-05-05,0.86,yahoo
ETN,2023-08-04,0.86,yahoo
ETN,2023-11-03,0.86,yahoo
ETN,2024-03-08,0.94,yahoo
ETN,2024-05-03,0.94,yahoo
ETN,2024-08-05,0.94,yahoo
ETN,2024-11-04,0.94,yahoo
ETN,2025-03-10,1.04,yahoo
ETN,2025-05-05,1.04,yahoo
ETN,2025-08-07,1.04,yahoo
ETN,2025-11-05,1.04,yahoo
ETN,2026-03-10,1.1,yahoo
ETN,2026-05-08,1.1,yahoo
ETN,2026-08-07,1.1,yahoo
ETR,2021-11-12,0.505,yahoo
ETR,2022-02-10,0.505,yahoo
ETR,2022-05-04,0.505,yahoo
ETR,2022-08-10,0.505,yahoo
ETR,2022-11-10,0.535,yahoo
ETR,2023-02-09,0.535,yahoo
ETR,2023-05-03,0.535,yahoo
ETR,2023-08-10,0.535,yahoo
ETR,2023-11-13,0.565,yahoo
ETR,2024-02-08,0.565,yahoo
ETR,2024-05-01,0.565,yahoo
ETR,2024-08-13,0.565,yahoo
ETR,2024-11-13,0.6,yahoo
ETR,2025-02-10,0.6,yahoo
ETR,2025-05-02,0.6,yahoo
ETR,2025-08-13,0.6,yahoo
ETR,2025-11-13,0.64,yahoo
ETR,2026-02-09,0.64,yahoo
ETR,2026-05-01,0.64,yahoo
ETR,2026-08-13,0.64,yahoo
EVR,2021-11-24,0.68,yahoo
EVR,2022-02-24,0.68,yahoo
EVR,2022-05-26,0.72,yahoo
EVR,2022-08-25,0.72,yahoo
EVR,2022-11-23,0.72,yahoo
EVR,2023-02-23,0.72,yahoo
EVR,2023-05-25,0.76,yahoo
EVR,2023-08-24,0.76,yahoo
EVR,2023-11-22,0.76,yahoo
EVR,2024-02-22,0.76,yahoo
EVR,2024-05-31,0.8,yahoo
EVR,2024-08-30,0.8,yahoo
EVR,2024-11-29,0.8,yahoo
EVR,2025-02-28,0.8,yahoo
EVR,2025-05-30,0.84,yahoo
EVR,2025-08-29,0.84,yahoo
EVR,2025-11-28,0.84,yahoo
EVR,2026-02-27,0.84,yahoo
EVR,2026-05-29,0.89,yahoo
EVR,2026-08-28,0.89,yahoo
EVRG,2021-11-18,0.573,yahoo
EVRG,2022-03-04,0.573,yahoo
EVRG,2022-05-19,0.573,yahoo
EVRG,2022-08-18,0.573,yahoo
EVRG,2022-11-17,0.613,yahoo
EVRG,2023-03-08,0.613,yahoo
EVRG,2023-05-18,0.613,yahoo
EVRG,2023-08-18,0.613,yahoo
EVRG,2023-11-21,0.643,yahoo
EVRG,2024-03-08,0.643,yahoo
EVRG,2024-05-17,0.643,yahoo
EVRG,2024-08-20,0.643,yahoo
EVRG,2024-11-21,0.668,yahoo
EVRG,2025-03-10,0.668,yahoo
EVRG,2025-05-23,0.668,yahoo
EVRG,2025-08-22,0.668,yahoo
EVRG,2025-11-21,0.695,yahoo
EVRG,2026-03-10,0.695,yahoo
EVRG,2026-05-22,0.695,yahoo
EVRG,2026-08-18,0.695,yahoo
EWBC,2021-10-29,0.33,yahoo
EWBC,2022-02-04,0.4,yahoo
EWBC,2022-04-29,0.4,yahoo
EWBC,2022-07-29,0.4,yahoo
EWBC,2022-10-31,0.4,yahoo
EWBC,2023-02-03,0.48,yahoo
EWBC,2023-04-28,0.48,yahoo
EWBC,2023-07-31,0.48,yahoo
EWBC,2023-10-31,0.48,yahoo
EWBC,2024-02-01,0.55,yahoo
EWBC,2024-05-02,0.55,yahoo
EWBC,2024-08-02,0.55,yahoo
EWBC,2024-11-04,0.55,yahoo
EWBC,2025-02-03,0.6,yahoo
EWBC,2025-05-02,0.6,yahoo
EWBC,2025-08-04,0.6,yahoo
EWBC,2025-11-03,0.6,yahoo
EWBC,2026-02-02,0.8,yahoo
EWBC,2026-05-04,0.8,yahoo
EWBC,2026-08-03,0.8,yahoo
EWJ,2021-12-13,0.888,yahoo
EWJ,2022-06-09,0.546,yahoo
EWJ,2022-12-13,0.124,yahoo
EWJ,2023-06-07,0.431,yahoo
EWJ,2023-12-20,0.875,yahoo
EWJ,2024-06-11,0.509,yahoo
EWJ,2024-12-17,1.064,yahoo
EWJ,2025-06-16,0.591,yahoo
EWJ,2025-12-16,3.061,yahoo
EWJ,2026-06-15,0.501,yahoo
EWT,2021-12-13,1.76,yahoo
EWT,2022-12-13,7.558,yahoo
EWT,2023-12-20,5.527,yahoo
EWT,2024-12-17,1.718,yahoo
EWT,2025-12-16,2.816,yahoo
EWY,2021-12-13,1.679,yahoo
EWY,2022-12-13,0.697,yahoo
EWY,2023-12-20,1.651,yahoo
EWY,2024-12-17,1.298,yahoo
EWY,2025-12-16,2.037,yahoo
EWZ,2021-12-13,1.984,yahoo
EWZ,2021-12-30,0.161,yahoo
EWZ,2022-06-09,1.499,yahoo
EWZ,2022-12-13,2.022,yahoo
EWZ,2023-06-07,0.756,yahoo
EWZ,2023-12-20,1.221,yahoo
EWZ,2024-06-11,0.914,yahoo
EWZ,2024-12-17,1.092,yahoo
EWZ,2025-06-16,0.515,yahoo
EWZ,2025-12-16,1.027,yahoo
EWZ,2025-12-30,0.106,yahoo
EWZ,2026-06-15,0.331,yahoo
EXC,2021-11-12,0.273181,yahoo
EXC,2022-02-24,0.338,yahoo
EXC,2022-05-12,0.338,yahoo
EXC,2022-08-12,0.338,yahoo
EXC,2022-11-14,0.338,yahoo
EXC,2023-02-24,0.36,yahoo
EXC,2023-05-12,0.36,yahoo
EXC,2023-08-14,0.36,yahoo
EXC,2023-11-14,0.36,yahoo
EXC,2024-03-01,0.38,yahoo
EXC,2024-05-10,0.38,yahoo
EXC,2024-08-12,0.38,yahoo
EXC,2024-11-08,0.38,yahoo
EXC,2025-02-24,0.4,yahoo
EXC,2025-05-12,0.4,yahoo
EXC,2025-08-11,0.4,yahoo
EXC,2025-11-10,0.4,yahoo
EXC,2026-03-02,0.42,yahoo
EXC,2026-06-04,0.42,yahoo
EXC,2026-09-04,0.42,yahoo
EXE,2021-11-23,0.438,yahoo
EXE,2022-03-04,1.768,yahoo
EXE,2022-05-18,2.34,yahoo
EXE,2022-08-16,2.32,yahoo
EXE,2022-11-14,3.16,yahoo
EXE,2023-03-06,1.29,yahoo
EXE,2023-05-17,1.18,yahoo
EXE,2023-08-16,0.575,yahoo
EXE,2023-11-15,0.575,yahoo
EXE,2024-03-06,0.575,yahoo
EXE,2024-05-15,0.715,yahoo
EXE,2024-08-15,0.575,yahoo
EXE,2024-11-14,0.575,yahoo
EXE,2025-03-11,0.575,yahoo
EXE,2025-05-15,0.575,yahoo
EXE,2025-08-14,1.465,yahoo
EXE,2025-11-13,0.575,yahoo
EXE,2026-03-05,0.575,yahoo
EXE,2026-05-14,0.575,yahoo
EXE,2026-08-13,0.575,yahoo
EXPD,2021-11-30,0.58,yahoo
EXPD,2022-05-31,0.67,yahoo
EXPD,2022-11-30,0.67,yahoo
EXPD,2023-05-31,0.69,yahoo
EXPD,2023-11-30,0.69,yahoo
EXPD,2024-06-03,0.73,yahoo
EXPD,2024-12-02,0.73,yahoo
EXPD,2025-06-02,0.77,yahoo
EXPD,2025-12-01,0.77,yahoo
EXPD,2026-06-01,0.81,yahoo
EXPE,2025-03-06,0.4,yahoo
EXPE,2025-05-29,0.4,yahoo
EXPE,2025-08-28,0.4,yahoo
EXPE,2025-11-19,0.4,yahoo
EXPE,2026-03-05,0.48,yahoo
EXPE,2026-05-28,0.48,yahoo
EXPE,2026-08-27,0.48,yahoo
EXR,2021-09-14,1.25,yahoo
EXR,2021-12-14,1.25,yahoo
EXR,2022-03-14,1.5,yahoo
EXR,2022-06-14,1.5,yahoo
EXR,2022-09-14,1.5,yahoo
EXR,2022-12-13,1.5,yahoo
EXR,2023-03-14,1.62,yahoo
EXR,2023-06-14,1.62,yahoo
EXR,2023-07-12,1.01,yahoo
EXR,2023-09-14,0.61,yahoo
EXR,2023-12-14,1.62,yahoo
EXR,2024-03-14,1.62,yahoo
EXR,2024-06-14,1.62,yahoo
EXR,2024-09-16,1.62,yahoo
EXR,2024-12-16,1.62,yahoo
EXR,2025-03-14,1.62,yahoo
EXR,2025-06-16,1.62,yahoo
EXR,2025-09-15,1.62,yahoo
EXR,2025-12-15,1.62,yahoo
EXR,2026-03-16,1.62,yahoo
EXR,2026-06-15,1.62,yahoo
F,2021-11-18,0.1,yahoo
F,2022-01-28,0.1,yahoo
F,2022-04-25,0.1,yahoo
F,2022-08-10,0.15,yahoo
F,2022-11-14,0.15,yahoo
F,2023-02-10,0.8,yahoo
F,2023-04-25,0.15,yahoo
F,2023-07-24,0.15,yahoo
F,2023-10-31,0.15,yahoo
F,2024-02-15,0.33,yahoo
F,2024-05-07,0.15,yahoo
F,2024-08-07,0.15,yahoo
F,2024-11-07,0.15,yahoo
F,2025-02-18,0.3,yahoo
F,2025-05-12,0.15,yahoo
F,2025-08-11,0.15,yahoo
F,2025-11-07,0.15,yahoo
F,2026-02-13,0.15,yahoo
F,2026-05-12,0.15,yahoo
F,2026-08-11,0.15,yahoo
FA,2023-08-18,1.5,yahoo
FANG,2021-11-09,0.5,yahoo
FANG,2022-03-03,0.6,yahoo
FANG,2022-05-11,3.05,yahoo
FANG,2022-08-15,3.05,yahoo
FANG,2022-11-16,2.26,yahoo
FANG,2023-03-02,2.95,yahoo
FANG,2023-05-10,0.83,yahoo
FANG,2023-08-09,0.84,yahoo
FANG,2023-11-15,3.37,yahoo
FANG,2024-03-04,3.08,yahoo
FANG,2024-05-14,1.97,yahoo
FANG,2024-08-15,2.34,yahoo
FANG,2024-11-14,0.9,yahoo
FANG,2025-03-06,1,yahoo
FANG,2025-05-15,1,yahoo
FANG,2025-08-14,1,yahoo
FANG,2025-11-13,1,yahoo
FANG,2026-03-05,1.05,yahoo
FANG,2026-05-14,1.1,yahoo
FANG,2026-08-13,1.1,yahoo
FAST,2021-10-25,0.14,yahoo
FAST,2022-02-01,0.155,yahoo
FAST,2022-04-26,0.155,yahoo
FAST,2022-07-26,0.155,yahoo
FAST,2022-10-26,0.155,yahoo
FAST,2023-02-01,0.175,yahoo
FAST,2023-04-26,0.175,yahoo
FAST,2023-07-26,0.175,yahoo
FAST,2023-10-25,0.175,yahoo
FAST,2023-12-05,0.19,yahoo
FAST,2024-01-31,0.195,yahoo
FAST,2024-04-24,0.195,yahoo
FAST,2024-07-26,0.195,yahoo
FAST,2024-10-25,0.195,yahoo
FAST,2025-01-31,0.215,yahoo
FAST,2025-04-25,0.22,yahoo
FAST,2025-07-29,0.22,yahoo
FAST,2025-10-28,0.22,yahoo
FAST,2026-01-29,0.24,yahoo
FAST,2026-04-28,0.24,yahoo
FAST,2026-07-28,0.26,yahoo
FBIN,2021-11-24,0.222222,yahoo
FBIN,2022-02-24,0.239316,yahoo
FBIN,2022-05-26,0.239316,yahoo
FBIN,2022-08-25,0.239316,yahoo
FBIN,2022-11-23,0.239316,yahoo
FBIN,2023-02-23,0.23,yahoo
FBIN,2023-05-25,0.23,yahoo
FBIN,2023-08-24,0.23,yahoo
FBIN,2023-11-22,0.23,yahoo
FBIN,2024-02-22,0.24,yahoo
FBIN,2024-05-23,0.24,yahoo
FBIN,2024-08-23,0.24,yahoo
FBIN,2024-11-22,0.24,yahoo
FBIN,2025-02-21,0.25,yahoo
FBIN,2025-05-27,0.25,yahoo
FBIN,2025-08-22,0.25,yahoo
FBIN,2025-11-21,0.25,yahoo
FBIN,2026-02-20,0.26,yahoo
FBIN,2026-05-22,0.26,yahoo
FBIN,2026-08-21,0.26,yahoo
FCFS,2021-11-12,0.3,yahoo
FCFS,2022-02-17,0.3,yahoo
FCFS,2022-05-13,0.3,yahoo
FCFS,2022-08-11,0.33,yahoo
FCFS,2022-11-14,0.33,yahoo
FCFS,2023-02-13,0.33,yahoo
FCFS,2023-05-12,0.33,yahoo
FCFS,2023-08-14,0.35,yahoo
FCFS,2023-11-14,0.35,yahoo
FCFS,2024-02-13,0.35,yahoo
FCFS,2024-05-14,0.35,yahoo
FCFS,2024-08-15,0.38,yahoo
FCFS,2024-11-15,0.38,yahoo
FCFS,2025-02-14,0.38,yahoo
FCFS,2025-05-15,0.38,yahoo
FCFS,2025-08-15,0.42,yahoo
FCFS,2025-11-14,0.42,yahoo
FCFS,2026-02-18,0.42,yahoo
FCFS,2026-05-15,0.42,yahoo
FCFS,2026-08-14,0.42,yahoo
FCNCA,2021-11-09,0.47,yahoo
FCNCA,2022-02-25,0.47,yahoo
FCNCA,2022-05-27,0.47,yahoo
FCNCA,2022-08-30,0.47,yahoo
FCNCA,2022-11-29,0.75,yahoo
FCNCA,2023-02-27,0.75,yahoo
FCNCA,2023-05-30,0.75,yahoo
FCNCA,2023-08-30,0.75,yahoo
FCNCA,2023-11-29,1.64,yahoo
FCNCA,2024-02-28,1.64,yahoo
FCNCA,2024-05-31,1.64,yahoo
FCNCA,2024-08-30,1.64,yahoo
FCNCA,2024-11-29,1.95,yahoo
FCNCA,2025-02-28,1.95,yahoo
FCNCA,2025-05-30,1.95,yahoo
FCNCA,2025-08-29,1.95,yahoo
FCNCA,2025-11-28,2.1,yahoo
FCNCA,2026-02-27,2.1,yahoo
FCNCA,2026-05-29,2.1,yahoo
FCNCA,2026-08-31,2.1,yahoo
FCX,2021-10-14,0.075,yahoo
FCX,2022-01-13,0.15,yahoo
FCX,2022-04-13,0.15,yahoo
FCX,2022-07-14,0.15,yahoo
FCX,2022-10-13,0.15,yahoo
FCX,2023-01-12,0.15,yahoo
FCX,2023-04-13,0.15,yahoo
FCX,2023-07-13,0.15,yahoo
FCX,2023-10-12,0.15,yahoo
FCX,2024-01-11,0.15,yahoo
FCX,2024-04-12,0.15,yahoo
FCX,2024-07-15,0.15,yahoo
FCX,2024-10-15,0.15,yahoo
FCX,2025-01-15,0.15,yahoo
FCX,2025-04-15,0.15,yahoo
FCX,2025-07-15,0.15,yahoo
FCX,2025-10-15,0.15,yahoo
FCX,2026-01-15,0.15,yahoo
FCX,2026-04-15,0.15,yahoo
FCX,2026-07-15,0.15,yahoo
FDS,2021-11-29,0.82,yahoo
FDS,2022-02-25,0.82,yahoo
FDS,2022-05-27,0.89,yahoo
FDS,2022-08-30,0.89,yahoo
FDS,2022-11-29,0.89,yahoo
FDS,2023-02-27,0.89,yahoo
FDS,2023-05-30,0.98,yahoo
FDS,2023-08-30,0.98,yahoo
FDS,2023-11-29,0.98,yahoo
FDS,2024-02-28,0.98,yahoo
FDS,2024-05-31,1.04,yahoo
FDS,2024-08-30,1.04,yahoo
FDS,2024-11-29,1.04,yahoo
FDS,2025-02-28,1.04,yahoo
FDS,2025-05-30,1.1,yahoo
FDS,2025-08-29,1.1,yahoo
FDS,2025-11-28,1.1,yahoo
FDS,2026-02-27,1.1,yahoo
FDS,2026-05-29,1.16,yahoo
FDS,2026-08-31,1.16,yahoo
FDX,2021-09-02,0.604351,yahoo
FDX,2021-12-10,0.604351,yahoo
FDX,2022-03-04,0.604351,yahoo
FDX,2022-06-24,0.926672,yahoo
FDX,2022-09-01,0.926672,yahoo
FDX,2022-12-09,0.926672,yahoo
FDX,2023-03-10,0.926672,yahoo
FDX,2023-06-09,1.01531,yahoo
FDX,2023-09-08,1.01531,yahoo
FDX,2023-12-08,1.01531,yahoo
FDX,2024-03-08,1.01531,yahoo
FDX,2024-06-24,1.112006,yahoo
FDX,2024-09-09,1.112006,yahoo
FDX,2024-12-09,1.112006,yahoo
FDX,2025-03-10,1.112006,yahoo
FDX,2025-06-23,1.168413,yahoo
FDX,2025-09-08,1.168413,yahoo
FDX,2025-12-15,1.168413,yahoo
FDX,2026-03-09,1.168413,yahoo
FDX,2026-06-22,1.22,yahoo
FE,2021-11-04,0.39,yahoo
FE,2022-02-04,0.39,yahoo
FE,2022-05-05,0.39,yahoo
FE,2022-08-04,0.39,yahoo
FE,2022-11-04,0.39,yahoo
FE,2023-02-06,0.39,yahoo
FE,2023-05-04,0.39,yahoo
FE,2023-08-04,0.39,yahoo
FE,2023-11-06,0.41,yahoo
FE,2024-02-06,0.41,yahoo
FE,2024-05-06,0.425,yahoo
FE,2024-08-07,0.425,yahoo
FE,2024-11-07,0.425,yahoo
FE,2025-02-07,0.425,yahoo
FE,2025-05-07,0.445,yahoo
FE,2025-08-07,0.445,yahoo
FE,2025-11-07,0.445,yahoo
FE,2026-02-06,0.445,yahoo
FE,2026-05-07,0.465,yahoo
FE,2026-08-07,0.465,yahoo
FER,2021-11-03,0.353,yahoo
FER,2022-05-11,0.293,yahoo
FER,2022-11-03,0.407,yahoo
FER,2023-07-05,0.312,yahoo
FER,2023-10-25,0.453,yahoo
FER,2024-05-20,0.33,yahoo
FER,2024-11-06,0.502,yahoo
FER,2024-12-13,0.036,yahoo
FER,2025-05-22,0.361,yahoo
FER,2025-10-24,0.554,yahoo
FER,2025-12-04,0.09,yahoo
FER,2026-05-18,0.649,yahoo
FERG,2021-10-28,1.665,yahoo
FERG,2022-03-24,0.84,yahoo
FERG,2022-10-27,1.91,yahoo
FERG,2022-12-15,0.75,yahoo
FERG,2023-03-16,0.75,yahoo
FERG,2023-06-15,0.75,yahoo
FERG,2023-10-05,0.75,yahoo
FERG,2023-12-14,0.79,yahoo
FERG,2024-03-14,0.79,yahoo
FERG,2024-06-14,0.79,yahoo
FERG,2024-09-27,0.79,yahoo
FERG,2024-12-20,0.83,yahoo
FERG,2025-03-21,0.83,yahoo
FERG,2025-06-20,0.83,yahoo
FERG,2025-09-26,0.83,yahoo
FERG,2026-01-02,0.89,yahoo
FERG,2026-03-06,0.89,yahoo
FERG,2026-05-15,0.89,yahoo
FERG,2026-08-21,0.89,yahoo
FHN,2021-09-09,0.15,yahoo
FHN,2021-12-09,0.15,yahoo
FHN,2022-03-10,0.15,yahoo
FHN,2022-06-09,0.15,yahoo
FHN,2022-09-08,0.15,yahoo
FHN,2022-12-15,0.15,yahoo
FHN,2023-03-16,0.15,yahoo
FHN,2023-06-15,0.15,yahoo
FHN,2023-09-14,0.15,yahoo
FHN,2023-12-14,0.15,yahoo
FHN,2024-03-14,0.15,yahoo
FHN,2024-06-14,0.15,yahoo
FHN,2024-09-13,0.15,yahoo
FHN,2024-12-13,0.15,yahoo
FHN,2025-03-14,0.15,yahoo
FHN,2025-06-13,0.15,yahoo
FHN,2025-09-12,0.15,yahoo
FHN,2025-12-12,0.15,yahoo
FHN,2026-03-13,0.17,yahoo
FHN,2026-06-12,0.17,yahoo
FHN,2026-09-11,0.17,yahoo
FIS,2021-09-09,0.39,yahoo
FIS,2021-12-10,0.39,yahoo
FIS,2022-03-10,0.47,yahoo
FIS,2022-06-09,0.47,yahoo
FIS,2022-09-15,0.47,yahoo
FIS,2022-12-08,0.47,yahoo
FIS,2023-03-09,0.52,yahoo
FIS,2023-06-08,0.52,yahoo
FIS,2023-09-07,0.52,yahoo
FIS,2023-12-07,0.52,yahoo
FIS,2024-03-07,0.36,yahoo
FIS,2024-06-10,0.36,yahoo
FIS,2024-09-10,0.36,yahoo
FIS,2024-12-09,0.36,yahoo
FIS,2025-03-11,0.4,yahoo
FIS,2025-06-10,0.4,yahoo
FIS,2025-09-10,0.4,yahoo
FIS,2025-12-09,0.4,yahoo
FIS,2026-03-10,0.44,yahoo
FIS,2026-06-11,0.44,yahoo
FIS,2026-09-11,0.44,yahoo
FITB,2021-09-29,0.3,yahoo
FITB,2021-12-30,0.3,yahoo
FITB,2022-03-30,0.3,yahoo
FITB,2022-06-29,0.3,yahoo
FITB,2022-09-29,0.33,yahoo
FITB,2022-12-29,0.33,yahoo
FITB,2023-03-30,0.33,yahoo
FITB,2023-06-29,0.33,yahoo
FITB,2023-09-28,0.35,yahoo
FITB,2023-12-28,0.35,yahoo
FITB,2024-03-27,0.35,yahoo
FITB,2024-06-28,0.35,yahoo
FITB,2024-09-30,0.37,yahoo
FITB,2024-12-31,0.37,yahoo
FITB,2025-03-31,0.37,yahoo
FITB,2025-06-30,0.37,yahoo
FITB,2025-09-30,0.4,yahoo
FITB,2025-12-31,0.4,yahoo
FITB,2026-03-31,0.4,yahoo
FITB,2026-06-30,0.4,yahoo
FIX,2021-11-10,0.13,yahoo
FIX,2022-03-10,0.13,yahoo
FIX,2022-05-13,0.14,yahoo
FIX,2022-08-17,0.14,yahoo
FIX,2022-11-16,0.15,yahoo
FIX,2023-03-09,0.175,yahoo
FIX,2023-05-17,0.2,yahoo
FIX,2023-08-16,0.225,yahoo
FIX,2023-11-15,0.25,yahoo
FIX,2024-03-07,0.25,yahoo
FIX,2024-05-10,0.3,yahoo
FIX,2024-08-12,0.3,yahoo
FIX,2024-11-14,0.35,yahoo
FIX,2025-03-10,0.4,yahoo
FIX,2025-05-16,0.45,yahoo
FIX,2025-08-14,0.5,yahoo
FIX,2025-11-13,0.6,yahoo
FIX,2026-03-06,0.7,yahoo
FIX,2026-05-15,0.8,yahoo
FIX,2026-08-13,0.9,yahoo
FLS,2021-09-23,0.2,yahoo
FLS,2021-12-29,0.2,yahoo
FLS,2022-03-24,0.2,yahoo
FLS,2022-06-23,0.2,yahoo
FLS,2022-09-29,0.2,yahoo
FLS,2022-12-29,0.2,yahoo
FLS,2023-03-23,0.2,yahoo
FLS,2023-06-22,0.2,yahoo
FLS,2023-09-21,0.2,yahoo
FLS,2023-12-28,0.2,yahoo
FLS,2024-03-27,0.21,yahoo
FLS,2024-06-28,0.21,yahoo
FLS,2024-09-27,0.21,yahoo
FLS,2024-12-27,0.21,yahoo
FLS,2025-03-28,0.21,yahoo
FLS,2025-06-27,0.21,yahoo
FLS,2025-09-26,0.21,yahoo
FLS,2025-12-26,0.21,yahoo
FLS,2026-03-27,0.22,yahoo
FLS,2026-06-26,0.22,yahoo
FNB,2021-09-02,0.12,yahoo
FNB,2021-12-02,0.12,yahoo
FNB,2022-03-03,0.12,yahoo
FNB,2022-06-02,0.12,yahoo
FNB,2022-09-01,0.12,yahoo
FNB,2022-12-02,0.12,yahoo
FNB,2023-03-02,0.12,yahoo
FNB,2023-06-01,0.12,yahoo
FNB,2023-09-01,0.12,yahoo
FNB,2023-12-04,0.12,yahoo
FNB,2024-03-05,0.12,yahoo
FNB,2024-06-06,0.12,yahoo
FNB,2024-09-05,0.12,yahoo
FNB,2024-12-02,0.12,yahoo
FNB,2025-03-03,0.12,yahoo
FNB,2025-06-02,0.12,yahoo
FNB,2025-09-02,0.12,yahoo
FNB,2025-12-01,0.12,yahoo
FNB,2026-03-02,0.12,yahoo
FNB,2026-06-01,0.13,yahoo
FNB,2026-09-01,0.13,yahoo
FNF,2021-09-15,0.370892,yahoo
FNF,2021-12-16,0.407982,yahoo
FNF,2022-03-16,0.407982,yahoo
FNF,2022-06-15,0.407982,yahoo
FNF,2022-09-15,0.407982,yahoo
FNF,2022-12-15,0.433944,yahoo
FNF,2023-03-16,0.433944,yahoo
FNF,2023-06-15,0.433944,yahoo
FNF,2023-09-14,0.433944,yahoo
FNF,2023-12-14,0.462874,yahoo
FNF,2024-03-14,0.462874,yahoo
FNF,2024-06-14,0.462874,yahoo
FNF,2024-09-16,0.462874,yahoo
FNF,2024-12-17,0.48216,yahoo
FNF,2025-03-17,0.48216,yahoo
FNF,2025-06-16,0.48216,yahoo
FNF,2025-09-16,0.48216,yahoo
FNF,2025-12-17,0.52,yahoo
FNF,2026-03-17,0.52,yahoo
FNF,2026-06-16,0.52,yahoo
FNV,2021-09-15,0.3,yahoo
FNV,2021-12-08,0.3,yahoo
FNV,2022-03-16,0.32,yahoo
FNV,2022-06-15,0.32,yahoo
FNV,2022-09-14,0.32,yahoo
FNV,2022-12-07,0.32,yahoo
FNV,2023-03-15,0.34,yahoo
FNV,2023-06-14,0.34,yahoo
FNV,2023-09-13,0.34,yahoo
FNV,2023-12-06,0.34,yahoo
FNV,2024-03-13,0.36,yahoo
FNV,2024-06-13,0.36,yahoo
FNV,2024-09-12,0.36,yahoo
FNV,2024-12-05,0.36,yahoo
FNV,2025-03-13,0.38,yahoo
FNV,2025-06-12,0.38,yahoo
FNV,2026-03-12,0.44,yahoo
FNV,2026-06-11,0.44,yahoo
FNV,2026-09-10,0.44,yahoo
FOX,2022-03-01,0.24,yahoo
FOX,2022-08-30,0.25,yahoo
FOX,2023-02-28,0.25,yahoo
FOX,2023-08-29,0.26,yahoo
FOX,2024-03-05,0.26,yahoo
FOX,2024-09-04,0.27,yahoo
FOX,2025-03-05,0.27,yahoo
FOX,2025-09-03,0.28,yahoo
FOX,2026-03-04,0.28,yahoo
FOX,2026-09-02,0.29,yahoo
FOXA,2022-03-01,0.24,yahoo
FOXA,2022-08-30,0.25,yahoo
FOXA,2023-02-28,0.25,yahoo
FOXA,2023-08-29,0.26,yahoo
FOXA,2024-03-05,0.26,yahoo
FOXA,2024-09-04,0.27,yahoo
FOXA,2025-03-05,0.27,yahoo
FOXA,2025-09-03,0.28,yahoo
FOXA,2026-03-04,0.28,yahoo
FOXA,2026-09-02,0.29,yahoo
FRO,2022-09-15,0.15,yahoo
FRO,2023-03-15,1.07,yahoo
FRO,2023-06-15,0.7,yahoo
FRO,2023-09-14,0.8,yahoo
FRO,2023-12-14,0.3,yahoo
FRO,2024-03-14,0.37,yahoo
FRO,2024-06-14,0.62,yahoo
FRO,2024-09-13,0.62,yahoo
FRO,2024-12-11,0.34,yahoo
FRO,2025-03-14,0.2,yahoo
FRO,2025-06-12,0.18,yahoo
FRO,2026-03-12,1.03,yahoo
FRO,2026-06-12,1.55,yahoo
FRT,2021-09-21,1.07,yahoo
FRT,2021-12-31,1.07,yahoo
FRT,2022-03-15,1.07,yahoo
FRT,2022-06-21,1.07,yahoo
FRT,2022-09-21,1.08,yahoo
FRT,2022-12-30,1.08,yahoo
FRT,2023-03-10,1.08,yahoo
FRT,2023-06-21,1.08,yahoo
FRT,2023-09-21,1.09,yahoo
FRT,2023-12-29,1.09,yahoo
FRT,2024-03-12,1.09,yahoo
FRT,2024-06-21,1.09,yahoo
FRT,2024-10-01,1.1,yahoo
FRT,2025-01-02,1.1,yahoo
FRT,2025-04-01,1.1,yahoo
FRT,2025-07-01,1.1,yahoo
FRT,2025-10-01,1.13,yahoo
FRT,2026-01-02,1.13,yahoo
FRT,2026-04-01,1.13,yahoo
FRT,2026-07-01,1.13,yahoo
FTAI,2021-11-12,0.28181,yahoo
FTAI,2022-03-10,0.28181,yahoo
FTAI,2022-05-12,0.28181,yahoo
FTAI,2022-08-12,0.33,yahoo
FTAI,2022-11-10,0.3,yahoo
FTAI,2023-03-09,0.3,yahoo
FTAI,2023-05-11,0.3,yahoo
FTAI,2023-08-11,0.3,yahoo
FTAI,2023-11-13,0.3,yahoo
FTAI,2024-03-07,0.3,yahoo
FTAI,2024-05-09,0.3,yahoo
FTAI,2024-08-12,0.3,yahoo
FTAI,2024-11-14,0.3,yahoo
FTAI,2025-03-14,0.3,yahoo
FTAI,2025-05-16,0.3,yahoo
FTAI,2025-08-12,0.3,yahoo
FTAI,2025-11-10,0.35,yahoo
FTAI,2026-03-13,0.4,yahoo
FTAI,2026-05-13,0.45,yahoo
FTAI,2026-08-12,0.5,yahoo
FTI,2023-08-21,0.05,yahoo
FTI,2023-11-20,0.05,yahoo
FTI,2024-03-18,0.05,yahoo
FTI,2024-05-20,0.05,yahoo
FTI,2024-08-20,0.05,yahoo
FTI,2024-11-19,0.05,yahoo
FTI,2025-03-18,0.05,yahoo
FTI,2025-05-20,0.05,yahoo
FTI,2025-08-19,0.05,yahoo
FTI,2025-11-18,0.05,yahoo
FTI,2026-03-17,0.05,yahoo
FTI,2026-05-19,0.05,yahoo
FTI,2026-08-18,0.05,yahoo
FTV,2021-09-09,0.052751,yahoo
FTV,2021-11-24,0.052751,yahoo
FTV,2022-02-24,0.052751,yahoo
FTV,2022-05-26,0.052751,yahoo
FTV,2022-08-30,0.052751,yahoo
FTV,2022-11-29,0.052751,yahoo
FTV,2023-02-23,0.052751,yahoo
FTV,2023-05-25,0.052751,yahoo
FTV,2023-08-31,0.052751,yahoo
FTV,2023-11-22,0.060286,yahoo
FTV,2024-02-22,0.060286,yahoo
FTV,2024-05-31,0.060286,yahoo
FTV,2024-09-13,0.060286,yahoo
FTV,2024-11-29,0.060286,yahoo
FTV,2025-02-28,0.060286,yahoo
FTV,2025-05-30,0.060286,yahoo
FTV,2025-09-12,0.06,yahoo
FTV,2025-11-28,0.06,yahoo
FTV,2026-03-13,0.06,yahoo
FTV,2026-06-22,0.06,yahoo
FTV,2026-09-04,0.07,yahoo
FUTU,2024-12-06,2,yahoo
FUTU,2026-04-16,2.6,yahoo
FXI,2021-12-13,0.434,yahoo
FXI,2022-06-09,0.146,yahoo
FXI,2022-12-13,0.593,yahoo
FXI,2023-06-07,0.154,yahoo
FXI,2023-12-20,0.607,yahoo
FXI,2024-06-11,0.085,yahoo
FXI,2024-12-17,0.451,yahoo
FXI,2025-06-16,0.509,yahoo
FXI,2025-12-16,0.416,yahoo
FXI,2026-06-15,0.263,yahoo
G,2021-09-09,0.108,yahoo
G,2021-12-09,0.108,yahoo
G,2022-03-09,0.125,yahoo
G,2022-06-09,0.125,yahoo
G,2022-09-08,0.125,yahoo
G,2022-12-08,0.125,yahoo
G,2023-03-09,0.138,yahoo
G,2023-06-08,0.138,yahoo
G,2023-09-07,0.138,yahoo
G,2023-12-07,0.138,yahoo
G,2024-03-08,0.153,yahoo
G,2024-06-10,0.153,yahoo
G,2024-09-11,0.153,yahoo
G,2024-12-09,0.153,yahoo
G,2025-03-11,0.17,yahoo
G,2025-06-18,0.17,yahoo
G,2025-09-11,0.17,yahoo
G,2026-03-16,0.188,yahoo
G,2026-06-10,0.188,yahoo
G,2026-09-10,0.188,yahoo
GAP,2021-10-05,0.12,yahoo
GAP,2022-01-04,0.12,yahoo
GAP,2022-04-05,0.15,yahoo
GAP,2022-07-05,0.15,yahoo
GAP,2022-10-04,0.15,yahoo
GAP,2023-01-03,0.15,yahoo
GAP,2023-04-04,0.15,yahoo
GAP,2023-07-03,0.15,yahoo
GAP,2023-10-03,0.15,yahoo
GAP,2024-01-02,0.15,yahoo
GAP,2024-04-09,0.15,yahoo
GAP,2024-07-10,0.15,yahoo
GAP,2024-10-09,0.15,yahoo
GAP,2025-01-08,0.15,yahoo
GAP,2025-04-09,0.165,yahoo
GAP,2025-07-09,0.165,yahoo
GAP,2025-10-08,0.165,yahoo
GAP,2026-01-07,0.165,yahoo
GAP,2026-04-08,0.175,yahoo
GAP,2026-07-08,0.175,yahoo
GD,2021-10-07,1.19,yahoo
GD,2022-01-13,1.19,yahoo
GD,2022-04-07,1.26,yahoo
GD,2022-06-30,1.26,yahoo
GD,2022-10-06,1.26,yahoo
GD,2023-01-19,1.26,yahoo
GD,2023-04-13,1.32,yahoo
GD,2023-07-06,1.32,yahoo
GD,2023-10-05,1.32,yahoo
GD,2024-01-18,1.32,yahoo
GD,2024-04-11,1.42,yahoo
GD,2024-07-05,1.42,yahoo
GD,2024-10-11,1.42,yahoo
GD,2025-01-17,1.42,yahoo
GD,2025-04-11,1.5,yahoo
GD,2025-07-03,1.5,yahoo
GD,2025-10-10,1.5,yahoo
GD,2026-01-16,1.5,yahoo
GD,2026-04-10,1.59,yahoo
GD,2026-07-02,1.59,yahoo
GDX,2021-12-20,0.535,yahoo
GDX,2022-12-19,0.476,yahoo
GDX,2023-12-18,0.5,yahoo
GDX,2024-12-23,0.403,yahoo
GDX,2025-12-22,0.633,yahoo
GDXJ,2021-12-20,0.745,yahoo
GDXJ,2022-12-19,0.183,yahoo
GDXJ,2023-12-18,0.274,yahoo
GDXJ,2024-12-23,1.114,yahoo
GDXJ,2025-12-22,2.649,yahoo
GE,2021-09-24,0.049841,yahoo
GE,2021-12-20,0.049841,yahoo
GE,2022-03-07,0.049841,yahoo
GE,2022-06-27,0.049841,yahoo
GE,2022-09-26,0.049841,yahoo
GE,2022-12-14,0.049841,yahoo
GE,2023-03-06,0.063847,yahoo
GE,2023-07-10,0.063847,yahoo
GE,2023-09-25,0.063847,yahoo
GE,2023-12-27,0.063847,yahoo
GE,2024-04-12,0.28,yahoo
GE,2024-07-11,0.28,yahoo
GE,2024-09-26,0.28,yahoo
GE,2024-12-27,0.28,yahoo
GE,2025-03-10,0.36,yahoo
GE,2025-07-07,0.36,yahoo
GE,2025-09-29,0.36,yahoo
GE,2025-12-29,0.36,yahoo
GE,2026-03-09,0.47,yahoo
GE,2026-07-06,0.47,yahoo
GEHC,2023-05-22,0.03,yahoo
GEHC,2023-07-20,0.03,yahoo
GEHC,2023-10-19,0.03,yahoo
GEHC,2024-01-12,0.03,yahoo
GEHC,2024-04-18,0.03,yahoo
GEHC,2024-07-19,0.03,yahoo
GEHC,2024-10-18,0.03,yahoo
GEHC,2025-01-14,0.035,yahoo
GEHC,2025-04-25,0.035,yahoo
GEHC,2025-07-25,0.035,yahoo
GEHC,2025-10-24,0.035,yahoo
GEHC,2026-01-09,0.035,yahoo
GEHC,2026-04-02,0.035,yahoo
GEHC,2026-07-24,0.035,yahoo
GEN,2021-11-19,0.125,yahoo
GEN,2022-02-18,0.125,yahoo
GEN,2022-06-07,0.125,yahoo
GEN,2022-08-19,0.125,yahoo
GEN,2022-11-18,0.125,yahoo
GEN,2023-02-16,0.125,yahoo
GEN,2023-05-19,0.125,yahoo
GEN,2023-08-18,0.125,yahoo
GEN,2023-11-17,0.125,yahoo
GEN,2024-02-15,0.125,yahoo
GEN,2024-05-17,0.125,yahoo
GEN,2024-08-19,0.125,yahoo
GEN,2024-11-18,0.125,yahoo
GEN,2025-02-14,0.125,yahoo
GEN,2025-05-19,0.125,yahoo
GEN,2025-08-18,0.125,yahoo
GEN,2025-11-17,0.125,yahoo
GEN,2026-02-13,0.125,yahoo
GEN,2026-05-18,0.125,yahoo
GEN,2026-08-17,0.125,yahoo
GEV,2024-12-20,0.25,yahoo
GEV,2025-04-17,0.25,yahoo
GEV,2025-07-21,0.25,yahoo
GEV,2025-10-20,0.25,yahoo
GEV,2026-01-05,0.5,yahoo
GEV,2026-03-17,0.5,yahoo
GEV,2026-06-16,0.5,yahoo
GFI,2021-09-09,0.138,yahoo
GFI,2022-03-10,0.174,yahoo
GFI,2022-09-15,0.178,yahoo
GFI,2023-03-16,0.243,yahoo
GFI,2023-09-07,0.171,yahoo
GFI,2024-03-14,0.219,yahoo
GFI,2024-09-13,0.169,yahoo
GFI,2025-03-14,0.375,yahoo
GFI,2026-03-13,1.442,yahoo
GFI,2026-09-11,1.014,yahoo
GFS,2026-06-24,0.12,yahoo
GGG,2021-10-15,0.188,yahoo
GGG,2022-01-14,0.21,yahoo
GGG,2022-04-14,0.21,yahoo
GGG,2022-07-15,0.21,yahoo
GGG,2022-10-14,0.21,yahoo
GGG,2023-01-17,0.235,yahoo
GGG,2023-04-14,0.235,yahoo
GGG,2023-07-14,0.235,yahoo
GGG,2023-10-13,0.235,yahoo
GGG,2024-01-19,0.255,yahoo
GGG,2024-04-12,0.255,yahoo
GGG,2024-07-22,0.255,yahoo
GGG,2024-10-21,0.255,yahoo
GGG,2025-01-17,0.275,yahoo
GGG,2025-04-14,0.275,yahoo
GGG,2025-07-21,0.275,yahoo
GGG,2025-10-20,0.275,yahoo
GGG,2026-01-16,0.295,yahoo
GGG,2026-04-13,0.295,yahoo
GGG,2026-07-20,0.295,yahoo
GGLL,2022-09-20,0.006,yahoo
GGLL,2022-12-20,0.1,yahoo
GGLL,2023-03-21,0.068,yahoo
GGLL,2023-06-21,0.168,yahoo
GGLL,2023-09-19,0.191,yahoo
GGLL,2023-12-21,0.226,yahoo
GGLL,2024-03-19,0.2,yahoo
GGLL,2024-06-25,0.333,yahoo
GGLL,2024-09-24,0.238,yahoo
GGLL,2024-12-12,0.393,yahoo
GGLL,2024-12-23,0.34,yahoo
GGLL,2025-03-25,0.217,yahoo
GGLL,2025-06-24,0.259,yahoo
GGLL,2025-09-23,0.36,yahoo
GGLL,2025-12-10,2.851,yahoo
GGLL,2025-12-23,0.344,yahoo
GGLL,2026-03-24,0.58,yahoo
GGLL,2026-06-23,0.581,yahoo
GILD,2021-09-14,0.71,yahoo
GILD,2021-12-14,0.71,yahoo
GILD,2022-03-14,0.73,yahoo
GILD,2022-06-14,0.73,yahoo
GILD,2022-09-14,0.73,yahoo
GILD,2022-12-14,0.73,yahoo
GILD,2023-03-14,0.75,yahoo
GILD,2023-06-14,0.75,yahoo
GILD,2023-09-14,0.75,yahoo
GILD,2023-12-14,0.75,yahoo
GILD,2024-03-14,0.77,yahoo
GILD,2024-06-14,0.77,yahoo
GILD,2024-09-13,0.77,yahoo
GILD,2024-12-13,0.77,yahoo
GILD,2025-03-14,0.79,yahoo
GILD,2025-06-13,0.79,yahoo
GILD,2025-09-15,0.79,yahoo
GILD,2025-12-15,0.79,yahoo
GILD,2026-03-13,0.82,yahoo
GILD,2026-06-15,0.82,yahoo
GIS,2021-10-07,0.51,yahoo
GIS,2022-01-07,0.51,yahoo
GIS,2022-04-07,0.51,yahoo
GIS,2022-07-07,0.54,yahoo
GIS,2022-10-06,0.54,yahoo
GIS,2023-01-09,0.54,yahoo
GIS,2023-04-06,0.54,yahoo
GIS,2023-07-07,0.59,yahoo
GIS,2023-10-06,0.59,yahoo
GIS,2024-01-09,0.59,yahoo
GIS,2024-04-09,0.59,yahoo
GIS,2024-07-10,0.6,yahoo
GIS,2024-10-10,0.6,yahoo
GIS,2025-01-10,0.6,yahoo
GIS,2025-04-10,0.6,yahoo
GIS,2025-07-10,0.61,yahoo
GIS,2025-10-10,0.61,yahoo
GIS,2026-01-09,0.61,yahoo
GIS,2026-04-10,0.61,yahoo
GIS,2026-07-10,0.61,yahoo
GL,2021-10-01,0.198,yahoo
GL,2022-01-06,0.198,yahoo
GL,2022-04-01,0.208,yahoo
GL,2022-07-01,0.208,yahoo
GL,2022-10-06,0.208,yahoo
GL,2023-01-05,0.208,yahoo
GL,2023-03-31,0.225,yahoo
GL,2023-07-03,0.225,yahoo
GL,2023-10-05,0.225,yahoo
GL,2024-01-04,0.225,yahoo
GL,2024-04-04,0.24,yahoo
GL,2024-07-05,0.24,yahoo
GL,2024-10-04,0.24,yahoo
GL,2025-01-06,0.24,yahoo
GL,2025-04-03,0.27,yahoo
GL,2025-07-03,0.27,yahoo
GL,2025-10-03,0.27,yahoo
GL,2026-01-05,0.27,yahoo
GL,2026-04-02,0.33,yahoo
GL,2026-07-06,0.33,yahoo
GLNG,2023-06-09,0.25,yahoo
GLNG,2023-08-18,0.25,yahoo
GLNG,2023-11-30,0.25,yahoo
GLNG,2024-03-11,0.25,yahoo
GLNG,2024-06-10,0.25,yahoo
GLNG,2024-08-26,0.25,yahoo
GLNG,2024-11-25,0.25,yahoo
GLNG,2025-03-11,0.25,yahoo
GLNG,2025-06-03,0.25,yahoo
GLNG,2025-08-26,0.25,yahoo
GLNG,2025-11-17,0.25,yahoo
GLNG,2026-03-09,0.25,yahoo
GLNG,2026-06-01,0.25,yahoo
GLNG,2026-08-24,0.25,yahoo
GLPI,2021-09-09,0.67,yahoo
GLPI,2021-12-08,0.67,yahoo
GLPI,2021-12-23,0.24,yahoo
GLPI,2022-03-10,0.69,yahoo
GLPI,2022-06-09,0.705,yahoo
GLPI,2022-09-15,0.705,yahoo
GLPI,2022-12-08,0.705,yahoo
GLPI,2023-03-09,0.97,yahoo
GLPI,2023-06-15,0.72,yahoo
GLPI,2023-09-14,0.73,yahoo
GLPI,2023-12-07,0.73,yahoo
GLPI,2024-03-14,0.76,yahoo
GLPI,2024-06-07,0.76,yahoo
GLPI,2024-09-13,0.76,yahoo
GLPI,2024-12-06,0.76,yahoo
GLPI,2025-03-14,0.76,yahoo
GLPI,2025-06-13,0.78,yahoo
GLPI,2025-09-12,0.78,yahoo
GLPI,2025-12-05,0.78,yahoo
GLPI,2026-03-13,0.78,yahoo
GLPI,2026-06-12,0.82,yahoo
GLPI,2026-09-11,0.82,yahoo
GLW,2021-11-10,0.24,yahoo
GLW,2022-02-25,0.27,yahoo
GLW,2022-05-27,0.27,yahoo
GLW,2022-08-30,0.27,yahoo
GLW,2022-11-17,0.27,yahoo
GLW,2023-02-27,0.28,yahoo
GLW,2023-05-30,0.28,yahoo
GLW,2023-08-30,0.28,yahoo
GLW,2023-11-16,0.28,yahoo
GLW,2024-02-28,0.28,yahoo
GLW,2024-05-31,0.28,yahoo
GLW,2024-08-30,0.28,yahoo
GLW,2024-11-15,0.28,yahoo
GLW,2025-02-28,0.28,yahoo
GLW,2025-05-30,0.28,yahoo
GLW,2025-08-29,0.28,yahoo
GLW,2025-11-14,0.28,yahoo
GLW,2026-02-27,0.28,yahoo
GLW,2026-05-29,0.28,yahoo
GLW,2026-08-31,0.28,yahoo
GM,2022-08-30,0.09,yahoo
GM,2022-12-01,0.09,yahoo
GM,2023-03-02,0.09,yahoo
GM,2023-06-01,0.09,yahoo
GM,2023-08-31,0.09,yahoo
GM,2023-11-30,0.09,yahoo
GM,2024-02-29,0.12,yahoo
GM,2024-06-07,0.12,yahoo
GM,2024-09-06,0.12,yahoo
GM,2024-12-06,0.12,yahoo
GM,2025-03-07,0.12,yahoo
GM,2025-06-06,0.15,yahoo
GM,2025-09-05,0.15,yahoo
GM,2025-12-05,0.15,yahoo
GM,2026-03-06,0.18,yahoo
GM,2026-06-05,0.18,yahoo
GM,2026-09-04,0.18,yahoo
GNTX,2021-10-07,0.12,yahoo
GNTX,2022-01-06,0.12,yahoo
GNTX,2022-04-07,0.12,yahoo
GNTX,2022-07-07,0.12,yahoo
GNTX,2022-10-06,0.12,yahoo
GNTX,2023-01-05,0.12,yahoo
GNTX,2023-04-05,0.12,yahoo
GNTX,2023-07-06,0.12,yahoo
GNTX,2023-10-05,0.12,yahoo
GNTX,2024-01-04,0.12,yahoo
GNTX,2024-04-04,0.12,yahoo
GNTX,2024-07-05,0.12,yahoo
GNTX,2024-10-09,0.12,yahoo
GNTX,2025-01-08,0.12,yahoo
GNTX,2025-04-09,0.12,yahoo
GNTX,2025-07-09,0.12,yahoo
GNTX,2025-10-08,0.12,yahoo
GNTX,2026-01-07,0.12,yahoo
GNTX,2026-04-08,0.12,yahoo
GNTX,2026-07-08,0.12,yahoo
GOOG,2024-06-10,0.2,yahoo
GOOG,2024-09-09,0.2,yahoo
GOOG,2024-12-09,0.2,yahoo
GOOG,2025-03-10,0.2,yahoo
GOOG,2025-06-09,0.21,yahoo
GOOG,2025-09-08,0.21,yahoo
GOOG,2025-12-08,0.21,yahoo
GOOG,2026-03-09,0.21,yahoo
GOOG,2026-06-08,0.22,yahoo
GOOG,2026-09-04,0.22,yahoo
GOOGL,2024-06-10,0.2,yahoo
GOOGL,2024-09-09,0.2,yahoo
GOOGL,2024-12-09,0.2,yahoo
GOOGL,2025-03-10,0.2,yahoo
GOOGL,2025-06-09,0.21,yahoo
GOOGL,2025-09-08,0.21,yahoo
GOOGL,2025-12-08,0.21,yahoo
GOOGL,2026-03-09,0.21,yahoo
GOOGL,2026-06-08,0.22,yahoo
GOOGL,2026-09-04,0.22,yahoo
GPC,2021-09-02,0.815,yahoo
GPC,2021-12-02,0.815,yahoo
GPC,2022-03-03,0.895,yahoo
GPC,2022-06-02,0.895,yahoo
GPC,2022-09-01,0.895,yahoo
GPC,2022-12-01,0.895,yahoo
GPC,2023-03-02,0.95,yahoo
GPC,2023-06-01,0.95,yahoo
GPC,2023-09-07,0.95,yahoo
GPC,2023-11-30,0.95,yahoo
GPC,2024-02-29,1,yahoo
GPC,2024-06-07,1,yahoo
GPC,2024-09-06,1,yahoo
GPC,2024-12-06,1,yahoo
GPC,2025-03-07,1.03,yahoo
GPC,2025-06-06,1.03,yahoo
GPC,2025-09-05,1.03,yahoo
GPC,2025-12-05,1.03,yahoo
GPC,2026-03-06,1.063,yahoo
GPC,2026-06-05,1.063,yahoo
GPC,2026-09-04,1.063,yahoo
GPN,2021-09-09,0.25,yahoo
GPN,2021-12-15,0.25,yahoo
GPN,2022-03-10,0.25,yahoo
GPN,2022-06-09,0.25,yahoo
GPN,2022-09-15,0.25,yahoo
GPN,2022-12-15,0.25,yahoo
GPN,2023-03-16,0.25,yahoo
GPN,2023-06-14,0.25,yahoo
GPN,2023-09-14,0.25,yahoo
GPN,2023-12-14,0.25,yahoo
GPN,2024-03-14,0.25,yahoo
GPN,2024-06-14,0.25,yahoo
GPN,2024-09-13,0.25,yahoo
GPN,2024-12-13,0.25,yahoo
GPN,2025-03-14,0.25,yahoo
GPN,2025-06-13,0.25,yahoo
GPN,2025-09-12,0.25,yahoo
GPN,2025-12-12,0.25,yahoo
GPN,2026-03-09,0.25,yahoo
GPN,2026-06-12,0.25,yahoo
GPN,2026-09-11,0.25,yahoo
GRMN,2021-09-14,0.67,yahoo
GRMN,2021-12-14,0.67,yahoo
GRMN,2022-03-14,0.67,yahoo
GRMN,2022-06-16,0.73,yahoo
GRMN,2022-09-14,0.73,yahoo
GRMN,2022-12-14,0.73,yahoo
GRMN,2023-03-14,0.73,yahoo
GRMN,2023-06-16,0.73,yahoo
GRMN,2023-09-14,0.73,yahoo
GRMN,2023-12-14,0.73,yahoo
GRMN,2024-03-14,0.73,yahoo
GRMN,2024-06-17,0.75,yahoo
GRMN,2024-09-13,0.75,yahoo
GRMN,2024-12-13,0.75,yahoo
GRMN,2025-03-14,0.75,yahoo
GRMN,2025-06-16,0.9,yahoo
GRMN,2025-09-12,0.9,yahoo
GRMN,2025-12-12,0.9,yahoo
GRMN,2026-03-13,0.9,yahoo
GRMN,2026-06-15,1.05,yahoo
GRMN,2026-09-11,1.05,yahoo
GS,2021-12-01,2,yahoo
GS,2022-03-01,2,yahoo
GS,2022-05-31,2,yahoo
GS,2022-08-31,2.5,yahoo
GS,2022-11-30,2.5,yahoo
GS,2023-03-01,2.5,yahoo
GS,2023-05-31,2.5,yahoo
GS,2023-08-30,2.75,yahoo
GS,2023-11-29,2.75,yahoo
GS,2024-02-28,2.75,yahoo
GS,2024-05-30,2.75,yahoo
GS,2024-08-30,3,yahoo
GS,2024-12-02,3,yahoo
GS,2025-02-28,3,yahoo
GS,2025-05-30,3,yahoo
GS,2025-08-29,4,yahoo
GS,2025-12-02,4,yahoo
GS,2026-03-02,4.5,yahoo
GS,2026-06-01,4.5,yahoo
GS,2026-09-01,5,yahoo
GSK,2021-11-18,0.523,yahoo
GSK,2022-02-24,0.622,yahoo
GSK,2022-05-19,0.35,yahoo
GSK,2022-08-18,0.391,yahoo
GSK,2022-11-17,0.317,yahoo
GSK,2023-02-23,0.34,yahoo
GSK,2023-05-18,0.348,yahoo
GSK,2023-08-17,0.361,yahoo
GSK,2023-11-16,0.34,yahoo
GSK,2024-02-22,0.406,yahoo
GSK,2024-05-16,0.376,yahoo
GSK,2024-08-16,0.386,yahoo
GSK,2024-11-15,0.389,yahoo
GSK,2025-02-21,0.401,yahoo
GSK,2025-05-16,0.429,yahoo
GSK,2025-08-15,0.428,yahoo
GSK,2025-11-14,0.417,yahoo
GSK,2026-02-20,0.486,yahoo
GSK,2026-05-15,0.461,yahoo
GSK,2026-08-14,0.452,yahoo
GTX,2025-01-15,0.06,yahoo
GTX,2025-06-02,0.06,yahoo
GTX,2025-09-02,0.06,yahoo
GTX,2025-12-01,0.08,yahoo
GTX,2026-03-02,0.08,yahoo
GTX,2026-06-01,0.08,yahoo
GTX,2026-09-01,0.08,yahoo
GVA,2021-09-29,0.13,yahoo
GVA,2021-12-30,0.13,yahoo
GVA,2022-03-30,0.13,yahoo
GVA,2022-06-29,0.13,yahoo
GVA,2022-09-29,0.13,yahoo
GVA,2022-12-29,0.13,yahoo
GVA,2023-03-30,0.13,yahoo
GVA,2023-06-29,0.13,yahoo
GVA,2023-09-28,0.13,yahoo
GVA,2023-12-28,0.13,yahoo
GVA,2024-03-27,0.13,yahoo
GVA,2024-06-28,0.13,yahoo
GVA,2024-09-30,0.13,yahoo
GVA,2024-12-31,0.13,yahoo
GVA,2025-03-31,0.13,yahoo
GVA,2025-06-30,0.13,yahoo
GVA,2025-09-30,0.13,yahoo
GVA,2025-12-31,0.13,yahoo
GVA,2026-03-31,0.13,yahoo
GVA,2026-06-30,0.13,yahoo
GWW,2021-11-05,1.62,yahoo
GWW,2022-02-11,1.62,yahoo
GWW,2022-05-06,1.72,yahoo
GWW,2022-08-05,1.72,yahoo
GWW,2022-11-10,1.72,yahoo
GWW,2023-02-10,1.72,yahoo
GWW,2023-05-05,1.86,yahoo
GWW,2023-08-11,1.86,yahoo
GWW,2023-11-10,1.86,yahoo
GWW,2024-02-09,1.86,yahoo
GWW,2024-05-10,2.05,yahoo
GWW,2024-08-12,2.05,yahoo
GWW,2024-11-08,2.05,yahoo
GWW,2025-02-10,2.05,yahoo
GWW,2025-05-12,2.26,yahoo
GWW,2025-08-11,2.26,yahoo
GWW,2025-11-10,2.26,yahoo
GWW,2026-02-09,2.26,yahoo
GWW,2026-05-11,2.49,yahoo
GWW,2026-08-10,2.49,yahoo
H,2023-05-26,0.15,yahoo
H,2023-08-24,0.15,yahoo
H,2023-11-21,0.15,yahoo
H,2024-02-27,0.15,yahoo
H,2024-05-29,0.15,yahoo
H,2024-08-27,0.15,yahoo
H,2024-11-22,0.15,yahoo
H,2025-02-28,0.15,yahoo
H,2025-05-29,0.15,yahoo
H,2025-08-27,0.15,yahoo
H,2025-11-24,0.15,yahoo
H,2026-03-02,0.15,yahoo
H,2026-05-29,0.15,yahoo
H,2026-08-27,0.15,yahoo
HAL,2021-12-08,0.045,yahoo
HAL,2022-03-01,0.12,yahoo
HAL,2022-05-31,0.12,yahoo
HAL,2022-09-06,0.12,yahoo
HAL,2022-12-07,0.12,yahoo
HAL,2023-02-28,0.16,yahoo
HAL,2023-06-06,0.16,yahoo
HAL,2023-09-05,0.16,yahoo
HAL,2023-12-06,0.16,yahoo
HAL,2024-03-05,0.17,yahoo
HAL,2024-06-05,0.17,yahoo
HAL,2024-09-04,0.17,yahoo
HAL,2024-12-04,0.17,yahoo
HAL,2025-03-05,0.17,yahoo
HAL,2025-06-04,0.17,yahoo
HAL,2025-09-03,0.17,yahoo
HAL,2025-12-03,0.17,yahoo
HAL,2026-03-04,0.17,yahoo
HAL,2026-06-03,0.17,yahoo
HAL,2026-09-02,0.17,yahoo
HAS,2021-10-29,0.68,yahoo
HAS,2022-01-31,0.68,yahoo
HAS,2022-04-29,0.7,yahoo
HAS,2022-07-29,0.7,yahoo
HAS,2022-10-31,0.7,yahoo
HAS,2023-01-31,0.7,yahoo
HAS,2023-04-28,0.7,yahoo
HAS,2023-07-31,0.7,yahoo
HAS,2023-10-31,0.7,yahoo
HAS,2024-01-31,0.7,yahoo
HAS,2024-04-30,0.7,yahoo
HAS,2024-08-21,0.7,yahoo
HAS,2024-11-20,0.7,yahoo
HAS,2025-03-03,0.7,yahoo
HAS,2025-05-21,0.7,yahoo
HAS,2025-08-20,0.7,yahoo
HAS,2025-11-19,0.7,yahoo
HAS,2026-02-18,0.7,yahoo
HAS,2026-06-01,0.7,yahoo
HAS,2026-08-19,0.7,yahoo
HBAN,2021-09-16,0.15,yahoo
HBAN,2021-12-16,0.155,yahoo
HBAN,2022-03-17,0.155,yahoo
HBAN,2022-06-16,0.155,yahoo
HBAN,2022-09-16,0.155,yahoo
HBAN,2022-12-16,0.155,yahoo
HBAN,2023-03-17,0.155,yahoo
HBAN,2023-06-15,0.155,yahoo
HBAN,2023-09-15,0.155,yahoo
HBAN,2023-12-15,0.155,yahoo
HBAN,2024-03-15,0.155,yahoo
HBAN,2024-06-17,0.155,yahoo
HBAN,2024-09-17,0.155,yahoo
HBAN,2024-12-18,0.155,yahoo
HBAN,2025-03-18,0.155,yahoo
HBAN,2025-06-17,0.155,yahoo
HBAN,2025-09-17,0.155,yahoo
HBAN,2025-12-18,0.155,yahoo
HBAN,2026-03-18,0.155,yahoo
HBAN,2026-06-17,0.155,yahoo
HBM,2021-09-02,0.008,yahoo
HBM,2022-03-07,0.008,yahoo
HBM,2022-09-01,0.008,yahoo
HBM,2023-03-06,0.007,yahoo
HBM,2023-08-31,0.007,yahoo
HBM,2024-03-04,0.007,yahoo
HBM,2024-09-03,0.007,yahoo
HBM,2025-03-04,0.007,yahoo
HBM,2026-03-10,0.007,yahoo
HBM,2026-06-09,0.007,yahoo
HBM,2026-09-08,0.007,yahoo
HCA,2021-09-15,0.48,yahoo
HCA,2021-12-13,0.48,yahoo
HCA,2022-03-16,0.56,yahoo
HCA,2022-06-15,0.56,yahoo
HCA,2022-09-15,0.56,yahoo
HCA,2022-12-13,0.56,yahoo
HCA,2023-03-16,0.6,yahoo
HCA,2023-06-15,0.6,yahoo
HCA,2023-09-14,0.6,yahoo
HCA,2023-12-13,0.6,yahoo
HCA,2024-03-14,0.66,yahoo
HCA,2024-06-14,0.66,yahoo
HCA,2024-09-16,0.66,yahoo
HCA,2024-12-13,0.66,yahoo
HCA,2025-03-17,0.72,yahoo
HCA,2025-06-16,0.72,yahoo
HCA,2025-09-16,0.72,yahoo
HCA,2025-12-15,0.72,yahoo
HCA,2026-03-17,0.78,yahoo
HCA,2026-06-16,0.78,yahoo
HCC,2021-11-04,0.05,yahoo
HCC,2022-03-02,0.06,yahoo
HCC,2022-05-05,0.06,yahoo
HCC,2022-05-12,0.5,yahoo
HCC,2022-08-10,0.06,yahoo
HCC,2022-08-19,0.8,yahoo
HCC,2022-11-03,0.06,yahoo
HCC,2023-02-16,0.07,yahoo
HCC,2023-02-27,0.88,yahoo
HCC,2023-05-04,0.07,yahoo
HCC,2023-08-04,0.07,yahoo
HCC,2023-11-02,0.07,yahoo
HCC,2024-02-16,0.08,yahoo
HCC,2024-02-29,0.5,yahoo
HCC,2024-05-03,0.08,yahoo
HCC,2024-08-06,0.08,yahoo
HCC,2024-11-05,0.08,yahoo
HCC,2025-02-24,0.08,yahoo
HCC,2025-05-05,0.08,yahoo
HCC,2025-08-08,0.08,yahoo
HCC,2025-11-07,0.08,yahoo
HCC,2026-02-23,0.08,yahoo
HCC,2026-05-01,0.08,yahoo
HCC,2026-08-10,0.08,yahoo
HD,2021-12-01,1.65,yahoo
HD,2022-03-09,1.9,yahoo
HD,2022-06-01,1.9,yahoo
HD,2022-08-31,1.9,yahoo
HD,2022-11-30,1.9,yahoo
HD,2023-03-08,2.09,yahoo
HD,2023-05-31,2.09,yahoo
HD,2023-08-30,2.09,yahoo
HD,2023-11-29,2.09,yahoo
HD,2024-03-06,2.25,yahoo
HD,2024-05-30,2.25,yahoo
HD,2024-08-29,2.25,yahoo
HD,2024-11-27,2.25,yahoo
HD,2025-03-13,2.3,yahoo
HD,2025-06-05,2.3,yahoo
HD,2025-09-04,2.3,yahoo
HD,2025-12-04,2.3,yahoo
HD,2026-03-12,2.33,yahoo
HD,2026-06-04,2.33,yahoo
HD,2026-09-03,2.33,yahoo
HDB,2022-05-11,0.304,yahoo
HDB,2022-07-19,0.29,yahoo
HDB,2023-05-12,0.3485,yahoo
HDB,2023-08-14,0.342,yahoo
HDB,2024-08-12,0.348,yahoo
HDB,2025-07-31,0.087,yahoo
HDB,2025-08-11,0.3755,yahoo
HEI,2022-01-05,0.09,yahoo
HEI,2022-06-30,0.09,yahoo
HEI,2023-01-04,0.1,yahoo
HEI,2023-06-30,0.1,yahoo
HEI,2024-01-03,0.1,yahoo
HEI,2024-07-01,0.11,yahoo
HEI,2025-01-03,0.11,yahoo
HEI,2025-07-01,0.12,yahoo
HEI,2026-01-05,0.12,yahoo
HEI,2026-07-01,0.13,yahoo
HIG,2021-11-30,0.385,yahoo
HIG,2022-02-28,0.385,yahoo
HIG,2022-05-31,0.385,yahoo
HIG,2022-08-31,0.385,yahoo
HIG,2022-11-30,0.425,yahoo
HIG,2023-03-03,0.425,yahoo
HIG,2023-05-31,0.425,yahoo
HIG,2023-08-31,0.425,yahoo
HIG,2023-11-30,0.47,yahoo
HIG,2024-03-01,0.47,yahoo
HIG,2024-06-03,0.47,yahoo
HIG,2024-09-03,0.47,yahoo
HIG,2024-12-02,0.52,yahoo
HIG,2025-03-03,0.52,yahoo
HIG,2025-06-02,0.52,yahoo
HIG,2025-09-02,0.52,yahoo
HIG,2025-12-01,0.6,yahoo
HIG,2026-03-02,0.6,yahoo
HIG,2026-06-01,0.6,yahoo
HIG,2026-09-01,0.6,yahoo
HII,2021-11-24,1.18,yahoo
HII,2022-02-24,1.18,yahoo
HII,2022-05-26,1.18,yahoo
HII,2022-08-25,1.18,yahoo
HII,2022-11-23,1.24,yahoo
HII,2023-02-23,1.24,yahoo
HII,2023-05-25,1.24,yahoo
HII,2023-08-24,1.24,yahoo
HII,2023-11-22,1.3,yahoo
HII,2024-02-22,1.3,yahoo
HII,2024-05-31,1.3,yahoo
HII,2024-08-30,1.3,yahoo
HII,2024-11-29,1.35,yahoo
HII,2025-02-28,1.35,yahoo
HII,2025-05-30,1.35,yahoo
HII,2025-08-29,1.35,yahoo
HII,2025-11-28,1.38,yahoo
HII,2026-02-27,1.38,yahoo
HII,2026-05-29,1.38,yahoo
HII,2026-08-28,1.38,yahoo
HL,2021-11-18,0.006,yahoo
HL,2022-03-08,0.006,yahoo
HL,2022-05-24,0.006,yahoo
HL,2022-08-18,0.006,yahoo
HL,2022-11-23,0.004,yahoo
HL,2023-03-08,0.006,yahoo
HL,2023-05-19,0.006,yahoo
HL,2023-06-14,0.006,yahoo
HL,2023-08-23,0.006,yahoo
HL,2023-11-22,0.006,yahoo
HL,2024-03-11,0.006,yahoo
HL,2024-05-23,0.006,yahoo
HL,2024-08-26,0.014,yahoo
HL,2024-11-21,0.014,yahoo
HL,2025-03-10,0.004,yahoo
HL,2025-05-23,0.004,yahoo
HL,2025-08-22,0.004,yahoo
HL,2025-11-24,0.004,yahoo
HL,2026-03-09,0.004,yahoo
HL,2026-05-22,0.004,yahoo
HL,2026-08-26,0.004,yahoo
HLI,2021-12-01,0.43,yahoo
HLI,2022-03-01,0.43,yahoo
HLI,2022-06-01,0.53,yahoo
HLI,2022-09-01,0.53,yahoo
HLI,2022-12-01,0.53,yahoo
HLI,2023-03-01,0.53,yahoo
HLI,2023-06-01,0.55,yahoo
HLI,2023-08-31,0.55,yahoo
HLI,2023-11-30,0.55,yahoo
HLI,2024-02-29,0.55,yahoo
HLI,2024-06-03,0.57,yahoo
HLI,2024-09-03,0.57,yahoo
HLI,2024-12-02,0.57,yahoo
HLI,2025-03-03,0.57,yahoo
HLI,2025-06-02,0.6,yahoo
HLI,2025-09-02,0.6,yahoo
HLI,2025-12-01,0.6,yahoo
HLI,2026-03-02,0.6,yahoo
HLI,2026-06-01,0.7,yahoo
HLI,2026-09-01,0.7,yahoo
HLNE,2021-09-14,0.35,yahoo
HLNE,2021-12-14,0.35,yahoo
HLNE,2022-03-14,0.35,yahoo
HLNE,2022-06-14,0.4,yahoo
HLNE,2022-09-14,0.4,yahoo
HLNE,2022-12-14,0.4,yahoo
HLNE,2023-03-14,0.4,yahoo
HLNE,2023-06-14,0.445,yahoo
HLNE,2023-09-14,0.445,yahoo
HLNE,2023-12-14,0.445,yahoo
HLNE,2024-03-14,0.445,yahoo
HLNE,2024-06-14,0.49,yahoo
HLNE,2024-09-16,0.49,yahoo
HLNE,2024-12-16,0.49,yahoo
HLNE,2025-03-14,0.49,yahoo
HLNE,2025-06-20,0.54,yahoo
HLNE,2025-09-19,0.54,yahoo
HLNE,2025-12-19,0.54,yahoo
HLNE,2026-03-20,0.54,yahoo
HLNE,2026-06-18,0.6,yahoo
HLT,2022-05-26,0.15,yahoo
HLT,2022-08-25,0.15,yahoo
HLT,2022-11-09,0.15,yahoo
HLT,2023-02-27,0.15,yahoo
HLT,2023-05-18,0.15,yahoo
HLT,2023-08-24,0.15,yahoo
HLT,2023-11-16,0.15,yahoo
HLT,2024-02-22,0.15,yahoo
HLT,2024-05-16,0.15,yahoo
HLT,2024-08-23,0.15,yahoo
HLT,2024-11-15,0.15,yahoo
HLT,2025-02-21,0.15,yahoo
HLT,2025-05-23,0.15,yahoo
HLT,2025-08-29,0.15,yahoo
HLT,2025-11-21,0.15,yahoo
HLT,2026-02-27,0.15,yahoo
HLT,2026-05-22,0.15,yahoo
HLT,2026-08-21,0.15,yahoo
HMY,2021-10-14,0.019,yahoo
HMY,2022-04-07,0.026,yahoo
HMY,2022-10-13,0.013,yahoo
HMY,2023-10-12,0.04,yahoo
HMY,2024-04-11,0.078,yahoo
HMY,2024-10-11,0.052,yahoo
HMY,2025-04-11,0.12,yahoo
HMY,2026-04-24,0.312,yahoo
HOG,2021-09-09,0.15,yahoo
HOG,2021-12-07,0.15,yahoo
HOG,2022-02-25,0.158,yahoo
HOG,2022-06-01,0.158,yahoo
HOG,2022-09-09,0.158,yahoo
HOG,2022-12-08,0.158,yahoo
HOG,2023-03-02,0.165,yahoo
HOG,2023-06-02,0.165,yahoo
HOG,2023-09-11,0.165,yahoo
HOG,2023-12-08,0.165,yahoo
HOG,2024-03-01,0.173,yahoo
HOG,2024-06-05,0.173,yahoo
HOG,2024-09-16,0.173,yahoo
HOG,2024-12-10,0.173,yahoo
HOG,2025-02-28,0.18,yahoo
HOG,2025-06-02,0.18,yahoo
HOG,2025-09-10,0.18,yahoo
HOG,2025-12-09,0.18,yahoo
HOG,2026-03-02,0.188,yahoo
HOG,2026-06-08,0.188,yahoo
HON,2021-11-10,0.968702,yahoo
HON,2022-02-24,0.968702,yahoo
HON,2022-05-12,0.968702,yahoo
HON,2022-08-11,0.968702,yahoo
HON,2022-11-09,1.018125,yahoo
HON,2023-02-23,1.018125,yahoo
HON,2023-05-11,1.018125,yahoo
HON,2023-08-10,1.018125,yahoo
HON,2023-11-09,1.067549,yahoo
HON,2024-02-29,1.067549,yahoo
HON,2024-05-16,1.067549,yahoo
HON,2024-08-16,1.067549,yahoo
HON,2024-11-15,1.116972,yahoo
HON,2025-02-28,1.116972,yahoo
HON,2025-05-16,1.116972,yahoo
HON,2025-08-15,1.116972,yahoo
HON,2025-11-14,1.248034,yahoo
HON,2026-02-27,1.248034,yahoo
HON,2026-05-15,1.248034,yahoo
HON,2026-08-14,0.7,yahoo
HPE,2021-09-10,0.12,yahoo
HPE,2021-12-09,0.12,yahoo
HPE,2022-03-10,0.12,yahoo
HPE,2022-06-10,0.12,yahoo
HPE,2022-09-09,0.12,yahoo
HPE,2022-12-13,0.12,yahoo
HPE,2023-03-16,0.12,yahoo
HPE,2023-06-14,0.12,yahoo
HPE,2023-09-13,0.12,yahoo
HPE,2023-12-12,0.13,yahoo
HPE,2024-03-14,0.13,yahoo
HPE,2024-06-18,0.13,yahoo
HPE,2024-09-19,0.13,yahoo
HPE,2024-12-20,0.13,yahoo
HPE,2025-03-21,0.13,yahoo
HPE,2025-06-18,0.13,yahoo
HPE,2025-09-18,0.13,yahoo
HPE,2025-12-19,0.143,yahoo
HPE,2026-03-24,0.143,yahoo
HPE,2026-06-16,0.143,yahoo
HPQ,2021-09-07,0.194,yahoo
HPQ,2021-12-07,0.25,yahoo
HPQ,2022-03-08,0.25,yahoo
HPQ,2022-06-07,0.25,yahoo
HPQ,2022-09-13,0.25,yahoo
HPQ,2022-12-13,0.263,yahoo
HPQ,2023-03-07,0.263,yahoo
HPQ,2023-06-13,0.263,yahoo
HPQ,2023-09-12,0.263,yahoo
HPQ,2023-12-12,0.276,yahoo
HPQ,2024-03-12,0.276,yahoo
HPQ,2024-06-12,0.276,yahoo
HPQ,2024-09-11,0.276,yahoo
HPQ,2024-12-11,0.289,yahoo
HPQ,2025-03-12,0.289,yahoo
HPQ,2025-06-11,0.289,yahoo
HPQ,2025-09-10,0.289,yahoo
HPQ,2025-12-11,0.3,yahoo
HPQ,2026-03-11,0.3,yahoo
HPQ,2026-06-10,0.3,yahoo
HPQ,2026-09-09,0.3,yahoo
HR,2021-10-01,0.325,yahoo
HR,2021-11-12,0.303,yahoo
HR,2022-01-03,0.325,yahoo
HR,2022-02-25,0.31,yahoo
HR,2022-04-01,0.325,yahoo
HR,2022-05-13,0.31,yahoo
HR,2022-07-05,0.325,yahoo
HR,2022-07-13,0.201,yahoo
HR,2022-07-21,4.82,yahoo
HR,2022-08-12,0.109,yahoo
HR,2022-11-14,0.31,yahoo
HR,2023-03-06,0.31,yahoo
HR,2023-05-15,0.31,yahoo
HR,2023-08-14,0.31,yahoo
HR,2023-11-13,0.31,yahoo
HR,2024-02-23,0.31,yahoo
HR,2024-05-10,0.31,yahoo
HR,2024-08-12,0.31,yahoo
HR,2024-11-12,0.31,yahoo
HR,2025-03-03,0.31,yahoo
HR,2025-05-12,0.31,yahoo
HR,2025-08-14,0.24,yahoo
HR,2025-11-10,0.24,yahoo
HR,2026-02-24,0.24,yahoo
HR,2026-05-11,0.24,yahoo
HR,2026-08-11,0.24,yahoo
HRB,2021-09-09,0.27,yahoo
HRB,2021-12-03,0.27,yahoo
HRB,2022-03-07,0.27,yahoo
HRB,2022-06-07,0.27,yahoo
HRB,2022-09-07,0.29,yahoo
HRB,2022-12-05,0.29,yahoo
HRB,2023-03-06,0.29,yahoo
HRB,2023-06-06,0.29,yahoo
HRB,2023-09-06,0.32,yahoo
HRB,2023-12-04,0.32,yahoo
HRB,2024-03-04,0.32,yahoo
HRB,2024-06-05,0.32,yahoo
HRB,2024-09-05,0.375,yahoo
HRB,2024-12-05,0.375,yahoo
HRB,2025-03-04,0.375,yahoo
HRB,2025-06-04,0.375,yahoo
HRB,2025-09-04,0.42,yahoo
HRB,2025-12-04,0.42,yahoo
HRB,2026-03-04,0.42,yahoo
HRB,2026-06-03,0.42,yahoo
HRB,2026-09-03,0.46,yahoo
HRL,2021-10-15,0.245,yahoo
HRL,2022-01-14,0.26,yahoo
HRL,2022-04-08,0.26,yahoo
HRL,2022-07-08,0.26,yahoo
HRL,2022-10-14,0.26,yahoo
HRL,2023-01-13,0.275,yahoo
HRL,2023-04-14,0.275,yahoo
HRL,2023-07-14,0.275,yahoo
HRL,2023-10-13,0.275,yahoo
HRL,2024-01-12,0.283,yahoo
HRL,2024-04-12,0.283,yahoo
HRL,2024-07-15,0.283,yahoo
HRL,2024-10-15,0.283,yahoo
HRL,2025-01-13,0.29,yahoo
HRL,2025-04-14,0.29,yahoo
HRL,2025-07-14,0.29,yahoo
HRL,2025-10-14,0.29,yahoo
HRL,2026-01-12,0.293,yahoo
HRL,2026-04-13,0.293,yahoo
HRL,2026-07-13,0.293,yahoo
HSBC,2022-03-10,0.9,yahoo
HSBC,2022-08-18,0.45,yahoo
HSBC,2023-03-02,1.15,yahoo
HSBC,2023-05-11,0.5,yahoo
HSBC,2023-08-10,0.5,yahoo
HSBC,2023-11-09,0.5,yahoo
HSBC,2024-03-07,1.55,yahoo
HSBC,2024-05-09,1.55,yahoo
HSBC,2024-08-16,0.5,yahoo
HSBC,2024-11-08,0.5,yahoo
HSBC,2025-03-07,1.8,yahoo
HSBC,2025-05-09,0.5,yahoo
HSBC,2025-08-15,0.5,yahoo
HSBC,2025-11-07,0.5,yahoo
HSBC,2026-03-13,2.25,yahoo
HSBC,2026-05-15,0.5,yahoo
HSBC,2026-08-14,0.5,yahoo
HST,2022-03-30,0.03,yahoo
HST,2022-06-29,0.06,yahoo
HST,2022-09-29,0.12,yahoo
HST,2022-12-29,0.32,yahoo
HST,2023-03-30,0.12,yahoo
HST,2023-06-29,0.15,yahoo
HST,2023-09-28,0.18,yahoo
HST,2023-12-28,0.45,yahoo
HST,2024-03-27,0.2,yahoo
HST,2024-06-28,0.2,yahoo
HST,2024-09-30,0.2,yahoo
HST,2024-12-31,0.3,yahoo
HST,2025-03-31,0.2,yahoo
HST,2025-06-30,0.2,yahoo
HST,2025-09-30,0.2,yahoo
HST,2025-12-31,0.35,yahoo
HST,2026-03-31,0.2,yahoo
HST,2026-06-30,0.92,yahoo
HSY,2021-11-18,0.901,yahoo
HSY,2022-02-17,0.901,yahoo
HSY,2022-05-19,0.901,yahoo
HSY,2022-08-18,1.036,yahoo
HSY,2022-11-17,1.036,yahoo
HSY,2023-02-16,1.036,yahoo
HSY,2023-05-18,1.036,yahoo
HSY,2023-08-17,1.192,yahoo
HSY,2023-11-16,1.192,yahoo
HSY,2024-02-16,1.37,yahoo
HSY,2024-05-16,1.37,yahoo
HSY,2024-08-16,1.37,yahoo
HSY,2024-11-18,1.37,yahoo
HSY,2025-02-14,1.37,yahoo
HSY,2025-05-16,1.37,yahoo
HSY,2025-08-15,1.37,yahoo
HSY,2025-11-17,1.37,yahoo
HSY,2026-02-17,1.452,yahoo
HSY,2026-05-15,1.452,yahoo
HSY,2026-08-14,1.452,yahoo
HTHT,2022-03-23,0.21,yahoo
HTHT,2023-12-20,0.93,yahoo
HTHT,2024-08-14,0.63,yahoo
HTHT,2025-04-09,0.97,yahoo
HTHT,2025-09-09,0.81,yahoo
HTHT,2026-05-04,1.3,yahoo
HTHT,2026-09-08,0.87,yahoo
HUBB,2021-11-29,1.05,yahoo
HUBB,2022-02-25,1.05,yahoo
HUBB,2022-05-27,1.05,yahoo
HUBB,2022-08-30,1.05,yahoo
HUBB,2022-11-29,1.12,yahoo
HUBB,2023-02-27,1.12,yahoo
HUBB,2023-05-30,1.12,yahoo
HUBB,2023-08-30,1.12,yahoo
HUBB,2023-11-29,1.22,yahoo
HUBB,2024-02-28,1.22,yahoo
HUBB,2024-05-31,1.22,yahoo
HUBB,2024-08-30,1.22,yahoo
HUBB,2024-11-29,1.32,yahoo
HUBB,2025-02-28,1.32,yahoo
HUBB,2025-05-30,1.32,yahoo
HUBB,2025-08-29,1.32,yahoo
HUBB,2025-11-28,1.42,yahoo
HUBB,2026-02-27,1.42,yahoo
HUBB,2026-05-29,1.42,yahoo
HUBB,2026-08-31,1.42,yahoo
HUM,2021-09-29,0.7,yahoo
HUM,2021-12-30,0.7,yahoo
HUM,2022-03-30,0.788,yahoo
HUM,2022-06-29,0.788,yahoo
HUM,2022-09-29,0.788,yahoo
HUM,2022-12-29,0.788,yahoo
HUM,2023-03-30,0.885,yahoo
HUM,2023-06-29,0.885,yahoo
HUM,2023-09-28,0.885,yahoo
HUM,2023-12-28,0.885,yahoo
HUM,2024-03-27,0.885,yahoo
HUM,2024-06-28,0.885,yahoo
HUM,2024-09-30,0.885,yahoo
HUM,2024-12-31,0.885,yahoo
HUM,2025-03-28,0.885,yahoo
HUM,2025-06-27,0.885,yahoo
HUM,2025-09-26,0.885,yahoo
HUM,2025-12-26,0.885,yahoo
HUM,2026-03-27,0.885,yahoo
HUM,2026-06-26,0.885,yahoo
HWC,2021-09-03,0.27,yahoo
HWC,2021-12-03,0.27,yahoo
HWC,2022-03-03,0.27,yahoo
HWC,2022-06-03,0.27,yahoo
HWC,2022-09-02,0.27,yahoo
HWC,2022-12-02,0.27,yahoo
HWC,2023-03-03,0.3,yahoo
HWC,2023-06-02,0.3,yahoo
HWC,2023-09-01,0.3,yahoo
HWC,2023-12-04,0.3,yahoo
HWC,2024-03-04,0.3,yahoo
HWC,2024-06-05,0.4,yahoo
HWC,2024-09-05,0.4,yahoo
HWC,2024-12-05,0.4,yahoo
HWC,2025-03-05,0.45,yahoo
HWC,2025-06-05,0.45,yahoo
HWC,2025-09-05,0.45,yahoo
HWC,2025-12-05,0.45,yahoo
HWC,2026-03-05,0.5,yahoo
HWC,2026-06-05,0.5,yahoo
HWC,2026-09-04,0.5,yahoo
HWM,2021-11-04,0.02,yahoo
HWM,2022-02-03,0.02,yahoo
HWM,2022-05-05,0.02,yahoo
HWM,2022-08-04,0.02,yahoo
HWM,2022-11-03,0.04,yahoo
HWM,2023-02-09,0.04,yahoo
HWM,2023-05-04,0.04,yahoo
HWM,2023-08-03,0.04,yahoo
HWM,2023-11-09,0.05,yahoo
HWM,2024-02-08,0.05,yahoo
HWM,2024-05-09,0.05,yahoo
HWM,2024-08-09,0.08,yahoo
HWM,2024-11-08,0.08,yahoo
HWM,2025-02-07,0.1,yahoo
HWM,2025-05-09,0.1,yahoo
HWM,2025-08-08,0.12,yahoo
HWM,2025-11-07,0.12,yahoo
HWM,2026-02-06,0.12,yahoo
HWM,2026-05-08,0.12,yahoo
HWM,2026-08-07,0.14,yahoo
HXL,2022-02-10,0.1,yahoo
HXL,2022-05-05,0.1,yahoo
HXL,2022-08-04,0.1,yahoo
HXL,2022-11-03,0.1,yahoo
HXL,2023-02-09,0.125,yahoo
HXL,2023-05-04,0.125,yahoo
HXL,2023-08-03,0.125,yahoo
HXL,2023-11-02,0.125,yahoo
HXL,2024-02-08,0.15,yahoo
HXL,2024-05-02,0.15,yahoo
HXL,2024-08-02,0.15,yahoo
HXL,2024-11-01,0.15,yahoo
HXL,2025-02-07,0.17,yahoo
HXL,2025-05-02,0.17,yahoo
HXL,2025-08-08,0.17,yahoo
HXL,2025-11-03,0.17,yahoo
HXL,2026-02-09,0.18,yahoo
HXL,2026-05-04,0.18,yahoo
HXL,2026-08-10,0.18,yahoo
HYG,2021-10-01,0.289,yahoo
HYG,2021-11-01,0.277,yahoo
HYG,2021-12-01,0.282,yahoo
HYG,2021-12-16,0.296,yahoo
HYG,2022-02-01,0.305,yahoo
HYG,2022-03-01,0.307,yahoo
HYG,2022-04-01,0.334,yahoo
HYG,2022-05-02,0.305,yahoo
HYG,2022-06-01,0.307,yahoo
HYG,2022-07-01,0.329,yahoo
HYG,2022-08-01,0.304,yahoo
HYG,2022-09-01,0.366,yahoo
HYG,2022-10-03,0.351,yahoo
HYG,2022-11-01,0.28,yahoo
HYG,2022-12-01,0.319,yahoo
HYG,2022-12-15,0.396,yahoo
HYG,2023-02-01,0.368,yahoo
HYG,2023-03-01,0.45,yahoo
HYG,2023-04-03,0.342,yahoo
HYG,2023-05-01,0.326,yahoo
HYG,2023-06-01,0.353,yahoo
HYG,2023-07-03,0.403,yahoo
HYG,2023-08-01,0.358,yahoo
HYG,2023-09-01,0.351,yahoo
HYG,2023-10-02,0.385,yahoo
HYG,2023-11-01,0.388,yahoo
HYG,2023-12-01,0.344,yahoo
HYG,2023-12-14,0.379,yahoo
HYG,2024-02-01,0.384,yahoo
HYG,2024-03-01,0.438,yahoo
HYG,2024-04-01,0.395,yahoo
HYG,2024-05-01,0.4,yahoo
HYG,2024-06-03,0.358,yahoo
HYG,2024-07-01,0.405,yahoo
HYG,2024-08-01,0.409,yahoo
HYG,2024-09-03,0.38,yahoo
HYG,2024-10-01,0.39,yahoo
HYG,2024-11-01,0.395,yahoo
HYG,2024-12-02,0.361,yahoo
HYG,2024-12-18,0.409,yahoo
HYG,2025-02-03,0.36,yahoo
HYG,2025-03-03,0.374,yahoo
HYG,2025-04-01,0.382,yahoo
HYG,2025-05-01,0.401,yahoo
HYG,2025-06-02,0.376,yahoo
HYG,2025-07-01,0.379,yahoo
HYG,2025-08-01,0.404,yahoo
HYG,2025-09-02,0.383,yahoo
HYG,2025-10-01,0.381,yahoo
HYG,2025-11-03,0.41,yahoo
HYG,2025-12-01,0.375,yahoo
HYG,2025-12-19,0.381,yahoo
HYG,2026-02-02,0.399,yahoo
HYG,2026-03-02,0.394,yahoo
HYG,2026-04-01,0.384,yahoo
HYG,2026-05-01,0.419,yahoo
HYG,2026-06-01,0.409,yahoo
HYG,2026-07-01,0.369,yahoo
HYG,2026-08-03,0.384,yahoo
HYG,2026-09-01,0.435,yahoo
IBB,2021-09-24,0.124,yahoo
IBB,2021-12-13,0.041,yahoo
IBB,2022-03-24,0.118,yahoo
IBB,2022-06-09,0.031,yahoo
IBB,2022-09-26,0.159,yahoo
IBB,2022-12-13,0.101,yahoo
IBB,2023-03-23,0.065,yahoo
IBB,2023-06-07,0.006,yahoo
IBB,2023-09-26,0.153,yahoo
IBB,2023-12-20,0.124,yahoo
IBB,2024-03-21,0.126,yahoo
IBB,2024-09-25,0.2,yahoo
IBB,2024-12-17,0.062,yahoo
IBB,2025-03-18,0.121,yahoo
IBB,2025-09-16,0.083,yahoo
IBB,2025-12-16,0.183,yahoo
IBB,2026-03-17,0.122,yahoo
IBB,2026-06-15,0.024,yahoo
IBKR,2021-11-30,0.025,yahoo
IBKR,2022-02-28,0.025,yahoo
IBKR,2022-05-31,0.025,yahoo
IBKR,2022-08-31,0.025,yahoo
IBKR,2022-11-30,0.025,yahoo
IBKR,2023-02-28,0.025,yahoo
IBKR,2023-05-31,0.025,yahoo
IBKR,2023-08-31,0.025,yahoo
IBKR,2023-11-30,0.025,yahoo
IBKR,2024-02-29,0.025,yahoo
IBKR,2024-05-31,0.0625,yahoo
IBKR,2024-08-30,0.0625,yahoo
IBKR,2024-11-29,0.0625,yahoo
IBKR,2025-02-28,0.0625,yahoo
IBKR,2025-05-30,0.08,yahoo
IBKR,2025-08-29,0.08,yahoo
IBKR,2025-12-01,0.08,yahoo
IBKR,2026-02-27,0.08,yahoo
IBKR,2026-06-01,0.088,yahoo
IBKR,2026-09-01,0.088,yahoo
IBM,2021-11-09,1.64,yahoo
IBM,2022-02-10,1.64,yahoo
IBM,2022-05-09,1.65,yahoo
IBM,2022-08-09,1.65,yahoo
IBM,2022-11-09,1.65,yahoo
IBM,2023-02-09,1.65,yahoo
IBM,2023-05-09,1.66,yahoo
IBM,2023-08-09,1.66,yahoo
IBM,2023-11-09,1.66,yahoo
IBM,2024-02-08,1.66,yahoo
IBM,2024-05-09,1.67,yahoo
IBM,2024-08-09,1.67,yahoo
IBM,2024-11-12,1.67,yahoo
IBM,2025-02-10,1.67,yahoo
IBM,2025-05-09,1.68,yahoo
IBM,2025-08-08,1.68,yahoo
IBM,2025-11-10,1.68,yahoo
IBM,2026-02-10,1.68,yahoo
IBM,2026-05-08,1.69,yahoo
IBM,2026-08-10,1.69,yahoo
IBN,2022-08-09,0.126,yahoo
IBN,2023-08-08,0.195,yahoo
IBN,2024-08-12,0.239,yahoo
IBN,2025-08-12,0.257,yahoo
IBN,2026-08-03,0.249,yahoo
IBP,2021-09-14,0.3,yahoo
IBP,2021-12-14,0.3,yahoo
IBP,2022-03-14,1.215,yahoo
IBP,2022-06-14,0.315,yahoo
IBP,2022-09-14,0.315,yahoo
IBP,2022-12-14,0.315,yahoo
IBP,2023-03-14,1.23,yahoo
IBP,2023-06-14,0.33,yahoo
IBP,2023-09-14,0.33,yahoo
IBP,2023-12-14,0.33,yahoo
IBP,2024-03-14,1.95,yahoo
IBP,2024-06-14,0.35,yahoo
IBP,2024-09-13,0.35,yahoo
IBP,2024-12-13,0.35,yahoo
IBP,2025-03-14,2.07,yahoo
IBP,2025-06-13,0.37,yahoo
IBP,2025-09-15,0.37,yahoo
IBP,2025-12-15,0.37,yahoo
IBP,2026-03-13,2.19,yahoo
IBP,2026-06-15,0.39,yahoo
ICE,2021-09-15,0.33,yahoo
ICE,2021-12-16,0.33,yahoo
ICE,2022-03-16,0.38,yahoo
ICE,2022-06-14,0.38,yahoo
ICE,2022-09-15,0.38,yahoo
ICE,2022-12-14,0.38,yahoo
ICE,2023-03-16,0.42,yahoo
ICE,2023-06-14,0.42,yahoo
ICE,2023-09-14,0.42,yahoo
ICE,2023-12-13,0.42,yahoo
ICE,2024-03-14,0.45,yahoo
ICE,2024-06-13,0.45,yahoo
ICE,2024-09-16,0.45,yahoo
ICE,2024-12-16,0.45,yahoo
ICE,2025-03-17,0.48,yahoo
ICE,2025-06-13,0.48,yahoo
ICE,2025-09-16,0.48,yahoo
ICE,2025-12-16,0.48,yahoo
ICE,2026-03-17,0.52,yahoo
ICE,2026-06-15,0.52,yahoo
IDA,2021-11-04,0.75,yahoo
IDA,2022-02-02,0.75,yahoo
IDA,2022-05-02,0.75,yahoo
IDA,2022-08-02,0.75,yahoo
IDA,2022-11-01,0.79,yahoo
IDA,2023-02-03,0.79,yahoo
IDA,2023-05-02,0.79,yahoo
IDA,2023-08-01,0.79,yahoo
IDA,2023-10-31,0.83,yahoo
IDA,2024-02-02,0.83,yahoo
IDA,2024-05-03,0.83,yahoo
IDA,2024-08-05,0.83,yahoo
IDA,2024-11-05,0.86,yahoo
IDA,2025-02-05,0.86,yahoo
IDA,2025-05-05,0.86,yahoo
IDA,2025-08-05,0.86,yahoo
IDA,2025-11-05,0.88,yahoo
IDA,2026-02-05,0.88,yahoo
IDA,2026-05-05,0.88,yahoo
IDA,2026-08-05,0.88,yahoo
IDCC,2021-10-12,0.35,yahoo
IDCC,2022-01-11,0.35,yahoo
IDCC,2022-04-12,0.35,yahoo
IDCC,2022-07-12,0.35,yahoo
IDCC,2022-10-11,0.35,yahoo
IDCC,2023-01-10,0.35,yahoo
IDCC,2023-04-11,0.35,yahoo
IDCC,2023-07-11,0.35,yahoo
IDCC,2023-10-10,0.4,yahoo
IDCC,2024-01-09,0.4,yahoo
IDCC,2024-04-09,0.4,yahoo
IDCC,2024-07-10,0.4,yahoo
IDCC,2024-10-09,0.45,yahoo
IDCC,2025-01-08,0.45,yahoo
IDCC,2025-04-09,0.6,yahoo
IDCC,2025-07-09,0.6,yahoo
IDCC,2025-10-08,0.7,yahoo
IDCC,2026-01-14,0.7,yahoo
IDCC,2026-04-08,0.7,yahoo
IDCC,2026-07-08,0.7,yahoo
IEF,2021-10-01,0.08,yahoo
IEF,2021-11-01,0.081,yahoo
IEF,2021-12-01,0.088,yahoo
IEF,2021-12-16,0.106,yahoo
IEF,2022-02-01,0.108,yahoo
IEF,2022-03-01,0.101,yahoo
IEF,2022-04-01,0.121,yahoo
IEF,2022-05-02,0.125,yahoo
IEF,2022-06-01,0.129,yahoo
IEF,2022-07-01,0.155,yahoo
IEF,2022-08-01,0.184,yahoo
IEF,2022-09-01,0.179,yahoo
IEF,2022-10-03,0.187,yahoo
IEF,2022-11-01,0.203,yahoo
IEF,2022-12-01,0.194,yahoo
IEF,2022-12-15,0.192,yahoo
IEF,2023-02-01,0.212,yahoo
IEF,2023-03-01,0.196,yahoo
IEF,2023-04-03,0.196,yahoo
IEF,2023-05-01,0.239,yahoo
IEF,2023-06-01,0.232,yahoo
IEF,2023-07-03,0.232,yahoo
IEF,2023-08-01,0.242,yahoo
IEF,2023-09-01,0.242,yahoo
IEF,2023-10-02,0.239,yahoo
IEF,2023-11-01,0.249,yahoo
IEF,2023-12-01,0.249,yahoo
IEF,2023-12-14,0.282,yahoo
IEF,2024-02-01,0.236,yahoo
IEF,2024-03-01,0.249,yahoo
IEF,2024-04-01,0.276,yahoo
IEF,2024-05-01,0.271,yahoo
IEF,2024-06-03,0.276,yahoo
IEF,2024-07-01,0.285,yahoo
IEF,2024-08-01,0.289,yahoo
IEF,2024-09-03,0.288,yahoo
IEF,2024-10-01,0.286,yahoo
IEF,2024-11-01,0.292,yahoo
IEF,2024-12-02,0.292,yahoo
IEF,2024-12-18,0.308,yahoo
IEF,2025-02-03,0.296,yahoo
IEF,2025-03-03,0.275,yahoo
IEF,2025-04-01,0.304,yahoo
IEF,2025-05-01,0.313,yahoo
IEF,2025-06-02,0.31,yahoo
IEF,2025-07-01,0.303,yahoo
IEF,2025-08-01,0.309,yahoo
IEF,2025-09-02,0.314,yahoo
IEF,2025-10-01,0.294,yahoo
IEF,2025-11-03,0.304,yahoo
IEF,2025-12-01,0.288,yahoo
IEF,2025-12-19,0.313,yahoo
IEF,2026-02-02,0.312,yahoo
IEF,2026-03-02,0.283,yahoo
IEF,2026-04-01,0.317,yahoo
IEF,2026-05-01,0.312,yahoo
IEF,2026-06-01,0.317,yahoo
IEF,2026-07-01,0.311,yahoo
IEF,2026-08-03,0.318,yahoo
IEF,2026-09-01,0.332,yahoo
IEFA,2021-12-13,1.277,yahoo
IEFA,2021-12-30,0.11,yahoo
IEFA,2022-06-09,1.332,yahoo
IEFA,2022-12-13,0.335,yahoo
IEFA,2023-06-07,1.284,yahoo
IEFA,2023-12-20,0.968,yahoo
IEFA,2024-06-11,1.31,yahoo
IEFA,2024-12-17,1.13,yahoo
IEFA,2025-06-16,1.467,yahoo
IEFA,2025-12-16,1.711,yahoo
IEFA,2026-06-15,1.578,yahoo
IEI,2021-10-01,0.074,yahoo
IEI,2021-11-01,0.078,yahoo
IEI,2021-12-01,0.076,yahoo
IEI,2021-12-16,0.083,yahoo
IEI,2022-02-01,0.081,yahoo
IEI,2022-03-01,0.079,yahoo
IEI,2022-04-01,0.097,yahoo
IEI,2022-05-02,0.095,yahoo
IEI,2022-06-01,0.101,yahoo
IEI,2022-07-01,0.119,yahoo
IEI,2022-08-01,0.143,yahoo
IEI,2022-09-01,0.152,yahoo
IEI,2022-10-03,0.162,yahoo
IEI,2022-11-01,0.173,yahoo
IEI,2022-12-01,0.183,yahoo
IEI,2022-12-15,0.192,yahoo
IEI,2023-02-01,0.181,yahoo
IEI,2023-03-01,0.192,yahoo
IEI,2023-04-03,0.204,yahoo
IEI,2023-05-01,0.201,yahoo
IEI,2023-06-01,0.22,yahoo
IEI,2023-07-03,0.222,yahoo
IEI,2023-08-01,0.228,yahoo
IEI,2023-09-01,0.232,yahoo
IEI,2023-10-02,0.243,yahoo
IEI,2023-11-01,0.275,yahoo
IEI,2023-12-01,0.275,yahoo
IEI,2023-12-14,0.292,yahoo
IEI,2024-02-01,0.287,yahoo
IEI,2024-03-01,0.275,yahoo
IEI,2024-04-01,0.306,yahoo
IEI,2024-05-01,0.296,yahoo
IEI,2024-06-03,0.299,yahoo
IEI,2024-07-01,0.301,yahoo
IEI,2024-08-01,0.315,yahoo
IEI,2024-09-03,0.32,yahoo
IEI,2024-10-01,0.315,yahoo
IEI,2024-11-01,0.32,yahoo
IEI,2024-12-02,0.311,yahoo
IEI,2024-12-18,0.33,yahoo
IEI,2025-02-03,0.329,yahoo
IEI,2025-03-03,0.304,yahoo
IEI,2025-04-01,0.342,yahoo
IEI,2025-05-01,0.335,yahoo
IEI,2025-06-02,0.363,yahoo
IEI,2025-07-01,0.342,yahoo
IEI,2025-08-01,0.351,yahoo
IEI,2025-09-02,0.348,yahoo
IEI,2025-10-01,0.346,yahoo
IEI,2025-11-03,0.366,yahoo
IEI,2025-12-01,0.35,yahoo
IEI,2025-12-19,0.371,yahoo
IEI,2026-02-02,0.367,yahoo
IEI,2026-03-02,0.331,yahoo
IEI,2026-04-01,0.361,yahoo
IEI,2026-05-01,0.36,yahoo
IEI,2026-06-01,0.369,yahoo
IEI,2026-07-01,0.363,yahoo
IEI,2026-08-03,0.379,yahoo
IEI,2026-09-01,0.371,yahoo
IEMG,2021-12-13,1.361,yahoo
IEMG,2022-06-09,0.604,yahoo
IEMG,2022-12-13,0.659,yahoo
IEMG,2023-06-07,0.483,yahoo
IEMG,2023-12-20,0.977,yahoo
IEMG,2024-06-11,0.509,yahoo
IEMG,2024-12-17,1.163,yahoo
IEMG,2025-06-16,0.71,yahoo
IEMG,2025-12-16,1.139,yahoo
IEMG,2026-06-15,0.658,yahoo
IEX,2021-10-14,0.54,yahoo
IEX,2022-01-13,0.54,yahoo
IEX,2022-05-16,0.6,yahoo
IEX,2022-07-14,0.6,yahoo
IEX,2022-10-13,0.6,yahoo
IEX,2023-01-12,0.6,yahoo
IEX,2023-06-08,0.64,yahoo
IEX,2023-07-13,0.64,yahoo
IEX,2023-10-12,0.64,yahoo
IEX,2024-01-11,0.64,yahoo
IEX,2024-05-16,0.69,yahoo
IEX,2024-07-12,0.69,yahoo
IEX,2024-10-11,0.69,yahoo
IEX,2025-01-17,0.69,yahoo
IEX,2025-05-19,0.71,yahoo
IEX,2025-07-11,0.71,yahoo
IEX,2025-10-10,0.71,yahoo
IEX,2026-01-16,0.71,yahoo
IEX,2026-05-22,0.73,yahoo
IEX,2026-07-06,0.73,yahoo
IFF,2021-09-23,0.79,yahoo
IFF,2021-12-27,0.79,yahoo
IFF,2022-03-24,0.79,yahoo
IFF,2022-06-23,0.79,yahoo
IFF,2022-09-22,0.81,yahoo
IFF,2022-12-27,0.81,yahoo
IFF,2023-03-23,0.81,yahoo
IFF,2023-06-22,0.81,yahoo
IFF,2023-09-21,0.81,yahoo
IFF,2023-12-27,0.81,yahoo
IFF,2024-03-21,0.4,yahoo
IFF,2024-06-21,0.4,yahoo
IFF,2024-09-20,0.4,yahoo
IFF,2024-12-20,0.4,yahoo
IFF,2025-03-21,0.4,yahoo
IFF,2025-06-20,0.4,yahoo
IFF,2025-09-29,0.4,yahoo
IFF,2025-12-19,0.4,yahoo
IFF,2026-03-20,0.4,yahoo
IFF,2026-06-18,0.4,yahoo
IGV,2022-06-09,0.0046,yahoo
IGV,2023-06-07,0.005,yahoo
IGV,2026-06-15,0.017,yahoo
IJH,2021-09-24,0.1958,yahoo
IJH,2021-12-13,0.1932,yahoo
IJH,2022-03-24,0.1694,yahoo
IJH,2022-06-09,0.158,yahoo
IJH,2022-09-26,0.27,yahoo
IJH,2022-12-13,0.2168,yahoo
IJH,2023-03-23,0.1894,yahoo
IJH,2023-06-07,0.1512,yahoo
IJH,2023-09-26,0.2276,yahoo
IJH,2023-12-20,0.2412,yahoo
IJH,2024-03-21,0.16,yahoo
IJH,2024-06-11,0.161,yahoo
IJH,2024-09-25,0.239,yahoo
IJH,2024-12-17,0.267,yahoo
IJH,2025-03-18,0.163,yahoo
IJH,2025-06-16,0.19,yahoo
IJH,2025-09-16,0.212,yahoo
IJH,2025-12-16,0.33,yahoo
IJH,2026-03-17,0.157,yahoo
IJH,2026-06-15,0.189,yahoo
IJR,2021-09-24,0.501,yahoo
IJR,2021-12-13,0.734,yahoo
IJR,2022-03-24,0.169,yahoo
IJR,2022-06-09,0.302,yahoo
IJR,2022-09-26,0.455,yahoo
IJR,2022-12-13,0.412,yahoo
IJR,2023-03-23,0.329,yahoo
IJR,2023-06-07,0.351,yahoo
IJR,2023-09-26,0.459,yahoo
IJR,2023-12-20,0.283,yahoo
IJR,2024-03-21,0.326,yahoo
IJR,2024-06-11,0.386,yahoo
IJR,2024-09-25,0.515,yahoo
IJR,2024-12-17,1.138,yahoo
IJR,2025-03-18,0.323,yahoo
IJR,2025-06-16,0.388,yahoo
IJR,2025-09-16,0.444,yahoo
IJR,2025-12-16,0.572,yahoo
IJR,2026-03-17,0.194,yahoo
IJR,2026-06-15,0.433,yahoo
INDA,2021-12-13,2.879,yahoo
INDA,2021-12-30,0.03,yahoo
INDA,2023-06-07,0.08,yahoo
INDA,2024-12-17,0.399,yahoo
INFY,2021-10-26,0.199,yahoo
INFY,2022-05-31,0.21,yahoo
INFY,2022-10-27,0.201,yahoo
INFY,2023-06-01,0.213,yahoo
INFY,2023-10-24,0.216,yahoo
INFY,2024-05-31,0.335,yahoo
INFY,2024-10-29,0.25,yahoo
INFY,2025-05-30,0.257,yahoo
INFY,2025-10-27,0.259,yahoo
INFY,2026-06-10,0.259,yahoo
INGR,2021-10-01,0.65,yahoo
INGR,2021-12-31,0.65,yahoo
INGR,2022-03-31,0.65,yahoo
INGR,2022-06-30,0.65,yahoo
INGR,2022-10-05,0.71,yahoo
INGR,2022-12-29,0.71,yahoo
INGR,2023-03-31,0.71,yahoo
INGR,2023-06-30,0.71,yahoo
INGR,2023-09-29,0.78,yahoo
INGR,2023-12-29,0.78,yahoo
INGR,2024-03-28,0.78,yahoo
INGR,2024-07-01,0.78,yahoo
INGR,2024-10-01,0.8,yahoo
INGR,2025-01-02,0.8,yahoo
INGR,2025-04-01,0.8,yahoo
INGR,2025-07-01,0.8,yahoo
INGR,2025-10-01,0.82,yahoo
INGR,2026-01-02,0.82,yahoo
INGR,2026-04-01,0.82,yahoo
INGR,2026-07-01,0.82,yahoo
INTC,2021-11-04,0.348,yahoo
INTC,2022-02-04,0.365,yahoo
INTC,2022-05-05,0.365,yahoo
INTC,2022-08-04,0.365,yahoo
INTC,2022-11-04,0.365,yahoo
INTC,2023-02-06,0.365,yahoo
INTC,2023-05-04,0.125,yahoo
INTC,2023-08-04,0.125,yahoo
INTC,2023-11-06,0.125,yahoo
INTC,2024-02-06,0.125,yahoo
INTC,2024-05-06,0.125,yahoo
INTC,2024-08-07,0.125,yahoo
INTU,2021-10-07,0.68,yahoo
INTU,2022-01-07,0.68,yahoo
INTU,2022-04-08,0.68,yahoo
INTU,2022-07-08,0.68,yahoo
INTU,2022-10-06,0.78,yahoo
INTU,2023-01-09,0.78,yahoo
INTU,2023-04-06,0.78,yahoo
INTU,2023-07-07,0.78,yahoo
INTU,2023-10-05,0.9,yahoo
INTU,2024-01-09,0.9,yahoo
INTU,2024-04-09,0.9,yahoo
INTU,2024-07-10,0.9,yahoo
INTU,2024-10-10,1.04,yahoo
INTU,2025-01-10,1.04,yahoo
INTU,2025-04-10,1.04,yahoo
INTU,2025-07-10,1.04,yahoo
INTU,2025-10-09,1.2,yahoo
INTU,2026-01-09,1.2,yahoo
INTU,2026-04-09,1.2,yahoo
INTU,2026-07-09,1.2,yahoo
INVH,2021-11-08,0.17,yahoo
INVH,2022-02-11,0.22,yahoo
INVH,2022-05-09,0.22,yahoo
INVH,2022-08-08,0.22,yahoo
INVH,2022-11-07,0.22,yahoo
INVH,2023-02-13,0.26,yahoo
INVH,2023-05-09,0.26,yahoo
INVH,2023-08-07,0.26,yahoo
INVH,2023-11-06,0.26,yahoo
INVH,2023-12-26,0.28,yahoo
INVH,2024-03-27,0.28,yahoo
INVH,2024-06-27,0.28,yahoo
INVH,2024-09-26,0.28,yahoo
INVH,2024-12-26,0.29,yahoo
INVH,2025-03-27,0.29,yahoo
INVH,2025-06-26,0.29,yahoo
INVH,2025-09-25,0.29,yahoo
INVH,2025-12-23,0.3,yahoo
INVH,2026-03-26,0.3,yahoo
INVH,2026-06-25,0.3,yahoo
IP,2021-11-12,0.463,yahoo
IP,2022-02-17,0.463,yahoo
IP,2022-05-26,0.463,yahoo
IP,2022-08-12,0.463,yahoo
IP,2022-11-14,0.463,yahoo
IP,2023-02-16,0.463,yahoo
IP,2023-05-25,0.463,yahoo
IP,2023-08-14,0.463,yahoo
IP,2023-11-14,0.463,yahoo
IP,2024-02-21,0.463,yahoo
IP,2024-05-23,0.463,yahoo
IP,2024-08-15,0.463,yahoo
IP,2024-11-15,0.463,yahoo
IP,2025-02-24,0.463,yahoo
IP,2025-05-23,0.463,yahoo
IP,2025-08-15,0.463,yahoo
IP,2025-11-14,0.463,yahoo
IP,2026-02-23,0.463,yahoo
IP,2026-05-22,0.463,yahoo
IP,2026-08-14,0.463,yahoo
IR,2021-11-09,0.02,yahoo
IR,2022-03-08,0.02,yahoo
IR,2022-05-19,0.02,yahoo
IR,2022-08-16,0.02,yahoo
IR,2022-11-15,0.02,yahoo
IR,2023-02-28,0.02,yahoo
IR,2023-05-23,0.02,yahoo
IR,2023-08-22,0.02,yahoo
IR,2023-11-17,0.02,yahoo
IR,2024-03-06,0.02,yahoo
IR,2024-05-15,0.02,yahoo
IR,2024-08-15,0.02,yahoo
IR,2024-11-14,0.02,yahoo
IR,2025-03-05,0.02,yahoo
IR,2025-05-15,0.02,yahoo
IR,2025-08-14,0.02,yahoo
IR,2025-11-13,0.02,yahoo
IR,2026-03-04,0.02,yahoo
IR,2026-05-14,0.02,yahoo
IR,2026-08-13,0.02,yahoo
IRM,2021-09-14,0.619,yahoo
IRM,2021-12-14,0.619,yahoo
IRM,2022-03-14,0.619,yahoo
IRM,2022-06-14,0.619,yahoo
IRM,2022-09-14,0.619,yahoo
IRM,2022-12-14,0.619,yahoo
IRM,2023-03-14,0.619,yahoo
IRM,2023-06-14,0.619,yahoo
IRM,2023-09-14,0.65,yahoo
IRM,2023-12-14,0.65,yahoo
IRM,2024-03-14,0.65,yahoo
IRM,2024-06-17,0.65,yahoo
IRM,2024-09-16,0.715,yahoo
IRM,2024-12-16,0.715,yahoo
IRM,2025-03-17,0.785,yahoo
IRM,2025-06-16,0.785,yahoo
IRM,2025-09-15,0.785,yahoo
IRM,2025-12-15,0.864,yahoo
IRM,2026-03-16,0.864,yahoo
IRM,2026-06-15,0.864,yahoo
ITB,2021-09-24,0.091,yahoo
ITB,2021-12-13,0.068,yahoo
ITB,2022-03-24,0.148,yahoo
ITB,2022-06-09,0.102,yahoo
ITB,2022-09-26,0.149,yahoo
ITB,2022-12-13,0.123,yahoo
ITB,2023-03-23,0.14,yahoo
ITB,2023-06-07,0.099,yahoo
ITB,2023-09-26,0.151,yahoo
ITB,2023-12-20,0.101,yahoo
ITB,2024-03-21,0.143,yahoo
ITB,2024-06-11,0.094,yahoo
ITB,2024-09-25,0.12,yahoo
ITB,2024-12-17,0.118,yahoo
ITB,2025-03-18,0.657,yahoo
ITB,2025-06-16,0.652,yahoo
ITB,2025-09-16,0.134,yahoo
ITB,2025-12-16,0.17,yahoo
ITB,2026-03-17,0.18,yahoo
ITB,2026-06-15,0.159,yahoo
ITT,2021-09-10,0.22,yahoo
ITT,2021-12-10,0.22,yahoo
ITT,2022-03-08,0.264,yahoo
ITT,2022-06-16,0.264,yahoo
ITT,2022-09-01,0.264,yahoo
ITT,2022-11-30,0.264,yahoo
ITT,2023-03-08,0.29,yahoo
ITT,2023-06-08,0.29,yahoo
ITT,2023-08-31,0.29,yahoo
ITT,2023-11-30,0.29,yahoo
ITT,2024-03-07,0.319,yahoo
ITT,2024-06-03,0.319,yahoo
ITT,2024-09-03,0.319,yahoo
ITT,2024-11-29,0.319,yahoo
ITT,2025-03-06,0.351,yahoo
ITT,2025-06-02,0.351,yahoo
ITT,2025-09-02,0.351,yahoo
ITT,2025-12-01,0.351,yahoo
ITT,2026-03-06,0.386,yahoo
ITT,2026-06-08,0.386,yahoo
ITT,2026-09-08,0.386,yahoo
ITUB,2021-10-01,0.002183,yahoo
ITUB,2021-11-01,0.002648,yahoo
ITUB,2021-11-22,0.041483,yahoo
ITUB,2021-12-01,0.002648,yahoo
ITUB,2022-01-03,0.002648,yahoo
ITUB,2022-02-01,0.002648,yahoo
ITUB,2022-02-22,0.002648,yahoo
ITUB,2022-02-28,0.00353,yahoo
ITUB,2022-04-01,0.00353,yahoo
ITUB,2022-05-02,0.00353,yahoo
ITUB,2022-06-01,0.002648,yahoo
ITUB,2022-07-01,0.002648,yahoo
ITUB,2022-08-01,0.002648,yahoo
ITUB,2022-08-19,0.053839,yahoo
ITUB,2022-09-01,0.002648,yahoo
ITUB,2022-10-03,0.002648,yahoo
ITUB,2022-11-01,0.002648,yahoo
ITUB,2022-12-01,0.002648,yahoo
ITUB,2022-12-09,0.082083,yahoo
ITUB,2022-12-30,0.002648,yahoo
ITUB,2023-02-01,0.002648,yahoo
ITUB,2023-03-01,0.002648,yahoo
ITUB,2023-03-24,0.047661,yahoo
ITUB,2023-04-03,0.00353,yahoo
ITUB,2023-05-02,0.00353,yahoo
ITUB,2023-06-01,0.00353,yahoo
ITUB,2023-06-20,0.047661,yahoo
ITUB,2023-07-03,0.00353,yahoo
ITUB,2023-08-01,0.00353,yahoo
ITUB,2023-09-01,0.002648,yahoo
ITUB,2023-09-19,0.047661,yahoo
ITUB,2023-10-02,0.00353,yahoo
ITUB,2023-11-01,0.00353,yahoo
ITUB,2023-12-01,0.00353,yahoo
ITUB,2023-12-07,0.043248,yahoo
ITUB,2023-12-29,0.00353,yahoo
ITUB,2024-02-01,0.00353,yahoo
ITUB,2024-02-22,0.198588,yahoo
ITUB,2024-03-08,0.002648,yahoo
ITUB,2024-03-22,0.080318,yahoo
ITUB,2024-03-28,0.002648,yahoo
ITUB,2024-05-02,0.002648,yahoo
ITUB,2024-06-04,0.002648,yahoo
ITUB,2024-06-24,0.038835,yahoo
ITUB,2024-07-02,0.002648,yahoo
ITUB,2024-08-02,0.002648,yahoo
ITUB,2024-09-03,0.002648,yahoo
ITUB,2024-09-23,0.041483,yahoo
ITUB,2024-10-02,0.002648,yahoo
ITUB,2024-11-12,0.002648,yahoo
ITUB,2024-12-02,0.002648,yahoo
ITUB,2024-12-11,0.047661,yahoo
ITUB,2025-01-02,0.002648,yahoo
ITUB,2025-02-04,0.002648,yahoo
ITUB,2025-02-19,0.241836,yahoo
ITUB,2025-03-04,0.002648,yahoo
ITUB,2025-04-02,0.002913,yahoo
ITUB,2025-05-05,0.002913,yahoo
ITUB,2025-06-03,0.002913,yahoo
ITUB,2025-06-11,0.057282,yahoo
ITUB,2025-07-02,0.002913,yahoo
ITUB,2025-08-04,0.002913,yahoo
ITUB,2025-08-20,0.065049,yahoo
ITUB,2025-09-02,0.002913,yahoo
ITUB,2025-10-02,0.002913,yahoo
ITUB,2025-11-04,0.002913,yahoo
ITUB,2025-12-02,0.002913,yahoo
ITUB,2025-12-11,0.393204,yahoo
ITUB,2026-01-05,0.003,yahoo
ITUB,2026-02-03,0.003,yahoo
ITUB,2026-03-03,0.003,yahoo
ITUB,2026-03-23,0.068,yahoo
ITUB,2026-04-02,0.003,yahoo
ITUB,2026-05-05,0.003,yahoo
ITUB,2026-06-02,0.003,yahoo
ITUB,2026-06-22,0.072,yahoo
ITUB,2026-07-02,0.003,yahoo
ITUB,2026-08-04,0.003,yahoo
ITUB,2026-09-02,0.003,yahoo
ITW,2021-09-29,1.22,yahoo
ITW,2021-12-30,1.22,yahoo
ITW,2022-03-30,1.22,yahoo
ITW,2022-06-29,1.22,yahoo
ITW,2022-09-29,1.31,yahoo
ITW,2022-12-29,1.31,yahoo
ITW,2023-03-30,1.31,yahoo
ITW,2023-06-29,1.31,yahoo
ITW,2023-09-28,1.4,yahoo
ITW,2023-12-28,1.4,yahoo
ITW,2024-03-27,1.4,yahoo
ITW,2024-06-28,1.4,yahoo
ITW,2024-09-30,1.5,yahoo
ITW,2024-12-31,1.5,yahoo
ITW,2025-03-31,1.5,yahoo
ITW,2025-06-30,1.5,yahoo
ITW,2025-09-30,1.61,yahoo
ITW,2025-12-31,1.61,yahoo
ITW,2026-03-31,1.61,yahoo
ITW,2026-06-30,1.61,yahoo
IVV,2021-09-24,1.693,yahoo
IVV,2021-12-13,1.498,yahoo
IVV,2022-03-24,1.481,yahoo
IVV,2022-06-09,1.283,yahoo
IVV,2022-09-26,1.906,yahoo
IVV,2022-12-13,1.724,yahoo
IVV,2023-03-23,1.648,yahoo
IVV,2023-06-07,1.339,yahoo
IVV,2023-09-26,1.987,yahoo
IVV,2023-12-20,1.925,yahoo
IVV,2024-03-21,1.665,yahoo
IVV,2024-06-11,1.611,yahoo
IVV,2024-09-25,2.235,yahoo
IVV,2024-12-17,2.134,yahoo
IVV,2025-03-18,1.765,yahoo
IVV,2025-06-16,1.867,yahoo
IVV,2025-09-16,1.995,yahoo
IVV,2025-12-16,2.414,yahoo
IVV,2026-03-17,1.784,yahoo
IVV,2026-06-15,1.996,yahoo
IVZ,2021-11-10,0.17,yahoo
IVZ,2022-02-15,0.17,yahoo
IVZ,2022-05-09,0.188,yahoo
IVZ,2022-08-11,0.188,yahoo
IVZ,2022-11-09,0.188,yahoo
IVZ,2023-02-15,0.188,yahoo
IVZ,2023-05-08,0.2,yahoo
IVZ,2023-08-10,0.2,yahoo
IVZ,2023-11-09,0.2,yahoo
IVZ,2024-02-15,0.2,yahoo
IVZ,2024-05-13,0.205,yahoo
IVZ,2024-08-16,0.205,yahoo
IVZ,2024-11-14,0.205,yahoo
IVZ,2025-02-14,0.205,yahoo
IVZ,2025-05-14,0.21,yahoo
IVZ,2025-08-14,0.21,yahoo
IVZ,2025-11-14,0.21,yahoo
IVZ,2026-02-13,0.21,yahoo
IVZ,2026-05-15,0.215,yahoo
IVZ,2026-08-14,0.215,yahoo
IWD,2021-09-24,0.813,yahoo
IWD,2021-12-13,0.716,yahoo
IWD,2022-03-24,0.702,yahoo
IWD,2022-06-09,0.644,yahoo
IWD,2022-09-26,0.933,yahoo
IWD,2022-12-13,0.975,yahoo
IWD,2023-03-23,0.763,yahoo
IWD,2023-06-07,0.627,yahoo
IWD,2023-09-26,0.986,yahoo
IWD,2023-12-20,0.963,yahoo
IWD,2024-03-21,0.77,yahoo
IWD,2024-06-11,0.699,yahoo
IWD,2024-09-25,1.023,yahoo
IWD,2024-12-17,0.98,yahoo
IWD,2025-03-18,0.802,yahoo
IWD,2025-06-16,0.837,yahoo
IWD,2025-09-16,0.902,yahoo
IWD,2025-12-16,1.019,yahoo
IWD,2026-03-17,0.821,yahoo
IWD,2026-06-15,0.761,yahoo
IWF,2021-09-24,0.1145,yahoo
IWF,2021-12-13,0.10025,yahoo
IWF,2022-03-24,0.10075,yahoo
IWF,2022-06-09,0.09775,yahoo
IWF,2022-09-26,0.14575,yahoo
IWF,2022-12-13,0.143,yahoo
IWF,2023-03-23,0.1295,yahoo
IWF,2023-06-07,0.09775,yahoo
IWF,2023-09-26,0.1285,yahoo
IWF,2023-12-20,0.151,yahoo
IWF,2024-03-21,0.111,yahoo
IWF,2024-06-11,0.10275,yahoo
IWF,2024-09-25,0.1395,yahoo
IWF,2024-12-17,0.1065,yahoo
IWF,2025-03-18,0.099,yahoo
IWF,2025-06-16,0.0985,yahoo
IWF,2025-09-16,0.10775,yahoo
IWF,2025-12-16,0.1185,yahoo
IWF,2026-03-17,0.0975,yahoo
IWF,2026-06-15,0.107,yahoo
IWM,2021-09-24,0.679,yahoo
IWM,2021-12-13,0.666,yahoo
IWM,2022-03-24,0.4,yahoo
IWM,2022-06-09,0.494,yahoo
IWM,2022-09-26,0.861,yahoo
IWM,2022-12-13,0.83,yahoo
IWM,2023-03-23,0.631,yahoo
IWM,2023-06-07,0.509,yahoo
IWM,2023-09-26,0.829,yahoo
IWM,2023-12-20,0.734,yahoo
IWM,2024-03-21,0.522,yahoo
IWM,2024-06-11,0.562,yahoo
IWM,2024-09-25,0.752,yahoo
IWM,2024-12-17,0.694,yahoo
IWM,2025-03-18,0.46,yahoo
IWM,2025-06-16,0.576,yahoo
IWM,2025-09-16,0.677,yahoo
IWM,2025-12-16,0.842,yahoo
IWM,2026-03-17,0.442,yahoo
IWM,2026-06-15,0.695,yahoo
IYR,2021-09-24,0.29,yahoo
IYR,2021-12-13,1.137,yahoo
IYR,2022-03-24,0.433,yahoo
IYR,2022-06-09,0.345,yahoo
IYR,2022-09-26,0.893,yahoo
IYR,2022-12-13,0.784,yahoo
IYR,2023-03-23,0.451,yahoo
IYR,2023-06-07,0.396,yahoo
IYR,2023-09-26,0.9,yahoo
IYR,2023-12-20,0.767,yahoo
IYR,2024-03-21,0.337,yahoo
IYR,2024-06-11,0.546,yahoo
IYR,2024-09-25,0.713,yahoo
IYR,2024-12-17,0.798,yahoo
IYR,2025-03-18,0.359,yahoo
IYR,2025-06-16,0.495,yahoo
IYR,2025-09-16,0.615,yahoo
IYR,2025-12-16,0.862,yahoo
IYR,2026-03-17,0.275,yahoo
IYR,2026-06-15,0.51,yahoo
J,2021-10-14,0.173702,yahoo
J,2022-02-24,0.190245,yahoo
J,2022-05-26,0.190245,yahoo
J,2022-07-28,0.190245,yahoo
J,2022-09-29,0.190245,yahoo
J,2023-02-23,0.215059,yahoo
J,2023-05-25,0.215059,yahoo
J,2023-07-27,0.215059,yahoo
J,2023-10-26,0.215059,yahoo
J,2024-02-22,0.239874,yahoo
J,2024-05-23,0.239874,yahoo
J,2024-07-26,0.239874,yahoo
J,2024-10-25,0.287129,yahoo
J,2025-02-21,0.316832,yahoo
J,2025-05-23,0.32,yahoo
J,2025-08-22,0.32,yahoo
J,2025-12-02,0.32,yahoo
J,2026-02-20,0.36,yahoo
J,2026-05-22,0.36,yahoo
J,2026-08-21,0.36,yahoo
JBHT,2021-11-04,0.3,yahoo
JBHT,2022-02-03,0.4,yahoo
JBHT,2022-05-12,0.4,yahoo
JBHT,2022-08-04,0.4,yahoo
JBHT,2022-11-03,0.4,yahoo
JBHT,2023-02-09,0.42,yahoo
JBHT,2023-05-11,0.42,yahoo
JBHT,2023-08-03,0.42,yahoo
JBHT,2023-11-09,0.42,yahoo
JBHT,2024-02-08,0.43,yahoo
JBHT,2024-05-09,0.43,yahoo
JBHT,2024-08-02,0.43,yahoo
JBHT,2024-11-08,0.43,yahoo
JBHT,2025-02-07,0.44,yahoo
JBHT,2025-05-09,0.44,yahoo
JBHT,2025-08-08,0.44,yahoo
JBHT,2025-11-07,0.44,yahoo
JBHT,2026-02-06,0.45,yahoo
JBHT,2026-05-08,0.45,yahoo
JBHT,2026-08-07,0.45,yahoo
JBL,2021-11-12,0.08,yahoo
JBL,2022-02-14,0.08,yahoo
JBL,2022-05-13,0.08,yahoo
JBL,2022-08-12,0.08,yahoo
JBL,2022-11-14,0.08,yahoo
JBL,2023-02-14,0.08,yahoo
JBL,2023-05-12,0.08,yahoo
JBL,2023-08-14,0.08,yahoo
JBL,2023-11-14,0.08,yahoo
JBL,2024-02-14,0.08,yahoo
JBL,2024-05-14,0.08,yahoo
JBL,2024-08-15,0.08,yahoo
JBL,2024-11-15,0.08,yahoo
JBL,2025-02-18,0.08,yahoo
JBL,2025-05-15,0.08,yahoo
JBL,2025-08-15,0.08,yahoo
JBL,2025-11-17,0.08,yahoo
JBL,2026-02-17,0.08,yahoo
JBL,2026-05-15,0.08,yahoo
JBL,2026-08-14,0.08,yahoo
JBS,2026-05-18,1,yahoo
JBTM,2021-12-10,0.1,yahoo
JBTM,2022-03-04,0.1,yahoo
JBTM,2022-05-25,0.1,yahoo
JBTM,2022-08-19,0.1,yahoo
JBTM,2022-12-16,0.1,yahoo
JBTM,2023-03-03,0.1,yahoo
JBTM,2023-05-24,0.1,yahoo
JBTM,2023-08-18,0.1,yahoo
JBTM,2023-12-15,0.1,yahoo
JBTM,2024-03-08,0.1,yahoo
JBTM,2024-05-22,0.1,yahoo
JBTM,2024-08-19,0.1,yahoo
JBTM,2024-12-13,0.1,yahoo
JBTM,2025-03-10,0.1,yahoo
JBTM,2025-05-27,0.1,yahoo
JBTM,2025-08-18,0.1,yahoo
JBTM,2025-12-15,0.1,yahoo
JBTM,2026-03-09,0.1,yahoo
JBTM,2026-05-26,0.1,yahoo
JBTM,2026-08-17,0.1,yahoo
JCI,2021-09-24,0.27,yahoo
JCI,2021-12-17,0.34,yahoo
JCI,2022-03-18,0.35,yahoo
JCI,2022-06-17,0.35,yahoo
JCI,2022-09-23,0.35,yahoo
JCI,2022-12-16,0.35,yahoo
JCI,2023-03-17,0.36,yahoo
JCI,2023-06-16,0.37,yahoo
JCI,2023-09-22,0.37,yahoo
JCI,2023-12-15,0.37,yahoo
JCI,2024-03-22,0.37,yahoo
JCI,2024-06-24,0.37,yahoo
JCI,2024-09-25,0.37,yahoo
JCI,2024-12-23,0.37,yahoo
JCI,2025-03-24,0.37,yahoo
JCI,2025-06-23,0.37,yahoo
JCI,2026-03-16,0.4,yahoo
JCI,2026-06-15,0.4,yahoo
JD,2022-05-19,1.26,yahoo
JD,2023-04-05,0.62,yahoo
JD,2024-04-04,0.76,yahoo
JD,2025-04-08,1,yahoo
JD,2026-04-09,1,yahoo
JEF,2021-11-12,0.239006,yahoo
JEF,2022-02-11,0.286807,yahoo
JEF,2022-05-13,0.286807,yahoo
JEF,2022-08-12,0.286807,yahoo
JEF,2022-11-10,0.286807,yahoo
JEF,2023-02-10,0.3,yahoo
JEF,2023-05-12,0.3,yahoo
JEF,2023-08-11,0.3,yahoo
JEF,2023-11-10,0.3,yahoo
JEF,2024-02-15,0.3,yahoo
JEF,2024-05-17,0.3,yahoo
JEF,2024-08-19,0.35,yahoo
JEF,2024-11-18,0.35,yahoo
JEF,2025-02-14,0.4,yahoo
JEF,2025-05-19,0.4,yahoo
JEF,2025-08-18,0.4,yahoo
JEF,2025-11-17,0.4,yahoo
JEF,2026-02-17,0.4,yahoo
JEF,2026-05-18,0.4,yahoo
JEF,2026-08-18,0.4,yahoo
JEPQ,2022-06-01,0.376,yahoo
JEPQ,2022-07-01,0.34,yahoo
JEPQ,2022-08-01,0.407,yahoo
JEPQ,2022-09-01,0.546,yahoo
JEPQ,2022-10-03,0.38,yahoo
JEPQ,2022-11-01,0.681,yahoo
JEPQ,2022-12-01,0.546,yahoo
JEPQ,2022-12-29,0.576,yahoo
JEPQ,2023-02-01,0.441,yahoo
JEPQ,2023-03-01,0.433,yahoo
JEPQ,2023-04-03,0.454,yahoo
JEPQ,2023-05-01,0.484,yahoo
JEPQ,2023-06-01,0.357,yahoo
JEPQ,2023-07-03,0.367,yahoo
JEPQ,2023-08-01,0.366,yahoo
JEPQ,2023-09-01,0.451,yahoo
JEPQ,2023-10-02,0.417,yahoo
JEPQ,2023-11-01,0.418,yahoo
JEPQ,2023-12-01,0.422,yahoo
JEPQ,2023-12-28,0.392,yahoo
JEPQ,2024-02-01,0.342,yahoo
JEPQ,2024-03-01,0.38,yahoo
JEPQ,2024-04-01,0.427,yahoo
JEPQ,2024-05-01,0.431,yahoo
JEPQ,2024-06-03,0.45,yahoo
JEPQ,2024-07-01,0.421,yahoo
JEPQ,2024-08-01,0.427,yahoo
JEPQ,2024-09-03,0.557,yahoo
JEPQ,2024-10-01,0.551,yahoo
JEPQ,2024-11-01,0.494,yahoo
JEPQ,2024-12-02,0.508,yahoo
JEPQ,2024-12-31,0.456,yahoo
JEPQ,2025-02-03,0.45,yahoo
JEPQ,2025-03-03,0.482,yahoo
JEPQ,2025-04-01,0.541,yahoo
JEPQ,2025-05-01,0.598,yahoo
JEPQ,2025-06-02,0.621,yahoo
JEPQ,2025-07-01,0.494,yahoo
JEPQ,2025-08-01,0.444,yahoo
JEPQ,2025-09-02,0.442,yahoo
JEPQ,2025-10-01,0.446,yahoo
JEPQ,2025-11-03,0.476,yahoo
JEPQ,2025-12-01,0.553,yahoo
JEPQ,2025-12-31,0.576,yahoo
JEPQ,2026-02-02,0.466,yahoo
JEPQ,2026-03-02,0.509,yahoo
JEPQ,2026-04-01,0.559,yahoo
JEPQ,2026-05-01,0.591,yahoo
JEPQ,2026-06-01,0.564,yahoo
JEPQ,2026-07-01,0.637,yahoo
JEPQ,2026-08-03,0.705,yahoo
JEPQ,2026-09-01,0.683,yahoo
JHX,2021-11-18,0.4,yahoo
JHX,2022-05-26,0.3,yahoo
JKHY,2021-09-08,0.46,yahoo
JKHY,2021-12-02,0.46,yahoo
JKHY,2022-03-07,0.49,yahoo
JKHY,2022-05-26,0.49,yahoo
JKHY,2022-09-08,0.49,yahoo
JKHY,2022-11-30,0.49,yahoo
JKHY,2023-03-07,0.52,yahoo
JKHY,2023-05-25,0.52,yahoo
JKHY,2023-09-07,0.52,yahoo
JKHY,2023-11-30,0.52,yahoo
JKHY,2024-03-07,0.55,yahoo
JKHY,2024-05-24,0.55,yahoo
JKHY,2024-09-06,0.55,yahoo
JKHY,2024-12-02,0.55,yahoo
JKHY,2025-03-06,0.58,yahoo
JKHY,2025-05-29,0.58,yahoo
JKHY,2025-09-05,0.58,yahoo
JKHY,2025-12-02,0.58,yahoo
JKHY,2026-03-05,0.61,yahoo
JKHY,2026-06-01,0.61,yahoo
JKHY,2026-09-04,0.61,yahoo
JNJ,2021-11-22,1.06,yahoo
JNJ,2022-02-18,1.06,yahoo
JNJ,2022-05-23,1.13,yahoo
JNJ,2022-08-22,1.13,yahoo
JNJ,2022-11-21,1.13,yahoo
JNJ,2023-02-17,1.13,yahoo
JNJ,2023-05-22,1.19,yahoo
JNJ,2023-08-25,1.19,yahoo
JNJ,2023-11-20,1.19,yahoo
JNJ,2024-02-16,1.19,yahoo
JNJ,2024-05-20,1.24,yahoo
JNJ,2024-08-27,1.24,yahoo
JNJ,2024-11-26,1.24,yahoo
JNJ,2025-02-18,1.24,yahoo
JNJ,2025-05-27,1.3,yahoo
JNJ,2025-08-26,1.3,yahoo
JNJ,2025-11-25,1.3,yahoo
JNJ,2026-02-24,1.3,yahoo
JNJ,2026-05-26,1.34,yahoo
JNJ,2026-08-25,1.34,yahoo
JNK,2021-10-01,0.388,yahoo
JNK,2021-11-01,0.379,yahoo
JNK,2021-12-01,0.383,yahoo
JNK,2021-12-17,0.386,yahoo
JNK,2022-02-01,0.39,yahoo
JNK,2022-03-01,0.4,yahoo
JNK,2022-04-01,0.398,yahoo
JNK,2022-05-02,0.414,yahoo
JNK,2022-06-01,0.426,yahoo
JNK,2022-07-01,0.453,yahoo
JNK,2022-08-01,0.438,yahoo
JNK,2022-09-01,0.5,yahoo
JNK,2022-10-03,0.475,yahoo
JNK,2022-11-01,0.461,yahoo
JNK,2022-12-01,0.526,yahoo
JNK,2022-12-19,0.575,yahoo
JNK,2023-02-01,0.478,yahoo
JNK,2023-03-01,0.51,yahoo
JNK,2023-04-03,0.454,yahoo
JNK,2023-05-01,0.5,yahoo
JNK,2023-06-01,0.524,yahoo
JNK,2023-07-03,0.494,yahoo
JNK,2023-08-01,0.52,yahoo
JNK,2023-09-01,0.512,yahoo
JNK,2023-10-02,0.511,yahoo
JNK,2023-11-01,0.501,yahoo
JNK,2023-12-01,0.515,yahoo
JNK,2023-12-18,0.527,yahoo
JNK,2024-02-01,0.532,yahoo
JNK,2024-03-01,0.529,yahoo
JNK,2024-04-01,0.509,yahoo
JNK,2024-05-01,0.539,yahoo
JNK,2024-06-03,0.531,yahoo
JNK,2024-07-01,0.534,yahoo
JNK,2024-08-01,0.525,yahoo
JNK,2024-09-03,0.527,yahoo
JNK,2024-10-01,0.528,yahoo
JNK,2024-11-01,0.531,yahoo
JNK,2024-12-02,0.524,yahoo
JNK,2024-12-19,0.52,yahoo
JNK,2025-02-03,0.536,yahoo
JNK,2025-03-03,0.528,yahoo
JNK,2025-04-01,0.532,yahoo
JNK,2025-05-01,0.529,yahoo
JNK,2025-06-02,0.536,yahoo
JNK,2025-07-01,0.54,yahoo
JNK,2025-08-01,0.539,yahoo
JNK,2025-09-02,0.529,yahoo
JNK,2025-10-01,0.538,yahoo
JNK,2025-11-03,0.533,yahoo
JNK,2025-12-01,0.528,yahoo
JNK,2025-12-18,0.491,yahoo
JNK,2026-02-02,0.56,yahoo
JNK,2026-03-02,0.525,yahoo
JNK,2026-04-01,0.525,yahoo
JNK,2026-05-01,0.527,yahoo
JNK,2026-06-01,0.523,yahoo
JNK,2026-07-01,0.531,yahoo
JNK,2026-08-03,0.527,yahoo
JNK,2026-09-01,0.532,yahoo
JPM,2021-10-05,1,yahoo
JPM,2022-01-05,1,yahoo
JPM,2022-04-05,1,yahoo
JPM,2022-07-05,1,yahoo
JPM,2022-10-05,1,yahoo
JPM,2023-01-05,1,yahoo
JPM,2023-04-05,1,yahoo
JPM,2023-07-05,1,yahoo
JPM,2023-10-05,1.05,yahoo
JPM,2024-01-04,1.05,yahoo
JPM,2024-04-04,1.15,yahoo
JPM,2024-07-05,1.15,yahoo
JPM,2024-10-04,1.25,yahoo
JPM,2025-01-06,1.25,yahoo
JPM,2025-04-04,1.4,yahoo
JPM,2025-07-03,1.4,yahoo
JPM,2025-10-06,1.5,yahoo
JPM,2026-01-06,1.5,yahoo
JPM,2026-04-06,1.5,yahoo
JPM,2026-07-06,1.5,yahoo
JXN,2021-11-18,0.5,yahoo
JXN,2022-03-11,0.55,yahoo
JXN,2022-06-01,0.55,yahoo
JXN,2022-08-31,0.55,yahoo
JXN,2022-11-30,0.55,yahoo
JXN,2023-03-13,0.62,yahoo
JXN,2023-05-31,0.62,yahoo
JXN,2023-08-30,0.62,yahoo
JXN,2023-11-29,0.62,yahoo
JXN,2024-03-11,0.7,yahoo
JXN,2024-06-06,0.7,yahoo
JXN,2024-09-05,0.7,yahoo
JXN,2024-12-05,0.7,yahoo
JXN,2025-03-11,0.8,yahoo
JXN,2025-06-12,0.8,yahoo
JXN,2025-09-15,0.8,yahoo
JXN,2025-12-04,0.8,yahoo
JXN,2026-03-16,0.9,yahoo
JXN,2026-06-11,0.9,yahoo
KBWB,2021-09-20,0.341,yahoo
KBWB,2021-12-20,0.482,yahoo
KBWB,2022-03-21,0.342,yahoo
KBWB,2022-06-21,0.445,yahoo
KBWB,2022-09-19,0.381,yahoo
KBWB,2022-12-19,0.407,yahoo
KBWB,2023-03-20,0.334,yahoo
KBWB,2023-06-20,0.446,yahoo
KBWB,2023-09-18,0.405,yahoo
KBWB,2023-12-18,0.388,yahoo
KBWB,2024-03-18,0.426,yahoo
KBWB,2024-06-24,0.398,yahoo
KBWB,2024-09-23,0.424,yahoo
KBWB,2024-12-23,0.36,yahoo
KBWB,2025-03-24,0.412,yahoo
KBWB,2025-06-23,0.41,yahoo
KBWB,2025-09-22,0.452,yahoo
KBWB,2025-12-22,0.444,yahoo
KBWB,2026-03-23,0.49,yahoo
KBWB,2026-06-22,0.473,yahoo
KDP,2021-09-30,0.188,yahoo
KDP,2022-01-05,0.188,yahoo
KDP,2022-03-31,0.188,yahoo
KDP,2022-06-30,0.188,yahoo
KDP,2022-09-29,0.2,yahoo
KDP,2023-01-05,0.2,yahoo
KDP,2023-03-30,0.2,yahoo
KDP,2023-06-29,0.2,yahoo
KDP,2023-09-28,0.215,yahoo
KDP,2024-01-04,0.215,yahoo
KDP,2024-03-27,0.215,yahoo
KDP,2024-06-28,0.215,yahoo
KDP,2024-09-27,0.23,yahoo
KDP,2025-01-03,0.23,yahoo
KDP,2025-03-28,0.23,yahoo
KDP,2025-06-27,0.23,yahoo
KDP,2025-09-26,0.23,yahoo
KDP,2026-01-02,0.23,yahoo
KDP,2026-03-27,0.23,yahoo
KDP,2026-06-26,0.23,yahoo
KEY,2021-11-29,0.195,yahoo
KEY,2022-02-28,0.195,yahoo
KEY,2022-05-27,0.195,yahoo
KEY,2022-08-29,0.195,yahoo
KEY,2022-11-28,0.205,yahoo
KEY,2023-02-27,0.205,yahoo
KEY,2023-05-26,0.205,yahoo
KEY,2023-08-28,0.205,yahoo
KEY,2023-11-27,0.205,yahoo
KEY,2024-02-26,0.205,yahoo
KEY,2024-05-24,0.205,yahoo
KEY,2024-08-27,0.205,yahoo
KEY,2024-12-03,0.205,yahoo
KEY,2025-03-04,0.205,yahoo
KEY,2025-05-27,0.205,yahoo
KEY,2025-09-02,0.205,yahoo
KEY,2025-12-02,0.205,yahoo
KEY,2026-03-03,0.205,yahoo
KEY,2026-06-02,0.205,yahoo
KEY,2026-09-01,0.205,yahoo
KGC,2021-11-30,0.03,yahoo
KGC,2022-03-08,0.03,yahoo
KGC,2022-06-01,0.03,yahoo
KGC,2022-08-17,0.03,yahoo
KGC,2022-11-30,0.03,yahoo
KGC,2023-03-07,0.03,yahoo
KGC,2023-05-31,0.03,yahoo
KGC,2023-08-23,0.03,yahoo
KGC,2023-11-29,0.03,yahoo
KGC,2024-03-05,0.03,yahoo
KGC,2024-05-30,0.03,yahoo
KGC,2024-08-22,0.03,yahoo
KGC,2024-11-27,0.03,yahoo
KGC,2025-03-05,0.03,yahoo
KGC,2025-05-29,0.03,yahoo
KGC,2025-08-21,0.03,yahoo
KGC,2026-03-11,0.04,yahoo
KGC,2026-05-21,0.04,yahoo
KGC,2026-08-20,0.04,yahoo
KGS,2023-11-02,0.38,yahoo
KGS,2024-02-15,0.38,yahoo
KGS,2024-05-10,0.38,yahoo
KGS,2024-08-12,0.41,yahoo
KGS,2024-11-01,0.41,yahoo
KGS,2025-02-14,0.41,yahoo
KGS,2025-05-05,0.45,yahoo
KGS,2025-08-04,0.45,yahoo
KGS,2025-11-03,0.49,yahoo
KGS,2026-02-13,0.49,yahoo
KGS,2026-05-18,0.49,yahoo
KGS,2026-08-17,0.49,yahoo
KHC,2021-11-24,0.4,yahoo
KHC,2022-03-10,0.4,yahoo
KHC,2022-05-26,0.4,yahoo
KHC,2022-08-25,0.4,yahoo
KHC,2022-11-23,0.4,yahoo
KHC,2023-03-09,0.4,yahoo
KHC,2023-06-05,0.4,yahoo
KHC,2023-08-31,0.4,yahoo
KHC,2023-11-30,0.4,yahoo
KHC,2024-03-07,0.4,yahoo
KHC,2024-06-06,0.4,yahoo
KHC,2024-08-30,0.4,yahoo
KHC,2024-11-29,0.4,yahoo
KHC,2025-03-07,0.4,yahoo
KHC,2025-05-30,0.4,yahoo
KHC,2025-08-29,0.4,yahoo
KHC,2025-11-28,0.4,yahoo
KHC,2026-03-06,0.4,yahoo
KHC,2026-06-05,0.4,yahoo
KHC,2026-09-04,0.4,yahoo
KIM,2021-09-08,0.17,yahoo
KIM,2021-12-08,0.17,yahoo
KIM,2022-03-09,0.19,yahoo
KIM,2022-06-08,0.2,yahoo
KIM,2022-09-08,0.22,yahoo
KIM,2022-12-08,0.23,yahoo
KIM,2023-03-08,0.23,yahoo
KIM,2023-06-07,0.23,yahoo
KIM,2023-09-06,0.23,yahoo
KIM,2023-12-06,0.33,yahoo
KIM,2024-03-06,0.24,yahoo
KIM,2024-06-06,0.24,yahoo
KIM,2024-09-05,0.24,yahoo
KIM,2024-12-05,0.25,yahoo
KIM,2025-03-07,0.25,yahoo
KIM,2025-06-06,0.25,yahoo
KIM,2025-09-05,0.25,yahoo
KIM,2025-12-05,0.26,yahoo
KIM,2026-03-06,0.26,yahoo
KIM,2026-06-05,0.26,yahoo
KIM,2026-09-04,0.28,yahoo
KKR,2021-11-12,0.145,yahoo
KKR,2022-02-17,0.145,yahoo
KKR,2022-05-13,0.155,yahoo
KKR,2022-08-12,0.155,yahoo
KKR,2022-11-10,0.155,yahoo
KKR,2023-02-16,0.155,yahoo
KKR,2023-05-19,0.165,yahoo
KKR,2023-08-16,0.165,yahoo
KKR,2023-11-16,0.165,yahoo
KKR,2024-02-15,0.165,yahoo
KKR,2024-05-10,0.175,yahoo
KKR,2024-08-12,0.175,yahoo
KKR,2024-11-04,0.175,yahoo
KKR,2025-02-14,0.175,yahoo
KKR,2025-05-12,0.185,yahoo
KKR,2025-08-11,0.185,yahoo
KKR,2025-11-17,0.185,yahoo
KKR,2026-02-17,0.185,yahoo
KKR,2026-05-15,0.195,yahoo
KKR,2026-08-10,0.195,yahoo
KLAC,2021-11-12,0.105,yahoo
KLAC,2022-02-11,0.105,yahoo
KLAC,2022-05-13,0.105,yahoo
KLAC,2022-08-12,0.13,yahoo
KLAC,2022-11-14,0.13,yahoo
KLAC,2023-02-10,0.13,yahoo
KLAC,2023-05-12,0.13,yahoo
KLAC,2023-08-14,0.13,yahoo
KLAC,2023-11-14,0.145,yahoo
KLAC,2024-02-15,0.145,yahoo
KLAC,2024-05-14,0.145,yahoo
KLAC,2024-08-15,0.145,yahoo
KLAC,2024-11-18,0.17,yahoo
KLAC,2025-02-24,0.17,yahoo
KLAC,2025-05-19,0.19,yahoo
KLAC,2025-08-18,0.19,yahoo
KLAC,2025-11-17,0.19,yahoo
KLAC,2026-02-17,0.19,yahoo
KLAC,2026-05-18,0.23,yahoo
KLAC,2026-08-17,0.23,yahoo
KLIC,2021-09-22,0.14,yahoo
KLIC,2021-12-22,0.17,yahoo
KLIC,2022-03-23,0.17,yahoo
KLIC,2022-06-22,0.17,yahoo
KLIC,2022-09-21,0.17,yahoo
KLIC,2022-12-21,0.19,yahoo
KLIC,2023-03-22,0.19,yahoo
KLIC,2023-06-21,0.19,yahoo
KLIC,2023-09-20,0.19,yahoo
KLIC,2023-12-20,0.2,yahoo
KLIC,2024-03-22,0.2,yahoo
KLIC,2024-06-20,0.2,yahoo
KLIC,2024-09-19,0.2,yahoo
KLIC,2024-12-19,0.205,yahoo
KLIC,2025-03-20,0.205,yahoo
KLIC,2025-06-18,0.205,yahoo
KLIC,2025-09-18,0.205,yahoo
KLIC,2025-12-18,0.205,yahoo
KLIC,2026-03-19,0.205,yahoo
KLIC,2026-06-18,0.205,yahoo
KMB,2021-09-09,1.14,yahoo
KMB,2021-12-09,1.14,yahoo
KMB,2022-03-03,1.16,yahoo
KMB,2022-06-09,1.16,yahoo
KMB,2022-09-08,1.16,yahoo
KMB,2022-12-08,1.16,yahoo
KMB,2023-03-09,1.18,yahoo
KMB,2023-06-08,1.18,yahoo
KMB,2023-09-07,1.18,yahoo
KMB,2023-12-07,1.18,yahoo
KMB,2024-03-07,1.22,yahoo
KMB,2024-06-07,1.22,yahoo
KMB,2024-09-06,1.22,yahoo
KMB,2024-12-06,1.22,yahoo
KMB,2025-03-07,1.26,yahoo
KMB,2025-06-06,1.26,yahoo
KMB,2025-09-05,1.26,yahoo
KMB,2025-12-05,1.26,yahoo
KMB,2026-03-06,1.28,yahoo
KMB,2026-06-05,1.28,yahoo
KMB,2026-09-04,1.28,yahoo
KMI,2021-10-29,0.27,yahoo
KMI,2022-01-28,0.27,yahoo
KMI,2022-04-29,0.278,yahoo
KMI,2022-07-29,0.278,yahoo
KMI,2022-10-28,0.278,yahoo
KMI,2023-01-30,0.278,yahoo
KMI,2023-04-28,0.283,yahoo
KMI,2023-07-28,0.283,yahoo
KMI,2023-10-30,0.283,yahoo
KMI,2024-01-30,0.283,yahoo
KMI,2024-04-29,0.288,yahoo
KMI,2024-07-31,0.288,yahoo
KMI,2024-10-31,0.288,yahoo
KMI,2025-02-03,0.288,yahoo
KMI,2025-04-30,0.293,yahoo
KMI,2025-07-31,0.293,yahoo
KMI,2025-11-03,0.293,yahoo
KMI,2026-02-02,0.293,yahoo
KMI,2026-05-04,0.298,yahoo
KMI,2026-08-03,0.298,yahoo
KNSL,2021-11-26,0.11,yahoo
KNSL,2022-03-01,0.13,yahoo
KNSL,2022-05-27,0.13,yahoo
KNSL,2022-08-26,0.13,yahoo
KNSL,2022-11-29,0.13,yahoo
KNSL,2023-02-27,0.14,yahoo
KNSL,2023-05-30,0.14,yahoo
KNSL,2023-08-28,0.14,yahoo
KNSL,2023-11-28,0.14,yahoo
KNSL,2024-02-26,0.15,yahoo
KNSL,2024-05-31,0.15,yahoo
KNSL,2024-08-29,0.15,yahoo
KNSL,2024-11-29,0.15,yahoo
KNSL,2025-02-27,0.17,yahoo
KNSL,2025-05-29,0.17,yahoo
KNSL,2025-08-29,0.17,yahoo
KNSL,2025-11-28,0.17,yahoo
KNSL,2026-02-26,0.25,yahoo
KNSL,2026-05-28,0.25,yahoo
KNSL,2026-08-28,0.25,yahoo
KNX,2021-09-02,0.1,yahoo
KNX,2021-12-02,0.1,yahoo
KNX,2022-03-03,0.12,yahoo
KNX,2022-06-09,0.12,yahoo
KNX,2022-09-01,0.12,yahoo
KNX,2022-12-02,0.12,yahoo
KNX,2023-03-02,0.14,yahoo
KNX,2023-06-08,0.14,yahoo
KNX,2023-09-07,0.14,yahoo
KNX,2023-12-07,0.14,yahoo
KNX,2024-03-07,0.16,yahoo
KNX,2024-06-10,0.16,yahoo
KNX,2024-09-06,0.16,yahoo
KNX,2024-12-06,0.16,yahoo
KNX,2025-03-07,0.18,yahoo
KNX,2025-06-09,0.18,yahoo
KNX,2025-09-05,0.18,yahoo
KNX,2025-12-05,0.18,yahoo
KNX,2026-03-06,0.2,yahoo
KNX,2026-06-08,0.2,yahoo
KNX,2026-09-04,0.2,yahoo
KO,2021-09-14,0.42,yahoo
KO,2021-11-30,0.42,yahoo
KO,2022-03-14,0.44,yahoo
KO,2022-06-14,0.44,yahoo
KO,2022-09-15,0.44,yahoo
KO,2022-11-30,0.44,yahoo
KO,2023-03-16,0.46,yahoo
KO,2023-06-15,0.46,yahoo
KO,2023-09-14,0.46,yahoo
KO,2023-11-30,0.46,yahoo
KO,2024-03-14,0.485,yahoo
KO,2024-06-14,0.485,yahoo
KO,2024-09-13,0.485,yahoo
KO,2024-11-29,0.485,yahoo
KO,2025-03-14,0.51,yahoo
KO,2025-06-13,0.51,yahoo
KO,2025-09-15,0.51,yahoo
KO,2025-12-01,0.51,yahoo
KO,2026-03-13,0.53,yahoo
KO,2026-06-15,0.53,yahoo
KORU,2021-12-21,0.0955,yahoo
KORU,2022-12-20,0.018,yahoo
KORU,2023-03-21,0.0215,yahoo
KORU,2023-06-21,0.0155,yahoo
KORU,2023-09-19,0.0075,yahoo
KORU,2023-12-21,0.0755,yahoo
KORU,2024-03-19,0.013,yahoo
KORU,2024-06-25,0.012,yahoo
KORU,2024-09-24,0.0075,yahoo
KORU,2024-12-23,0.0375,yahoo
KORU,2025-03-25,0.00265,yahoo
KORU,2025-06-24,0.00455,yahoo
KORU,2025-12-23,0.07375,yahoo
KORU,2026-03-24,0.0057,yahoo
KR,2021-11-12,0.21,yahoo
KR,2022-02-14,0.21,yahoo
KR,2022-05-12,0.21,yahoo
KR,2022-08-12,0.26,yahoo
KR,2022-11-14,0.26,yahoo
KR,2023-02-14,0.26,yahoo
KR,2023-05-12,0.26,yahoo
KR,2023-08-14,0.29,yahoo
KR,2023-11-14,0.29,yahoo
KR,2024-02-14,0.29,yahoo
KR,2024-05-14,0.29,yahoo
KR,2024-08-15,0.32,yahoo
KR,2024-11-15,0.32,yahoo
KR,2025-02-14,0.32,yahoo
KR,2025-05-15,0.32,yahoo
KR,2025-08-15,0.35,yahoo
KR,2025-11-14,0.35,yahoo
KR,2026-02-13,0.35,yahoo
KR,2026-05-15,0.35,yahoo
KR,2026-08-14,0.39,yahoo
KRE,2021-09-20,0.34,yahoo
KRE,2021-12-20,0.395,yahoo
KRE,2022-03-21,0.344,yahoo
KRE,2022-06-21,0.355,yahoo
KRE,2022-09-19,0.368,yahoo
KRE,2022-12-19,0.406,yahoo
KRE,2023-03-20,0.363,yahoo
KRE,2023-06-20,0.399,yahoo
KRE,2023-09-18,0.375,yahoo
KRE,2023-12-18,0.431,yahoo
KRE,2024-03-18,0.379,yahoo
KRE,2024-06-24,0.392,yahoo
KRE,2024-09-23,0.382,yahoo
KRE,2024-12-23,0.412,yahoo
KRE,2025-03-24,0.378,yahoo
KRE,2025-06-23,0.391,yahoo
KRE,2025-09-22,0.4,yahoo
KRE,2025-12-22,0.418,yahoo
KRE,2026-03-23,0.364,yahoo
KRE,2026-06-22,0.417,yahoo
KRG,2021-09-30,0.18,yahoo
KRG,2022-01-06,0.19,yahoo
KRG,2022-04-07,0.2,yahoo
KRG,2022-07-07,0.21,yahoo
KRG,2022-10-06,0.22,yahoo
KRG,2023-01-05,0.24,yahoo
KRG,2023-04-05,0.24,yahoo
KRG,2023-07-06,0.24,yahoo
KRG,2023-10-05,0.24,yahoo
KRG,2024-01-04,0.25,yahoo
KRG,2024-04-04,0.25,yahoo
KRG,2024-07-09,0.25,yahoo
KRG,2024-10-09,0.26,yahoo
KRG,2025-01-10,0.27,yahoo
KRG,2025-04-09,0.27,yahoo
KRG,2025-07-09,0.27,yahoo
KRG,2025-10-09,0.27,yahoo
KRG,2026-01-09,0.435,yahoo
KRG,2026-04-09,0.29,yahoo
KRG,2026-07-09,0.29,yahoo
KSS,2021-09-07,0.25,yahoo
KSS,2021-12-07,0.25,yahoo
KSS,2022-03-15,0.5,yahoo
KSS,2022-06-07,0.5,yahoo
KSS,2022-09-06,0.5,yahoo
KSS,2022-12-06,0.5,yahoo
KSS,2023-03-14,0.5,yahoo
KSS,2023-06-06,0.5,yahoo
KSS,2023-09-05,0.5,yahoo
KSS,2023-12-05,0.5,yahoo
KSS,2024-03-19,0.5,yahoo
KSS,2024-06-12,0.5,yahoo
KSS,2024-09-11,0.5,yahoo
KSS,2024-12-11,0.5,yahoo
KSS,2025-03-21,0.125,yahoo
KSS,2025-06-11,0.125,yahoo
KSS,2025-09-10,0.125,yahoo
KSS,2025-12-10,0.125,yahoo
KSS,2026-03-18,0.125,yahoo
KSS,2026-06-10,0.125,yahoo
KSS,2026-09-09,0.125,yahoo
KTB,2021-09-09,0.4,yahoo
KTB,2021-12-09,0.46,yahoo
KTB,2022-03-07,0.46,yahoo
KTB,2022-06-09,0.46,yahoo
KTB,2022-09-08,0.46,yahoo
KTB,2022-12-08,0.48,yahoo
KTB,2023-03-09,0.48,yahoo
KTB,2023-06-08,0.48,yahoo
KTB,2023-09-07,0.48,yahoo
KTB,2023-12-07,0.5,yahoo
KTB,2024-03-07,0.5,yahoo
KTB,2024-06-10,0.5,yahoo
KTB,2024-09-10,0.5,yahoo
KTB,2024-12-09,0.52,yahoo
KTB,2025-03-10,0.52,yahoo
KTB,2025-06-10,0.52,yahoo
KTB,2025-09-09,0.52,yahoo
KTB,2025-12-08,0.53,yahoo
KTB,2026-03-10,0.53,yahoo
KTB,2026-06-08,0.53,yahoo
KTB,2026-09-08,0.53,yahoo
KVUE,2023-08-25,0.2,yahoo
KVUE,2023-11-07,0.2,yahoo
KVUE,2024-02-13,0.2,yahoo
KVUE,2024-05-07,0.2,yahoo
KVUE,2024-08-14,0.205,yahoo
KVUE,2024-11-13,0.205,yahoo
KVUE,2025-02-12,0.205,yahoo
KVUE,2025-05-14,0.205,yahoo
KVUE,2025-08-13,0.208,yahoo
KVUE,2025-11-12,0.208,yahoo
KVUE,2026-02-11,0.208,yahoo
KVUE,2026-05-13,0.208,yahoo
KVUE,2026-08-12,0.21,yahoo
KWEB,2021-12-29,2.58,yahoo
KWEB,2023-12-18,0.419,yahoo
KWEB,2023-12-27,0.042,yahoo
KWEB,2024-12-17,1.025,yahoo
KWEB,2025-12-22,2.096,yahoo
L,2021-11-23,0.063,yahoo
L,2022-02-22,0.063,yahoo
L,2022-05-24,0.063,yahoo
L,2022-08-16,0.063,yahoo
L,2022-11-22,0.063,yahoo
L,2023-02-21,0.063,yahoo
L,2023-05-23,0.063,yahoo
L,2023-08-15,0.063,yahoo
L,2023-11-21,0.063,yahoo
L,2024-02-20,0.063,yahoo
L,2024-05-29,0.063,yahoo
L,2024-08-21,0.063,yahoo
L,2024-11-27,0.063,yahoo
L,2025-02-26,0.063,yahoo
L,2025-05-28,0.063,yahoo
L,2025-08-20,0.063,yahoo
L,2025-11-26,0.063,yahoo
L,2026-02-25,0.063,yahoo
L,2026-05-27,0.063,yahoo
L,2026-08-19,0.063,yahoo
LAD,2021-11-10,0.35,yahoo
LAD,2022-03-10,0.35,yahoo
LAD,2022-05-12,0.42,yahoo
LAD,2022-08-11,0.42,yahoo
LAD,2022-11-09,0.42,yahoo
LAD,2023-03-09,0.42,yahoo
LAD,2023-05-11,0.5,yahoo
LAD,2023-08-10,0.5,yahoo
LAD,2023-11-09,0.5,yahoo
LAD,2024-03-07,0.5,yahoo
LAD,2024-05-09,0.53,yahoo
LAD,2024-08-09,0.53,yahoo
LAD,2024-11-08,0.53,yahoo
LAD,2025-03-07,0.53,yahoo
LAD,2025-05-09,0.55,yahoo
LAD,2025-08-08,0.55,yahoo
LAD,2025-11-07,0.55,yahoo
LAD,2026-03-06,0.55,yahoo
LAD,2026-05-08,0.57,yahoo
LAD,2026-08-07,0.7,yahoo
LAMR,2021-09-17,1,yahoo
LAMR,2021-12-17,1.5,yahoo
LAMR,2022-03-18,1.1,yahoo
LAMR,2022-06-16,1.2,yahoo
LAMR,2022-09-16,1.2,yahoo
LAMR,2022-12-16,1.5,yahoo
LAMR,2023-03-16,1.25,yahoo
LAMR,2023-06-15,1.25,yahoo
LAMR,2023-09-15,1.25,yahoo
LAMR,2023-12-15,1.25,yahoo
LAMR,2024-03-14,1.3,yahoo
LAMR,2024-06-17,1.3,yahoo
LAMR,2024-09-18,1.4,yahoo
LAMR,2024-12-18,1.65,yahoo
LAMR,2025-03-14,1.55,yahoo
LAMR,2025-06-16,1.55,yahoo
LAMR,2025-09-19,1.55,yahoo
LAMR,2025-12-22,1.8,yahoo
LAMR,2026-03-16,1.6,yahoo
LAMR,2026-06-16,1.6,yahoo
LAZ,2021-11-05,0.47,yahoo
LAZ,2022-02-11,0.47,yahoo
LAZ,2022-05-06,0.47,yahoo
LAZ,2022-08-05,0.5,yahoo
LAZ,2022-11-04,0.5,yahoo
LAZ,2023-02-10,0.5,yahoo
LAZ,2023-05-05,0.5,yahoo
LAZ,2023-08-04,0.5,yahoo
LAZ,2023-11-03,0.5,yahoo
LAZ,2024-02-09,0.5,yahoo
LAZ,2024-05-03,0.5,yahoo
LAZ,2024-08-05,0.5,yahoo
LAZ,2024-11-08,0.5,yahoo
LAZ,2025-02-10,0.5,yahoo
LAZ,2025-05-05,0.5,yahoo
LAZ,2025-08-04,0.5,yahoo
LAZ,2025-11-03,0.5,yahoo
LAZ,2026-02-09,0.5,yahoo
LAZ,2026-05-11,0.5,yahoo
LAZ,2026-08-03,0.5,yahoo
LBRT,2022-12-05,0.05,yahoo
LBRT,2023-03-03,0.05,yahoo
LBRT,2023-06-05,0.05,yahoo
LBRT,2023-09-05,0.05,yahoo
LBRT,2023-12-05,0.07,yahoo
LBRT,2024-03-05,0.07,yahoo
LBRT,2024-06-06,0.07,yahoo
LBRT,2024-09-06,0.07,yahoo
LBRT,2024-12-06,0.08,yahoo
LBRT,2025-03-06,0.08,yahoo
LBRT,2025-06-06,0.08,yahoo
LBRT,2025-09-04,0.08,yahoo
LBRT,2025-12-04,0.09,yahoo
LBRT,2026-03-04,0.09,yahoo
LBRT,2026-06-04,0.09,yahoo
LBRT,2026-09-04,0.09,yahoo
LDOS,2021-09-14,0.36,yahoo
LDOS,2021-12-14,0.36,yahoo
LDOS,2022-03-14,0.36,yahoo
LDOS,2022-06-14,0.36,yahoo
LDOS,2022-09-14,0.36,yahoo
LDOS,2022-12-14,0.36,yahoo
LDOS,2023-03-14,0.36,yahoo
LDOS,2023-06-14,0.36,yahoo
LDOS,2023-09-14,0.36,yahoo
LDOS,2023-12-14,0.38,yahoo
LDOS,2024-03-14,0.38,yahoo
LDOS,2024-06-14,0.38,yahoo
LDOS,2024-09-13,0.38,yahoo
LDOS,2024-12-16,0.4,yahoo
LDOS,2025-03-14,0.4,yahoo
LDOS,2025-06-16,0.4,yahoo
LDOS,2025-09-15,0.4,yahoo
LDOS,2025-12-15,0.43,yahoo
LDOS,2026-03-16,0.43,yahoo
LDOS,2026-06-15,0.43,yahoo
LEA,2021-12-09,0.77,yahoo
LEA,2022-03-10,0.77,yahoo
LEA,2022-06-09,0.77,yahoo
LEA,2022-08-31,0.77,yahoo
LEA,2022-12-06,0.77,yahoo
LEA,2023-03-09,0.77,yahoo
LEA,2023-06-08,0.77,yahoo
LEA,2023-08-30,0.77,yahoo
LEA,2023-12-05,0.77,yahoo
LEA,2024-03-07,0.77,yahoo
LEA,2024-06-06,0.77,yahoo
LEA,2024-09-04,0.77,yahoo
LEA,2024-12-11,0.77,yahoo
LEA,2025-03-06,0.77,yahoo
LEA,2025-06-05,0.77,yahoo
LEA,2025-09-03,0.77,yahoo
LEA,2025-12-10,0.77,yahoo
LEA,2026-03-05,0.77,yahoo
LEA,2026-06-03,0.77,yahoo
LEA,2026-09-02,0.77,yahoo
LECO,2021-09-29,0.51,yahoo
LECO,2021-12-30,0.56,yahoo
LECO,2022-03-30,0.56,yahoo
LECO,2022-06-29,0.56,yahoo
LECO,2022-09-29,0.56,yahoo
LECO,2022-12-29,0.64,yahoo
LECO,2023-03-30,0.64,yahoo
LECO,2023-06-29,0.64,yahoo
LECO,2023-09-28,0.64,yahoo
LECO,2023-12-28,0.71,yahoo
LECO,2024-03-27,0.71,yahoo
LECO,2024-06-28,0.71,yahoo
LECO,2024-09-30,0.71,yahoo
LECO,2024-12-31,0.75,yahoo
LECO,2025-03-31,0.75,yahoo
LECO,2025-06-30,0.75,yahoo
LECO,2025-09-30,0.75,yahoo
LECO,2025-12-31,0.79,yahoo
LECO,2026-03-31,0.79,yahoo
LECO,2026-06-30,0.79,yahoo
LEN,2021-10-13,0.242014,yahoo
LEN,2022-01-26,0.36302,yahoo
LEN,2022-04-25,0.36302,yahoo
LEN,2022-07-06,0.36302,yahoo
LEN,2022-10-12,0.36302,yahoo
LEN,2023-01-26,0.36302,yahoo
LEN,2023-04-25,0.36302,yahoo
LEN,2023-07-06,0.36302,yahoo
LEN,2023-10-11,0.36302,yahoo
LEN,2024-01-23,0.484027,yahoo
LEN,2024-04-23,0.484027,yahoo
LEN,2024-07-05,0.484027,yahoo
LEN,2024-10-09,0.484027,yahoo
LEN,2025-01-29,0.5,yahoo
LEN,2025-04-23,0.5,yahoo
LEN,2025-07-03,0.5,yahoo
LEN,2025-10-10,0.5,yahoo
LEN,2026-02-04,0.5,yahoo
LEN,2026-04-22,0.5,yahoo
LEN,2026-07-10,0.5,yahoo
LFUS,2021-11-17,0.53,yahoo
LFUS,2022-02-23,0.53,yahoo
LFUS,2022-05-25,0.53,yahoo
LFUS,2022-08-24,0.6,yahoo
LFUS,2022-11-22,0.6,yahoo
LFUS,2023-02-22,0.6,yahoo
LFUS,2023-05-24,0.6,yahoo
LFUS,2023-08-23,0.65,yahoo
LFUS,2023-11-21,0.65,yahoo
LFUS,2024-02-21,0.65,yahoo
LFUS,2024-05-22,0.65,yahoo
LFUS,2024-08-22,0.7,yahoo
LFUS,2024-11-21,0.7,yahoo
LFUS,2025-02-20,0.7,yahoo
LFUS,2025-05-22,0.7,yahoo
LFUS,2025-08-21,0.75,yahoo
LFUS,2025-11-20,0.75,yahoo
LFUS,2026-02-19,0.75,yahoo
LFUS,2026-05-21,0.75,yahoo
LFUS,2026-08-20,0.8,yahoo
LH,2022-05-18,0.618557,yahoo
LH,2022-08-17,0.618557,yahoo
LH,2022-11-16,0.618557,yahoo
LH,2023-02-22,0.618557,yahoo
LH,2023-05-17,0.618557,yahoo
LH,2023-08-07,0.72,yahoo
LH,2023-11-07,0.72,yahoo
LH,2024-02-26,0.72,yahoo
LH,2024-05-24,0.72,yahoo
LH,2024-08-29,0.72,yahoo
LH,2024-11-26,0.72,yahoo
LH,2025-02-27,0.72,yahoo
LH,2025-05-29,0.72,yahoo
LH,2025-08-28,0.72,yahoo
LH,2025-11-26,0.72,yahoo
LH,2026-02-27,0.72,yahoo
LH,2026-05-29,0.72,yahoo
LH,2026-08-28,0.72,yahoo
LHX,2021-09-02,1.02,yahoo
LHX,2021-11-18,1.02,yahoo
LHX,2022-03-10,1.12,yahoo
LHX,2022-06-02,1.12,yahoo
LHX,2022-09-01,1.12,yahoo
LHX,2022-11-17,1.12,yahoo
LHX,2023-03-09,1.14,yahoo
LHX,2023-06-01,1.14,yahoo
LHX,2023-09-01,1.14,yahoo
LHX,2023-11-16,1.14,yahoo
LHX,2024-03-07,1.16,yahoo
LHX,2024-06-04,1.16,yahoo
LHX,2024-09-06,1.16,yahoo
LHX,2024-11-18,1.16,yahoo
LHX,2025-03-10,1.2,yahoo
LHX,2025-06-03,1.2,yahoo
LHX,2025-09-05,1.2,yahoo
LHX,2025-11-17,1.2,yahoo
LHX,2026-03-06,1.25,yahoo
LHX,2026-06-05,1.25,yahoo
LHX,2026-09-04,1.25,yahoo
LII,2021-09-29,0.92,yahoo
LII,2021-12-30,0.92,yahoo
LII,2022-03-30,0.92,yahoo
LII,2022-06-29,1.06,yahoo
LII,2022-08-30,1.06,yahoo
LII,2022-12-29,1.06,yahoo
LII,2023-03-30,1.06,yahoo
LII,2023-06-29,1.1,yahoo
LII,2023-08-30,1.1,yahoo
LII,2023-12-28,1.1,yahoo
LII,2024-03-27,1.1,yahoo
LII,2024-06-28,1.15,yahoo
LII,2024-09-30,1.15,yahoo
LII,2024-12-31,1.15,yahoo
LII,2025-04-30,1.15,yahoo
LII,2025-06-30,1.3,yahoo
LII,2025-09-30,1.3,yahoo
LII,2025-12-31,1.3,yahoo
LII,2026-03-31,1.3,yahoo
LII,2026-06-30,1.36,yahoo
LIN,2021-09-02,1.06,yahoo
LIN,2021-12-02,1.06,yahoo
LIN,2022-03-10,1.17,yahoo
LIN,2022-06-02,1.17,yahoo
LIN,2022-09-01,1.17,yahoo
LIN,2022-12-01,1.17,yahoo
LIN,2023-03-13,1.275,yahoo
LIN,2023-06-01,1.275,yahoo
LIN,2023-09-01,1.275,yahoo
LIN,2023-12-01,1.275,yahoo
LIN,2024-03-13,1.39,yahoo
LIN,2024-06-04,1.39,yahoo
LIN,2024-09-04,1.39,yahoo
LIN,2024-12-03,1.39,yahoo
LIN,2025-03-13,1.5,yahoo
LIN,2025-06-04,1.5,yahoo
LIN,2025-09-04,1.5,yahoo
LIN,2025-12-03,1.5,yahoo
LIN,2026-03-11,1.6,yahoo
LIN,2026-06-04,1.6,yahoo
LIN,2026-09-03,1.6,yahoo
LKQ,2021-11-09,0.25,yahoo
LKQ,2022-03-02,0.25,yahoo
LKQ,2022-05-18,0.25,yahoo
LKQ,2022-08-10,0.25,yahoo
LKQ,2022-11-16,0.275,yahoo
LKQ,2023-03-15,0.275,yahoo
LKQ,2023-05-17,0.275,yahoo
LKQ,2023-08-16,0.275,yahoo
LKQ,2023-11-15,0.3,yahoo
LKQ,2024-03-13,0.3,yahoo
LKQ,2024-05-15,0.3,yahoo
LKQ,2024-08-15,0.3,yahoo
LKQ,2024-11-14,0.3,yahoo
LKQ,2025-03-13,0.3,yahoo
LKQ,2025-05-15,0.3,yahoo
LKQ,2025-08-14,0.3,yahoo
LKQ,2025-11-20,0.3,yahoo
LKQ,2026-03-12,0.3,yahoo
LKQ,2026-05-21,0.3,yahoo
LKQ,2026-08-20,0.3,yahoo
LLY,2021-11-12,0.85,yahoo
LLY,2022-02-14,0.98,yahoo
LLY,2022-05-13,0.98,yahoo
LLY,2022-08-12,0.98,yahoo
LLY,2022-11-14,0.98,yahoo
LLY,2023-02-14,1.13,yahoo
LLY,2023-05-12,1.13,yahoo
LLY,2023-08-14,1.13,yahoo
LLY,2023-11-14,1.13,yahoo
LLY,2024-02-14,1.3,yahoo
LLY,2024-05-15,1.3,yahoo
LLY,2024-08-15,1.3,yahoo
LLY,2024-11-15,1.3,yahoo
LLY,2025-02-14,1.5,yahoo
LLY,2025-05-16,1.5,yahoo
LLY,2025-08-15,1.5,yahoo
LLY,2025-11-14,1.5,yahoo
LLY,2026-02-13,1.73,yahoo
LLY,2026-05-15,1.73,yahoo
LLY,2026-08-14,1.73,yahoo
LMT,2021-11-30,2.8,yahoo
LMT,2022-02-28,2.8,yahoo
LMT,2022-05-31,2.8,yahoo
LMT,2022-08-31,2.8,yahoo
LMT,2022-11-30,3,yahoo
LMT,2023-02-28,3,yahoo
LMT,2023-05-31,3,yahoo
LMT,2023-08-31,3,yahoo
LMT,2023-11-30,3.15,yahoo
LMT,2024-02-29,3.15,yahoo
LMT,2024-06-03,3.15,yahoo
LMT,2024-09-03,3.15,yahoo
LMT,2024-12-02,3.3,yahoo
LMT,2025-03-03,3.3,yahoo
LMT,2025-06-02,3.3,yahoo
LMT,2025-09-02,3.3,yahoo
LMT,2025-12-01,3.45,yahoo
LMT,2026-03-02,3.45,yahoo
LMT,2026-06-01,3.45,yahoo
LMT,2026-09-01,3.45,yahoo
LNC,2021-10-07,0.42,yahoo
LNC,2022-01-07,0.45,yahoo
LNC,2022-04-08,0.45,yahoo
LNC,2022-07-08,0.45,yahoo
LNC,2022-10-06,0.45,yahoo
LNC,2023-01-09,0.45,yahoo
LNC,2023-04-06,0.45,yahoo
LNC,2023-07-07,0.45,yahoo
LNC,2023-10-06,0.45,yahoo
LNC,2024-01-09,0.45,yahoo
LNC,2024-04-09,0.45,yahoo
LNC,2024-07-10,0.45,yahoo
LNC,2024-10-10,0.45,yahoo
LNC,2025-01-10,0.45,yahoo
LNC,2025-04-10,0.45,yahoo
LNC,2025-07-10,0.45,yahoo
LNC,2025-10-10,0.45,yahoo
LNC,2026-01-12,0.45,yahoo
LNC,2026-04-10,0.45,yahoo
LNC,2026-07-10,0.45,yahoo
LNG,2021-11-02,0.33,yahoo
LNG,2022-02-04,0.33,yahoo
LNG,2022-05-09,0.33,yahoo
LNG,2022-08-08,0.33,yahoo
LNG,2022-11-07,0.395,yahoo
LNG,2023-02-06,0.395,yahoo
LNG,2023-05-09,0.395,yahoo
LNG,2023-08-08,0.395,yahoo
LNG,2023-11-08,0.435,yahoo
LNG,2024-02-05,0.435,yahoo
LNG,2024-05-09,0.435,yahoo
LNG,2024-08-09,0.435,yahoo
LNG,2024-11-08,0.5,yahoo
LNG,2025-02-07,0.5,yahoo
LNG,2025-05-09,0.5,yahoo
LNG,2025-08-08,0.5,yahoo
LNG,2025-11-07,0.555,yahoo
LNG,2026-02-06,0.555,yahoo
LNG,2026-05-11,0.555,yahoo
LNG,2026-08-10,0.555,yahoo
LNT,2021-10-29,0.403,yahoo
LNT,2022-01-28,0.428,yahoo
LNT,2022-04-28,0.428,yahoo
LNT,2022-07-28,0.428,yahoo
LNT,2022-10-28,0.428,yahoo
LNT,2023-01-30,0.453,yahoo
LNT,2023-04-27,0.453,yahoo
LNT,2023-07-28,0.453,yahoo
LNT,2023-10-30,0.453,yahoo
LNT,2024-01-30,0.48,yahoo
LNT,2024-04-29,0.48,yahoo
LNT,2024-07-31,0.48,yahoo
LNT,2024-10-31,0.48,yahoo
LNT,2025-01-31,0.507,yahoo
LNT,2025-04-30,0.507,yahoo
LNT,2025-07-31,0.507,yahoo
LNT,2025-10-31,0.507,yahoo
LNT,2026-01-30,0.535,yahoo
LNT,2026-04-30,0.535,yahoo
LNT,2026-07-31,0.535,yahoo
LOGI,2021-09-20,0.939,yahoo
LOGI,2022-09-26,0.98,yahoo
LOGI,2023-09-25,1.17,yahoo
LOGI,2024-09-23,1.365,yahoo
LOGI,2025-09-22,1.585,yahoo
LOW,2021-10-19,0.8,yahoo
LOW,2022-01-18,0.8,yahoo
LOW,2022-04-19,0.8,yahoo
LOW,2022-07-19,1.05,yahoo
LOW,2022-10-18,1.05,yahoo
LOW,2023-01-24,1.05,yahoo
LOW,2023-04-25,1.05,yahoo
LOW,2023-07-25,1.1,yahoo
LOW,2023-10-24,1.1,yahoo
LOW,2024-01-23,1.1,yahoo
LOW,2024-04-23,1.1,yahoo
LOW,2024-07-24,1.15,yahoo
LOW,2024-10-23,1.15,yahoo
LOW,2025-01-22,1.15,yahoo
LOW,2025-04-23,1.15,yahoo
LOW,2025-07-23,1.2,yahoo
LOW,2025-10-22,1.2,yahoo
LOW,2026-01-21,1.2,yahoo
LOW,2026-04-22,1.2,yahoo
LOW,2026-07-22,1.25,yahoo
LPLA,2021-11-09,0.25,yahoo
LPLA,2022-03-14,0.25,yahoo
LPLA,2022-06-08,0.25,yahoo
LPLA,2022-08-16,0.25,yahoo
LPLA,2022-11-09,0.25,yahoo
LPLA,2023-03-13,0.3,yahoo
LPLA,2023-05-17,0.3,yahoo
LPLA,2023-08-10,0.3,yahoo
LPLA,2023-11-08,0.3,yahoo
LPLA,2024-03-11,0.3,yahoo
LPLA,2024-05-20,0.3,yahoo
LPLA,2024-08-09,0.3,yahoo
LPLA,2024-11-14,0.3,yahoo
LPLA,2025-03-11,0.3,yahoo
LPLA,2025-05-30,0.3,yahoo
LPLA,2025-08-15,0.3,yahoo
LPLA,2025-11-13,0.3,yahoo
LPLA,2026-03-10,0.3,yahoo
LPLA,2026-05-21,0.3,yahoo
LPLA,2026-08-14,0.3,yahoo
LPX,2021-11-05,0.18,yahoo
LPX,2022-02-25,0.22,yahoo
LPX,2022-05-11,0.22,yahoo
LPX,2022-08-17,0.22,yahoo
LPX,2022-11-08,0.22,yahoo
LPX,2023-03-09,0.24,yahoo
LPX,2023-05-11,0.24,yahoo
LPX,2023-08-10,0.24,yahoo
LPX,2023-11-09,0.24,yahoo
LPX,2024-02-22,0.26,yahoo
LPX,2024-05-21,0.26,yahoo
LPX,2024-08-20,0.26,yahoo
LPX,2024-11-20,0.26,yahoo
LPX,2025-02-27,0.28,yahoo
LPX,2025-05-20,0.28,yahoo
LPX,2025-08-15,0.28,yahoo
LPX,2025-11-14,0.28,yahoo
LPX,2026-02-27,0.3,yahoo
LPX,2026-05-14,0.3,yahoo
LPX,2026-08-14,0.3,yahoo
LQD,2021-10-01,0.255,yahoo
LQD,2021-11-01,0.262,yahoo
LQD,2021-12-01,0.239,yahoo
LQD,2021-12-16,0.256,yahoo
LQD,2022-02-01,0.242,yahoo
LQD,2022-03-01,0.256,yahoo
LQD,2022-04-01,0.255,yahoo
LQD,2022-05-02,0.254,yahoo
LQD,2022-06-01,0.274,yahoo
LQD,2022-07-01,0.297,yahoo
LQD,2022-08-01,0.276,yahoo
LQD,2022-09-01,0.304,yahoo
LQD,2022-10-03,0.339,yahoo
LQD,2022-11-01,0.307,yahoo
LQD,2022-12-01,0.344,yahoo
LQD,2022-12-15,0.332,yahoo
LQD,2023-02-01,0.342,yahoo
LQD,2023-03-01,0.372,yahoo
LQD,2023-04-03,0.34,yahoo
LQD,2023-05-01,0.372,yahoo
LQD,2023-06-01,0.349,yahoo
LQD,2023-07-03,0.348,yahoo
LQD,2023-08-01,0.369,yahoo
LQD,2023-09-01,0.377,yahoo
LQD,2023-10-02,0.399,yahoo
LQD,2023-11-01,0.364,yahoo
LQD,2023-12-01,0.395,yahoo
LQD,2023-12-14,0.393,yahoo
LQD,2024-02-01,0.389,yahoo
LQD,2024-03-01,0.393,yahoo
LQD,2024-04-01,0.411,yahoo
LQD,2024-05-01,0.415,yahoo
LQD,2024-06-03,0.405,yahoo
LQD,2024-07-01,0.376,yahoo
LQD,2024-08-01,0.392,yahoo
LQD,2024-09-03,0.405,yahoo
LQD,2024-10-01,0.411,yahoo
LQD,2024-11-01,0.385,yahoo
LQD,2024-12-02,0.383,yahoo
LQD,2024-12-18,0.385,yahoo
LQD,2025-02-03,0.389,yahoo
LQD,2025-03-03,0.415,yahoo
LQD,2025-04-01,0.417,yahoo
LQD,2025-05-01,0.432,yahoo
LQD,2025-06-02,0.396,yahoo
LQD,2025-07-01,0.402,yahoo
LQD,2025-08-01,0.444,yahoo
LQD,2025-09-02,0.384,yahoo
LQD,2025-10-01,0.406,yahoo
LQD,2025-11-03,0.402,yahoo
LQD,2025-12-01,0.413,yahoo
LQD,2025-12-19,0.436,yahoo
LQD,2026-02-02,0.408,yahoo
LQD,2026-03-02,0.383,yahoo
LQD,2026-04-01,0.446,yahoo
LQD,2026-05-01,0.425,yahoo
LQD,2026-06-01,0.413,yahoo
LQD,2026-07-01,0.382,yahoo
LQD,2026-08-03,0.458,yahoo
LQD,2026-09-01,0.444,yahoo
LRCX,2021-09-27,0.15,yahoo
LRCX,2021-12-14,0.15,yahoo
LRCX,2022-03-15,0.15,yahoo
LRCX,2022-06-14,0.15,yahoo
LRCX,2022-09-13,0.1725,yahoo
LRCX,2022-12-13,0.1725,yahoo
LRCX,2023-03-14,0.1725,yahoo
LRCX,2023-06-13,0.1725,yahoo
LRCX,2023-09-12,0.2,yahoo
LRCX,2023-12-12,0.2,yahoo
LRCX,2024-03-12,0.2,yahoo
LRCX,2024-06-18,0.2,yahoo
LRCX,2024-09-17,0.23,yahoo
LRCX,2024-12-11,0.23,yahoo
LRCX,2025-03-05,0.23,yahoo
LRCX,2025-06-18,0.23,yahoo
LRCX,2025-09-24,0.26,yahoo
LRCX,2025-12-03,0.26,yahoo
LRCX,2026-03-04,0.26,yahoo
LRCX,2026-06-17,0.26,yahoo
LSTR,2021-11-08,0.25,yahoo
LSTR,2022-01-06,2,yahoo
LSTR,2022-02-11,0.25,yahoo
LSTR,2022-05-04,0.25,yahoo
LSTR,2022-08-05,0.3,yahoo
LSTR,2022-11-07,0.3,yahoo
LSTR,2023-01-05,2,yahoo
LSTR,2023-02-10,0.3,yahoo
LSTR,2023-05-03,0.3,yahoo
LSTR,2023-08-09,0.33,yahoo
LSTR,2023-11-06,0.33,yahoo
LSTR,2024-01-02,2,yahoo
LSTR,2024-02-09,0.33,yahoo
LSTR,2024-05-07,0.33,yahoo
LSTR,2024-08-20,0.36,yahoo
LSTR,2024-11-19,0.36,yahoo
LSTR,2025-01-07,2,yahoo
LSTR,2025-02-18,0.36,yahoo
LSTR,2025-06-05,0.4,yahoo
LSTR,2025-08-19,0.4,yahoo
LSTR,2025-11-18,0.4,yahoo
LSTR,2026-01-06,2,yahoo
LSTR,2026-02-18,0.4,yahoo
LSTR,2026-05-19,0.4,yahoo
LSTR,2026-08-18,0.44,yahoo
LUMN,2021-11-26,0.25,yahoo
LUMN,2022-03-07,0.25,yahoo
LUMN,2022-05-27,0.25,yahoo
LUMN,2022-08-29,0.25,yahoo
LUV,2023-01-09,0.18,yahoo
LUV,2023-03-07,0.18,yahoo
LUV,2023-06-20,0.18,yahoo
LUV,2023-09-05,0.18,yahoo
LUV,2023-12-20,0.18,yahoo
LUV,2024-03-05,0.18,yahoo
LUV,2024-06-18,0.18,yahoo
LUV,2024-09-04,0.18,yahoo
LUV,2024-12-26,0.18,yahoo
LUV,2025-03-12,0.18,yahoo
LUV,2025-06-18,0.18,yahoo
LUV,2025-09-03,0.18,yahoo
LUV,2025-12-26,0.18,yahoo
LUV,2026-03-12,0.18,yahoo
LUV,2026-06-11,0.18,yahoo
LUV,2026-09-03,0.18,yahoo
LVS,2023-08-07,0.2,yahoo
LVS,2023-11-06,0.2,yahoo
LVS,2024-02-05,0.2,yahoo
LVS,2024-05-06,0.2,yahoo
LVS,2024-08-06,0.2,yahoo
LVS,2024-11-05,0.2,yahoo
LVS,2025-02-10,0.25,yahoo
LVS,2025-05-06,0.25,yahoo
LVS,2025-08-05,0.25,yahoo
LVS,2025-11-04,0.25,yahoo
LVS,2026-02-09,0.3,yahoo
LVS,2026-05-05,0.3,yahoo
LVS,2026-08-04,0.3,yahoo
LW,2021-11-04,0.235,yahoo
LW,2022-02-03,0.245,yahoo
LW,2022-05-05,0.245,yahoo
LW,2022-08-04,0.245,yahoo
LW,2022-11-03,0.245,yahoo
LW,2023-02-02,0.28,yahoo
LW,2023-05-04,0.28,yahoo
LW,2023-08-03,0.28,yahoo
LW,2023-11-02,0.28,yahoo
LW,2024-02-01,0.36,yahoo
LW,2024-05-02,0.36,yahoo
LW,2024-08-02,0.36,yahoo
LW,2024-11-01,0.36,yahoo
LW,2025-01-31,0.37,yahoo
LW,2025-05-02,0.37,yahoo
LW,2025-08-01,0.37,yahoo
LW,2025-10-31,0.37,yahoo
LW,2026-01-30,0.38,yahoo
LW,2026-05-08,0.38,yahoo
LW,2026-08-07,0.38,yahoo
LYB,2021-11-26,1.13,yahoo
LYB,2022-03-04,1.13,yahoo
LYB,2022-06-03,6.39,yahoo
LYB,2022-08-26,1.19,yahoo
LYB,2022-11-25,1.19,yahoo
LYB,2023-03-03,1.19,yahoo
LYB,2023-05-26,1.25,yahoo
LYB,2023-08-25,1.25,yahoo
LYB,2023-11-24,1.25,yahoo
LYB,2024-03-01,1.25,yahoo
LYB,2024-06-03,1.34,yahoo
LYB,2024-08-26,1.34,yahoo
LYB,2024-12-02,1.34,yahoo
LYB,2025-03-10,1.34,yahoo
LYB,2025-06-02,1.37,yahoo
LYB,2025-08-25,1.37,yahoo
LYB,2025-12-01,1.37,yahoo
LYB,2026-03-02,0.69,yahoo
LYB,2026-06-01,0.69,yahoo
LYB,2026-08-24,0.69,yahoo
M,2021-09-14,0.15,yahoo
M,2021-12-14,0.15,yahoo
M,2022-03-14,0.158,yahoo
M,2022-06-14,0.158,yahoo
M,2022-09-14,0.158,yahoo
M,2022-12-14,0.158,yahoo
M,2023-03-14,0.165,yahoo
M,2023-06-14,0.165,yahoo
M,2023-09-14,0.165,yahoo
M,2023-12-14,0.165,yahoo
M,2024-03-14,0.174,yahoo
M,2024-06-14,0.174,yahoo
M,2024-09-13,0.174,yahoo
M,2024-12-13,0.174,yahoo
M,2025-03-14,0.182,yahoo
M,2025-06-13,0.182,yahoo
M,2025-09-15,0.182,yahoo
M,2025-12-15,0.182,yahoo
M,2026-03-13,0.192,yahoo
M,2026-06-15,0.192,yahoo
MA,2021-10-07,0.44,yahoo
MA,2022-01-06,0.49,yahoo
MA,2022-04-07,0.49,yahoo
MA,2022-07-07,0.49,yahoo
MA,2022-10-06,0.49,yahoo
MA,2023-01-06,0.57,yahoo
MA,2023-04-05,0.57,yahoo
MA,2023-07-06,0.57,yahoo
MA,2023-10-05,0.57,yahoo
MA,2024-01-08,0.66,yahoo
MA,2024-04-08,0.66,yahoo
MA,2024-07-09,0.66,yahoo
MA,2024-10-09,0.66,yahoo
MA,2025-01-10,0.76,yahoo
MA,2025-04-09,0.76,yahoo
MA,2025-07-09,0.76,yahoo
MA,2025-10-09,0.76,yahoo
MA,2026-01-09,0.87,yahoo
MA,2026-04-09,0.87,yahoo
MA,2026-07-09,0.87,yahoo
MAA,2021-10-14,1.025,yahoo
MAA,2022-01-13,1.088,yahoo
MAA,2022-04-13,1.088,yahoo
MAA,2022-07-14,1.25,yahoo
MAA,2022-10-13,1.25,yahoo
MAA,2023-01-12,1.4,yahoo
MAA,2023-04-13,1.4,yahoo
MAA,2023-07-13,1.4,yahoo
MAA,2023-10-12,1.4,yahoo
MAA,2024-01-11,1.47,yahoo
MAA,2024-04-12,1.47,yahoo
MAA,2024-07-15,1.47,yahoo
MAA,2024-10-15,1.47,yahoo
MAA,2025-01-15,1.515,yahoo
MAA,2025-04-15,1.515,yahoo
MAA,2025-07-15,1.515,yahoo
MAA,2025-10-15,1.515,yahoo
MAA,2026-01-15,1.53,yahoo
MAA,2026-04-15,1.53,yahoo
MAA,2026-07-15,1.53,yahoo
MAC,2021-11-08,0.15,yahoo
MAC,2022-02-17,0.15,yahoo
MAC,2022-05-19,0.15,yahoo
MAC,2022-08-18,0.15,yahoo
MAC,2022-11-08,0.17,yahoo
MAC,2023-02-16,0.17,yahoo
MAC,2023-05-18,0.17,yahoo
MAC,2023-08-17,0.17,yahoo
MAC,2023-11-08,0.17,yahoo
MAC,2024-02-15,0.17,yahoo
MAC,2024-05-17,0.17,yahoo
MAC,2024-08-19,0.17,yahoo
MAC,2024-11-12,0.17,yahoo
MAC,2025-03-04,0.17,yahoo
MAC,2025-06-03,0.17,yahoo
MAC,2025-09-09,0.17,yahoo
MAC,2025-12-15,0.17,yahoo
MAC,2026-03-16,0.17,yahoo
MAC,2026-06-15,0.17,yahoo
MAGS,2023-12-27,0.146,yahoo
MAGS,2024-12-30,0.44,yahoo
MAGS,2025-12-30,0.976,yahoo
MAR,2022-05-13,0.3,yahoo
MAR,2022-08-17,0.3,yahoo
MAR,2022-11-22,0.4,yahoo
MAR,2023-02-23,0.4,yahoo
MAR,2023-05-25,0.52,yahoo
MAR,2023-08-16,0.52,yahoo
MAR,2023-11-21,0.52,yahoo
MAR,2024-02-21,0.52,yahoo
MAR,2024-05-23,0.63,yahoo
MAR,2024-08-16,0.63,yahoo
MAR,2024-11-21,0.63,yahoo
MAR,2025-02-27,0.63,yahoo
MAR,2025-05-23,0.67,yahoo
MAR,2025-08-21,0.67,yahoo
MAR,2025-11-20,0.67,yahoo
MAR,2026-02-26,0.67,yahoo
MAR,2026-05-22,0.73,yahoo
MAR,2026-08-20,0.73,yahoo
MAS,2021-11-10,0.235,yahoo
MAS,2022-02-24,0.28,yahoo
MAS,2022-05-26,0.28,yahoo
MAS,2022-08-11,0.28,yahoo
MAS,2022-11-09,0.28,yahoo
MAS,2023-02-22,0.285,yahoo
MAS,2023-05-25,0.285,yahoo
MAS,2023-08-10,0.285,yahoo
MAS,2023-11-09,0.285,yahoo
MAS,2024-02-21,0.29,yahoo
MAS,2024-05-23,0.29,yahoo
MAS,2024-08-02,0.29,yahoo
MAS,2024-11-08,0.29,yahoo
MAS,2025-02-21,0.31,yahoo
MAS,2025-05-23,0.31,yahoo
MAS,2025-08-08,0.31,yahoo
MAS,2025-11-07,0.31,yahoo
MAS,2026-02-20,0.32,yahoo
MAS,2026-05-22,0.32,yahoo
MAS,2026-08-24,0.32,yahoo
MBB,2021-10-01,0.019,yahoo
MBB,2022-02-01,0.166,yahoo
MBB,2022-03-01,0.137,yahoo
MBB,2022-04-01,0.136,yahoo
MBB,2022-05-02,0.148,yahoo
MBB,2022-06-01,0.162,yahoo
MBB,2022-07-01,0.15,yahoo
MBB,2022-08-01,0.184,yahoo
MBB,2022-09-01,0.197,yahoo
MBB,2022-10-03,0.198,yahoo
MBB,2022-11-01,0.196,yahoo
MBB,2022-12-01,0.227,yahoo
MBB,2022-12-15,0.241,yahoo
MBB,2023-02-01,0.243,yahoo
MBB,2023-03-01,0.25,yahoo
MBB,2023-04-03,0.251,yahoo
MBB,2023-05-01,0.26,yahoo
MBB,2023-06-01,0.269,yahoo
MBB,2023-07-03,0.264,yahoo
MBB,2023-08-01,0.276,yahoo
MBB,2023-09-01,0.264,yahoo
MBB,2023-10-02,0.29,yahoo
MBB,2023-11-01,0.274,yahoo
MBB,2023-12-01,0.28,yahoo
MBB,2023-12-14,0.276,yahoo
MBB,2024-02-01,0.297,yahoo
MBB,2024-03-01,0.292,yahoo
MBB,2024-04-01,0.283,yahoo
MBB,2024-05-01,0.282,yahoo
MBB,2024-06-03,0.3,yahoo
MBB,2024-07-01,0.305,yahoo
MBB,2024-08-01,0.309,yahoo
MBB,2024-09-03,0.318,yahoo
MBB,2024-10-01,0.311,yahoo
MBB,2024-11-01,0.31,yahoo
MBB,2024-12-02,0.307,yahoo
MBB,2024-12-18,0.294,yahoo
MBB,2025-02-03,0.341,yahoo
MBB,2025-03-03,0.32,yahoo
MBB,2025-04-01,0.331,yahoo
MBB,2025-05-01,0.325,yahoo
MBB,2025-06-02,0.325,yahoo
MBB,2025-07-01,0.332,yahoo
MBB,2025-08-01,0.332,yahoo
MBB,2025-09-02,0.338,yahoo
MBB,2025-10-01,0.336,yahoo
MBB,2025-11-03,0.342,yahoo
MBB,2025-12-01,0.347,yahoo
MBB,2025-12-19,0.334,yahoo
MBB,2026-02-02,0.335,yahoo
MBB,2026-03-02,0.328,yahoo
MBB,2026-04-01,0.333,yahoo
MBB,2026-05-01,0.335,yahoo
MBB,2026-06-01,0.333,yahoo
MBB,2026-07-01,0.337,yahoo
MBB,2026-08-03,0.341,yahoo
MBB,2026-09-01,0.339,yahoo
MCD,2021-11-30,1.38,yahoo
MCD,2022-02-28,1.38,yahoo
MCD,2022-06-03,1.38,yahoo
MCD,2022-08-31,1.38,yahoo
MCD,2022-11-30,1.52,yahoo
MCD,2023-02-28,1.52,yahoo
MCD,2023-06-02,1.52,yahoo
MCD,2023-08-31,1.52,yahoo
MCD,2023-11-30,1.67,yahoo
MCD,2024-02-29,1.67,yahoo
MCD,2024-06-03,1.67,yahoo
MCD,2024-09-03,1.67,yahoo
MCD,2024-12-02,1.77,yahoo
MCD,2025-03-03,1.77,yahoo
MCD,2025-06-02,1.77,yahoo
MCD,2025-09-02,1.77,yahoo
MCD,2025-12-01,1.86,yahoo
MCD,2026-03-03,1.86,yahoo
MCD,2026-06-02,1.86,yahoo
MCD,2026-09-01,1.86,yahoo
MCHP,2021-11-18,0.232,yahoo
MCHP,2022-02-18,0.253,yahoo
MCHP,2022-05-19,0.276,yahoo
MCHP,2022-08-18,0.301,yahoo
MCHP,2022-11-21,0.328,yahoo
MCHP,2023-02-17,0.358,yahoo
MCHP,2023-05-19,0.383,yahoo
MCHP,2023-08-21,0.41,yahoo
MCHP,2023-11-21,0.439,yahoo
MCHP,2024-02-22,0.45,yahoo
MCHP,2024-05-21,0.452,yahoo
MCHP,2024-08-22,0.454,yahoo
MCHP,2024-11-22,0.455,yahoo
MCHP,2025-02-24,0.455,yahoo
MCHP,2025-05-22,0.455,yahoo
MCHP,2025-08-22,0.455,yahoo
MCHP,2025-11-24,0.455,yahoo
MCHP,2026-02-23,0.455,yahoo
MCHP,2026-05-22,0.455,yahoo
MCHP,2026-08-24,0.455,yahoo
MCK,2021-11-30,0.47,yahoo
MCK,2022-02-28,0.47,yahoo
MCK,2022-05-31,0.47,yahoo
MCK,2022-08-31,0.54,yahoo
MCK,2022-11-30,0.54,yahoo
MCK,2023-02-28,0.54,yahoo
MCK,2023-05-31,0.54,yahoo
MCK,2023-08-31,0.62,yahoo
MCK,2023-11-30,0.62,yahoo
MCK,2024-02-29,0.62,yahoo
MCK,2024-06-03,0.62,yahoo
MCK,2024-08-30,0.71,yahoo
MCK,2024-12-02,0.71,yahoo
MCK,2025-03-03,0.71,yahoo
MCK,2025-06-02,0.71,yahoo
MCK,2025-09-02,0.82,yahoo
MCK,2025-12-01,0.82,yahoo
MCK,2026-03-02,0.82,yahoo
MCK,2026-06-01,0.82,yahoo
MCK,2026-09-01,0.94,yahoo
MCO,2021-11-22,0.62,yahoo
MCO,2022-02-24,0.7,yahoo
MCO,2022-05-19,0.7,yahoo
MCO,2022-08-18,0.7,yahoo
MCO,2022-11-22,0.7,yahoo
MCO,2023-02-23,0.77,yahoo
MCO,2023-05-18,0.77,yahoo
MCO,2023-08-17,0.77,yahoo
MCO,2023-11-22,0.77,yahoo
MCO,2024-02-22,0.85,yahoo
MCO,2024-05-16,0.85,yahoo
MCO,2024-08-16,0.85,yahoo
MCO,2024-11-22,0.85,yahoo
MCO,2025-02-25,0.94,yahoo
MCO,2025-05-16,0.94,yahoo
MCO,2025-08-15,0.94,yahoo
MCO,2025-11-21,0.94,yahoo
MCO,2026-03-02,1.03,yahoo
MCO,2026-05-15,1.03,yahoo
MCO,2026-08-14,1.03,yahoo
MDLZ,2021-09-29,0.35,yahoo
MDLZ,2021-12-30,0.35,yahoo
MDLZ,2022-03-30,0.35,yahoo
MDLZ,2022-06-29,0.35,yahoo
MDLZ,2022-09-29,0.385,yahoo
MDLZ,2022-12-29,0.385,yahoo
MDLZ,2023-03-30,0.385,yahoo
MDLZ,2023-06-29,0.385,yahoo
MDLZ,2023-09-28,0.425,yahoo
MDLZ,2023-12-28,0.425,yahoo
MDLZ,2024-03-27,0.425,yahoo
MDLZ,2024-06-28,0.425,yahoo
MDLZ,2024-09-30,0.47,yahoo
MDLZ,2024-12-31,0.47,yahoo
MDLZ,2025-03-31,0.47,yahoo
MDLZ,2025-06-30,0.47,yahoo
MDLZ,2025-09-30,0.5,yahoo
MDLZ,2025-12-31,0.5,yahoo
MDLZ,2026-03-31,0.5,yahoo
MDLZ,2026-06-30,0.5,yahoo
MDT,2021-09-23,0.63,yahoo
MDT,2021-12-21,0.63,yahoo
MDT,2022-03-24,0.63,yahoo
MDT,2022-06-23,0.68,yahoo
MDT,2022-09-22,0.68,yahoo
MDT,2022-12-20,0.68,yahoo
MDT,2023-03-23,0.68,yahoo
MDT,2023-06-22,0.69,yahoo
MDT,2023-09-21,0.69,yahoo
MDT,2023-12-19,0.69,yahoo
MDT,2024-03-21,0.69,yahoo
MDT,2024-06-28,0.7,yahoo
MDT,2024-09-27,0.7,yahoo
MDT,2024-12-27,0.7,yahoo
MDT,2025-03-28,0.7,yahoo
MDT,2025-06-27,0.71,yahoo
MDT,2025-09-26,0.71,yahoo
MDT,2025-12-26,0.71,yahoo
MDT,2026-03-27,0.71,yahoo
MDT,2026-06-26,0.72,yahoo
MDY,2021-09-17,1.31,yahoo
MDY,2021-12-17,1.488,yahoo
MDY,2022-03-18,1.152,yahoo
MDY,2022-06-17,1.402,yahoo
MDY,2022-09-16,1.828,yahoo
MDY,2022-12-16,1.666,yahoo
MDY,2023-03-17,1.193,yahoo
MDY,2023-06-16,1.513,yahoo
MDY,2023-09-15,1.555,yahoo
MDY,2023-12-15,1.891,yahoo
MDY,2024-03-15,1.014,yahoo
MDY,2024-06-21,1.997,yahoo
MDY,2024-09-20,1.65,yahoo
MDY,2024-12-20,2.081,yahoo
MDY,2025-03-21,1.308,yahoo
MDY,2025-06-20,1.803,yahoo
MDY,2025-09-19,1.619,yahoo
MDY,2025-12-19,2.184,yahoo
MDY,2026-03-20,1.516,yahoo
MDY,2026-06-18,1.702,yahoo
MET,2021-11-08,0.48,yahoo
MET,2022-02-07,0.48,yahoo
MET,2022-05-09,0.5,yahoo
MET,2022-08-08,0.5,yahoo
MET,2022-11-07,0.5,yahoo
MET,2023-02-06,0.5,yahoo
MET,2023-05-08,0.52,yahoo
MET,2023-08-07,0.52,yahoo
MET,2023-11-08,0.52,yahoo
MET,2024-02-05,0.52,yahoo
MET,2024-05-06,0.545,yahoo
MET,2024-08-06,0.545,yahoo
MET,2024-11-05,0.545,yahoo
MET,2025-02-04,0.545,yahoo
MET,2025-05-06,0.568,yahoo
MET,2025-08-05,0.568,yahoo
MET,2025-11-04,0.568,yahoo
MET,2026-02-03,0.568,yahoo
MET,2026-05-12,0.593,yahoo
MET,2026-08-04,0.593,yahoo
META,2024-02-21,0.5,yahoo
META,2024-06-14,0.5,yahoo
META,2024-09-16,0.5,yahoo
META,2024-12-16,0.5,yahoo
META,2025-03-14,0.525,yahoo
META,2025-06-16,0.525,yahoo
META,2025-09-22,0.525,yahoo
META,2025-12-15,0.525,yahoo
META,2026-03-16,0.525,yahoo
META,2026-06-15,0.525,yahoo
METU,2024-06-25,0.02,yahoo
METU,2024-09-24,0.188,yahoo
METU,2024-12-23,0.257,yahoo
METU,2025-03-25,0.174,yahoo
METU,2025-06-24,0.25,yahoo
METU,2025-09-23,0.223,yahoo
METU,2025-12-10,0.109,yahoo
METU,2025-12-23,0.209,yahoo
METU,2026-03-24,0.194,yahoo
METU,2026-06-23,0.143,yahoo
MFC,2021-11-30,0.259,yahoo
MFC,2022-02-22,0.259,yahoo
MFC,2022-05-24,0.259,yahoo
MFC,2022-08-22,0.254,yahoo
MFC,2022-11-21,0.247,yahoo
MFC,2023-02-27,0.268,yahoo
MFC,2023-05-23,0.27,yahoo
MFC,2023-08-22,0.27,yahoo
MFC,2023-11-21,0.266,yahoo
MFC,2024-02-27,0.296,yahoo
MFC,2024-05-21,0.294,yahoo
MFC,2024-08-21,0.294,yahoo
MFC,2024-11-20,0.287,yahoo
MFC,2025-03-05,0.306,yahoo
MFC,2025-05-21,0.316,yahoo
MFC,2026-02-25,0.354,yahoo
MFC,2026-05-29,0.352,yahoo
MFC,2026-08-21,0.352,yahoo
MGM,2021-09-09,0.003,yahoo
MGM,2021-12-09,0.003,yahoo
MGM,2022-03-09,0.003,yahoo
MGM,2022-06-09,0.003,yahoo
MGM,2022-09-08,0.003,yahoo
MGM,2022-12-08,0.003,yahoo
MGY,2022-02-11,0.2,yahoo
MGY,2022-08-11,0.1,yahoo
MGY,2022-11-04,0.1,yahoo
MGY,2023-02-09,0.115,yahoo
MGY,2023-05-10,0.115,yahoo
MGY,2023-08-09,0.115,yahoo
MGY,2023-11-08,0.115,yahoo
MGY,2024-02-15,0.13,yahoo
MGY,2024-05-10,0.13,yahoo
MGY,2024-08-09,0.13,yahoo
MGY,2024-11-08,0.13,yahoo
MGY,2025-02-14,0.15,yahoo
MGY,2025-05-12,0.15,yahoo
MGY,2025-08-11,0.15,yahoo
MGY,2025-11-10,0.15,yahoo
MGY,2026-02-10,0.165,yahoo
MGY,2026-05-12,0.165,yahoo
MGY,2026-08-10,0.18,yahoo
MKC,2021-10-08,0.34,yahoo
MKC,2021-12-30,0.37,yahoo
MKC,2022-04-08,0.37,yahoo
MKC,2022-07-08,0.37,yahoo
MKC,2022-10-07,0.37,yahoo
MKC,2022-12-29,0.39,yahoo
MKC,2023-04-06,0.39,yahoo
MKC,2023-07-07,0.39,yahoo
MKC,2023-10-06,0.39,yahoo
MKC,2023-12-28,0.42,yahoo
MKC,2024-04-05,0.42,yahoo
MKC,2024-07-08,0.42,yahoo
MKC,2024-10-07,0.42,yahoo
MKC,2024-12-30,0.45,yahoo
MKC,2025-04-07,0.45,yahoo
MKC,2025-07-07,0.45,yahoo
MKC,2025-10-14,0.45,yahoo
MKC,2025-12-29,0.48,yahoo
MKC,2026-04-20,0.48,yahoo
MKC,2026-07-06,0.48,yahoo
MKSI,2021-11-26,0.22,yahoo
MKSI,2022-02-25,0.22,yahoo
MKSI,2022-05-26,0.22,yahoo
MKSI,2022-08-05,0.22,yahoo
MKSI,2022-11-25,0.22,yahoo
MKSI,2023-02-24,0.22,yahoo
MKSI,2023-05-26,0.22,yahoo
MKSI,2023-08-25,0.22,yahoo
MKSI,2023-11-24,0.22,yahoo
MKSI,2024-02-23,0.22,yahoo
MKSI,2024-05-24,0.22,yahoo
MKSI,2024-08-26,0.22,yahoo
MKSI,2024-11-25,0.22,yahoo
MKSI,2025-02-24,0.22,yahoo
MKSI,2025-05-27,0.22,yahoo
MKSI,2025-08-25,0.22,yahoo
MKSI,2025-11-24,0.22,yahoo
MKSI,2026-02-23,0.25,yahoo
MKSI,2026-06-03,0.25,yahoo
MKSI,2026-08-25,0.25,yahoo
MKTX,2021-11-02,0.66,yahoo
MKTX,2022-02-08,0.7,yahoo
MKTX,2022-05-03,0.7,yahoo
MKTX,2022-08-02,0.7,yahoo
MKTX,2022-11-01,0.7,yahoo
MKTX,2023-02-07,0.72,yahoo
MKTX,2023-05-09,0.72,yahoo
MKTX,2023-08-01,0.72,yahoo
MKTX,2023-11-07,0.72,yahoo
MKTX,2024-02-13,0.74,yahoo
MKTX,2024-05-21,0.74,yahoo
MKTX,2024-08-21,0.74,yahoo
MKTX,2024-11-20,0.74,yahoo
MKTX,2025-02-19,0.76,yahoo
MKTX,2025-05-21,0.76,yahoo
MKTX,2025-08-20,0.76,yahoo
MKTX,2025-11-19,0.76,yahoo
MKTX,2026-02-18,0.78,yahoo
MKTX,2026-05-20,0.78,yahoo
MKTX,2026-08-19,0.78,yahoo
MLI,2021-09-02,0.0325,yahoo
MLI,2021-12-02,0.0325,yahoo
MLI,2022-03-17,0.0625,yahoo
MLI,2022-06-02,0.0625,yahoo
MLI,2022-09-01,0.0625,yahoo
MLI,2022-12-01,0.0625,yahoo
MLI,2023-03-16,0.075,yahoo
MLI,2023-06-01,0.075,yahoo
MLI,2023-08-31,0.075,yahoo
MLI,2023-11-30,0.075,yahoo
MLI,2024-03-14,0.1,yahoo
MLI,2024-06-07,0.1,yahoo
MLI,2024-09-06,0.1,yahoo
MLI,2024-12-06,0.1,yahoo
MLI,2025-03-14,0.125,yahoo
MLI,2025-06-06,0.125,yahoo
MLI,2025-09-05,0.125,yahoo
MLI,2025-12-05,0.125,yahoo
MLI,2026-03-13,0.175,yahoo
MLI,2026-06-05,0.175,yahoo
MLI,2026-09-04,0.175,yahoo
MLM,2021-11-30,0.61,yahoo
MLM,2022-02-28,0.61,yahoo
MLM,2022-05-31,0.61,yahoo
MLM,2022-08-31,0.66,yahoo
MLM,2022-11-30,0.66,yahoo
MLM,2023-03-03,0.66,yahoo
MLM,2023-05-31,0.66,yahoo
MLM,2023-08-31,0.74,yahoo
MLM,2023-11-30,0.74,yahoo
MLM,2024-03-01,0.74,yahoo
MLM,2024-06-03,0.74,yahoo
MLM,2024-09-03,0.79,yahoo
MLM,2024-12-02,0.79,yahoo
MLM,2025-03-03,0.79,yahoo
MLM,2025-06-02,0.79,yahoo
MLM,2025-09-02,0.83,yahoo
MLM,2025-12-01,0.83,yahoo
MLM,2026-03-02,0.83,yahoo
MLM,2026-06-01,0.83,yahoo
MLM,2026-09-01,0.84,yahoo
MMM,2021-11-18,1.237458,yahoo
MMM,2022-02-17,1.245819,yahoo
MMM,2022-05-19,1.245819,yahoo
MMM,2022-08-19,1.245819,yahoo
MMM,2022-11-17,1.245819,yahoo
MMM,2023-02-16,1.254181,yahoo
MMM,2023-05-18,1.254181,yahoo
MMM,2023-08-18,1.254181,yahoo
MMM,2023-11-16,1.254181,yahoo
MMM,2024-02-15,1.262542,yahoo
MMM,2024-05-23,0.7,yahoo
MMM,2024-08-26,0.7,yahoo
MMM,2024-11-15,0.7,yahoo
MMM,2025-02-14,0.73,yahoo
MMM,2025-05-23,0.73,yahoo
MMM,2025-08-25,0.73,yahoo
MMM,2025-11-14,0.73,yahoo
MMM,2026-02-13,0.78,yahoo
MMM,2026-05-22,0.78,yahoo
MMM,2026-08-24,0.78,yahoo
MO,2021-09-14,0.9,yahoo
MO,2021-12-22,0.9,yahoo
MO,2022-03-24,0.9,yahoo
MO,2022-06-14,0.9,yahoo
MO,2022-09-14,0.94,yahoo
MO,2022-12-21,0.94,yahoo
MO,2023-03-23,0.94,yahoo
MO,2023-06-14,0.94,yahoo
MO,2023-09-14,0.98,yahoo
MO,2023-12-20,0.98,yahoo
MO,2024-03-22,0.98,yahoo
MO,2024-06-14,0.98,yahoo
MO,2024-09-16,1.02,yahoo
MO,2024-12-26,1.02,yahoo
MO,2025-03-25,1.02,yahoo
MO,2025-06-16,1.02,yahoo
MO,2025-09-15,1.06,yahoo
MO,2025-12-26,1.06,yahoo
MO,2026-03-25,1.06,yahoo
MO,2026-06-15,1.06,yahoo
MORN,2021-10-18,0.315,yahoo
MORN,2022-01-06,0.36,yahoo
MORN,2022-03-31,0.36,yahoo
MORN,2022-06-30,0.36,yahoo
MORN,2022-10-17,0.36,yahoo
MORN,2023-01-05,0.375,yahoo
MORN,2023-04-05,0.375,yahoo
MORN,2023-07-06,0.375,yahoo
MORN,2023-10-05,0.375,yahoo
MORN,2024-01-04,0.405,yahoo
MORN,2024-04-04,0.405,yahoo
MORN,2024-07-12,0.405,yahoo
MORN,2024-10-04,0.405,yahoo
MORN,2025-01-03,0.455,yahoo
MORN,2025-04-04,0.455,yahoo
MORN,2025-07-11,0.455,yahoo
MORN,2025-10-03,0.455,yahoo
MORN,2026-01-02,0.5,yahoo
MORN,2026-04-02,0.5,yahoo
MORN,2026-07-10,0.5,yahoo
MOS,2021-12-01,0.075,yahoo
MOS,2022-03-02,0.113,yahoo
MOS,2022-06-01,0.15,yahoo
MOS,2022-08-31,0.15,yahoo
MOS,2022-11-30,0.15,yahoo
MOS,2023-03-01,0.2,yahoo
MOS,2023-03-14,0.25,yahoo
MOS,2023-05-31,0.2,yahoo
MOS,2023-09-06,0.2,yahoo
MOS,2023-12-06,0.2,yahoo
MOS,2024-03-06,0.21,yahoo
MOS,2024-06-06,0.21,yahoo
MOS,2024-09-05,0.21,yahoo
MOS,2024-12-05,0.21,yahoo
MOS,2025-03-06,0.22,yahoo
MOS,2025-06-05,0.22,yahoo
MOS,2025-09-08,0.22,yahoo
MOS,2025-12-04,0.22,yahoo
MOS,2026-03-09,0.22,yahoo
MOS,2026-05-21,0.22,yahoo
MOS,2026-09-10,0.22,yahoo
MPC,2021-11-16,0.58,yahoo
MPC,2022-02-15,0.58,yahoo
MPC,2022-05-17,0.58,yahoo
MPC,2022-08-16,0.58,yahoo
MPC,2022-11-15,0.75,yahoo
MPC,2023-02-15,0.75,yahoo
MPC,2023-05-16,0.75,yahoo
MPC,2023-08-15,0.75,yahoo
MPC,2023-11-15,0.825,yahoo
MPC,2024-02-20,0.825,yahoo
MPC,2024-05-15,0.825,yahoo
MPC,2024-08-21,0.825,yahoo
MPC,2024-11-20,0.91,yahoo
MPC,2025-02-19,0.91,yahoo
MPC,2025-05-21,0.91,yahoo
MPC,2025-08-20,0.91,yahoo
MPC,2025-11-19,1,yahoo
MPC,2026-02-18,1,yahoo
MPC,2026-05-20,1,yahoo
MPC,2026-08-19,1,yahoo
MPWR,2021-09-29,0.6,yahoo
MPWR,2021-12-30,0.6,yahoo
MPWR,2022-03-30,0.75,yahoo
MPWR,2022-06-29,0.75,yahoo
MPWR,2022-09-29,0.75,yahoo
MPWR,2022-12-29,0.75,yahoo
MPWR,2023-03-30,1,yahoo
MPWR,2023-06-29,1,yahoo
MPWR,2023-09-28,1,yahoo
MPWR,2023-12-28,1,yahoo
MPWR,2024-03-27,1.25,yahoo
MPWR,2024-06-28,1.25,yahoo
MPWR,2024-09-30,1.25,yahoo
MPWR,2024-12-31,1.25,yahoo
MPWR,2025-03-31,1.56,yahoo
MPWR,2025-06-30,1.56,yahoo
MPWR,2025-09-30,1.56,yahoo
MPWR,2025-12-31,1.56,yahoo
MPWR,2026-03-31,2,yahoo
MPWR,2026-06-30,2,yahoo
MRK,2021-09-14,0.65,yahoo
MRK,2021-12-14,0.69,yahoo
MRK,2022-03-14,0.69,yahoo
MRK,2022-06-14,0.69,yahoo
MRK,2022-09-14,0.69,yahoo
MRK,2022-12-14,0.73,yahoo
MRK,2023-03-14,0.73,yahoo
MRK,2023-06-14,0.73,yahoo
MRK,2023-09-14,0.73,yahoo
MRK,2023-12-14,0.77,yahoo
MRK,2024-03-14,0.77,yahoo
MRK,2024-06-17,0.77,yahoo
MRK,2024-09-16,0.77,yahoo
MRK,2024-12-16,0.81,yahoo
MRK,2025-03-17,0.81,yahoo
MRK,2025-06-16,0.81,yahoo
MRK,2025-09-15,0.81,yahoo
MRK,2025-12-15,0.85,yahoo
MRK,2026-03-16,0.85,yahoo
MRK,2026-06-15,0.85,yahoo
MRVL,2021-10-07,0.06,yahoo
MRVL,2022-01-06,0.06,yahoo
MRVL,2022-04-07,0.06,yahoo
MRVL,2022-07-07,0.06,yahoo
MRVL,2022-10-06,0.06,yahoo
MRVL,2023-01-05,0.06,yahoo
MRVL,2023-04-05,0.06,yahoo
MRVL,2023-07-06,0.06,yahoo
MRVL,2023-10-05,0.06,yahoo
MRVL,2024-01-04,0.06,yahoo
MRVL,2024-04-11,0.06,yahoo
MRVL,2024-07-12,0.06,yahoo
MRVL,2024-10-11,0.06,yahoo
MRVL,2025-01-10,0.06,yahoo
MRVL,2025-04-11,0.06,yahoo
MRVL,2025-07-11,0.06,yahoo
MRVL,2025-10-10,0.06,yahoo
MRVL,2026-01-09,0.06,yahoo
MRVL,2026-04-10,0.06,yahoo
MRVL,2026-07-10,0.06,yahoo
MS,2021-10-28,0.7,yahoo
MS,2022-01-28,0.7,yahoo
MS,2022-04-28,0.7,yahoo
MS,2022-07-28,0.775,yahoo
MS,2022-10-28,0.775,yahoo
MS,2023-01-30,0.775,yahoo
MS,2023-04-28,0.775,yahoo
MS,2023-07-28,0.85,yahoo
MS,2023-10-30,0.85,yahoo
MS,2024-01-30,0.85,yahoo
MS,2024-04-29,0.85,yahoo
MS,2024-07-31,0.925,yahoo
MS,2024-10-31,0.925,yahoo
MS,2025-01-31,0.925,yahoo
MS,2025-04-30,0.925,yahoo
MS,2025-07-31,1,yahoo
MS,2025-10-31,1,yahoo
MS,2026-01-30,1,yahoo
MS,2026-04-30,1,yahoo
MS,2026-07-31,1.15,yahoo
MSCI,2021-11-10,1.04,yahoo
MSCI,2022-02-17,1.04,yahoo
MSCI,2022-05-12,1.04,yahoo
MSCI,2022-08-11,1.25,yahoo
MSCI,2022-11-09,1.25,yahoo
MSCI,2023-02-16,1.38,yahoo
MSCI,2023-05-11,1.38,yahoo
MSCI,2023-08-10,1.38,yahoo
MSCI,2023-11-08,1.38,yahoo
MSCI,2024-02-15,1.6,yahoo
MSCI,2024-05-16,1.6,yahoo
MSCI,2024-08-16,1.6,yahoo
MSCI,2024-11-15,1.6,yahoo
MSCI,2025-02-14,1.8,yahoo
MSCI,2025-05-16,1.8,yahoo
MSCI,2025-08-15,1.8,yahoo
MSCI,2025-11-14,1.8,yahoo
MSCI,2026-02-13,2.05,yahoo
MSCI,2026-05-15,2.05,yahoo
MSCI,2026-08-14,2.05,yahoo
MSFT,2021-11-17,0.62,yahoo
MSFT,2022-02-16,0.62,yahoo
MSFT,2022-05-18,0.62,yahoo
MSFT,2022-08-17,0.62,yahoo
MSFT,2022-11-16,0.68,yahoo
MSFT,2023-02-15,0.68,yahoo
MSFT,2023-05-17,0.68,yahoo
MSFT,2023-08-16,0.68,yahoo
MSFT,2023-11-15,0.75,yahoo
MSFT,2024-02-14,0.75,yahoo
MSFT,2024-05-15,0.75,yahoo
MSFT,2024-08-15,0.75,yahoo
MSFT,2024-11-21,0.83,yahoo
MSFT,2025-02-20,0.83,yahoo
MSFT,2025-05-15,0.83,yahoo
MSFT,2025-08-21,0.83,yahoo
MSFT,2025-11-20,0.91,yahoo
MSFT,2026-02-19,0.91,yahoo
MSFT,2026-05-21,0.91,yahoo
MSFT,2026-08-20,0.91,yahoo
MSFU,2022-09-20,0.006,yahoo
MSFU,2022-12-20,0.113,yahoo
MSFU,2023-03-21,0.095,yahoo
MSFU,2023-06-21,0.178,yahoo
MSFU,2023-09-19,0.264,yahoo
MSFU,2023-12-21,0.3,yahoo
MSFU,2024-03-19,0.305,yahoo
MSFU,2024-06-25,0.371,yahoo
MSFU,2024-09-24,0.329,yahoo
MSFU,2024-12-12,1.355,yahoo
MSFU,2024-12-23,0.403,yahoo
MSFU,2025-03-25,0.246,yahoo
MSFU,2025-06-24,0.374,yahoo
MSFU,2025-09-23,0.191,yahoo
MSFU,2025-12-10,2.3,yahoo
MSFU,2025-12-23,0.267,yahoo
MSFU,2026-03-24,0.13,yahoo
MSFU,2026-06-23,0.144,yahoo
MSGS,2022-10-14,7,yahoo
MSI,2021-09-14,0.71,yahoo
MSI,2021-12-14,0.79,yahoo
MSI,2022-03-14,0.79,yahoo
MSI,2022-06-14,0.79,yahoo
MSI,2022-09-14,0.79,yahoo
MSI,2022-12-14,0.88,yahoo
MSI,2023-03-14,0.88,yahoo
MSI,2023-06-14,0.88,yahoo
MSI,2023-09-14,0.88,yahoo
MSI,2023-12-14,0.98,yahoo
MSI,2024-03-14,0.98,yahoo
MSI,2024-06-14,0.98,yahoo
MSI,2024-09-13,0.98,yahoo
MSI,2024-12-13,1.09,yahoo
MSI,2025-03-14,1.09,yahoo
MSI,2025-06-13,1.09,yahoo
MSI,2025-09-15,1.09,yahoo
MSI,2025-12-15,1.21,yahoo
MSI,2026-03-20,1.21,yahoo
MSI,2026-06-17,1.21,yahoo
MSM,2021-11-15,0.75,yahoo
MSM,2022-01-10,0.75,yahoo
MSM,2022-04-11,0.75,yahoo
MSM,2022-07-11,0.75,yahoo
MSM,2022-11-14,0.79,yahoo
MSM,2023-01-09,0.79,yahoo
MSM,2023-04-10,0.79,yahoo
MSM,2023-07-10,0.79,yahoo
MSM,2023-11-13,0.83,yahoo
MSM,2024-01-08,0.83,yahoo
MSM,2024-04-08,0.83,yahoo
MSM,2024-07-09,0.83,yahoo
MSM,2024-11-13,0.85,yahoo
MSM,2025-01-15,0.85,yahoo
MSM,2025-04-09,0.85,yahoo
MSM,2025-07-09,0.85,yahoo
MSM,2025-11-12,0.87,yahoo
MSM,2026-01-14,0.87,yahoo
MSM,2026-04-08,0.87,yahoo
MSM,2026-07-08,0.87,yahoo
MT,2022-05-13,0.38,yahoo
MT,2023-05-22,0.22,yahoo
MT,2023-11-13,0.22,yahoo
MT,2024-05-16,0.25,yahoo
MT,2024-11-12,0.25,yahoo
MT,2025-05-16,0.275,yahoo
MT,2025-11-13,0.275,yahoo
MT,2026-02-20,0.15,yahoo
MT,2026-05-13,0.15,yahoo
MT,2026-08-07,0.15,yahoo
MTB,2021-11-29,1.2,yahoo
MTB,2022-02-25,1.2,yahoo
MTB,2022-05-31,1.2,yahoo
MTB,2022-08-31,1.2,yahoo
MTB,2022-11-30,1.2,yahoo
MTB,2023-03-03,1.3,yahoo
MTB,2023-05-31,1.3,yahoo
MTB,2023-08-31,1.3,yahoo
MTB,2023-11-30,1.3,yahoo
MTB,2024-03-01,1.3,yahoo
MTB,2024-06-03,1.35,yahoo
MTB,2024-09-03,1.35,yahoo
MTB,2024-12-02,1.35,yahoo
MTB,2025-03-03,1.35,yahoo
MTB,2025-06-02,1.35,yahoo
MTB,2025-09-02,1.5,yahoo
MTB,2025-12-01,1.5,yahoo
MTB,2026-03-02,1.5,yahoo
MTB,2026-06-01,1.5,yahoo
MTB,2026-09-01,1.5,yahoo
MTCH,2025-01-06,0.19,yahoo
MTCH,2025-04-03,0.19,yahoo
MTCH,2025-07-03,0.19,yahoo
MTCH,2025-10-03,0.19,yahoo
MTCH,2026-01-06,0.19,yahoo
MTCH,2026-04-07,0.2,yahoo
MTCH,2026-07-07,0.2,yahoo
MTDR,2021-11-09,0.05,yahoo
MTDR,2022-03-03,0.05,yahoo
MTDR,2022-05-17,0.05,yahoo
MTDR,2022-08-16,0.1,yahoo
MTDR,2022-11-09,0.1,yahoo
MTDR,2023-02-24,0.15,yahoo
MTDR,2023-05-10,0.15,yahoo
MTDR,2023-08-10,0.15,yahoo
MTDR,2023-11-09,0.2,yahoo
MTDR,2024-02-22,0.2,yahoo
MTDR,2024-05-16,0.2,yahoo
MTDR,2024-08-15,0.2,yahoo
MTDR,2024-11-15,0.25,yahoo
MTDR,2025-02-28,0.313,yahoo
MTDR,2025-05-09,0.313,yahoo
MTDR,2025-08-15,0.313,yahoo
MTDR,2025-11-10,0.375,yahoo
MTDR,2026-02-27,0.375,yahoo
MTDR,2026-05-08,0.375,yahoo
MTDR,2026-08-10,0.375,yahoo
MTN,2021-10-04,0.88,yahoo
MTN,2021-12-27,0.88,yahoo
MTN,2022-03-29,1.91,yahoo
MTN,2022-06-24,1.91,yahoo
MTN,2022-10-04,1.91,yahoo
MTN,2022-12-23,1.91,yahoo
MTN,2023-03-24,2.06,yahoo
MTN,2023-06-26,2.06,yahoo
MTN,2023-10-06,2.06,yahoo
MTN,2023-12-22,2.06,yahoo
MTN,2024-03-27,2.22,yahoo
MTN,2024-06-25,2.22,yahoo
MTN,2024-10-08,2.22,yahoo
MTN,2024-12-26,2.22,yahoo
MTN,2025-03-27,2.22,yahoo
MTN,2025-06-24,2.22,yahoo
MTN,2025-10-09,2.22,yahoo
MTN,2025-12-30,2.22,yahoo
MTN,2026-03-26,2.22,yahoo
MTN,2026-06-25,2.22,yahoo
MTRN,2021-11-10,0.12,yahoo
MTRN,2022-02-23,0.12,yahoo
MTRN,2022-05-26,0.125,yahoo
MTRN,2022-08-23,0.125,yahoo
MTRN,2022-11-15,0.125,yahoo
MTRN,2023-02-22,0.125,yahoo
MTRN,2023-05-30,0.13,yahoo
MTRN,2023-08-24,0.13,yahoo
MTRN,2023-11-15,0.13,yahoo
MTRN,2024-02-21,0.13,yahoo
MTRN,2024-05-22,0.135,yahoo
MTRN,2024-08-23,0.135,yahoo
MTRN,2024-11-14,0.135,yahoo
MTRN,2025-02-20,0.135,yahoo
MTRN,2025-05-29,0.14,yahoo
MTRN,2025-08-22,0.14,yahoo
MTRN,2025-11-13,0.14,yahoo
MTRN,2026-02-19,0.14,yahoo
MTRN,2026-05-28,0.145,yahoo
MTRN,2026-08-20,0.145,yahoo
MTUM,2021-09-24,0.334,yahoo
MTUM,2021-12-13,0.445,yahoo
MTUM,2022-03-24,0.377,yahoo
MTUM,2022-06-09,0.373,yahoo
MTUM,2022-09-26,1.028,yahoo
MTUM,2022-12-13,0.842,yahoo
MTUM,2023-03-23,0.804,yahoo
MTUM,2023-06-07,0.54,yahoo
MTUM,2023-09-26,0.409,yahoo
MTUM,2023-12-20,0.359,yahoo
MTUM,2024-03-21,0.162,yahoo
MTUM,2024-06-11,0.198,yahoo
MTUM,2024-09-25,0.44,yahoo
MTUM,2024-12-17,0.748,yahoo
MTUM,2025-03-18,0.527,yahoo
MTUM,2025-06-16,0.471,yahoo
MTUM,2025-09-16,0.604,yahoo
MTUM,2025-12-16,0.671,yahoo
MTUM,2026-03-17,0.221,yahoo
MTUM,2026-06-15,0.358,yahoo
MU,2021-09-30,0.1,yahoo
MU,2021-12-31,0.1,yahoo
MU,2022-04-08,0.1,yahoo
MU,2022-07-08,0.115,yahoo
MU,2022-10-07,0.115,yahoo
MU,2022-12-30,0.115,yahoo
MU,2023-04-06,0.115,yahoo
MU,2023-07-07,0.115,yahoo
MU,2023-10-06,0.115,yahoo
MU,2023-12-29,0.115,yahoo
MU,2024-03-28,0.115,yahoo
MU,2024-07-08,0.115,yahoo
MU,2024-10-07,0.115,yahoo
MU,2024-12-30,0.115,yahoo
MU,2025-03-31,0.115,yahoo
MU,2025-07-07,0.115,yahoo
MU,2025-10-03,0.115,yahoo
MU,2025-12-29,0.115,yahoo
MU,2026-03-30,0.15,yahoo
MU,2026-07-06,0.15,yahoo
MUB,2021-10-01,0.174,yahoo
MUB,2021-11-01,0.161,yahoo
MUB,2021-12-01,0.169,yahoo
MUB,2021-12-16,0.163,yahoo
MUB,2022-02-01,0.158,yahoo
MUB,2022-03-01,0.174,yahoo
MUB,2022-04-01,0.165,yahoo
MUB,2022-05-02,0.172,yahoo
MUB,2022-06-01,0.162,yahoo
MUB,2022-07-01,0.186,yahoo
MUB,2022-08-01,0.186,yahoo
MUB,2022-09-01,0.199,yahoo
MUB,2022-10-03,0.202,yahoo
MUB,2022-11-01,0.198,yahoo
MUB,2022-12-01,0.211,yahoo
MUB,2022-12-15,0.212,yahoo
MUB,2023-02-01,0.224,yahoo
MUB,2023-03-01,0.243,yahoo
MUB,2023-04-03,0.228,yahoo
MUB,2023-05-01,0.234,yahoo
MUB,2023-06-01,0.231,yahoo
MUB,2023-07-03,0.24,yahoo
MUB,2023-08-01,0.236,yahoo
MUB,2023-09-01,0.234,yahoo
MUB,2023-10-02,0.242,yahoo
MUB,2023-11-01,0.252,yahoo
MUB,2023-12-01,0.251,yahoo
MUB,2023-12-14,0.254,yahoo
MUB,2024-02-01,0.258,yahoo
MUB,2024-03-01,0.268,yahoo
MUB,2024-04-01,0.26,yahoo
MUB,2024-05-01,0.261,yahoo
MUB,2024-06-03,0.278,yahoo
MUB,2024-07-01,0.26,yahoo
MUB,2024-08-01,0.264,yahoo
MUB,2024-09-03,0.268,yahoo
MUB,2024-10-01,0.276,yahoo
MUB,2024-11-01,0.268,yahoo
MUB,2024-12-02,0.27,yahoo
MUB,2024-12-18,0.272,yahoo
MUB,2025-02-03,0.271,yahoo
MUB,2025-03-03,0.282,yahoo
MUB,2025-04-01,0.277,yahoo
MUB,2025-05-01,0.285,yahoo
MUB,2025-06-02,0.275,yahoo
MUB,2025-07-01,0.281,yahoo
MUB,2025-08-01,0.278,yahoo
MUB,2025-09-02,0.28,yahoo
MUB,2025-10-01,0.287,yahoo
MUB,2025-11-03,0.275,yahoo
MUB,2025-12-01,0.288,yahoo
MUB,2025-12-19,0.285,yahoo
MUB,2026-02-02,0.279,yahoo
MUB,2026-03-02,0.292,yahoo
MUB,2026-04-01,0.282,yahoo
MUB,2026-05-01,0.289,yahoo
MUB,2026-06-01,0.28,yahoo
MUB,2026-07-01,0.289,yahoo
MUB,2026-08-03,0.286,yahoo
MUB,2026-09-01,0.29,yahoo
MULL,2025-12-29,0.01388,yahoo
MUR,2021-11-12,0.125,yahoo
MUR,2022-02-11,0.15,yahoo
MUR,2022-05-13,0.175,yahoo
MUR,2022-08-12,0.25,yahoo
MUR,2022-11-10,0.25,yahoo
MUR,2023-02-10,0.275,yahoo
MUR,2023-05-12,0.275,yahoo
MUR,2023-08-11,0.275,yahoo
MUR,2023-11-10,0.275,yahoo
MUR,2024-02-16,0.3,yahoo
MUR,2024-05-17,0.3,yahoo
MUR,2024-08-19,0.3,yahoo
MUR,2024-11-18,0.3,yahoo
MUR,2025-02-18,0.325,yahoo
MUR,2025-05-16,0.325,yahoo
MUR,2025-08-18,0.325,yahoo
MUR,2025-11-17,0.325,yahoo
MUR,2026-02-17,0.35,yahoo
MUR,2026-05-18,0.35,yahoo
MUR,2026-08-17,0.35,yahoo
MUSA,2021-11-05,0.29,yahoo
MUSA,2022-02-17,0.29,yahoo
MUSA,2022-05-16,0.31,yahoo
MUSA,2022-08-29,0.32,yahoo
MUSA,2022-11-07,0.35,yahoo
MUSA,2023-02-17,0.37,yahoo
MUSA,2023-05-12,0.38,yahoo
MUSA,2023-08-25,0.39,yahoo
MUSA,2023-11-03,0.41,yahoo
MUSA,2024-02-23,0.42,yahoo
MUSA,2024-05-17,0.44,yahoo
MUSA,2024-08-26,0.45,yahoo
MUSA,2024-11-04,0.48,yahoo
MUSA,2025-02-24,0.49,yahoo
MUSA,2025-05-12,0.5,yahoo
MUSA,2025-08-25,0.53,yahoo
MUSA,2025-11-10,0.63,yahoo
MUSA,2026-02-23,0.63,yahoo
MUSA,2026-05-18,0.64,yahoo
MUSA,2026-08-24,0.65,yahoo
MUU,2024-12-23,0.00235,yahoo
MUU,2025-03-25,0.0062,yahoo
MUU,2025-06-24,0.00515,yahoo
MUU,2025-09-23,0.0032,yahoo
MUU,2025-12-10,0.1816,yahoo
MUU,2025-12-23,0.01885,yahoo
MUU,2026-03-24,0.03385,yahoo
MUU,2026-06-23,0.10235,yahoo
NDAQ,2021-09-09,0.18,yahoo
NDAQ,2021-12-02,0.18,yahoo
NDAQ,2022-03-10,0.18,yahoo
NDAQ,2022-06-09,0.2,yahoo
NDAQ,2022-09-15,0.2,yahoo
NDAQ,2022-12-01,0.2,yahoo
NDAQ,2023-03-16,0.2,yahoo
NDAQ,2023-06-15,0.22,yahoo
NDAQ,2023-09-14,0.22,yahoo
NDAQ,2023-12-07,0.22,yahoo
NDAQ,2024-03-13,0.22,yahoo
NDAQ,2024-06-14,0.24,yahoo
NDAQ,2024-09-13,0.24,yahoo
NDAQ,2024-12-06,0.24,yahoo
NDAQ,2025-03-14,0.24,yahoo
NDAQ,2025-06-13,0.27,yahoo
NDAQ,2025-09-12,0.27,yahoo
NDAQ,2025-12-05,0.27,yahoo
NDAQ,2026-03-16,0.27,yahoo
NDAQ,2026-06-12,0.31,yahoo
NDAQ,2026-09-11,0.31,yahoo
NDSN,2021-12-20,0.51,yahoo
NDSN,2022-02-18,0.51,yahoo
NDSN,2022-05-23,0.51,yahoo
NDSN,2022-08-22,0.65,yahoo
NDSN,2022-12-19,0.65,yahoo
NDSN,2023-02-17,0.65,yahoo
NDSN,2023-05-22,0.65,yahoo
NDSN,2023-08-21,0.68,yahoo
NDSN,2023-12-18,0.68,yahoo
NDSN,2024-02-16,0.68,yahoo
NDSN,2024-05-20,0.68,yahoo
NDSN,2024-08-27,0.78,yahoo
NDSN,2025-01-02,0.78,yahoo
NDSN,2025-03-20,0.78,yahoo
NDSN,2025-06-18,0.78,yahoo
NDSN,2025-09-11,0.82,yahoo
NDSN,2025-12-17,0.82,yahoo
NDSN,2026-03-19,0.82,yahoo
NDSN,2026-06-18,0.82,yahoo
NDSN,2026-09-10,0.94,yahoo
NE,2023-08-16,0.3,yahoo
NE,2023-11-14,0.4,yahoo
NE,2024-03-07,0.4,yahoo
NE,2024-06-06,0.4,yahoo
NE,2024-09-12,0.5,yahoo
NE,2024-12-05,0.5,yahoo
NE,2025-03-05,0.5,yahoo
NE,2025-06-05,0.5,yahoo
NE,2025-09-04,0.5,yahoo
NE,2025-12-04,0.5,yahoo
NE,2026-03-04,0.5,yahoo
NE,2026-06-04,0.5,yahoo
NE,2026-09-03,0.5,yahoo
NEE,2021-11-24,0.385,yahoo
NEE,2022-02-28,0.425,yahoo
NEE,2022-05-27,0.425,yahoo
NEE,2022-08-29,0.425,yahoo
NEE,2022-11-23,0.425,yahoo
NEE,2023-02-27,0.468,yahoo
NEE,2023-05-26,0.468,yahoo
NEE,2023-08-29,0.468,yahoo
NEE,2023-11-22,0.468,yahoo
NEE,2024-02-26,0.515,yahoo
NEE,2024-06-03,0.515,yahoo
NEE,2024-08-30,0.515,yahoo
NEE,2024-11-22,0.515,yahoo
NEE,2025-02-28,0.567,yahoo
NEE,2025-06-02,0.567,yahoo
NEE,2025-08-28,0.567,yahoo
NEE,2025-11-21,0.567,yahoo
NEE,2026-02-27,0.623,yahoo
NEE,2026-06-05,0.623,yahoo
NEE,2026-08-28,0.623,yahoo
NEM,2021-09-08,0.55,yahoo
NEM,2021-12-08,0.55,yahoo
NEM,2022-03-09,0.55,yahoo
NEM,2022-06-01,0.55,yahoo
NEM,2022-09-07,0.55,yahoo
NEM,2022-12-07,0.55,yahoo
NEM,2023-03-08,0.4,yahoo
NEM,2023-05-31,0.4,yahoo
NEM,2023-09-06,0.4,yahoo
NEM,2023-11-29,0.4,yahoo
NEM,2024-03-04,0.25,yahoo
NEM,2024-06-04,0.25,yahoo
NEM,2024-09-05,0.25,yahoo
NEM,2024-11-27,0.25,yahoo
NEM,2025-03-04,0.25,yahoo
NEM,2025-05-27,0.25,yahoo
NEM,2025-09-04,0.25,yahoo
NEM,2025-11-26,0.25,yahoo
NEM,2026-03-03,0.26,yahoo
NEM,2026-05-27,0.26,yahoo
NEM,2026-09-03,0.26,yahoo
NEU,2021-09-14,2.1,yahoo
NEU,2021-12-14,2.1,yahoo
NEU,2022-03-14,2.1,yahoo
NEU,2022-06-14,2.1,yahoo
NEU,2022-09-14,2.1,yahoo
NEU,2022-12-14,2.1,yahoo
NEU,2023-03-14,2.1,yahoo
NEU,2023-06-14,2.25,yahoo
NEU,2023-09-14,2.25,yahoo
NEU,2023-12-14,2.25,yahoo
NEU,2024-03-14,2.5,yahoo
NEU,2024-06-14,2.5,yahoo
NEU,2024-09-16,2.5,yahoo
NEU,2024-12-16,2.5,yahoo
NEU,2025-03-17,2.75,yahoo
NEU,2025-06-16,2.75,yahoo
NEU,2025-09-15,2.75,yahoo
NEU,2025-12-15,3,yahoo
NEU,2026-03-16,3,yahoo
NEU,2026-06-15,3,yahoo
NI,2021-10-28,0.22,yahoo
NI,2022-02-07,0.235,yahoo
NI,2022-04-28,0.235,yahoo
NI,2022-07-28,0.235,yahoo
NI,2022-10-28,0.235,yahoo
NI,2023-02-06,0.25,yahoo
NI,2023-04-27,0.25,yahoo
NI,2023-07-28,0.25,yahoo
NI,2023-10-30,0.25,yahoo
NI,2024-02-02,0.265,yahoo
NI,2024-04-29,0.265,yahoo
NI,2024-07-31,0.265,yahoo
NI,2024-10-31,0.265,yahoo
NI,2025-02-03,0.28,yahoo
NI,2025-04-30,0.28,yahoo
NI,2025-07-31,0.28,yahoo
NI,2025-10-31,0.28,yahoo
NI,2026-02-03,0.3,yahoo
NI,2026-04-30,0.3,yahoo
NI,2026-07-31,0.3,yahoo
NKE,2021-12-03,0.305,yahoo
NKE,2022-03-04,0.305,yahoo
NKE,2022-06-03,0.305,yahoo
NKE,2022-09-02,0.305,yahoo
NKE,2022-12-02,0.34,yahoo
NKE,2023-03-03,0.34,yahoo
NKE,2023-06-02,0.34,yahoo
NKE,2023-09-01,0.34,yahoo
NKE,2023-12-01,0.37,yahoo
NKE,2024-03-01,0.37,yahoo
NKE,2024-06-03,0.37,yahoo
NKE,2024-09-03,0.37,yahoo
NKE,2024-12-02,0.4,yahoo
NKE,2025-03-03,0.4,yahoo
NKE,2025-06-02,0.4,yahoo
NKE,2025-09-02,0.4,yahoo
NKE,2025-12-01,0.41,yahoo
NKE,2026-03-02,0.41,yahoo
NKE,2026-06-01,0.41,yahoo
NKE,2026-09-01,0.41,yahoo
NLY,2021-09-29,0.88,yahoo
NLY,2021-12-30,0.88,yahoo
NLY,2022-03-30,0.88,yahoo
NLY,2022-06-29,0.88,yahoo
NLY,2022-09-29,0.88,yahoo
NLY,2022-12-29,0.88,yahoo
NLY,2023-03-30,0.65,yahoo
NLY,2023-06-29,0.65,yahoo
NLY,2023-09-28,0.65,yahoo
NLY,2023-12-28,0.65,yahoo
NLY,2024-03-27,0.65,yahoo
NLY,2024-06-28,0.65,yahoo
NLY,2024-09-30,0.65,yahoo
NLY,2024-12-31,0.65,yahoo
NLY,2025-03-31,0.7,yahoo
NLY,2025-06-30,0.7,yahoo
NLY,2025-09-30,0.7,yahoo
NLY,2025-12-31,0.7,yahoo
NLY,2026-03-31,0.7,yahoo
NLY,2026-06-30,0.75,yahoo
NNN,2021-10-28,0.53,yahoo
NNN,2022-01-28,0.53,yahoo
NNN,2022-04-28,0.53,yahoo
NNN,2022-07-28,0.55,yahoo
NNN,2022-10-28,0.55,yahoo
NNN,2023-01-30,0.55,yahoo
NNN,2023-04-27,0.55,yahoo
NNN,2023-07-28,0.565,yahoo
NNN,2023-10-30,0.565,yahoo
NNN,2024-01-30,0.565,yahoo
NNN,2024-04-29,0.565,yahoo
NNN,2024-07-31,0.58,yahoo
NNN,2024-10-31,0.58,yahoo
NNN,2025-01-31,0.58,yahoo
NNN,2025-04-30,0.58,yahoo
NNN,2025-07-31,0.6,yahoo
NNN,2025-10-31,0.6,yahoo
NNN,2026-01-30,0.6,yahoo
NNN,2026-04-30,0.6,yahoo
NNN,2026-07-31,0.62,yahoo
NOC,2021-11-26,1.57,yahoo
NOC,2022-02-25,1.57,yahoo
NOC,2022-05-27,1.73,yahoo
NOC,2022-08-26,1.73,yahoo
NOC,2022-11-25,1.73,yahoo
NOC,2023-02-24,1.73,yahoo
NOC,2023-05-26,1.87,yahoo
NOC,2023-08-25,1.87,yahoo
NOC,2023-11-24,1.87,yahoo
NOC,2024-02-23,1.87,yahoo
NOC,2024-05-24,2.06,yahoo
NOC,2024-09-03,2.06,yahoo
NOC,2024-12-02,2.06,yahoo
NOC,2025-03-03,2.06,yahoo
NOC,2025-06-02,2.31,yahoo
NOC,2025-09-02,2.31,yahoo
NOC,2025-12-01,2.31,yahoo
NOC,2026-02-23,2.31,yahoo
NOC,2026-06-01,2.47,yahoo
NOC,2026-08-31,2.47,yahoo
NOK,2022-05-02,0.021,yahoo
NOK,2022-07-25,0.02,yahoo
NOK,2022-10-24,0.02,yahoo
NOK,2023-01-30,0.022,yahoo
NOK,2023-04-24,0.033,yahoo
NOK,2023-07-24,0.034,yahoo
NOK,2023-10-23,0.032,yahoo
NOK,2024-01-29,0.032,yahoo
NOK,2024-04-22,0.043,yahoo
NOK,2024-07-23,0.032,yahoo
NOK,2024-10-22,0.033,yahoo
NOK,2025-02-04,0.031,yahoo
NOK,2025-05-05,0.046,yahoo
NOK,2025-07-29,0.047,yahoo
NOV,2021-12-02,0.05,yahoo
NOV,2022-03-10,0.05,yahoo
NOV,2022-06-09,0.05,yahoo
NOV,2022-09-15,0.05,yahoo
NOV,2022-12-08,0.05,yahoo
NOV,2023-03-16,0.05,yahoo
NOV,2023-06-15,0.05,yahoo
NOV,2023-09-14,0.05,yahoo
NOV,2023-12-07,0.05,yahoo
NOV,2024-03-13,0.05,yahoo
NOV,2024-06-14,0.075,yahoo
NOV,2024-09-13,0.075,yahoo
NOV,2024-12-06,0.075,yahoo
NOV,2025-03-14,0.075,yahoo
NOV,2025-06-02,0.21,yahoo
NOV,2025-06-13,0.075,yahoo
NOV,2025-09-12,0.075,yahoo
NOV,2025-12-05,0.075,yahoo
NOV,2026-03-13,0.09,yahoo
NOV,2026-06-01,0.09,yahoo
NOV,2026-06-12,0.09,yahoo
NOV,2026-09-11,0.09,yahoo
NRG,2021-10-29,0.325,yahoo
NRG,2022-01-31,0.35,yahoo
NRG,2022-04-29,0.35,yahoo
NRG,2022-07-29,0.35,yahoo
NRG,2022-10-31,0.35,yahoo
NRG,2023-01-31,0.378,yahoo
NRG,2023-04-28,0.378,yahoo
NRG,2023-07-31,0.378,yahoo
NRG,2023-10-31,0.378,yahoo
NRG,2024-01-31,0.408,yahoo
NRG,2024-04-30,0.408,yahoo
NRG,2024-08-01,0.408,yahoo
NRG,2024-11-01,0.408,yahoo
NRG,2025-02-03,0.44,yahoo
NRG,2025-05-01,0.44,yahoo
NRG,2025-08-01,0.44,yahoo
NRG,2025-11-03,0.44,yahoo
NRG,2026-02-02,0.475,yahoo
NRG,2026-05-01,0.475,yahoo
NRG,2026-08-03,0.475,yahoo
NSC,2021-11-04,1.09,yahoo
NSC,2022-02-03,1.24,yahoo
NSC,2022-05-05,1.24,yahoo
NSC,2022-08-05,1.24,yahoo
NSC,2022-11-03,1.24,yahoo
NSC,2023-02-02,1.35,yahoo
NSC,2023-05-04,1.35,yahoo
NSC,2023-08-03,1.35,yahoo
NSC,2023-11-02,1.35,yahoo
NSC,2024-02-01,1.35,yahoo
NSC,2024-05-02,1.35,yahoo
NSC,2024-08-02,1.35,yahoo
NSC,2024-11-01,1.35,yahoo
NSC,2025-02-07,1.35,yahoo
NSC,2025-05-02,1.35,yahoo
NSC,2025-08-01,1.35,yahoo
NSC,2025-11-07,1.35,yahoo
NSC,2026-02-06,1.35,yahoo
NSC,2026-05-08,1.35,yahoo
NSC,2026-08-07,1.35,yahoo
NTAP,2021-10-07,0.5,yahoo
NTAP,2022-01-06,0.5,yahoo
NTAP,2022-04-07,0.5,yahoo
NTAP,2022-07-07,0.5,yahoo
NTAP,2022-10-06,0.5,yahoo
NTAP,2023-01-05,0.5,yahoo
NTAP,2023-04-05,0.5,yahoo
NTAP,2023-07-06,0.5,yahoo
NTAP,2023-10-05,0.5,yahoo
NTAP,2024-01-04,0.5,yahoo
NTAP,2024-04-04,0.5,yahoo
NTAP,2024-07-05,0.52,yahoo
NTAP,2024-10-04,0.52,yahoo
NTAP,2025-01-03,0.52,yahoo
NTAP,2025-04-04,0.52,yahoo
NTAP,2025-07-03,0.52,yahoo
NTAP,2025-10-03,0.52,yahoo
NTAP,2026-01-02,0.52,yahoo
NTAP,2026-04-02,0.52,yahoo
NTAP,2026-07-10,0.52,yahoo
NTES,2021-09-13,0.24,yahoo
NTES,2021-11-30,0.225,yahoo
NTES,2022-03-10,0.405,yahoo
NTES,2022-06-07,0.322,yahoo
NTES,2022-08-31,0.36,yahoo
NTES,2022-12-01,0.435,yahoo
NTES,2023-03-08,0.27,yahoo
NTES,2023-06-08,0.465,yahoo
NTES,2023-09-07,0.525,yahoo
NTES,2023-11-30,0.495,yahoo
NTES,2024-03-13,1.08,yahoo
NTES,2024-06-06,0.495,yahoo
NTES,2024-09-06,0.435,yahoo
NTES,2024-11-29,0.435,yahoo
NTES,2025-03-06,1.22,yahoo
NTES,2025-05-30,0.675,yahoo
NTES,2025-08-28,0.57,yahoo
NTES,2025-12-05,0.57,yahoo
NTES,2026-03-16,1.16,yahoo
NTES,2026-06-05,0.72,yahoo
NTES,2026-09-03,0.48,yahoo
NTR,2021-09-28,0.46,yahoo
NTR,2021-12-30,0.46,yahoo
NTR,2022-03-30,0.48,yahoo
NTR,2022-06-29,0.48,yahoo
NTR,2022-09-28,0.48,yahoo
NTR,2022-12-29,0.48,yahoo
NTR,2023-03-30,0.53,yahoo
NTR,2023-06-29,0.53,yahoo
NTR,2023-09-28,0.53,yahoo
NTR,2023-12-28,0.53,yahoo
NTR,2024-03-27,0.54,yahoo
NTR,2024-06-28,0.54,yahoo
NTR,2024-09-27,0.54,yahoo
NTR,2024-12-31,0.54,yahoo
NTR,2025-03-31,0.545,yahoo
NTR,2025-06-30,0.545,yahoo
NTR,2026-03-31,0.55,yahoo
NTR,2026-06-30,0.55,yahoo
NTRS,2021-09-09,0.7,yahoo
NTRS,2021-12-09,0.7,yahoo
NTRS,2022-03-10,0.7,yahoo
NTRS,2022-06-09,0.7,yahoo
NTRS,2022-09-08,0.75,yahoo
NTRS,2022-12-08,0.75,yahoo
NTRS,2023-03-09,0.75,yahoo
NTRS,2023-06-08,0.75,yahoo
NTRS,2023-09-07,0.75,yahoo
NTRS,2023-12-07,0.75,yahoo
NTRS,2024-03-07,0.75,yahoo
NTRS,2024-06-07,0.75,yahoo
NTRS,2024-09-06,0.75,yahoo
NTRS,2024-12-06,0.75,yahoo
NTRS,2025-03-14,0.75,yahoo
NTRS,2025-06-06,0.75,yahoo
NTRS,2025-09-05,0.8,yahoo
NTRS,2025-12-05,0.8,yahoo
NTRS,2026-03-06,0.8,yahoo
NTRS,2026-06-05,0.8,yahoo
NTRS,2026-09-04,0.88,yahoo
NUE,2021-09-29,0.405,yahoo
NUE,2021-12-30,0.5,yahoo
NUE,2022-03-30,0.5,yahoo
NUE,2022-06-29,0.5,yahoo
NUE,2022-09-29,0.5,yahoo
NUE,2022-12-29,0.51,yahoo
NUE,2023-03-30,0.51,yahoo
NUE,2023-06-29,0.51,yahoo
NUE,2023-09-28,0.51,yahoo
NUE,2023-12-28,0.54,yahoo
NUE,2024-03-27,0.54,yahoo
NUE,2024-06-28,0.54,yahoo
NUE,2024-09-27,0.54,yahoo
NUE,2024-12-31,0.55,yahoo
NUE,2025-03-31,0.55,yahoo
NUE,2025-06-30,0.55,yahoo
NUE,2025-09-30,0.55,yahoo
NUE,2025-12-31,0.56,yahoo
NUE,2026-03-31,0.56,yahoo
NUE,2026-06-30,0.56,yahoo
NVDA,2021-12-01,0.004,yahoo
NVDA,2022-03-02,0.004,yahoo
NVDA,2022-06-08,0.004,yahoo
NVDA,2022-09-07,0.004,yahoo
NVDA,2022-11-30,0.004,yahoo
NVDA,2023-03-07,0.004,yahoo
NVDA,2023-06-07,0.004,yahoo
NVDA,2023-09-06,0.004,yahoo
NVDA,2023-12-05,0.004,yahoo
NVDA,2024-03-05,0.004,yahoo
NVDA,2024-06-11,0.01,yahoo
NVDA,2024-09-12,0.01,yahoo
NVDA,2024-12-05,0.01,yahoo
NVDA,2025-03-12,0.01,yahoo
NVDA,2025-06-11,0.01,yahoo
NVDA,2025-09-11,0.01,yahoo
NVDA,2025-12-04,0.01,yahoo
NVDA,2026-03-11,0.01,yahoo
NVDA,2026-06-04,0.25,yahoo
NVDA,2026-09-10,0.25,yahoo
NVDL,2023-12-27,0.561722,yahoo
NVDX,2024-12-24,2.168,yahoo
NVDX,2025-12-24,0.573,yahoo
NVO,2022-03-25,0.518,yahoo
NVO,2022-08-12,0.292,yahoo
NVO,2023-03-24,0.5945,yahoo
NVO,2023-08-18,0.442,yahoo
NVO,2024-03-22,0.93,yahoo
NVO,2024-08-16,0.513,yahoo
NVO,2025-03-31,1.099,yahoo
NVO,2025-08-18,0.584,yahoo
NVO,2026-03-30,1.275,yahoo
NVO,2026-08-17,0.579,yahoo
NVS,2022-03-08,3.357,yahoo
NVS,2023-03-09,3.469,yahoo
NVS,2024-03-07,3.74,yahoo
NVS,2025-03-12,3.994,yahoo
NVS,2026-03-11,4.773,yahoo
NVT,2021-10-21,0.175,yahoo
NVT,2022-01-20,0.175,yahoo
NVT,2022-04-21,0.175,yahoo
NVT,2022-07-21,0.175,yahoo
NVT,2022-10-20,0.175,yahoo
NVT,2023-01-19,0.175,yahoo
NVT,2023-04-27,0.175,yahoo
NVT,2023-07-20,0.175,yahoo
NVT,2023-10-19,0.175,yahoo
NVT,2024-01-18,0.19,yahoo
NVT,2024-04-25,0.19,yahoo
NVT,2024-07-19,0.19,yahoo
NVT,2024-10-18,0.19,yahoo
NVT,2025-01-17,0.2,yahoo
NVT,2025-04-25,0.2,yahoo
NVT,2025-07-18,0.2,yahoo
NVT,2025-10-17,0.2,yahoo
NVT,2026-01-23,0.21,yahoo
NVT,2026-04-24,0.21,yahoo
NVT,2026-07-24,0.21,yahoo
NWSA,2021-09-14,0.1,yahoo
NWSA,2022-03-15,0.1,yahoo
NWSA,2022-09-13,0.1,yahoo
NWSA,2023-03-14,0.1,yahoo
NWSA,2023-09-12,0.1,yahoo
NWSA,2024-03-12,0.1,yahoo
NWSA,2024-09-11,0.1,yahoo
NWSA,2025-03-12,0.1,yahoo
NWSA,2025-09-10,0.1,yahoo
NWSA,2026-03-11,0.1,yahoo
NWSA,2026-09-09,0.1,yahoo
NXPI,2021-09-14,0.563,yahoo
NXPI,2021-12-14,0.563,yahoo
NXPI,2022-03-14,0.845,yahoo
NXPI,2022-06-14,0.845,yahoo
NXPI,2022-09-14,0.845,yahoo
NXPI,2022-12-14,0.845,yahoo
NXPI,2023-03-14,1.014,yahoo
NXPI,2023-06-13,1.014,yahoo
NXPI,2023-09-12,1.014,yahoo
NXPI,2023-12-12,1.014,yahoo
NXPI,2024-03-20,1.014,yahoo
NXPI,2024-06-13,1.014,yahoo
NXPI,2024-09-12,1.014,yahoo
NXPI,2024-12-05,1.014,yahoo
NXPI,2025-03-19,1.014,yahoo
NXPI,2025-06-25,1.014,yahoo
NXPI,2025-09-17,1.014,yahoo
NXPI,2025-12-10,1.014,yahoo
NXPI,2026-03-25,1.014,yahoo
NXPI,2026-06-24,1.014,yahoo
NXST,2021-11-10,0.7,yahoo
NXST,2022-02-10,0.9,yahoo
NXST,2022-05-12,0.9,yahoo
NXST,2022-08-10,0.9,yahoo
NXST,2022-11-10,0.9,yahoo
NXST,2023-02-09,1.35,yahoo
NXST,2023-05-11,1.35,yahoo
NXST,2023-08-09,1.35,yahoo
NXST,2023-11-09,1.35,yahoo
NXST,2024-02-08,1.69,yahoo
NXST,2024-05-09,1.69,yahoo
NXST,2024-08-09,1.69,yahoo
NXST,2024-11-15,1.69,yahoo
NXST,2025-02-12,1.86,yahoo
NXST,2025-05-19,1.86,yahoo
NXST,2025-08-15,1.86,yahoo
NXST,2025-11-12,1.86,yahoo
NXST,2026-02-13,1.86,yahoo
NXST,2026-05-15,1.86,yahoo
NXST,2026-08-14,1.86,yahoo
NYT,2021-10-07,0.07,yahoo
NYT,2022-01-04,0.07,yahoo
NYT,2022-04-05,0.09,yahoo
NYT,2022-07-08,0.09,yahoo
NYT,2022-10-06,0.09,yahoo
NYT,2023-01-03,0.09,yahoo
NYT,2023-04-04,0.11,yahoo
NYT,2023-07-10,0.11,yahoo
NYT,2023-10-06,0.11,yahoo
NYT,2024-01-02,0.11,yahoo
NYT,2024-04-01,0.13,yahoo
NYT,2024-07-09,0.13,yahoo
NYT,2024-10-09,0.13,yahoo
NYT,2025-01-10,0.13,yahoo
NYT,2025-04-01,0.18,yahoo
NYT,2025-07-09,0.18,yahoo
NYT,2025-10-08,0.18,yahoo
NYT,2026-01-06,0.18,yahoo
NYT,2026-04-01,0.23,yahoo
NYT,2026-07-08,0.23,yahoo
O,2021-09-30,0.228682,yahoo
O,2021-11-01,0.228682,yahoo
O,2021-11-30,0.246,yahoo
O,2021-12-31,0.247,yahoo
O,2022-01-31,0.247,yahoo
O,2022-02-28,0.247,yahoo
O,2022-03-31,0.247,yahoo
O,2022-04-29,0.247,yahoo
O,2022-05-31,0.247,yahoo
O,2022-06-30,0.248,yahoo
O,2022-07-29,0.248,yahoo
O,2022-08-31,0.248,yahoo
O,2022-09-30,0.248,yahoo
O,2022-10-31,0.248,yahoo
O,2022-11-30,0.248,yahoo
O,2022-12-30,0.249,yahoo
O,2023-01-31,0.249,yahoo
O,2023-02-28,0.255,yahoo
O,2023-03-31,0.255,yahoo
O,2023-04-28,0.255,yahoo
O,2023-05-31,0.255,yahoo
O,2023-06-30,0.256,yahoo
O,2023-07-31,0.256,yahoo
O,2023-08-31,0.256,yahoo
O,2023-09-29,0.256,yahoo
O,2023-10-31,0.256,yahoo
O,2023-11-30,0.256,yahoo
O,2023-12-29,0.257,yahoo
O,2024-01-31,0.257,yahoo
O,2024-02-29,0.257,yahoo
O,2024-03-28,0.257,yahoo
O,2024-04-30,0.257,yahoo
O,2024-06-03,0.263,yahoo
O,2024-07-01,0.263,yahoo
O,2024-08-01,0.263,yahoo
O,2024-09-03,0.263,yahoo
O,2024-10-01,0.264,yahoo
O,2024-11-01,0.264,yahoo
O,2024-12-02,0.264,yahoo
O,2025-01-02,0.264,yahoo
O,2025-02-03,0.264,yahoo
O,2025-03-03,0.268,yahoo
O,2025-04-01,0.269,yahoo
O,2025-05-01,0.269,yahoo
O,2025-06-02,0.269,yahoo
O,2025-07-01,0.269,yahoo
O,2025-08-01,0.269,yahoo
O,2025-09-02,0.269,yahoo
O,2025-10-01,0.27,yahoo
O,2025-10-31,0.27,yahoo
O,2025-11-28,0.27,yahoo
O,2025-12-31,0.27,yahoo
O,2026-01-30,0.27,yahoo
O,2026-02-27,0.27,yahoo
O,2026-03-31,0.271,yahoo
O,2026-04-30,0.271,yahoo
O,2026-05-29,0.271,yahoo
O,2026-06-30,0.271,yahoo
O,2026-07-31,0.271,yahoo
O,2026-08-31,0.271,yahoo
OC,2021-10-21,0.26,yahoo
OC,2022-01-06,0.35,yahoo
OC,2022-03-03,0.35,yahoo
OC,2022-07-15,0.35,yahoo
OC,2022-10-14,0.35,yahoo
OC,2023-01-03,0.52,yahoo
OC,2023-03-02,0.52,yahoo
OC,2023-07-14,0.52,yahoo
OC,2023-10-13,0.52,yahoo
OC,2024-01-05,0.6,yahoo
OC,2024-03-01,0.6,yahoo
OC,2024-07-15,0.6,yahoo
OC,2024-10-18,0.6,yahoo
OC,2025-01-06,0.69,yahoo
OC,2025-03-10,0.69,yahoo
OC,2025-07-21,0.69,yahoo
OC,2025-10-20,0.69,yahoo
OC,2026-01-05,0.79,yahoo
OC,2026-03-09,0.79,yahoo
OC,2026-07-20,0.79,yahoo
ODFL,2021-11-30,0.1,yahoo
ODFL,2022-03-01,0.15,yahoo
ODFL,2022-05-31,0.15,yahoo
ODFL,2022-09-06,0.15,yahoo
ODFL,2022-12-06,0.15,yahoo
ODFL,2023-02-28,0.2,yahoo
ODFL,2023-06-06,0.2,yahoo
ODFL,2023-09-05,0.2,yahoo
ODFL,2023-12-05,0.2,yahoo
ODFL,2024-03-05,0.26,yahoo
ODFL,2024-06-05,0.26,yahoo
ODFL,2024-09-04,0.26,yahoo
ODFL,2024-12-04,0.26,yahoo
ODFL,2025-03-05,0.28,yahoo
ODFL,2025-06-04,0.28,yahoo
ODFL,2025-09-03,0.28,yahoo
ODFL,2025-12-03,0.28,yahoo
ODFL,2026-03-04,0.29,yahoo
ODFL,2026-06-03,0.29,yahoo
ODFL,2026-09-02,0.29,yahoo
OGE,2021-10-08,0.41,yahoo
OGE,2022-01-07,0.41,yahoo
OGE,2022-04-08,0.41,yahoo
OGE,2022-07-08,0.41,yahoo
OGE,2022-10-07,0.414,yahoo
OGE,2023-01-06,0.414,yahoo
OGE,2023-04-06,0.414,yahoo
OGE,2023-07-07,0.414,yahoo
OGE,2023-10-06,0.418,yahoo
OGE,2024-01-05,0.418,yahoo
OGE,2024-04-05,0.418,yahoo
OGE,2024-07-08,0.418,yahoo
OGE,2024-10-07,0.421,yahoo
OGE,2025-01-06,0.421,yahoo
OGE,2025-04-07,0.421,yahoo
OGE,2025-07-07,0.421,yahoo
OGE,2025-10-06,0.425,yahoo
OGE,2026-01-05,0.425,yahoo
OGE,2026-04-06,0.425,yahoo
OGE,2026-07-06,0.425,yahoo
OHI,2021-11-04,0.67,yahoo
OHI,2022-02-04,0.67,yahoo
OHI,2022-04-29,0.67,yahoo
OHI,2022-07-29,0.67,yahoo
OHI,2022-10-31,0.67,yahoo
OHI,2023-02-03,0.67,yahoo
OHI,2023-04-28,0.67,yahoo
OHI,2023-07-28,0.67,yahoo
OHI,2023-10-30,0.67,yahoo
OHI,2024-02-02,0.67,yahoo
OHI,2024-04-29,0.67,yahoo
OHI,2024-08-05,0.67,yahoo
OHI,2024-11-04,0.67,yahoo
OHI,2025-02-10,0.67,yahoo
OHI,2025-05-05,0.67,yahoo
OHI,2025-08-04,0.67,yahoo
OHI,2025-11-03,0.67,yahoo
OHI,2026-02-09,0.67,yahoo
OHI,2026-05-04,0.67,yahoo
OHI,2026-08-03,0.68,yahoo
OKE,2021-10-29,0.935,yahoo
OKE,2022-01-28,0.935,yahoo
OKE,2022-04-29,0.935,yahoo
OKE,2022-07-29,0.935,yahoo
OKE,2022-10-31,0.935,yahoo
OKE,2023-01-27,0.955,yahoo
OKE,2023-04-28,0.955,yahoo
OKE,2023-07-31,0.955,yahoo
OKE,2023-10-31,0.955,yahoo
OKE,2024-01-29,0.99,yahoo
OKE,2024-04-30,0.99,yahoo
OKE,2024-08-01,0.99,yahoo
OKE,2024-11-01,0.99,yahoo
OKE,2025-02-03,1.03,yahoo
OKE,2025-05-05,1.03,yahoo
OKE,2025-08-01,1.03,yahoo
OKE,2025-11-03,1.03,yahoo
OKE,2026-02-02,1.07,yahoo
OKE,2026-05-04,1.07,yahoo
OKE,2026-08-03,1.07,yahoo
OLED,2021-09-15,0.2,yahoo
OLED,2021-12-15,0.2,yahoo
OLED,2022-03-16,0.3,yahoo
OLED,2022-06-15,0.3,yahoo
OLED,2022-09-15,0.3,yahoo
OLED,2022-12-15,0.3,yahoo
OLED,2023-03-16,0.35,yahoo
OLED,2023-06-15,0.35,yahoo
OLED,2023-09-14,0.35,yahoo
OLED,2023-12-14,0.35,yahoo
OLED,2024-03-14,0.4,yahoo
OLED,2024-06-14,0.4,yahoo
OLED,2024-09-16,0.4,yahoo
OLED,2024-12-17,0.4,yahoo
OLED,2025-03-17,0.45,yahoo
OLED,2025-06-16,0.45,yahoo
OLED,2025-09-16,0.45,yahoo
OLED,2025-12-17,0.45,yahoo
OLED,2026-03-17,0.5,yahoo
OLED,2026-06-16,0.5,yahoo
OMC,2021-09-20,0.7,yahoo
OMC,2021-12-20,0.7,yahoo
OMC,2022-03-09,0.7,yahoo
OMC,2022-06-09,0.7,yahoo
OMC,2022-09-20,0.7,yahoo
OMC,2022-12-20,0.7,yahoo
OMC,2023-03-09,0.7,yahoo
OMC,2023-06-08,0.7,yahoo
OMC,2023-09-20,0.7,yahoo
OMC,2023-12-21,0.7,yahoo
OMC,2024-03-08,0.7,yahoo
OMC,2024-06-10,0.7,yahoo
OMC,2024-09-20,0.7,yahoo
OMC,2024-12-20,0.7,yahoo
OMC,2025-03-11,0.7,yahoo
OMC,2025-06-10,0.7,yahoo
OMC,2025-09-02,0.7,yahoo
OMC,2025-12-19,0.8,yahoo
OMC,2026-03-11,0.8,yahoo
OMC,2026-06-10,0.8,yahoo
OMF,2021-11-01,0.7,yahoo
OMF,2022-02-11,0.95,yahoo
OMF,2022-05-06,0.95,yahoo
OMF,2022-08-05,0.95,yahoo
OMF,2022-11-04,0.95,yahoo
OMF,2023-02-16,1,yahoo
OMF,2023-05-04,1,yahoo
OMF,2023-08-04,1,yahoo
OMF,2023-11-03,1,yahoo
OMF,2024-02-16,1,yahoo
OMF,2024-05-09,1.04,yahoo
OMF,2024-08-12,1.04,yahoo
OMF,2024-11-12,1.04,yahoo
OMF,2025-02-12,1.04,yahoo
OMF,2025-05-09,1.04,yahoo
OMF,2025-08-04,1.04,yahoo
OMF,2025-11-10,1.05,yahoo
OMF,2026-02-17,1.05,yahoo
OMF,2026-05-11,1.05,yahoo
OMF,2026-08-10,1.05,yahoo
ONB,2021-12-03,0.14,yahoo
ONB,2022-03-03,0.14,yahoo
ONB,2022-05-31,0.14,yahoo
ONB,2022-08-31,0.14,yahoo
ONB,2022-11-30,0.14,yahoo
ONB,2023-02-28,0.14,yahoo
ONB,2023-05-31,0.14,yahoo
ONB,2023-08-31,0.14,yahoo
ONB,2023-11-30,0.14,yahoo
ONB,2024-03-04,0.14,yahoo
ONB,2024-06-05,0.14,yahoo
ONB,2024-09-05,0.14,yahoo
ONB,2024-12-05,0.14,yahoo
ONB,2025-03-05,0.14,yahoo
ONB,2025-06-05,0.14,yahoo
ONB,2025-09-05,0.14,yahoo
ONB,2025-12-05,0.14,yahoo
ONB,2026-03-05,0.145,yahoo
ONB,2026-06-05,0.145,yahoo
ONB,2026-09-04,0.145,yahoo
ORA,2021-11-16,0.12,yahoo
ORA,2022-03-08,0.12,yahoo
ORA,2022-05-13,0.12,yahoo
ORA,2022-08-16,0.12,yahoo
ORA,2022-11-15,0.12,yahoo
ORA,2023-03-07,0.12,yahoo
ORA,2023-05-22,0.12,yahoo
ORA,2023-08-15,0.12,yahoo
ORA,2023-11-21,0.12,yahoo
ORA,2024-03-05,0.12,yahoo
ORA,2024-05-21,0.12,yahoo
ORA,2024-08-20,0.12,yahoo
ORA,2024-11-20,0.12,yahoo
ORA,2025-03-12,0.12,yahoo
ORA,2025-05-21,0.12,yahoo
ORA,2025-08-20,0.12,yahoo
ORA,2025-11-17,0.12,yahoo
ORA,2026-03-10,0.12,yahoo
ORA,2026-05-20,0.12,yahoo
ORA,2026-08-19,0.12,yahoo
ORCL,2021-10-08,0.32,yahoo
ORCL,2022-01-06,0.32,yahoo
ORCL,2022-04-07,0.32,yahoo
ORCL,2022-07-11,0.32,yahoo
ORCL,2022-10-11,0.32,yahoo
ORCL,2023-01-09,0.32,yahoo
ORCL,2023-04-10,0.4,yahoo
ORCL,2023-07-11,0.4,yahoo
ORCL,2023-10-11,0.4,yahoo
ORCL,2024-01-10,0.4,yahoo
ORCL,2024-04-09,0.4,yahoo
ORCL,2024-07-11,0.4,yahoo
ORCL,2024-10-10,0.4,yahoo
ORCL,2025-01-10,0.4,yahoo
ORCL,2025-04-10,0.5,yahoo
ORCL,2025-07-10,0.5,yahoo
ORCL,2025-10-09,0.5,yahoo
ORCL,2026-01-09,0.5,yahoo
ORCL,2026-04-09,0.5,yahoo
ORCL,2026-07-10,0.5,yahoo
ORKA,2024-08-29,19.356,yahoo
OSK,2021-11-12,0.37,yahoo
OSK,2022-02-10,0.37,yahoo
OSK,2022-05-12,0.37,yahoo
OSK,2022-08-12,0.37,yahoo
OSK,2022-11-10,0.37,yahoo
OSK,2023-02-15,0.41,yahoo
OSK,2023-05-12,0.41,yahoo
OSK,2023-08-16,0.41,yahoo
OSK,2023-11-10,0.41,yahoo
OSK,2024-02-14,0.46,yahoo
OSK,2024-05-10,0.46,yahoo
OSK,2024-08-16,0.46,yahoo
OSK,2024-11-15,0.46,yahoo
OSK,2025-02-14,0.51,yahoo
OSK,2025-05-16,0.51,yahoo
OSK,2025-08-19,0.51,yahoo
OSK,2025-11-17,0.51,yahoo
OSK,2026-02-17,0.57,yahoo
OSK,2026-05-26,0.57,yahoo
OSK,2026-08-13,0.57,yahoo
OTIS,2021-11-18,0.24,yahoo
OTIS,2022-02-17,0.24,yahoo
OTIS,2022-05-19,0.29,yahoo
OTIS,2022-08-18,0.29,yahoo
OTIS,2022-11-17,0.29,yahoo
OTIS,2023-02-16,0.29,yahoo
OTIS,2023-05-18,0.34,yahoo
OTIS,2023-08-17,0.34,yahoo
OTIS,2023-11-16,0.34,yahoo
OTIS,2024-02-15,0.34,yahoo
OTIS,2024-05-16,0.39,yahoo
OTIS,2024-08-16,0.39,yahoo
OTIS,2024-11-15,0.39,yahoo
OTIS,2025-02-14,0.39,yahoo
OTIS,2025-05-16,0.42,yahoo
OTIS,2025-08-15,0.42,yahoo
OTIS,2025-11-14,0.42,yahoo
OTIS,2026-02-13,0.42,yahoo
OTIS,2026-05-15,0.44,yahoo
OTIS,2026-08-14,0.44,yahoo
OVV,2021-09-14,0.14,yahoo
OVV,2021-12-14,0.14,yahoo
OVV,2022-03-14,0.2,yahoo
OVV,2022-06-14,0.25,yahoo
OVV,2022-09-14,0.25,yahoo
OVV,2022-12-14,0.25,yahoo
OVV,2023-03-14,0.25,yahoo
OVV,2023-06-14,0.3,yahoo
OVV,2023-09-14,0.3,yahoo
OVV,2023-12-14,0.3,yahoo
OVV,2024-03-14,0.3,yahoo
OVV,2024-06-14,0.3,yahoo
OVV,2024-09-13,0.3,yahoo
OVV,2024-12-13,0.3,yahoo
OVV,2025-03-14,0.3,yahoo
OVV,2025-06-13,0.3,yahoo
OVV,2025-09-15,0.3,yahoo
OVV,2025-12-15,0.3,yahoo
OVV,2026-03-13,0.3,yahoo
OVV,2026-06-15,0.3,yahoo
OWL,2021-11-19,0.09,yahoo
OWL,2022-02-25,0.1,yahoo
OWL,2022-05-19,0.1,yahoo
OWL,2022-08-19,0.11,yahoo
OWL,2022-11-18,0.12,yahoo
OWL,2023-02-23,0.13,yahoo
OWL,2023-05-18,0.14,yahoo
OWL,2023-08-18,0.14,yahoo
OWL,2023-11-17,0.14,yahoo
OWL,2024-02-22,0.14,yahoo
OWL,2024-05-20,0.18,yahoo
OWL,2024-08-21,0.18,yahoo
OWL,2024-11-08,0.18,yahoo
OWL,2025-02-19,0.18,yahoo
OWL,2025-05-14,0.225,yahoo
OWL,2025-08-14,0.225,yahoo
OWL,2025-11-10,0.225,yahoo
OWL,2026-02-20,0.225,yahoo
OWL,2026-05-13,0.23,yahoo
OWL,2026-08-13,0.23,yahoo
OXY,2021-09-09,0.01,yahoo
OXY,2021-12-09,0.01,yahoo
OXY,2022-03-09,0.13,yahoo
OXY,2022-06-09,0.13,yahoo
OXY,2022-09-09,0.13,yahoo
OXY,2022-12-09,0.13,yahoo
OXY,2023-03-09,0.18,yahoo
OXY,2023-06-08,0.18,yahoo
OXY,2023-09-07,0.18,yahoo
OXY,2023-12-07,0.18,yahoo
OXY,2024-03-07,0.22,yahoo
OXY,2024-06-10,0.22,yahoo
OXY,2024-09-10,0.22,yahoo
OXY,2024-12-10,0.22,yahoo
OXY,2025-03-10,0.24,yahoo
OXY,2025-06-10,0.24,yahoo
OXY,2025-09-10,0.24,yahoo
OXY,2025-12-10,0.24,yahoo
OXY,2026-03-10,0.26,yahoo
OXY,2026-06-10,0.26,yahoo
OXY,2026-09-10,0.28,yahoo
OZK,2021-10-14,0.29,yahoo
OZK,2022-01-13,0.3,yahoo
OZK,2022-04-13,0.31,yahoo
OZK,2022-07-14,0.32,yahoo
OZK,2022-10-13,0.33,yahoo
OZK,2023-01-13,0.34,yahoo
OZK,2023-04-13,0.35,yahoo
OZK,2023-07-13,0.36,yahoo
OZK,2023-10-12,0.37,yahoo
OZK,2024-01-12,0.38,yahoo
OZK,2024-04-11,0.39,yahoo
OZK,2024-07-12,0.4,yahoo
OZK,2024-10-11,0.41,yahoo
OZK,2025-01-14,0.42,yahoo
OZK,2025-04-14,0.43,yahoo
OZK,2025-07-11,0.44,yahoo
OZK,2025-10-14,0.45,yahoo
OZK,2026-01-13,0.46,yahoo
OZK,2026-04-13,0.47,yahoo
OZK,2026-07-13,0.48,yahoo
PAAS,2021-11-19,0.1,yahoo
PAAS,2022-03-04,0.12,yahoo
PAAS,2022-05-20,0.12,yahoo
PAAS,2022-08-19,0.11,yahoo
PAAS,2022-11-18,0.1,yahoo
PAAS,2023-03-03,0.1,yahoo
PAAS,2023-04-13,0.1,yahoo
PAAS,2023-08-18,0.1,yahoo
PAAS,2023-11-17,0.1,yahoo
PAAS,2024-03-01,0.1,yahoo
PAAS,2024-05-17,0.1,yahoo
PAAS,2024-08-19,0.1,yahoo
PAAS,2024-11-18,0.1,yahoo
PAAS,2025-03-03,0.1,yahoo
PAAS,2025-05-20,0.1,yahoo
PAAS,2026-03-02,0.18,yahoo
PAAS,2026-05-19,0.18,yahoo
PAAS,2026-08-24,0.184,yahoo
PAG,2021-11-09,0.46,yahoo
PAG,2022-02-09,0.47,yahoo
PAG,2022-05-20,0.5,yahoo
PAG,2022-08-09,0.53,yahoo
PAG,2022-11-09,0.57,yahoo
PAG,2023-02-09,0.61,yahoo
PAG,2023-05-19,0.66,yahoo
PAG,2023-08-09,0.72,yahoo
PAG,2023-11-09,0.79,yahoo
PAG,2024-02-14,0.87,yahoo
PAG,2024-05-17,0.96,yahoo
PAG,2024-08-15,1.07,yahoo
PAG,2024-11-15,1.19,yahoo
PAG,2025-02-24,1.22,yahoo
PAG,2025-05-27,1.26,yahoo
PAG,2025-08-15,1.32,yahoo
PAG,2025-11-14,1.38,yahoo
PAG,2026-02-25,1.4,yahoo
PAG,2026-05-26,1.42,yahoo
PAG,2026-08-14,1.44,yahoo
PAYC,2023-05-26,0.375,yahoo
PAYC,2023-08-25,0.375,yahoo
PAYC,2023-11-24,0.375,yahoo
PAYC,2024-03-01,0.375,yahoo
PAYC,2024-05-24,0.375,yahoo
PAYC,2024-08-26,0.375,yahoo
PAYC,2024-11-25,0.375,yahoo
PAYC,2025-03-10,0.375,yahoo
PAYC,2025-05-27,0.375,yahoo
PAYC,2025-08-25,0.375,yahoo
PAYC,2025-11-24,0.375,yahoo
PAYC,2026-03-09,0.375,yahoo
PAYC,2026-05-26,0.375,yahoo
PAYC,2026-08-24,0.375,yahoo
PAYX,2021-10-29,0.66,yahoo
PAYX,2022-01-28,0.66,yahoo
PAYX,2022-05-11,0.79,yahoo
PAYX,2022-08-10,0.79,yahoo
PAYX,2022-11-08,0.79,yahoo
PAYX,2023-02-08,0.79,yahoo
PAYX,2023-05-10,0.89,yahoo
PAYX,2023-08-09,0.89,yahoo
PAYX,2023-11-13,0.89,yahoo
PAYX,2024-02-12,0.89,yahoo
PAYX,2024-05-09,0.98,yahoo
PAYX,2024-08-08,0.98,yahoo
PAYX,2024-11-07,0.98,yahoo
PAYX,2025-02-07,0.98,yahoo
PAYX,2025-05-12,1.08,yahoo
PAYX,2025-07-21,1.08,yahoo
PAYX,2025-11-07,1.08,yahoo
PAYX,2026-01-28,1.08,yahoo
PAYX,2026-05-13,1.19,yahoo
PAYX,2026-07-28,1.19,yahoo
PB,2021-09-14,0.49,yahoo
PB,2021-12-14,0.52,yahoo
PB,2022-03-14,0.52,yahoo
PB,2022-06-14,0.52,yahoo
PB,2022-09-14,0.52,yahoo
PB,2022-12-14,0.55,yahoo
PB,2023-03-14,0.55,yahoo
PB,2023-06-14,0.55,yahoo
PB,2023-09-14,0.55,yahoo
PB,2023-12-14,0.56,yahoo
PB,2024-03-14,0.56,yahoo
PB,2024-06-14,0.56,yahoo
PB,2024-09-13,0.56,yahoo
PB,2024-12-13,0.58,yahoo
PB,2025-03-14,0.58,yahoo
PB,2025-06-13,0.58,yahoo
PB,2025-09-15,0.58,yahoo
PB,2025-12-15,0.6,yahoo
PB,2026-03-13,0.6,yahoo
PB,2026-06-15,0.6,yahoo
PBF,2022-11-10,0.2,yahoo
PBF,2023-02-28,0.2,yahoo
PBF,2023-05-16,0.2,yahoo
PBF,2023-08-16,0.2,yahoo
PBF,2023-11-14,0.25,yahoo
PBF,2024-02-28,0.25,yahoo
PBF,2024-05-15,0.25,yahoo
PBF,2024-08-15,0.25,yahoo
PBF,2024-11-13,0.275,yahoo
PBF,2025-02-27,0.275,yahoo
PBF,2025-05-15,0.275,yahoo
PBF,2025-08-14,0.275,yahoo
PBF,2025-11-14,0.275,yahoo
PBF,2026-02-25,0.275,yahoo
PBF,2026-05-14,0.275,yahoo
PBF,2026-08-14,0.275,yahoo
PBR,2021-12-02,1.173,yahoo
PBR,2022-04-14,1.219,yahoo
PBR,2022-05-24,1.468,yahoo
PBR,2022-08-12,2.59,yahoo
PBR,2022-11-22,1.296,yahoo
PBR,2023-04-28,1.157,yahoo
PBR,2023-06-13,0.763,yahoo
PBR,2023-08-22,0.471,yahoo
PBR,2023-11-22,0.548,yahoo
PBR,2024-04-26,0.436,yahoo
PBR,2024-05-03,0.674,yahoo
PBR,2024-06-13,0.381,yahoo
PBR,2024-08-23,0.386,yahoo
PBR,2024-12-13,0.534,yahoo
PBR,2024-12-27,0.463,yahoo
PBR,2025-04-22,0.261,yahoo
PBR,2025-06-04,0.323,yahoo
PBR,2025-08-25,0.247,yahoo
PBR,2026-04-24,0.124,yahoo
PBR,2026-06-03,0.143,yahoo
PBR,2026-08-25,0.53,yahoo
PCAR,2021-11-15,0.226667,yahoo
PCAR,2021-12-16,1,yahoo
PCAR,2022-02-07,0.226667,yahoo
PCAR,2022-05-10,0.226667,yahoo
PCAR,2022-08-16,0.226667,yahoo
PCAR,2022-11-14,0.246667,yahoo
PCAR,2022-12-15,1.866667,yahoo
PCAR,2023-02-13,0.25,yahoo
PCAR,2023-05-16,0.25,yahoo
PCAR,2023-08-16,0.27,yahoo
PCAR,2023-11-14,0.27,yahoo
PCAR,2023-12-14,3.2,yahoo
PCAR,2024-02-14,0.27,yahoo
PCAR,2024-05-14,0.3,yahoo
PCAR,2024-08-15,0.3,yahoo
PCAR,2024-11-13,0.3,yahoo
PCAR,2024-12-20,3,yahoo
PCAR,2025-02-12,0.33,yahoo
PCAR,2025-05-14,0.33,yahoo
PCAR,2025-08-14,0.33,yahoo
PCAR,2025-11-12,0.33,yahoo
PCAR,2025-12-19,1.4,yahoo
PCAR,2026-02-11,0.33,yahoo
PCAR,2026-05-13,0.35,yahoo
PCAR,2026-08-12,0.35,yahoo
PCG,2023-12-28,0.01,yahoo
PCG,2024-03-27,0.01,yahoo
PCG,2024-06-28,0.01,yahoo
PCG,2024-09-30,0.01,yahoo
PCG,2024-12-31,0.025,yahoo
PCG,2025-03-31,0.025,yahoo
PCG,2025-06-30,0.025,yahoo
PCG,2025-09-30,0.025,yahoo
PCG,2025-12-31,0.05,yahoo
PCG,2026-03-31,0.05,yahoo
PCG,2026-06-30,0.05,yahoo
PEG,2021-09-07,0.51,yahoo
PEG,2021-12-08,0.51,yahoo
PEG,2022-03-09,0.54,yahoo
PEG,2022-06-08,0.54,yahoo
PEG,2022-09-08,0.54,yahoo
PEG,2022-12-08,0.54,yahoo
PEG,2023-03-09,0.57,yahoo
PEG,2023-06-08,0.57,yahoo
PEG,2023-09-07,0.57,yahoo
PEG,2023-12-07,0.57,yahoo
PEG,2024-03-07,0.6,yahoo
PEG,2024-06-07,0.6,yahoo
PEG,2024-09-09,0.6,yahoo
PEG,2024-12-10,0.6,yahoo
PEG,2025-03-10,0.63,yahoo
PEG,2025-06-09,0.63,yahoo
PEG,2025-09-09,0.63,yahoo
PEG,2025-12-10,0.63,yahoo
PEG,2026-03-10,0.67,yahoo
PEG,2026-06-09,0.67,yahoo
PEG,2026-09-09,0.67,yahoo
PEGA,2021-09-30,0.015,yahoo
PEGA,2021-12-31,0.015,yahoo
PEGA,2022-03-31,0.015,yahoo
PEGA,2022-06-30,0.015,yahoo
PEGA,2022-09-30,0.015,yahoo
PEGA,2022-12-30,0.015,yahoo
PEGA,2023-03-31,0.015,yahoo
PEGA,2023-06-30,0.015,yahoo
PEGA,2023-09-29,0.015,yahoo
PEGA,2023-12-29,0.015,yahoo
PEGA,2024-03-28,0.015,yahoo
PEGA,2024-07-01,0.015,yahoo
PEGA,2024-10-01,0.015,yahoo
PEGA,2025-01-02,0.015,yahoo
PEGA,2025-04-01,0.015,yahoo
PEGA,2025-07-01,0.03,yahoo
PEGA,2025-10-01,0.03,yahoo
PEGA,2026-01-02,0.03,yahoo
PEGA,2026-04-01,0.03,yahoo
PEGA,2026-07-01,0.03,yahoo
PEGA,2026-08-17,0.083,yahoo
PEP,2021-09-02,1.075,yahoo
PEP,2021-12-02,1.075,yahoo
PEP,2022-03-03,1.075,yahoo
PEP,2022-06-02,1.15,yahoo
PEP,2022-09-01,1.15,yahoo
PEP,2022-12-01,1.15,yahoo
PEP,2023-03-02,1.15,yahoo
PEP,2023-06-01,1.265,yahoo
PEP,2023-08-31,1.265,yahoo
PEP,2023-11-30,1.265,yahoo
PEP,2024-02-29,1.265,yahoo
PEP,2024-06-07,1.355,yahoo
PEP,2024-09-06,1.355,yahoo
PEP,2024-12-06,1.355,yahoo
PEP,2025-03-07,1.355,yahoo
PEP,2025-06-06,1.423,yahoo
PEP,2025-09-05,1.423,yahoo
PEP,2025-12-05,1.423,yahoo
PEP,2026-03-06,1.423,yahoo
PEP,2026-06-05,1.48,yahoo
PEP,2026-09-04,1.48,yahoo
PFE,2021-11-04,0.39,yahoo
PFE,2022-01-27,0.4,yahoo
PFE,2022-05-12,0.4,yahoo
PFE,2022-07-28,0.4,yahoo
PFE,2022-11-03,0.4,yahoo
PFE,2023-01-26,0.41,yahoo
PFE,2023-05-11,0.41,yahoo
PFE,2023-07-27,0.41,yahoo
PFE,2023-11-09,0.41,yahoo
PFE,2024-01-25,0.42,yahoo
PFE,2024-05-09,0.42,yahoo
PFE,2024-07-26,0.42,yahoo
PFE,2024-11-08,0.42,yahoo
PFE,2025-01-24,0.43,yahoo
PFE,2025-05-09,0.43,yahoo
PFE,2025-07-25,0.43,yahoo
PFE,2025-11-07,0.43,yahoo
PFE,2026-01-23,0.43,yahoo
PFE,2026-05-08,0.43,yahoo
PFE,2026-07-24,0.43,yahoo
PFG,2021-11-30,0.64,yahoo
PFG,2022-03-09,0.64,yahoo
PFG,2022-06-01,0.64,yahoo
PFG,2022-09-07,0.64,yahoo
PFG,2022-11-30,0.64,yahoo
PFG,2023-03-14,0.64,yahoo
PFG,2023-05-31,0.64,yahoo
PFG,2023-09-06,0.65,yahoo
PFG,2023-11-30,0.67,yahoo
PFG,2024-03-11,0.69,yahoo
PFG,2024-06-03,0.71,yahoo
PFG,2024-09-05,0.72,yahoo
PFG,2024-12-02,0.73,yahoo
PFG,2025-03-12,0.75,yahoo
PFG,2025-06-02,0.76,yahoo
PFG,2025-09-04,0.78,yahoo
PFG,2025-12-03,0.79,yahoo
PFG,2026-03-11,0.8,yahoo
PFG,2026-06-01,0.82,yahoo
PFG,2026-09-03,0.84,yahoo
PG,2021-10-21,0.87,yahoo
PG,2022-01-20,0.87,yahoo
PG,2022-04-21,0.913,yahoo
PG,2022-07-21,0.913,yahoo
PG,2022-10-20,0.913,yahoo
PG,2023-01-19,0.913,yahoo
PG,2023-04-20,0.941,yahoo
PG,2023-07-20,0.941,yahoo
PG,2023-10-19,0.941,yahoo
PG,2024-01-18,0.941,yahoo
PG,2024-04-18,1.007,yahoo
PG,2024-07-19,1.007,yahoo
PG,2024-10-18,1.007,yahoo
PG,2025-01-24,1.007,yahoo
PG,2025-04-21,1.057,yahoo
PG,2025-07-18,1.057,yahoo
PG,2025-10-24,1.057,yahoo
PG,2026-01-23,1.057,yahoo
PG,2026-04-24,1.089,yahoo
PG,2026-07-24,1.089,yahoo
PGR,2021-10-06,0.1,yahoo
PGR,2021-12-17,1.5,yahoo
PGR,2022-01-06,0.1,yahoo
PGR,2022-04-06,0.1,yahoo
PGR,2022-07-06,0.1,yahoo
PGR,2022-10-06,0.1,yahoo
PGR,2023-01-05,0.1,yahoo
PGR,2023-04-05,0.1,yahoo
PGR,2023-07-06,0.1,yahoo
PGR,2023-10-04,0.1,yahoo
PGR,2024-01-18,0.85,yahoo
PGR,2024-04-03,0.1,yahoo
PGR,2024-07-03,0.1,yahoo
PGR,2024-10-03,0.1,yahoo
PGR,2025-01-10,4.6,yahoo
PGR,2025-04-03,0.1,yahoo
PGR,2025-07-03,0.1,yahoo
PGR,2025-10-02,0.1,yahoo
PGR,2026-01-02,13.6,yahoo
PGR,2026-04-02,0.1,yahoo
PGR,2026-07-02,0.1,yahoo
PH,2021-11-10,1.03,yahoo
PH,2022-02-10,1.03,yahoo
PH,2022-05-12,1.33,yahoo
PH,2022-08-26,1.33,yahoo
PH,2022-11-10,1.33,yahoo
PH,2023-02-09,1.33,yahoo
PH,2023-05-11,1.48,yahoo
PH,2023-08-25,1.48,yahoo
PH,2023-11-10,1.48,yahoo
PH,2024-02-08,1.48,yahoo
PH,2024-05-09,1.63,yahoo
PH,2024-08-28,1.63,yahoo
PH,2024-11-08,1.63,yahoo
PH,2025-02-07,1.63,yahoo
PH,2025-05-09,1.8,yahoo
PH,2025-09-02,1.8,yahoo
PH,2025-11-07,1.8,yahoo
PH,2026-02-06,1.8,yahoo
PH,2026-05-08,2,yahoo
PH,2026-08-31,2,yahoo
PHM,2021-09-17,0.14,yahoo
PHM,2021-12-14,0.15,yahoo
PHM,2022-03-14,0.15,yahoo
PHM,2022-06-09,0.15,yahoo
PHM,2022-09-21,0.15,yahoo
PHM,2022-12-13,0.16,yahoo
PHM,2023-03-17,0.16,yahoo
PHM,2023-06-16,0.16,yahoo
PHM,2023-09-15,0.16,yahoo
PHM,2023-12-18,0.2,yahoo
PHM,2024-03-14,0.2,yahoo
PHM,2024-06-18,0.2,yahoo
PHM,2024-09-17,0.2,yahoo
PHM,2024-12-17,0.22,yahoo
PHM,2025-03-18,0.22,yahoo
PHM,2025-06-17,0.22,yahoo
PHM,2025-09-16,0.22,yahoo
PHM,2025-12-16,0.26,yahoo
PHM,2026-03-17,0.26,yahoo
PHM,2026-06-16,0.26,yahoo
PJT,2021-09-07,0.05,yahoo
PJT,2021-10-01,3,yahoo
PJT,2021-12-07,0.05,yahoo
PJT,2022-03-08,0.25,yahoo
PJT,2022-06-07,0.25,yahoo
PJT,2022-09-06,0.25,yahoo
PJT,2022-12-06,0.25,yahoo
PJT,2023-03-07,0.25,yahoo
PJT,2023-06-06,0.25,yahoo
PJT,2023-09-05,0.25,yahoo
PJT,2023-12-05,0.25,yahoo
PJT,2024-03-05,0.25,yahoo
PJT,2024-06-05,0.25,yahoo
PJT,2024-09-04,0.25,yahoo
PJT,2024-12-04,0.25,yahoo
PJT,2025-03-05,0.25,yahoo
PJT,2025-06-04,0.25,yahoo
PJT,2025-09-03,0.25,yahoo
PJT,2025-12-03,0.25,yahoo
PJT,2026-03-04,0.25,yahoo
PJT,2026-06-03,0.25,yahoo
PJT,2026-09-02,0.25,yahoo
PK,2022-03-30,0.01,yahoo
PK,2022-06-29,0.01,yahoo
PK,2022-09-29,0.01,yahoo
PK,2022-12-29,0.25,yahoo
PK,2023-03-30,0.15,yahoo
PK,2023-06-29,0.15,yahoo
PK,2023-09-28,0.15,yahoo
PK,2023-12-28,1.7,yahoo
PK,2024-03-27,0.25,yahoo
PK,2024-06-28,0.25,yahoo
PK,2024-09-30,0.25,yahoo
PK,2024-12-31,0.65,yahoo
PK,2025-03-31,0.25,yahoo
PK,2025-06-30,0.25,yahoo
PK,2025-09-30,0.25,yahoo
PK,2025-12-31,0.25,yahoo
PK,2026-03-31,0.25,yahoo
PK,2026-06-30,0.25,yahoo
PKG,2021-09-14,1,yahoo
PKG,2021-12-17,1,yahoo
PKG,2022-03-14,1,yahoo
PKG,2022-06-14,1.25,yahoo
PKG,2022-09-30,1.25,yahoo
PKG,2022-12-16,1.25,yahoo
PKG,2023-03-14,1.25,yahoo
PKG,2023-06-14,1.25,yahoo
PKG,2023-09-22,1.25,yahoo
PKG,2023-12-15,1.25,yahoo
PKG,2024-03-14,1.25,yahoo
PKG,2024-06-14,1.25,yahoo
PKG,2024-09-16,1.25,yahoo
PKG,2024-12-20,1.25,yahoo
PKG,2025-03-14,1.25,yahoo
PKG,2025-06-13,1.25,yahoo
PKG,2025-09-15,1.25,yahoo
PKG,2025-12-15,1.25,yahoo
PKG,2026-03-13,1.25,yahoo
PKG,2026-06-15,1.5,yahoo
PLD,2021-09-16,0.63,yahoo
PLD,2021-12-13,0.63,yahoo
PLD,2022-03-17,0.79,yahoo
PLD,2022-06-15,0.79,yahoo
PLD,2022-09-14,0.79,yahoo
PLD,2022-12-16,0.79,yahoo
PLD,2023-03-16,0.87,yahoo
PLD,2023-06-15,0.87,yahoo
PLD,2023-09-15,0.87,yahoo
PLD,2023-12-15,0.87,yahoo
PLD,2024-03-15,0.96,yahoo
PLD,2024-06-17,0.96,yahoo
PLD,2024-09-16,0.96,yahoo
PLD,2024-12-16,0.96,yahoo
PLD,2025-03-18,1.01,yahoo
PLD,2025-06-17,1.01,yahoo
PLD,2025-09-16,1.01,yahoo
PLD,2025-12-16,1.01,yahoo
PLD,2026-03-17,1.07,yahoo
PLD,2026-06-16,1.07,yahoo
PM,2021-09-28,1.25,yahoo
PM,2021-12-22,1.25,yahoo
PM,2022-03-23,1.25,yahoo
PM,2022-06-30,1.25,yahoo
PM,2022-09-27,1.27,yahoo
PM,2022-12-21,1.27,yahoo
PM,2023-03-22,1.27,yahoo
PM,2023-06-22,1.27,yahoo
PM,2023-09-26,1.3,yahoo
PM,2023-12-20,1.3,yahoo
PM,2024-03-20,1.3,yahoo
PM,2024-06-21,1.3,yahoo
PM,2024-09-26,1.35,yahoo
PM,2024-12-26,1.35,yahoo
PM,2025-03-20,1.35,yahoo
PM,2025-06-27,1.35,yahoo
PM,2025-10-03,1.47,yahoo
PM,2025-12-26,1.47,yahoo
PM,2026-03-19,1.47,yahoo
PM,2026-06-25,1.47,yahoo
PNC,2021-10-14,1.25,yahoo
PNC,2022-01-14,1.25,yahoo
PNC,2022-04-12,1.5,yahoo
PNC,2022-07-12,1.5,yahoo
PNC,2022-10-14,1.5,yahoo
PNC,2023-01-13,1.5,yahoo
PNC,2023-04-17,1.5,yahoo
PNC,2023-07-14,1.55,yahoo
PNC,2023-10-16,1.55,yahoo
PNC,2024-01-12,1.55,yahoo
PNC,2024-04-12,1.55,yahoo
PNC,2024-07-15,1.6,yahoo
PNC,2024-10-16,1.6,yahoo
PNC,2025-01-15,1.6,yahoo
PNC,2025-04-16,1.6,yahoo
PNC,2025-07-15,1.7,yahoo
PNC,2025-10-14,1.7,yahoo
PNC,2026-01-20,1.7,yahoo
PNC,2026-04-14,1.7,yahoo
PNC,2026-07-20,2,yahoo
PNFP,2021-11-04,0.18,yahoo
PNFP,2022-02-03,0.22,yahoo
PNFP,2022-05-05,0.22,yahoo
PNFP,2022-08-04,0.22,yahoo
PNFP,2022-11-03,0.22,yahoo
PNFP,2023-02-02,0.22,yahoo
PNFP,2023-05-04,0.22,yahoo
PNFP,2023-08-03,0.22,yahoo
PNFP,2023-11-02,0.22,yahoo
PNFP,2024-02-01,0.22,yahoo
PNFP,2024-05-02,0.22,yahoo
PNFP,2024-08-02,0.22,yahoo
PNFP,2024-11-01,0.22,yahoo
PNFP,2025-02-07,0.24,yahoo
PNFP,2025-05-02,0.24,yahoo
PNFP,2025-08-01,0.24,yahoo
PNFP,2025-11-07,0.24,yahoo
PNFP,2026-02-06,0.5,yahoo
PNFP,2026-05-01,0.5,yahoo
PNFP,2026-08-07,0.5,yahoo
PNR,2021-10-21,0.2,yahoo
PNR,2022-01-20,0.21,yahoo
PNR,2022-04-21,0.21,yahoo
PNR,2022-07-21,0.21,yahoo
PNR,2022-10-20,0.21,yahoo
PNR,2023-01-19,0.22,yahoo
PNR,2023-04-20,0.22,yahoo
PNR,2023-07-20,0.22,yahoo
PNR,2023-10-19,0.22,yahoo
PNR,2024-01-18,0.23,yahoo
PNR,2024-04-18,0.23,yahoo
PNR,2024-07-19,0.23,yahoo
PNR,2024-10-18,0.23,yahoo
PNR,2025-01-24,0.25,yahoo
PNR,2025-04-17,0.25,yahoo
PNR,2025-07-18,0.25,yahoo
PNR,2025-10-24,0.25,yahoo
PNR,2026-01-23,0.27,yahoo
PNR,2026-04-17,0.27,yahoo
PNR,2026-07-24,0.27,yahoo
PNW,2021-11-15,0.85,yahoo
PNW,2022-01-31,0.85,yahoo
PNW,2022-04-29,0.85,yahoo
PNW,2022-07-29,0.85,yahoo
PNW,2022-10-31,0.865,yahoo
PNW,2023-01-31,0.865,yahoo
PNW,2023-04-28,0.865,yahoo
PNW,2023-07-31,0.865,yahoo
PNW,2023-10-31,0.88,yahoo
PNW,2024-01-31,0.88,yahoo
PNW,2024-04-30,0.88,yahoo
PNW,2024-08-01,0.88,yahoo
PNW,2024-11-04,0.895,yahoo
PNW,2025-02-03,0.895,yahoo
PNW,2025-05-05,0.895,yahoo
PNW,2025-08-01,0.895,yahoo
PNW,2025-11-03,0.91,yahoo
PNW,2026-02-02,0.91,yahoo
PNW,2026-05-04,0.91,yahoo
PNW,2026-08-03,0.91,yahoo
POOL,2021-11-09,0.8,yahoo
POOL,2022-03-09,0.8,yahoo
POOL,2022-05-13,1,yahoo
POOL,2022-08-10,1,yahoo
POOL,2022-11-09,1,yahoo
POOL,2023-03-14,1,yahoo
POOL,2023-05-16,1.1,yahoo
POOL,2023-08-09,1.1,yahoo
POOL,2023-11-07,1.1,yahoo
POOL,2024-03-13,1.1,yahoo
POOL,2024-05-15,1.2,yahoo
POOL,2024-08-15,1.2,yahoo
POOL,2024-11-13,1.2,yahoo
POOL,2025-03-12,1.2,yahoo
POOL,2025-05-15,1.25,yahoo
POOL,2025-08-14,1.25,yahoo
POOL,2025-11-12,1.25,yahoo
POOL,2026-03-12,1.25,yahoo
POOL,2026-05-14,1.3,yahoo
POOL,2026-08-13,1.3,yahoo
POR,2021-09-24,0.43,yahoo
POR,2021-12-23,0.43,yahoo
POR,2022-03-24,0.43,yahoo
POR,2022-06-24,0.453,yahoo
POR,2022-09-23,0.453,yahoo
POR,2022-12-23,0.453,yahoo
POR,2023-03-24,0.453,yahoo
POR,2023-06-23,0.475,yahoo
POR,2023-09-22,0.475,yahoo
POR,2023-12-22,0.475,yahoo
POR,2024-03-21,0.475,yahoo
POR,2024-06-24,0.5,yahoo
POR,2024-09-24,0.5,yahoo
POR,2024-12-24,0.5,yahoo
POR,2025-03-24,0.5,yahoo
POR,2025-06-24,0.525,yahoo
POR,2025-09-25,0.525,yahoo
POR,2025-12-22,0.525,yahoo
POR,2026-03-23,0.525,yahoo
POR,2026-06-25,0.551,yahoo
POWL,2021-11-16,0.086667,yahoo
POWL,2022-02-15,0.086667,yahoo
POWL,2022-05-17,0.086667,yahoo
POWL,2022-08-16,0.086667,yahoo
POWL,2022-11-15,0.086667,yahoo
POWL,2023-02-14,0.087667,yahoo
POWL,2023-05-16,0.087667,yahoo
POWL,2023-08-15,0.087667,yahoo
POWL,2023-11-14,0.087667,yahoo
POWL,2024-02-13,0.088333,yahoo
POWL,2024-05-14,0.088333,yahoo
POWL,2024-08-14,0.088333,yahoo
POWL,2024-11-20,0.088333,yahoo
POWL,2025-02-19,0.089333,yahoo
POWL,2025-05-21,0.089333,yahoo
POWL,2025-08-20,0.089333,yahoo
POWL,2025-11-19,0.089333,yahoo
POWL,2026-02-18,0.09,yahoo
POWL,2026-05-20,0.09,yahoo
POWL,2026-08-19,0.09,yahoo
PPG,2021-11-09,0.59,yahoo
PPG,2022-02-17,0.59,yahoo
PPG,2022-05-09,0.59,yahoo
PPG,2022-08-09,0.62,yahoo
PPG,2022-11-09,0.62,yahoo
PPG,2023-02-16,0.62,yahoo
PPG,2023-05-09,0.62,yahoo
PPG,2023-08-09,0.65,yahoo
PPG,2023-11-09,0.65,yahoo
PPG,2024-02-15,0.65,yahoo
PPG,2024-05-09,0.65,yahoo
PPG,2024-08-12,0.68,yahoo
PPG,2024-11-12,0.68,yahoo
PPG,2025-02-21,0.68,yahoo
PPG,2025-05-12,0.68,yahoo
PPG,2025-08-11,0.71,yahoo
PPG,2025-11-10,0.71,yahoo
PPG,2026-02-20,0.71,yahoo
PPG,2026-05-11,0.71,yahoo
PPG,2026-08-10,0.74,yahoo
PPL,2021-09-09,0.415,yahoo
PPL,2021-12-09,0.415,yahoo
PPL,2022-03-09,0.2,yahoo
PPL,2022-06-17,0.225,yahoo
PPL,2022-09-08,0.225,yahoo
PPL,2022-12-08,0.225,yahoo
PPL,2023-03-09,0.24,yahoo
PPL,2023-06-08,0.24,yahoo
PPL,2023-09-07,0.24,yahoo
PPL,2023-12-07,0.24,yahoo
PPL,2024-03-07,0.258,yahoo
PPL,2024-06-10,0.258,yahoo
PPL,2024-09-10,0.258,yahoo
PPL,2024-12-10,0.258,yahoo
PPL,2025-03-10,0.273,yahoo
PPL,2025-06-10,0.273,yahoo
PPL,2025-09-10,0.273,yahoo
PPL,2025-12-10,0.273,yahoo
PPL,2026-03-10,0.285,yahoo
PPL,2026-06-10,0.285,yahoo
PPL,2026-09-10,0.285,yahoo
PR,2022-11-18,0.05,yahoo
PR,2023-03-06,0.05,yahoo
PR,2023-05-15,0.1,yahoo
PR,2023-08-14,0.1,yahoo
PR,2023-11-17,0.12,yahoo
PR,2024-03-12,0.15,yahoo
PR,2024-05-20,0.2,yahoo
PR,2024-08-19,0.21,yahoo
PR,2024-11-14,0.15,yahoo
PR,2025-03-17,0.15,yahoo
PR,2025-06-16,0.15,yahoo
PR,2025-09-16,0.15,yahoo
PR,2025-12-17,0.15,yahoo
PR,2026-03-17,0.16,yahoo
PR,2026-06-16,0.16,yahoo
PRI,2021-11-19,0.47,yahoo
PRI,2022-02-18,0.55,yahoo
PRI,2022-05-19,0.55,yahoo
PRI,2022-08-19,0.55,yahoo
PRI,2022-11-21,0.55,yahoo
PRI,2023-02-17,0.65,yahoo
PRI,2023-05-19,0.65,yahoo
PRI,2023-08-18,0.65,yahoo
PRI,2023-11-20,0.65,yahoo
PRI,2024-02-20,0.75,yahoo
PRI,2024-05-20,0.75,yahoo
PRI,2024-08-21,0.9,yahoo
PRI,2024-11-21,0.9,yahoo
PRI,2025-02-21,1.04,yahoo
PRI,2025-05-22,1.04,yahoo
PRI,2025-08-22,1.04,yahoo
PRI,2025-11-21,1.04,yahoo
PRI,2026-02-23,1.2,yahoo
PRI,2026-05-21,1.2,yahoo
PRI,2026-08-21,1.2,yahoo
PRIM,2021-09-29,0.06,yahoo
PRIM,2021-12-30,0.06,yahoo
PRIM,2022-03-30,0.06,yahoo
PRIM,2022-06-29,0.06,yahoo
PRIM,2022-09-29,0.06,yahoo
PRIM,2022-12-29,0.06,yahoo
PRIM,2023-03-30,0.06,yahoo
PRIM,2023-06-29,0.06,yahoo
PRIM,2023-09-28,0.06,yahoo
PRIM,2023-12-28,0.06,yahoo
PRIM,2024-03-27,0.06,yahoo
PRIM,2024-06-28,0.06,yahoo
PRIM,2024-09-27,0.06,yahoo
PRIM,2024-12-31,0.08,yahoo
PRIM,2025-03-31,0.08,yahoo
PRIM,2025-06-30,0.08,yahoo
PRIM,2025-09-30,0.08,yahoo
PRIM,2025-12-31,0.08,yahoo
PRIM,2026-03-31,0.08,yahoo
PRIM,2026-06-30,0.08,yahoo
PRMB,2021-11-22,0.06,yahoo
PRMB,2022-03-10,0.07,yahoo
PRMB,2022-06-09,0.07,yahoo
PRMB,2022-08-23,0.07,yahoo
PRMB,2022-11-28,0.07,yahoo
PRMB,2023-03-09,0.08,yahoo
PRMB,2023-06-01,0.08,yahoo
PRMB,2023-08-23,0.08,yahoo
PRMB,2023-11-20,0.08,yahoo
PRMB,2024-03-07,0.09,yahoo
PRMB,2024-06-07,0.09,yahoo
PRMB,2024-08-22,0.09,yahoo
PRMB,2024-11-05,0.82,yahoo
PRMB,2024-11-22,0.09,yahoo
PRMB,2025-03-07,0.1,yahoo
PRMB,2025-06-06,0.1,yahoo
PRMB,2025-08-21,0.1,yahoo
PRMB,2025-11-25,0.1,yahoo
PRMB,2026-03-06,0.12,yahoo
PRMB,2026-06-04,0.12,yahoo
PRMB,2026-08-24,0.12,yahoo
PRU,2021-11-22,1.15,yahoo
PRU,2022-02-14,1.2,yahoo
PRU,2022-05-23,1.2,yahoo
PRU,2022-08-22,1.2,yahoo
PRU,2022-11-21,1.2,yahoo
PRU,2023-02-17,1.25,yahoo
PRU,2023-05-22,1.25,yahoo
PRU,2023-08-21,1.25,yahoo
PRU,2023-11-20,1.25,yahoo
PRU,2024-02-16,1.3,yahoo
PRU,2024-05-20,1.3,yahoo
PRU,2024-08-20,1.3,yahoo
PRU,2024-11-19,1.3,yahoo
PRU,2025-02-18,1.35,yahoo
PRU,2025-05-20,1.35,yahoo
PRU,2025-08-19,1.35,yahoo
PRU,2025-11-18,1.35,yahoo
PRU,2026-02-17,1.4,yahoo
PRU,2026-05-26,1.4,yahoo
PRU,2026-08-25,1.4,yahoo
PSA,2021-09-14,2,yahoo
PSA,2021-12-14,2,yahoo
PSA,2022-03-15,2,yahoo
PSA,2022-06-14,2,yahoo
PSA,2022-07-29,13.15,yahoo
PSA,2022-09-13,2,yahoo
PSA,2022-12-13,2,yahoo
PSA,2023-03-14,3,yahoo
PSA,2023-06-13,3,yahoo
PSA,2023-09-12,3,yahoo
PSA,2023-12-12,3,yahoo
PSA,2024-03-12,3,yahoo
PSA,2024-06-12,3,yahoo
PSA,2024-09-13,3,yahoo
PSA,2024-12-13,3,yahoo
PSA,2025-03-13,3,yahoo
PSA,2025-06-12,3,yahoo
PSA,2025-09-15,3,yahoo
PSA,2025-12-15,3,yahoo
PSA,2026-03-16,3,yahoo
PSA,2026-06-15,3,yahoo
PSKY,2021-09-14,0.24,yahoo
PSKY,2021-12-14,0.24,yahoo
PSKY,2022-03-14,0.24,yahoo
PSKY,2022-06-14,0.24,yahoo
PSKY,2022-09-14,0.24,yahoo
PSKY,2022-12-14,0.24,yahoo
PSKY,2023-03-17,0.24,yahoo
PSKY,2023-06-14,0.05,yahoo
PSKY,2023-09-14,0.05,yahoo
PSKY,2023-12-14,0.05,yahoo
PSKY,2024-03-14,0.05,yahoo
PSKY,2024-06-17,0.05,yahoo
PSKY,2024-09-16,0.05,yahoo
PSKY,2024-12-16,0.05,yahoo
PSKY,2025-03-17,0.05,yahoo
PSKY,2025-06-16,0.05,yahoo
PSKY,2025-09-15,0.05,yahoo
PSKY,2025-12-18,0.05,yahoo
PSKY,2026-03-16,0.05,yahoo
PSKY,2026-06-15,0.05,yahoo
PSX,2021-11-16,0.92,yahoo
PSX,2022-02-18,0.92,yahoo
PSX,2022-05-20,0.97,yahoo
PSX,2022-08-17,0.97,yahoo
PSX,2022-11-16,0.97,yahoo
PSX,2023-02-17,1.05,yahoo
PSX,2023-05-19,1.05,yahoo
PSX,2023-08-17,1.05,yahoo
PSX,2023-11-16,1.05,yahoo
PSX,2024-02-16,1.05,yahoo
PSX,2024-05-17,1.15,yahoo
PSX,2024-08-20,1.15,yahoo
PSX,2024-11-18,1.15,yahoo
PSX,2025-02-24,1.15,yahoo
PSX,2025-05-19,1.2,yahoo
PSX,2025-08-19,1.2,yahoo
PSX,2025-11-17,1.2,yahoo
PSX,2026-02-23,1.27,yahoo
PSX,2026-05-18,1.27,yahoo
PSX,2026-08-18,1.27,yahoo
PTEN,2021-12-01,0.02,yahoo
PTEN,2022-03-02,0.04,yahoo
PTEN,2022-06-01,0.04,yahoo
PTEN,2022-08-31,0.04,yahoo
PTEN,2022-11-30,0.08,yahoo
PTEN,2023-03-01,0.08,yahoo
PTEN,2023-05-31,0.08,yahoo
PTEN,2023-09-06,0.08,yahoo
PTEN,2023-11-30,0.08,yahoo
PTEN,2024-02-29,0.08,yahoo
PTEN,2024-06-03,0.08,yahoo
PTEN,2024-09-03,0.08,yahoo
PTEN,2024-12-02,0.08,yahoo
PTEN,2025-03-03,0.08,yahoo
PTEN,2025-06-02,0.08,yahoo
PTEN,2025-09-02,0.08,yahoo
PTEN,2025-12-01,0.08,yahoo
PTEN,2026-03-02,0.1,yahoo
PTEN,2026-06-01,0.1,yahoo
PTEN,2026-09-01,0.1,yahoo
PVH,2021-11-23,0.038,yahoo
PVH,2022-03-10,0.038,yahoo
PVH,2022-06-07,0.038,yahoo
PVH,2022-09-06,0.038,yahoo
PVH,2022-11-29,0.038,yahoo
PVH,2023-03-07,0.038,yahoo
PVH,2023-06-06,0.038,yahoo
PVH,2023-09-05,0.038,yahoo
PVH,2023-11-28,0.038,yahoo
PVH,2024-03-05,0.038,yahoo
PVH,2024-06-05,0.038,yahoo
PVH,2024-09-04,0.038,yahoo
PVH,2024-11-27,0.038,yahoo
PVH,2025-03-05,0.038,yahoo
PVH,2025-06-04,0.038,yahoo
PVH,2025-09-03,0.038,yahoo
PVH,2025-11-26,0.038,yahoo
PVH,2026-03-04,0.038,yahoo
PVH,2026-06-03,0.038,yahoo
PVH,2026-09-02,0.038,yahoo
PWR,2021-09-30,0.06,yahoo
PWR,2022-01-03,0.07,yahoo
PWR,2022-04-08,0.07,yahoo
PWR,2022-06-30,0.07,yahoo
PWR,2022-09-30,0.07,yahoo
PWR,2022-12-30,0.08,yahoo
PWR,2023-04-06,0.08,yahoo
PWR,2023-06-30,0.08,yahoo
PWR,2023-09-29,0.08,yahoo
PWR,2023-12-29,0.09,yahoo
PWR,2024-04-08,0.09,yahoo
PWR,2024-07-01,0.09,yahoo
PWR,2024-10-01,0.09,yahoo
PWR,2025-01-02,0.1,yahoo
PWR,2025-04-03,0.1,yahoo
PWR,2025-07-01,0.1,yahoo
PWR,2025-10-01,0.1,yahoo
PWR,2026-01-02,0.11,yahoo
PWR,2026-04-02,0.11,yahoo
PWR,2026-07-01,0.11,yahoo
PYPL,2025-11-19,0.14,yahoo
PYPL,2026-03-04,0.14,yahoo
PYPL,2026-06-04,0.14,yahoo
PYPL,2026-09-04,0.14,yahoo
QCOM,2021-12-01,0.68,yahoo
QCOM,2022-03-02,0.68,yahoo
QCOM,2022-06-01,0.75,yahoo
QCOM,2022-08-31,0.75,yahoo
QCOM,2022-11-30,0.75,yahoo
QCOM,2023-03-01,0.75,yahoo
QCOM,2023-05-31,0.8,yahoo
QCOM,2023-08-30,0.8,yahoo
QCOM,2023-11-29,0.8,yahoo
QCOM,2024-02-28,0.8,yahoo
QCOM,2024-05-30,0.85,yahoo
QCOM,2024-09-05,0.85,yahoo
QCOM,2024-12-05,0.85,yahoo
QCOM,2025-03-06,0.85,yahoo
QCOM,2025-06-05,0.89,yahoo
QCOM,2025-09-04,0.89,yahoo
QCOM,2025-12-04,0.89,yahoo
QCOM,2026-03-05,0.89,yahoo
QCOM,2026-06-04,0.92,yahoo
QCOM,2026-09-03,0.92,yahoo
QGEN,2024-01-30,1.357745,yahoo
QGEN,2025-07-02,0.25,yahoo
QGEN,2026-07-07,0.35,yahoo
QID,2022-12-22,0.19,yahoo
QID,2023-03-22,0.415,yahoo
QID,2023-06-21,0.665,yahoo
QID,2023-09-20,0.88,yahoo
QID,2023-12-20,1.03,yahoo
QID,2024-03-20,0.79,yahoo
QID,2024-06-26,0.78,yahoo
QID,2024-09-25,0.53,yahoo
QID,2024-12-23,0.514,yahoo
QID,2025-03-26,0.369,yahoo
QID,2025-06-25,0.276,yahoo
QID,2025-09-24,0.248,yahoo
QID,2025-12-24,0.371,yahoo
QID,2026-03-25,0.147,yahoo
QID,2026-06-24,0.146,yahoo
QLD,2022-12-22,0.0545,yahoo
QLD,2023-09-20,0.088,yahoo
QLD,2023-12-20,0.039,yahoo
QLD,2024-03-20,0.0275,yahoo
QLD,2024-06-26,0.053,yahoo
QLD,2024-09-25,0.0255,yahoo
QLD,2024-12-23,0.0305,yahoo
QLD,2025-03-26,0.013,yahoo
QLD,2025-06-25,0.062,yahoo
QLD,2025-09-24,0.0205,yahoo
QLD,2025-12-24,0.023,yahoo
QLD,2026-03-25,0.013,yahoo
QLD,2026-06-24,0.061,yahoo
QQQ,2021-09-20,0.414,yahoo
QQQ,2021-12-20,0.491,yahoo
QQQ,2022-03-21,0.434,yahoo
QQQ,2022-06-21,0.527,yahoo
QQQ,2022-09-19,0.519,yahoo
QQQ,2022-12-19,0.655,yahoo
QQQ,2023-03-20,0.472,yahoo
QQQ,2023-06-20,0.504,yahoo
QQQ,2023-09-18,0.536,yahoo
QQQ,2023-12-18,0.808,yahoo
QQQ,2023-12-27,0.216,yahoo
QQQ,2024-03-18,0.573,yahoo
QQQ,2024-06-24,0.762,yahoo
QQQ,2024-09-23,0.677,yahoo
QQQ,2024-12-23,0.835,yahoo
QQQ,2025-03-24,0.716,yahoo
QQQ,2025-06-23,0.591,yahoo
QQQ,2025-09-22,0.694,yahoo
QQQ,2025-12-22,0.794,yahoo
QQQ,2026-03-23,0.733,yahoo
QQQ,2026-06-22,0.813,yahoo
QQQI,2024-02-21,0.594,yahoo
QQQI,2024-03-20,0.605,yahoo
QQQI,2024-04-24,0.587,yahoo
QQQI,2024-05-22,0.613,yahoo
QQQI,2024-06-26,0.623,yahoo
QQQI,2024-07-24,0.619,yahoo
QQQI,2024-08-21,0.644,yahoo
QQQI,2024-09-25,0.602,yahoo
QQQI,2024-10-23,0.61,yahoo
QQQI,2024-11-20,0.612,yahoo
QQQI,2024-12-24,0.622,yahoo
QQQI,2025-01-22,0.624,yahoo
QQQI,2025-02-26,0.614,yahoo
QQQI,2025-03-26,0.587,yahoo
QQQI,2025-04-23,0.531,yahoo
QQQI,2025-05-21,0.637,yahoo
QQQI,2025-06-25,0.628,yahoo
QQQI,2025-07-23,0.637,yahoo
QQQI,2025-08-20,0.629,yahoo
QQQI,2025-09-24,0.641,yahoo
QQQI,2025-10-22,0.645,yahoo
QQQI,2025-11-26,0.63,yahoo
QQQI,2025-12-24,0.641,yahoo
QQQI,2026-01-21,0.636,yahoo
QQQI,2026-02-18,0.614,yahoo
QQQI,2026-03-18,0.609,yahoo
QQQI,2026-04-22,0.63,yahoo
QQQI,2026-05-20,0.659,yahoo
QQQI,2026-06-16,0.657,yahoo
QQQI,2026-07-22,0.635,yahoo
QQQI,2026-08-19,0.652,yahoo
QQQM,2021-09-20,0.166,yahoo
QQQM,2021-12-20,0.149,yahoo
QQQM,2022-03-21,0.194,yahoo
QQQM,2022-06-21,0.205,yahoo
QQQM,2022-09-19,0.245,yahoo
QQQM,2022-12-19,0.27,yahoo
QQQM,2023-03-20,0.254,yahoo
QQQM,2023-06-20,0.217,yahoo
QQQM,2023-09-18,0.245,yahoo
QQQM,2023-12-18,0.381,yahoo
QQQM,2024-03-18,0.345,yahoo
QQQM,2024-06-24,0.32,yahoo
QQQM,2024-09-23,0.3,yahoo
QQQM,2024-12-23,0.31,yahoo
QQQM,2025-03-24,0.318,yahoo
QQQM,2025-06-23,0.316,yahoo
QQQM,2025-09-22,0.302,yahoo
QQQM,2025-12-22,0.323,yahoo
QQQM,2026-03-23,0.328,yahoo
QQQM,2026-06-22,0.352,yahoo
QSR,2021-09-20,0.53,yahoo
QSR,2021-12-20,0.53,yahoo
QSR,2022-03-22,0.54,yahoo
QSR,2022-06-21,0.54,yahoo
QSR,2022-09-20,0.54,yahoo
QSR,2022-12-20,0.54,yahoo
QSR,2023-03-21,0.55,yahoo
QSR,2023-06-21,0.55,yahoo
QSR,2023-09-19,0.55,yahoo
QSR,2023-12-20,0.55,yahoo
QSR,2024-03-20,0.58,yahoo
QSR,2024-06-21,0.58,yahoo
QSR,2024-09-20,0.58,yahoo
QSR,2024-12-20,0.58,yahoo
QSR,2025-03-21,0.62,yahoo
QSR,2025-06-24,0.62,yahoo
QSR,2025-09-23,0.62,yahoo
QSR,2025-12-23,0.62,yahoo
QSR,2026-03-19,0.65,yahoo
QSR,2026-06-23,0.65,yahoo
QXO,2023-08-17,1.6,yahoo
QXO,2024-06-05,26.184,yahoo
R,2021-11-19,0.58,yahoo
R,2022-02-18,0.58,yahoo
R,2022-05-20,0.58,yahoo
R,2022-08-19,0.62,yahoo
R,2022-11-18,0.62,yahoo
R,2023-02-17,0.62,yahoo
R,2023-05-19,0.62,yahoo
R,2023-08-18,0.71,yahoo
R,2023-11-17,0.71,yahoo
R,2024-02-16,0.71,yahoo
R,2024-05-17,0.71,yahoo
R,2024-08-19,0.81,yahoo
R,2024-11-18,0.81,yahoo
R,2025-02-18,0.81,yahoo
R,2025-05-19,0.81,yahoo
R,2025-08-18,0.91,yahoo
R,2025-11-17,0.91,yahoo
R,2026-02-17,0.91,yahoo
R,2026-05-18,0.91,yahoo
R,2026-08-24,1.01,yahoo
RACE,2022-04-19,1.469,yahoo
RACE,2023-04-24,1.989,yahoo
RACE,2024-04-22,2.604,yahoo
RACE,2025-04-22,3.438,yahoo
RACE,2026-04-20,4.254,yahoo
RAL,2025-09-08,0.05,yahoo
RAL,2025-12-08,0.05,yahoo
RAL,2026-03-09,0.05,yahoo
RAL,2026-06-08,0.05,yahoo
RAL,2026-09-08,0.05,yahoo
RBA,2021-11-23,0.25,yahoo
RBA,2022-02-10,0.25,yahoo
RBA,2022-05-26,0.25,yahoo
RBA,2022-08-23,0.27,yahoo
RBA,2022-11-22,0.27,yahoo
RBA,2023-02-09,0.27,yahoo
RBA,2023-03-21,1.08,yahoo
RBA,2023-05-30,0.27,yahoo
RBA,2023-08-22,0.27,yahoo
RBA,2023-11-29,0.27,yahoo
RBA,2024-02-08,0.27,yahoo
RBA,2024-05-29,0.27,yahoo
RBA,2024-08-28,0.29,yahoo
RBA,2024-11-27,0.29,yahoo
RBA,2025-02-14,0.29,yahoo
RBA,2025-05-29,0.29,yahoo
RBA,2026-05-27,0.31,yahoo
RBA,2026-08-25,0.33,yahoo
RBC,2021-09-30,0.33,yahoo
RBC,2021-10-05,6.99,yahoo
RBC,2021-12-30,0.33,yahoo
RBC,2022-03-30,0.33,yahoo
RBC,2022-06-29,0.35,yahoo
RBC,2022-09-29,0.35,yahoo
RCL,2024-09-20,0.4,yahoo
RCL,2024-12-27,0.55,yahoo
RCL,2025-03-07,0.75,yahoo
RCL,2025-06-04,0.75,yahoo
RCL,2025-09-25,1,yahoo
RCL,2025-12-26,1,yahoo
RCL,2026-03-06,1.5,yahoo
RCL,2026-06-03,1.5,yahoo
REG,2021-09-14,0.595,yahoo
REG,2021-12-15,0.625,yahoo
REG,2022-03-14,0.625,yahoo
REG,2022-06-14,0.625,yahoo
REG,2022-09-14,0.625,yahoo
REG,2022-12-15,0.65,yahoo
REG,2023-03-14,0.65,yahoo
REG,2023-06-13,0.65,yahoo
REG,2023-09-13,0.65,yahoo
REG,2023-12-13,0.67,yahoo
REG,2024-03-12,0.67,yahoo
REG,2024-06-12,0.67,yahoo
REG,2024-09-12,0.67,yahoo
REG,2024-12-16,0.705,yahoo
REG,2025-03-12,0.705,yahoo
REG,2025-06-11,0.705,yahoo
REG,2025-09-11,0.705,yahoo
REG,2025-12-15,0.755,yahoo
REG,2026-03-11,0.755,yahoo
REG,2026-06-12,0.755,yahoo
REG,2026-09-11,0.755,yahoo
REGN,2025-02-20,0.88,yahoo
REGN,2025-05-20,0.88,yahoo
REGN,2025-08-18,0.88,yahoo
REGN,2025-11-20,0.88,yahoo
REGN,2026-02-20,0.94,yahoo
REGN,2026-05-20,0.94,yahoo
REGN,2026-08-18,0.94,yahoo
REXR,2021-09-29,0.24,yahoo
REXR,2021-12-30,0.24,yahoo
REXR,2022-03-30,0.315,yahoo
REXR,2022-06-29,0.315,yahoo
REXR,2022-09-29,0.315,yahoo
REXR,2022-12-29,0.315,yahoo
REXR,2023-03-30,0.38,yahoo
REXR,2023-06-29,0.38,yahoo
REXR,2023-09-28,0.38,yahoo
REXR,2023-12-28,0.38,yahoo
REXR,2024-03-27,0.418,yahoo
REXR,2024-06-28,0.418,yahoo
REXR,2024-09-30,0.418,yahoo
REXR,2024-12-31,0.418,yahoo
REXR,2025-03-31,0.43,yahoo
REXR,2025-06-30,0.43,yahoo
REXR,2025-09-30,0.43,yahoo
REXR,2025-12-31,0.43,yahoo
REXR,2026-03-31,0.435,yahoo
REXR,2026-06-30,0.435,yahoo
RF,2021-09-02,0.17,yahoo
RF,2021-12-02,0.17,yahoo
RF,2022-03-10,0.17,yahoo
RF,2022-06-02,0.17,yahoo
RF,2022-09-01,0.2,yahoo
RF,2022-12-07,0.2,yahoo
RF,2023-03-09,0.2,yahoo
RF,2023-06-01,0.2,yahoo
RF,2023-08-31,0.24,yahoo
RF,2023-12-07,0.24,yahoo
RF,2024-02-29,0.24,yahoo
RF,2024-06-03,0.24,yahoo
RF,2024-09-03,0.25,yahoo
RF,2024-12-02,0.25,yahoo
RF,2025-03-03,0.25,yahoo
RF,2025-06-02,0.25,yahoo
RF,2025-09-02,0.265,yahoo
RF,2025-12-01,0.265,yahoo
RF,2026-03-02,0.265,yahoo
RF,2026-06-01,0.265,yahoo
RF,2026-09-01,0.3,yahoo
RGA,2021-11-15,0.73,yahoo
RGA,2022-02-14,0.73,yahoo
RGA,2022-05-16,0.73,yahoo
RGA,2022-08-15,0.8,yahoo
RGA,2022-11-14,0.8,yahoo
RGA,2023-02-13,0.8,yahoo
RGA,2023-05-15,0.8,yahoo
RGA,2023-08-14,0.85,yahoo
RGA,2023-11-13,0.85,yahoo
RGA,2024-02-12,0.85,yahoo
RGA,2024-05-13,0.85,yahoo
RGA,2024-08-13,0.89,yahoo
RGA,2024-11-12,0.89,yahoo
RGA,2025-02-18,0.89,yahoo
RGA,2025-05-13,0.89,yahoo
RGA,2025-08-12,0.93,yahoo
RGA,2025-11-10,0.93,yahoo
RGA,2026-02-17,0.93,yahoo
RGA,2026-05-19,0.93,yahoo
RGA,2026-08-18,0.98,yahoo
RGLD,2021-09-30,0.3,yahoo
RGLD,2022-01-06,0.35,yahoo
RGLD,2022-03-31,0.35,yahoo
RGLD,2022-06-30,0.35,yahoo
RGLD,2022-10-06,0.35,yahoo
RGLD,2023-01-05,0.375,yahoo
RGLD,2023-04-05,0.375,yahoo
RGLD,2023-07-06,0.375,yahoo
RGLD,2023-10-05,0.375,yahoo
RGLD,2024-01-04,0.4,yahoo
RGLD,2024-04-04,0.4,yahoo
RGLD,2024-07-05,0.4,yahoo
RGLD,2024-10-04,0.4,yahoo
RGLD,2025-01-03,0.45,yahoo
RGLD,2025-04-04,0.45,yahoo
RGLD,2025-07-03,0.45,yahoo
RGLD,2025-10-03,0.45,yahoo
RGLD,2026-01-02,0.475,yahoo
RGLD,2026-04-02,0.475,yahoo
RGLD,2026-07-02,0.475,yahoo
RHI,2021-11-23,0.38,yahoo
RHI,2022-02-24,0.43,yahoo
RHI,2022-05-24,0.43,yahoo
RHI,2022-08-24,0.43,yahoo
RHI,2022-11-23,0.43,yahoo
RHI,2023-02-23,0.48,yahoo
RHI,2023-05-24,0.48,yahoo
RHI,2023-08-24,0.48,yahoo
RHI,2023-11-22,0.48,yahoo
RHI,2024-02-22,0.53,yahoo
RHI,2024-05-23,0.53,yahoo
RHI,2024-08-23,0.53,yahoo
RHI,2024-11-25,0.53,yahoo
RHI,2025-02-25,0.59,yahoo
RHI,2025-05-23,0.59,yahoo
RHI,2025-08-25,0.59,yahoo
RHI,2025-11-25,0.59,yahoo
RHI,2026-02-25,0.59,yahoo
RHI,2026-05-22,0.59,yahoo
RHI,2026-08-25,0.59,yahoo
RHP,2022-09-29,0.1,yahoo
RHP,2022-12-29,0.25,yahoo
RHP,2023-03-30,0.75,yahoo
RHP,2023-06-29,1,yahoo
RHP,2023-09-28,1,yahoo
RHP,2023-12-28,1.1,yahoo
RHP,2024-03-27,1.1,yahoo
RHP,2024-06-28,1.1,yahoo
RHP,2024-09-30,1.1,yahoo
RHP,2024-12-31,1.15,yahoo
RHP,2025-03-31,1.15,yahoo
RHP,2025-06-30,1.15,yahoo
RHP,2025-09-30,1.15,yahoo
RHP,2025-12-31,1.2,yahoo
RHP,2026-03-31,1.2,yahoo
RHP,2026-06-30,1.2,yahoo
RIO,2022-03-10,4.79,yahoo
RIO,2022-08-11,2.67,yahoo
RIO,2023-03-09,2.25,yahoo
RIO,2023-08-10,1.77,yahoo
RIO,2024-03-07,2.58,yahoo
RIO,2024-08-16,1.77,yahoo
RIO,2025-03-07,2.25,yahoo
RIO,2025-08-15,1.48,yahoo
RIO,2026-03-06,2.54,yahoo
RIO,2026-08-14,2.11,yahoo
RJF,2021-09-30,0.26,yahoo
RJF,2022-01-03,0.34,yahoo
RJF,2022-04-01,0.34,yahoo
RJF,2022-06-30,0.34,yahoo
RJF,2022-09-30,0.34,yahoo
RJF,2022-12-30,0.42,yahoo
RJF,2023-03-31,0.42,yahoo
RJF,2023-06-30,0.42,yahoo
RJF,2023-09-29,0.42,yahoo
RJF,2023-12-29,0.45,yahoo
RJF,2024-03-28,0.45,yahoo
RJF,2024-07-01,0.45,yahoo
RJF,2024-10-01,0.45,yahoo
RJF,2025-01-02,0.5,yahoo
RJF,2025-04-01,0.5,yahoo
RJF,2025-07-01,0.5,yahoo
RJF,2025-10-01,0.5,yahoo
RJF,2026-01-02,0.54,yahoo
RJF,2026-04-01,0.54,yahoo
RJF,2026-07-01,0.54,yahoo
RKT,2022-03-07,1.01,yahoo
RKT,2025-03-20,0.8,yahoo
RL,2021-09-23,0.688,yahoo
RL,2021-12-22,0.688,yahoo
RL,2022-03-31,0.688,yahoo
RL,2022-06-30,0.75,yahoo
RL,2022-09-29,0.75,yahoo
RL,2022-12-29,0.75,yahoo
RL,2023-03-30,0.75,yahoo
RL,2023-06-29,0.75,yahoo
RL,2023-09-28,0.75,yahoo
RL,2023-12-28,0.75,yahoo
RL,2024-03-27,0.75,yahoo
RL,2024-06-28,0.825,yahoo
RL,2024-09-27,0.825,yahoo
RL,2024-12-27,0.825,yahoo
RL,2025-03-28,0.825,yahoo
RL,2025-06-27,0.913,yahoo
RL,2025-09-26,0.913,yahoo
RL,2025-12-26,0.913,yahoo
RL,2026-03-27,0.913,yahoo
RL,2026-06-26,1,yahoo
RMD,2021-11-09,0.42,yahoo
RMD,2022-02-09,0.42,yahoo
RMD,2022-05-11,0.42,yahoo
RMD,2022-08-17,0.44,yahoo
RMD,2022-11-09,0.44,yahoo
RMD,2023-02-08,0.44,yahoo
RMD,2023-05-10,0.44,yahoo
RMD,2023-08-16,0.48,yahoo
RMD,2023-11-08,0.48,yahoo
RMD,2024-02-07,0.48,yahoo
RMD,2024-05-08,0.48,yahoo
RMD,2024-08-15,0.53,yahoo
RMD,2024-11-07,0.53,yahoo
RMD,2025-02-13,0.53,yahoo
RMD,2025-05-08,0.53,yahoo
RMD,2025-08-14,0.6,yahoo
RMD,2025-11-13,0.6,yahoo
RMD,2026-02-12,0.6,yahoo
RMD,2026-05-14,0.6,yahoo
RMD,2026-08-20,0.66,yahoo
RNG,2026-03-09,0.075,yahoo
RNG,2026-06-02,0.075,yahoo
RNG,2026-08-06,0.125,yahoo
RNR,2021-09-14,0.36,yahoo
RNR,2021-12-14,0.36,yahoo
RNR,2022-03-14,0.37,yahoo
RNR,2022-06-14,0.37,yahoo
RNR,2022-09-14,0.37,yahoo
RNR,2022-12-14,0.37,yahoo
RNR,2023-03-14,0.38,yahoo
RNR,2023-06-14,0.38,yahoo
RNR,2023-09-14,0.38,yahoo
RNR,2023-12-14,0.38,yahoo
RNR,2024-03-14,0.39,yahoo
RNR,2024-06-14,0.39,yahoo
RNR,2024-09-13,0.39,yahoo
RNR,2024-12-13,0.39,yahoo
RNR,2025-03-14,0.4,yahoo
RNR,2025-06-13,0.4,yahoo
RNR,2025-09-15,0.4,yahoo
RNR,2026-03-13,0.41,yahoo
RNR,2026-06-15,0.41,yahoo
ROK,2021-11-12,1.12,yahoo
ROK,2022-02-11,1.12,yahoo
ROK,2022-05-13,1.12,yahoo
ROK,2022-08-12,1.12,yahoo
ROK,2022-11-10,1.18,yahoo
ROK,2023-02-17,1.18,yahoo
ROK,2023-05-12,1.18,yahoo
ROK,2023-08-11,1.18,yahoo
ROK,2023-11-10,1.25,yahoo
ROK,2024-02-16,1.25,yahoo
ROK,2024-05-10,1.25,yahoo
ROK,2024-08-12,1.25,yahoo
ROK,2024-11-18,1.31,yahoo
ROK,2025-02-18,1.31,yahoo
ROK,2025-05-19,1.31,yahoo
ROK,2025-08-18,1.31,yahoo
ROK,2025-11-17,1.38,yahoo
ROK,2026-02-23,1.38,yahoo
ROK,2026-05-18,1.38,yahoo
ROK,2026-08-17,1.38,yahoo
ROL,2021-11-09,0.18,yahoo
ROL,2022-02-09,0.1,yahoo
ROL,2022-05-09,0.1,yahoo
ROL,2022-08-09,0.1,yahoo
ROL,2022-11-09,0.13,yahoo
ROL,2023-02-09,0.13,yahoo
ROL,2023-05-09,0.13,yahoo
ROL,2023-08-09,0.13,yahoo
ROL,2023-11-09,0.15,yahoo
ROL,2024-02-20,0.15,yahoo
ROL,2024-05-09,0.15,yahoo
ROL,2024-08-12,0.15,yahoo
ROL,2024-11-12,0.165,yahoo
ROL,2025-02-25,0.165,yahoo
ROL,2025-05-12,0.165,yahoo
ROL,2025-08-11,0.165,yahoo
ROL,2025-11-10,0.183,yahoo
ROL,2026-02-25,0.183,yahoo
ROL,2026-05-11,0.183,yahoo
ROL,2026-08-10,0.183,yahoo
ROP,2021-10-05,0.563,yahoo
ROP,2022-01-07,0.62,yahoo
ROP,2022-04-04,0.62,yahoo
ROP,2022-07-07,0.62,yahoo
ROP,2022-10-05,0.62,yahoo
ROP,2023-01-06,0.683,yahoo
ROP,2023-04-05,0.683,yahoo
ROP,2023-07-07,0.683,yahoo
ROP,2023-10-05,0.683,yahoo
ROP,2024-01-08,0.75,yahoo
ROP,2024-04-04,0.75,yahoo
ROP,2024-07-08,0.75,yahoo
ROP,2024-10-08,0.75,yahoo
ROP,2025-01-03,0.825,yahoo
ROP,2025-04-04,0.825,yahoo
ROP,2025-07-08,0.825,yahoo
ROP,2025-10-03,0.825,yahoo
ROP,2026-01-02,0.91,yahoo
ROP,2026-04-06,0.91,yahoo
ROP,2026-07-08,0.91,yahoo
ROST,2021-09-03,0.285,yahoo
ROST,2021-12-06,0.285,yahoo
ROST,2022-03-14,0.31,yahoo
ROST,2022-06-06,0.31,yahoo
ROST,2022-09-02,0.31,yahoo
ROST,2022-12-05,0.31,yahoo
ROST,2023-03-13,0.335,yahoo
ROST,2023-06-05,0.335,yahoo
ROST,2023-09-01,0.335,yahoo
ROST,2023-12-04,0.335,yahoo
ROST,2024-03-14,0.368,yahoo
ROST,2024-06-11,0.368,yahoo
ROST,2024-09-10,0.368,yahoo
ROST,2024-12-10,0.368,yahoo
ROST,2025-03-18,0.405,yahoo
ROST,2025-06-10,0.405,yahoo
ROST,2025-09-09,0.405,yahoo
ROST,2025-12-09,0.405,yahoo
ROST,2026-03-13,0.445,yahoo
ROST,2026-06-09,0.445,yahoo
ROST,2026-09-08,0.445,yahoo
RPM,2021-10-15,0.4,yahoo
RPM,2022-01-13,0.4,yahoo
RPM,2022-04-13,0.4,yahoo
RPM,2022-07-14,0.4,yahoo
RPM,2022-10-14,0.42,yahoo
RPM,2023-01-19,0.42,yahoo
RPM,2023-04-12,0.42,yahoo
RPM,2023-07-17,0.42,yahoo
RPM,2023-10-17,0.46,yahoo
RPM,2024-01-18,0.46,yahoo
RPM,2024-04-18,0.46,yahoo
RPM,2024-07-17,0.46,yahoo
RPM,2024-10-18,0.51,yahoo
RPM,2025-01-17,0.51,yahoo
RPM,2025-04-17,0.51,yahoo
RPM,2025-07-15,0.51,yahoo
RPM,2025-10-20,0.54,yahoo
RPM,2026-01-16,0.54,yahoo
RPM,2026-04-16,0.54,yahoo
RPM,2026-07-14,0.54,yahoo
RPRX,2021-11-18,0.17,yahoo
RPRX,2022-02-17,0.19,yahoo
RPRX,2022-05-19,0.19,yahoo
RPRX,2022-08-18,0.19,yahoo
RPRX,2022-11-17,0.19,yahoo
RPRX,2023-02-15,0.2,yahoo
RPRX,2023-05-18,0.2,yahoo
RPRX,2023-08-17,0.2,yahoo
RPRX,2023-11-16,0.2,yahoo
RPRX,2024-02-15,0.21,yahoo
RPRX,2024-05-16,0.21,yahoo
RPRX,2024-08-16,0.21,yahoo
RPRX,2024-11-15,0.21,yahoo
RPRX,2025-02-21,0.22,yahoo
RPRX,2025-05-16,0.22,yahoo
RPRX,2025-08-15,0.22,yahoo
RPRX,2025-11-14,0.22,yahoo
RPRX,2026-02-20,0.235,yahoo
RPRX,2026-05-15,0.235,yahoo
RPRX,2026-08-14,0.235,yahoo
RRC,2022-09-14,0.08,yahoo
RRC,2022-12-14,0.08,yahoo
RRC,2023-03-14,0.08,yahoo
RRC,2023-06-15,0.08,yahoo
RRC,2023-09-14,0.08,yahoo
RRC,2023-12-14,0.08,yahoo
RRC,2024-03-14,0.08,yahoo
RRC,2024-06-14,0.08,yahoo
RRC,2024-09-13,0.08,yahoo
RRC,2024-12-13,0.08,yahoo
RRC,2025-03-14,0.09,yahoo
RRC,2025-06-13,0.09,yahoo
RRC,2025-09-12,0.09,yahoo
RRC,2025-12-12,0.09,yahoo
RRC,2026-03-13,0.1,yahoo
RRC,2026-06-12,0.1,yahoo
RRC,2026-09-11,0.1,yahoo
RRX,2021-09-30,0.33,yahoo
RRX,2021-10-05,6.99,yahoo
RRX,2021-12-30,0.33,yahoo
RRX,2022-03-30,0.33,yahoo
RRX,2022-06-29,0.35,yahoo
RRX,2022-09-29,0.35,yahoo
RRX,2022-12-29,0.35,yahoo
RRX,2023-03-30,0.35,yahoo
RRX,2023-06-29,0.35,yahoo
RRX,2023-09-28,0.35,yahoo
RRX,2023-12-28,0.35,yahoo
RRX,2024-03-27,0.35,yahoo
RRX,2024-06-28,0.35,yahoo
RRX,2024-09-27,0.35,yahoo
RRX,2024-12-31,0.35,yahoo
RRX,2025-03-31,0.35,yahoo
RRX,2025-06-30,0.35,yahoo
RRX,2025-09-30,0.35,yahoo
RRX,2025-12-31,0.35,yahoo
RRX,2026-03-31,0.35,yahoo
RRX,2026-06-30,0.35,yahoo
RS,2021-11-18,0.688,yahoo
RS,2022-03-10,0.875,yahoo
RS,2022-05-26,0.875,yahoo
RS,2022-08-18,0.875,yahoo
RS,2022-11-17,0.875,yahoo
RS,2023-03-09,1,yahoo
RS,2023-05-25,1,yahoo
RS,2023-08-17,1,yahoo
RS,2023-11-16,1,yahoo
RS,2024-03-07,1.1,yahoo
RS,2024-05-23,1.1,yahoo
RS,2024-08-16,1.1,yahoo
RS,2024-11-22,1.1,yahoo
RS,2025-03-07,1.2,yahoo
RS,2025-05-23,1.2,yahoo
RS,2025-08-15,1.2,yahoo
RS,2025-11-21,1.2,yahoo
RS,2026-03-06,1.25,yahoo
RS,2026-05-22,1.25,yahoo
RS,2026-08-14,1.25,yahoo
RSG,2021-09-30,0.46,yahoo
RSG,2021-12-31,0.46,yahoo
RSG,2022-03-31,0.46,yahoo
RSG,2022-06-30,0.46,yahoo
RSG,2022-09-30,0.495,yahoo
RSG,2022-12-30,0.495,yahoo
RSG,2023-03-31,0.495,yahoo
RSG,2023-06-30,0.495,yahoo
RSG,2023-09-29,0.535,yahoo
RSG,2023-12-29,0.535,yahoo
RSG,2024-04-01,0.535,yahoo
RSG,2024-07-02,0.535,yahoo
RSG,2024-10-02,0.58,yahoo
RSG,2025-01-02,0.58,yahoo
RSG,2025-04-02,0.58,yahoo
RSG,2025-07-02,0.58,yahoo
RSG,2025-10-02,0.625,yahoo
RSG,2026-01-02,0.625,yahoo
RSG,2026-04-02,0.625,yahoo
RSG,2026-07-02,0.625,yahoo
RSP,2021-09-20,0.557,yahoo
RSP,2021-12-20,0.454,yahoo
RSP,2022-03-21,0.654,yahoo
RSP,2022-06-21,0.703,yahoo
RSP,2022-09-19,0.63,yahoo
RSP,2022-12-19,0.578,yahoo
RSP,2023-03-20,0.691,yahoo
RSP,2023-06-20,0.642,yahoo
RSP,2023-09-18,0.638,yahoo
RSP,2023-12-18,0.609,yahoo
RSP,2024-03-18,0.68,yahoo
RSP,2024-06-24,0.663,yahoo
RSP,2024-09-23,0.695,yahoo
RSP,2024-12-23,0.62,yahoo
RSP,2025-03-24,0.831,yahoo
RSP,2025-06-23,0.722,yahoo
RSP,2025-09-22,0.82,yahoo
RSP,2025-12-22,0.764,yahoo
RSP,2026-03-23,0.812,yahoo
RSP,2026-06-22,0.81,yahoo
RTX,2021-11-18,0.51,yahoo
RTX,2022-02-24,0.51,yahoo
RTX,2022-05-19,0.55,yahoo
RTX,2022-08-18,0.55,yahoo
RTX,2022-11-17,0.55,yahoo
RTX,2023-02-23,0.55,yahoo
RTX,2023-05-18,0.59,yahoo
RTX,2023-08-17,0.59,yahoo
RTX,2023-11-16,0.59,yahoo
RTX,2024-02-22,0.59,yahoo
RTX,2024-05-16,0.63,yahoo
RTX,2024-08-16,0.63,yahoo
RTX,2024-11-15,0.63,yahoo
RTX,2025-02-21,0.63,yahoo
RTX,2025-05-23,0.68,yahoo
RTX,2025-08-15,0.68,yahoo
RTX,2025-11-21,0.68,yahoo
RTX,2026-02-20,0.68,yahoo
RTX,2026-05-22,0.73,yahoo
RTX,2026-08-14,0.73,yahoo
RVTY,2021-10-21,0.07,yahoo
RVTY,2022-01-20,0.07,yahoo
RVTY,2022-04-21,0.07,yahoo
RVTY,2022-07-21,0.07,yahoo
RVTY,2022-10-20,0.07,yahoo
RVTY,2023-01-19,0.07,yahoo
RVTY,2023-04-20,0.07,yahoo
RVTY,2023-07-20,0.07,yahoo
RVTY,2023-10-19,0.07,yahoo
RVTY,2024-01-18,0.07,yahoo
RVTY,2024-04-18,0.07,yahoo
RVTY,2024-07-19,0.07,yahoo
RVTY,2024-10-18,0.07,yahoo
RVTY,2025-01-17,0.07,yahoo
RVTY,2025-04-17,0.07,yahoo
RVTY,2025-07-18,0.07,yahoo
RVTY,2025-10-17,0.07,yahoo
RVTY,2026-01-16,0.07,yahoo
RVTY,2026-04-17,0.07,yahoo
RVTY,2026-07-17,0.07,yahoo
RY,2021-10-25,0.874,yahoo
RY,2022-01-25,0.95,yahoo
RY,2022-04-22,0.954,yahoo
RY,2022-07-25,0.991,yahoo
RY,2022-10-25,0.934,yahoo
RY,2023-01-25,0.988,yahoo
RY,2023-04-24,0.975,yahoo
RY,2023-07-25,1.025,yahoo
RY,2023-10-25,0.983,yahoo
RY,2024-01-24,1.025,yahoo
RY,2024-04-24,1.01,yahoo
RY,2024-07-25,1.029,yahoo
RY,2024-10-24,1.026,yahoo
RY,2025-01-27,1.032,yahoo
RY,2025-04-24,1.066,yahoo
RY,2025-07-24,1.132,yahoo
RY,2026-04-23,1.2,yahoo
RY,2026-07-27,1.249,yahoo
RYAN,2024-03-12,0.34,yahoo
RYAN,2024-05-13,0.11,yahoo
RYAN,2024-08-13,0.11,yahoo
RYAN,2024-11-12,0.11,yahoo
RYAN,2025-03-04,0.12,yahoo
RYAN,2025-05-13,0.12,yahoo
RYAN,2025-08-12,0.12,yahoo
RYAN,2025-11-10,0.12,yahoo
RYAN,2026-02-24,0.13,yahoo
RYAN,2026-05-12,0.13,yahoo
RYAN,2026-08-11,0.13,yahoo
RYN,2021-09-15,0.27,yahoo
RYN,2021-12-16,0.27,yahoo
RYN,2022-03-16,0.27,yahoo
RYN,2022-06-15,0.285,yahoo
RYN,2022-09-15,0.285,yahoo
RYN,2022-12-15,0.285,yahoo
RYN,2023-03-16,0.285,yahoo
RYN,2023-06-15,0.285,yahoo
RYN,2023-09-14,0.285,yahoo
RYN,2023-12-14,0.285,yahoo
RYN,2023-12-28,0.2,yahoo
RYN,2024-03-13,0.285,yahoo
RYN,2024-06-14,0.285,yahoo
RYN,2024-09-16,0.285,yahoo
RYN,2024-12-12,1.8,yahoo
RYN,2024-12-17,0.285,yahoo
RYN,2025-03-17,0.273,yahoo
RYN,2025-06-16,0.273,yahoo
RYN,2025-09-16,0.273,yahoo
RYN,2025-10-24,1.4,yahoo
RYN,2025-12-10,0.273,yahoo
RYN,2026-03-17,0.26,yahoo
RYN,2026-06-16,0.26,yahoo
SAIC,2021-10-14,0.37,yahoo
SAIC,2022-01-13,0.37,yahoo
SAIC,2022-04-13,0.37,yahoo
SAIC,2022-07-14,0.37,yahoo
SAIC,2022-10-13,0.37,yahoo
SAIC,2023-01-12,0.37,yahoo
SAIC,2023-04-13,0.37,yahoo
SAIC,2023-07-13,0.37,yahoo
SAIC,2023-10-12,0.37,yahoo
SAIC,2024-01-11,0.37,yahoo
SAIC,2024-04-11,0.37,yahoo
SAIC,2024-07-12,0.37,yahoo
SAIC,2024-10-11,0.37,yahoo
SAIC,2025-01-10,0.37,yahoo
SAIC,2025-04-11,0.37,yahoo
SAIC,2025-07-11,0.37,yahoo
SAIC,2025-10-10,0.37,yahoo
SAIC,2026-01-14,0.37,yahoo
SAIC,2026-04-10,0.37,yahoo
SAIC,2026-07-10,0.37,yahoo
SAN,2021-10-29,0.056,yahoo
SAN,2022-04-28,0.057,yahoo
SAN,2022-10-31,0.056,yahoo
SAN,2023-04-27,0.063,yahoo
SAN,2023-10-31,0.085,yahoo
SAN,2024-04-29,0.103,yahoo
SAN,2024-10-31,0.112,yahoo
SAN,2025-04-30,0.124,yahoo
SAN,2026-05-04,0.147,yahoo
SAP,2022-05-19,2.66,yahoo
SAP,2023-05-12,2.186,yahoo
SAP,2024-05-16,2.385,yahoo
SAP,2025-05-13,2.63,yahoo
SAP,2026-05-05,2.929,yahoo
SBAC,2021-11-17,0.58,yahoo
SBAC,2022-03-09,0.71,yahoo
SBAC,2022-05-18,0.71,yahoo
SBAC,2022-08-24,0.71,yahoo
SBAC,2022-11-16,0.71,yahoo
SBAC,2023-03-09,0.85,yahoo
SBAC,2023-05-25,0.85,yahoo
SBAC,2023-08-23,0.85,yahoo
SBAC,2023-11-15,0.85,yahoo
SBAC,2024-03-13,0.98,yahoo
SBAC,2024-05-22,0.98,yahoo
SBAC,2024-08-22,0.98,yahoo
SBAC,2024-11-14,0.98,yahoo
SBAC,2025-03-13,1.11,yahoo
SBAC,2025-05-22,1.11,yahoo
SBAC,2025-08-21,1.11,yahoo
SBAC,2025-11-13,1.11,yahoo
SBAC,2026-03-13,1.25,yahoo
SBAC,2026-05-22,1.25,yahoo
SBAC,2026-08-20,1.25,yahoo
SBUX,2021-11-10,0.49,yahoo
SBUX,2022-02-10,0.49,yahoo
SBUX,2022-05-12,0.49,yahoo
SBUX,2022-08-11,0.49,yahoo
SBUX,2022-11-09,0.53,yahoo
SBUX,2023-02-09,0.53,yahoo
SBUX,2023-05-11,0.53,yahoo
SBUX,2023-08-10,0.53,yahoo
SBUX,2023-11-09,0.57,yahoo
SBUX,2024-02-08,0.57,yahoo
SBUX,2024-05-16,0.57,yahoo
SBUX,2024-08-16,0.57,yahoo
SBUX,2024-11-15,0.61,yahoo
SBUX,2025-02-14,0.61,yahoo
SBUX,2025-05-16,0.61,yahoo
SBUX,2025-08-15,0.61,yahoo
SBUX,2025-11-14,0.62,yahoo
SBUX,2026-02-13,0.62,yahoo
SBUX,2026-05-15,0.62,yahoo
SBUX,2026-08-14,0.62,yahoo
SCCO,2021-11-09,0.934546,yahoo
SCCO,2022-02-14,0.934546,yahoo
SCCO,2022-05-16,1.168182,yahoo
SCCO,2022-08-10,0.700909,yahoo
SCCO,2022-11-08,0.467273,yahoo
SCCO,2023-02-13,0.934546,yahoo
SCCO,2023-05-08,0.934546,yahoo
SCCO,2023-08-08,0.934546,yahoo
SCCO,2023-11-07,0.934546,yahoo
SCCO,2024-02-12,0.747636,yahoo
SCCO,2024-08-09,0.560713,yahoo
SCCO,2024-11-06,0.657618,yahoo
SCCO,2025-02-11,0.656673,yahoo
SCCO,2025-05-02,0.660677,yahoo
SCCO,2025-08-15,0.76261,yahoo
SCCO,2025-11-12,0.86577,yahoo
SCCO,2026-02-10,0.970532,yahoo
SCCO,2026-05-13,0.978261,yahoo
SCCO,2026-08-11,1.087,yahoo
SCHD,2021-09-22,0.195667,yahoo
SCHD,2021-12-08,0.206667,yahoo
SCHD,2022-03-23,0.172667,yahoo
SCHD,2022-06-22,0.234667,yahoo
SCHD,2022-09-21,0.212333,yahoo
SCHD,2022-12-07,0.234333,yahoo
SCHD,2023-03-22,0.199,yahoo
SCHD,2023-06-21,0.221667,yahoo
SCHD,2023-09-20,0.218333,yahoo
SCHD,2023-12-06,0.247333,yahoo
SCHD,2024-03-20,0.203667,yahoo
SCHD,2024-06-26,0.274667,yahoo
SCHD,2024-09-25,0.251667,yahoo
SCHD,2024-12-11,0.265,yahoo
SCHD,2025-03-26,0.249,yahoo
SCHD,2025-06-25,0.26,yahoo
SCHD,2025-09-24,0.26,yahoo
SCHD,2025-12-10,0.278,yahoo
SCHD,2026-03-25,0.257,yahoo
SCHD,2026-06-24,0.253,yahoo
SCHW,2021-11-10,0.18,yahoo
SCHW,2022-02-10,0.2,yahoo
SCHW,2022-05-12,0.2,yahoo
SCHW,2022-08-11,0.22,yahoo
SCHW,2022-11-09,0.22,yahoo
SCHW,2023-02-09,0.25,yahoo
SCHW,2023-05-11,0.25,yahoo
SCHW,2023-08-10,0.25,yahoo
SCHW,2023-11-09,0.25,yahoo
SCHW,2024-02-08,0.25,yahoo
SCHW,2024-05-09,0.25,yahoo
SCHW,2024-08-09,0.25,yahoo
SCHW,2024-11-08,0.25,yahoo
SCHW,2025-02-14,0.27,yahoo
SCHW,2025-05-09,0.27,yahoo
SCHW,2025-08-08,0.27,yahoo
SCHW,2025-11-14,0.27,yahoo
SCHW,2026-02-13,0.32,yahoo
SCHW,2026-05-08,0.32,yahoo
SCHW,2026-08-14,0.32,yahoo
SCI,2021-09-14,0.23,yahoo
SCI,2021-12-14,0.23,yahoo
SCI,2022-03-14,0.25,yahoo
SCI,2022-06-14,0.25,yahoo
SCI,2022-09-14,0.25,yahoo
SCI,2022-12-14,0.27,yahoo
SCI,2023-03-14,0.27,yahoo
SCI,2023-06-14,0.27,yahoo
SCI,2023-09-14,0.29,yahoo
SCI,2023-12-14,0.29,yahoo
SCI,2024-03-14,0.3,yahoo
SCI,2024-06-14,0.3,yahoo
SCI,2024-09-13,0.3,yahoo
SCI,2024-12-13,0.3,yahoo
SCI,2025-03-14,0.32,yahoo
SCI,2025-06-13,0.32,yahoo
SCI,2025-09-15,0.32,yahoo
SCI,2025-12-15,0.34,yahoo
SCI,2026-03-13,0.34,yahoo
SCI,2026-06-15,0.36,yahoo
SEI,2021-09-13,0.105,yahoo
SEI,2021-12-06,0.105,yahoo
SEI,2022-03-04,0.105,yahoo
SEI,2022-06-06,0.105,yahoo
SEI,2022-09-02,0.105,yahoo
SEI,2022-12-05,0.105,yahoo
SEI,2023-03-13,0.11,yahoo
SEI,2023-06-05,0.11,yahoo
SEI,2023-09-01,0.11,yahoo
SEI,2023-11-30,0.12,yahoo
SEI,2024-03-08,0.12,yahoo
SEI,2024-06-07,0.12,yahoo
SEI,2024-08-23,0.12,yahoo
SEI,2024-12-06,0.12,yahoo
SEI,2025-03-11,0.12,yahoo
SEI,2025-06-03,0.12,yahoo
SEI,2025-09-16,0.12,yahoo
SEI,2025-12-08,0.12,yahoo
SEI,2026-03-10,0.12,yahoo
SEI,2026-06-02,0.12,yahoo
SEIC,2021-12-20,0.4,yahoo
SEIC,2022-06-10,0.4,yahoo
SEIC,2022-12-16,0.43,yahoo
SEIC,2023-06-09,0.43,yahoo
SEIC,2023-12-27,0.46,yahoo
SEIC,2024-06-10,0.46,yahoo
SEIC,2024-12-27,0.49,yahoo
SEIC,2025-06-09,0.49,yahoo
SEIC,2025-12-29,0.52,yahoo
SEIC,2026-06-08,0.52,yahoo
SF,2021-11-30,0.1,yahoo
SF,2022-02-28,0.2,yahoo
SF,2022-05-31,0.2,yahoo
SF,2022-08-31,0.2,yahoo
SF,2022-11-30,0.2,yahoo
SF,2023-02-28,0.24,yahoo
SF,2023-05-31,0.24,yahoo
SF,2023-08-31,0.24,yahoo
SF,2023-11-30,0.24,yahoo
SF,2024-02-29,0.28,yahoo
SF,2024-06-03,0.28,yahoo
SF,2024-09-03,0.28,yahoo
SF,2024-12-02,0.28,yahoo
SF,2025-03-03,0.306667,yahoo
SF,2025-06-02,0.306667,yahoo
SF,2025-09-02,0.306667,yahoo
SF,2025-12-01,0.306667,yahoo
SF,2026-03-02,0.34,yahoo
SF,2026-06-01,0.34,yahoo
SF,2026-09-01,0.34,yahoo
SGI,2021-11-09,0.09,yahoo
SGI,2022-03-07,0.1,yahoo
SGI,2022-05-11,0.1,yahoo
SGI,2022-08-10,0.1,yahoo
SGI,2022-11-16,0.1,yahoo
SGI,2023-02-22,0.11,yahoo
SGI,2023-05-22,0.11,yahoo
SGI,2023-08-16,0.11,yahoo
SGI,2023-11-15,0.11,yahoo
SGI,2024-02-21,0.13,yahoo
SGI,2024-05-15,0.13,yahoo
SGI,2024-08-15,0.13,yahoo
SGI,2024-11-21,0.13,yahoo
SGI,2025-03-06,0.15,yahoo
SGI,2025-05-22,0.15,yahoo
SGI,2025-08-21,0.15,yahoo
SGI,2025-11-20,0.15,yahoo
SGI,2026-03-05,0.17,yahoo
SGI,2026-05-21,0.17,yahoo
SGI,2026-08-20,0.17,yahoo
SGOV,2021-10-01,0.003,yahoo
SGOV,2021-11-01,0.003,yahoo
SGOV,2021-12-01,0.003,yahoo
SGOV,2021-12-16,0.005,yahoo
SGOV,2022-02-01,0.002,yahoo
SGOV,2022-03-01,0.008,yahoo
SGOV,2022-04-01,0.018,yahoo
SGOV,2022-05-02,0.025,yahoo
SGOV,2022-06-01,0.041,yahoo
SGOV,2022-07-01,0.069,yahoo
SGOV,2022-08-01,0.116,yahoo
SGOV,2022-09-01,0.168,yahoo
SGOV,2022-10-03,0.157,yahoo
SGOV,2022-11-01,0.241,yahoo
SGOV,2022-12-01,0.283,yahoo
SGOV,2022-12-15,0.327,yahoo
SGOV,2023-02-01,0.394,yahoo
SGOV,2023-03-01,0.278,yahoo
SGOV,2023-04-03,0.362,yahoo
SGOV,2023-05-01,0.392,yahoo
SGOV,2023-06-01,0.432,yahoo
SGOV,2023-07-03,0.417,yahoo
SGOV,2023-08-01,0.442,yahoo
SGOV,2023-09-01,0.431,yahoo
SGOV,2023-10-02,0.412,yahoo
SGOV,2023-11-01,0.427,yahoo
SGOV,2023-12-01,0.443,yahoo
SGOV,2023-12-14,0.455,yahoo
SGOV,2024-02-01,0.458,yahoo
SGOV,2024-03-01,0.41,yahoo
SGOV,2024-04-01,0.45,yahoo
SGOV,2024-05-01,0.428,yahoo
SGOV,2024-06-03,0.44,yahoo
SGOV,2024-07-01,0.439,yahoo
SGOV,2024-08-01,0.453,yahoo
SGOV,2024-09-03,0.444,yahoo
SGOV,2024-10-01,0.43,yahoo
SGOV,2024-11-01,0.415,yahoo
SGOV,2024-12-02,0.378,yahoo
SGOV,2024-12-18,0.372,yahoo
SGOV,2025-02-03,0.363,yahoo
SGOV,2025-03-03,0.313,yahoo
SGOV,2025-04-01,0.346,yahoo
SGOV,2025-05-01,0.335,yahoo
SGOV,2025-06-02,0.358,yahoo
SGOV,2025-07-01,0.347,yahoo
SGOV,2025-08-01,0.362,yahoo
SGOV,2025-09-02,0.36,yahoo
SGOV,2025-10-01,0.347,yahoo
SGOV,2025-11-03,0.348,yahoo
SGOV,2025-12-01,0.313,yahoo
SGOV,2025-12-19,0.323,yahoo
SGOV,2026-02-02,0.309,yahoo
SGOV,2026-03-02,0.272,yahoo
SGOV,2026-04-01,0.293,yahoo
SGOV,2026-05-01,0.298,yahoo
SGOV,2026-06-01,0.299,yahoo
SGOV,2026-07-01,0.296,yahoo
SGOV,2026-08-03,0.307,yahoo
SGOV,2026-09-01,0.307,yahoo
SHEL,2021-11-10,0.48,yahoo
SHEL,2022-05-19,0.5,yahoo
SHEL,2022-08-11,0.5,yahoo
SHEL,2022-11-09,0.5,yahoo
SHEL,2023-02-16,0.575,yahoo
SHEL,2023-05-18,0.575,yahoo
SHEL,2023-08-10,0.662,yahoo
SHEL,2023-11-16,0.662,yahoo
SHEL,2024-02-15,0.688,yahoo
SHEL,2024-05-16,0.688,yahoo
SHEL,2024-08-16,0.688,yahoo
SHEL,2024-11-15,0.688,yahoo
SHEL,2025-02-14,0.716,yahoo
SHEL,2025-05-16,0.716,yahoo
SHEL,2025-08-15,0.716,yahoo
SHEL,2025-11-14,0.716,yahoo
SHEL,2026-02-20,0.744,yahoo
SHEL,2026-05-22,0.7812,yahoo
SHEL,2026-08-14,0.7812,yahoo
SHW,2021-11-18,0.55,yahoo
SHW,2022-02-25,0.6,yahoo
SHW,2022-05-19,0.6,yahoo
SHW,2022-08-18,0.6,yahoo
SHW,2022-11-17,0.6,yahoo
SHW,2023-02-24,0.605,yahoo
SHW,2023-05-18,0.605,yahoo
SHW,2023-08-17,0.605,yahoo
SHW,2023-11-16,0.605,yahoo
SHW,2024-02-23,0.715,yahoo
SHW,2024-05-16,0.715,yahoo
SHW,2024-08-16,0.715,yahoo
SHW,2024-11-15,0.715,yahoo
SHW,2025-03-03,0.79,yahoo
SHW,2025-05-16,0.79,yahoo
SHW,2025-08-15,0.79,yahoo
SHW,2025-11-14,0.79,yahoo
SHW,2026-03-02,0.8,yahoo
SHW,2026-05-22,0.8,yahoo
SHW,2026-08-21,0.8,yahoo
SHY,2021-10-01,0.011,yahoo
SHY,2021-11-01,0.011,yahoo
SHY,2021-12-01,0.05,yahoo
SHY,2021-12-16,0.018,yahoo
SHY,2022-02-01,0.023,yahoo
SHY,2022-03-01,0.025,yahoo
SHY,2022-04-01,0.036,yahoo
SHY,2022-05-02,0.044,yahoo
SHY,2022-06-01,0.065,yahoo
SHY,2022-07-01,0.079,yahoo
SHY,2022-08-01,0.088,yahoo
SHY,2022-09-01,0.1,yahoo
SHY,2022-10-03,0.108,yahoo
SHY,2022-11-01,0.141,yahoo
SHY,2022-12-01,0.165,yahoo
SHY,2022-12-15,0.181,yahoo
SHY,2023-02-01,0.152,yahoo
SHY,2023-03-01,0.162,yahoo
SHY,2023-04-03,0.18,yahoo
SHY,2023-05-01,0.191,yahoo
SHY,2023-06-01,0.197,yahoo
SHY,2023-07-03,0.206,yahoo
SHY,2023-08-01,0.212,yahoo
SHY,2023-09-01,0.206,yahoo
SHY,2023-10-02,0.209,yahoo
SHY,2023-11-01,0.23,yahoo
SHY,2023-12-01,0.247,yahoo
SHY,2023-12-14,0.26,yahoo
SHY,2024-02-01,0.242,yahoo
SHY,2024-03-01,0.24,yahoo
SHY,2024-04-01,0.27,yahoo
SHY,2024-05-01,0.262,yahoo
SHY,2024-06-03,0.262,yahoo
SHY,2024-07-01,0.27,yahoo
SHY,2024-08-01,0.272,yahoo
SHY,2024-09-03,0.288,yahoo
SHY,2024-10-01,0.273,yahoo
SHY,2024-11-01,0.283,yahoo
SHY,2024-12-02,0.265,yahoo
SHY,2024-12-18,0.28,yahoo
SHY,2025-02-03,0.273,yahoo
SHY,2025-03-03,0.253,yahoo
SHY,2025-04-01,0.28,yahoo
SHY,2025-05-01,0.259,yahoo
SHY,2025-06-02,0.272,yahoo
SHY,2025-07-01,0.264,yahoo
SHY,2025-08-01,0.27,yahoo
SHY,2025-09-02,0.258,yahoo
SHY,2025-10-01,0.256,yahoo
SHY,2025-11-03,0.263,yahoo
SHY,2025-12-01,0.249,yahoo
SHY,2025-12-19,0.255,yahoo
SHY,2026-02-02,0.25,yahoo
SHY,2026-03-02,0.223,yahoo
SHY,2026-04-01,0.247,yahoo
SHY,2026-05-01,0.243,yahoo
SHY,2026-06-01,0.243,yahoo
SHY,2026-07-01,0.238,yahoo
SHY,2026-08-03,0.251,yahoo
SHY,2026-09-01,0.244,yahoo
SIMO,2021-11-09,0.5,yahoo
SIMO,2022-02-11,0.5,yahoo
SIMO,2022-05-11,0.5,yahoo
SIMO,2022-08-10,0.5,yahoo
SIMO,2023-11-15,0.5,yahoo
SIMO,2024-02-16,0.5,yahoo
SIMO,2024-05-08,0.5,yahoo
SIMO,2024-08-08,0.5,yahoo
SIMO,2024-11-14,0.5,yahoo
SIMO,2025-02-13,0.5,yahoo
SIMO,2025-05-08,0.5,yahoo
SIMO,2025-08-07,0.5,yahoo
SIMO,2025-11-14,0.5,yahoo
SIMO,2026-02-11,0.5,yahoo
SIMO,2026-05-07,0.5,yahoo
SIMO,2026-08-06,0.5,yahoo
SIRI,2021-11-04,0.22,yahoo
SIRI,2022-02-10,2.72,yahoo
SIRI,2022-05-05,0.22,yahoo
SIRI,2022-08-04,0.22,yahoo
SIRI,2022-11-09,0.24,yahoo
SIRI,2023-02-08,0.24,yahoo
SIRI,2023-05-04,0.24,yahoo
SIRI,2023-08-07,0.24,yahoo
SIRI,2023-11-06,0.27,yahoo
SIRI,2024-02-08,0.27,yahoo
SIRI,2024-05-09,0.27,yahoo
SIRI,2024-08-09,0.27,yahoo
SIRI,2024-11-05,0.27,yahoo
SIRI,2025-02-07,0.27,yahoo
SIRI,2025-05-09,0.27,yahoo
SIRI,2025-08-08,0.27,yahoo
SIRI,2025-11-05,0.27,yahoo
SIRI,2026-02-11,0.27,yahoo
SIRI,2026-05-11,0.27,yahoo
SIRI,2026-08-10,0.27,yahoo
SJM,2021-11-10,0.99,yahoo
SJM,2022-02-10,0.99,yahoo
SJM,2022-05-12,0.99,yahoo
SJM,2022-08-11,1.02,yahoo
SJM,2022-11-09,1.02,yahoo
SJM,2023-02-09,1.02,yahoo
SJM,2023-05-11,1.02,yahoo
SJM,2023-08-17,1.06,yahoo
SJM,2023-11-16,1.06,yahoo
SJM,2024-02-15,1.06,yahoo
SJM,2024-05-16,1.06,yahoo
SJM,2024-08-16,1.08,yahoo
SJM,2024-11-15,1.08,yahoo
SJM,2025-02-14,1.08,yahoo
SJM,2025-05-16,1.08,yahoo
SJM,2025-08-15,1.1,yahoo
SJM,2025-11-14,1.1,yahoo
SJM,2026-02-13,1.1,yahoo
SJM,2026-05-15,1.1,yahoo
SJM,2026-08-14,1.12,yahoo
SLB,2021-11-30,0.125,yahoo
SLB,2022-02-08,0.125,yahoo
SLB,2022-05-31,0.175,yahoo
SLB,2022-09-06,0.175,yahoo
SLB,2022-12-06,0.175,yahoo
SLB,2023-02-07,0.25,yahoo
SLB,2023-06-06,0.25,yahoo
SLB,2023-09-05,0.25,yahoo
SLB,2023-12-05,0.25,yahoo
SLB,2024-02-06,0.275,yahoo
SLB,2024-06-05,0.275,yahoo
SLB,2024-09-04,0.275,yahoo
SLB,2024-12-04,0.275,yahoo
SLB,2025-02-05,0.285,yahoo
SLB,2025-06-04,0.285,yahoo
SLB,2025-09-03,0.285,yahoo
SLB,2025-12-03,0.285,yahoo
SLB,2026-02-11,0.295,yahoo
SLB,2026-06-03,0.295,yahoo
SLB,2026-09-02,0.295,yahoo
SM,2021-10-22,0.01,yahoo
SM,2022-04-21,0.01,yahoo
SM,2022-10-24,0.15,yahoo
SM,2023-01-19,0.15,yahoo
SM,2023-04-20,0.15,yahoo
SM,2023-07-20,0.15,yahoo
SM,2023-10-23,0.15,yahoo
SM,2024-01-18,0.18,yahoo
SM,2024-04-18,0.18,yahoo
SM,2024-07-19,0.18,yahoo
SM,2024-10-25,0.2,yahoo
SM,2025-01-24,0.2,yahoo
SM,2025-04-17,0.2,yahoo
SM,2025-07-18,0.2,yahoo
SM,2025-10-17,0.2,yahoo
SM,2025-12-26,0.2,yahoo
SM,2026-03-09,0.22,yahoo
SM,2026-06-08,0.22,yahoo
SM,2026-09-04,0.22,yahoo
SMH,2021-12-20,0.7865,yahoo
SMH,2022-12-19,1.2005,yahoo
SMH,2023-12-18,1.043,yahoo
SMH,2024-12-23,1.071,yahoo
SMH,2025-12-22,1.105,yahoo
SN,2023-11-30,1.08,yahoo
SNA,2021-11-18,1.42,yahoo
SNA,2022-02-22,1.42,yahoo
SNA,2022-05-19,1.42,yahoo
SNA,2022-08-18,1.42,yahoo
SNA,2022-11-18,1.62,yahoo
SNA,2023-02-22,1.62,yahoo
SNA,2023-05-18,1.62,yahoo
SNA,2023-08-17,1.62,yahoo
SNA,2023-11-20,1.86,yahoo
SNA,2024-02-23,1.86,yahoo
SNA,2024-05-17,1.86,yahoo
SNA,2024-08-19,1.86,yahoo
SNA,2024-11-21,2.14,yahoo
SNA,2025-02-24,2.14,yahoo
SNA,2025-05-20,2.14,yahoo
SNA,2025-08-19,2.14,yahoo
SNA,2025-11-21,2.44,yahoo
SNA,2026-02-24,2.44,yahoo
SNA,2026-05-20,2.44,yahoo
SNA,2026-08-19,2.44,yahoo
SNX,2021-10-14,0.2,yahoo
SNX,2022-01-20,0.3,yahoo
SNX,2022-04-07,0.3,yahoo
SNX,2022-07-14,0.3,yahoo
SNX,2022-10-13,0.3,yahoo
SNX,2023-01-19,0.35,yahoo
SNX,2023-04-13,0.35,yahoo
SNX,2023-07-13,0.35,yahoo
SNX,2023-10-12,0.35,yahoo
SNX,2024-01-18,0.4,yahoo
SNX,2024-04-11,0.4,yahoo
SNX,2024-07-12,0.4,yahoo
SNX,2024-10-11,0.4,yahoo
SNX,2025-01-24,0.44,yahoo
SNX,2025-04-11,0.44,yahoo
SNX,2025-07-11,0.44,yahoo
SNX,2025-10-17,0.44,yahoo
SNX,2026-01-16,0.48,yahoo
SNX,2026-04-15,0.48,yahoo
SNX,2026-07-17,0.48,yahoo
SNY,2022-05-04,1.747,yahoo
SNY,2022-05-26,0.297,yahoo
SNY,2023-05-30,1.903,yahoo
SNY,2024-05-09,2.037,yahoo
SNY,2025-05-09,2.212,yahoo
SNY,2026-05-04,2.422,yahoo
SO,2021-11-12,0.66,yahoo
SO,2022-02-18,0.66,yahoo
SO,2022-05-13,0.68,yahoo
SO,2022-08-12,0.68,yahoo
SO,2022-11-18,0.68,yahoo
SO,2023-02-17,0.68,yahoo
SO,2023-05-12,0.7,yahoo
SO,2023-08-18,0.7,yahoo
SO,2023-11-17,0.7,yahoo
SO,2024-02-16,0.7,yahoo
SO,2024-05-17,0.72,yahoo
SO,2024-08-19,0.72,yahoo
SO,2024-11-18,0.72,yahoo
SO,2025-02-18,0.72,yahoo
SO,2025-05-19,0.74,yahoo
SO,2025-08-18,0.74,yahoo
SO,2025-11-17,0.74,yahoo
SO,2026-02-17,0.74,yahoo
SO,2026-05-18,0.76,yahoo
SO,2026-08-17,0.76,yahoo
SONY,2021-09-28,0.0532,yahoo
SONY,2022-03-29,0.0534,yahoo
SONY,2022-09-29,0.0516,yahoo
SONY,2023-03-30,0.0572,yahoo
SONY,2023-09-28,0.0544,yahoo
SONY,2024-03-27,0.0574,yahoo
SONY,2024-09-30,0.0664,yahoo
SONY,2025-03-31,0.07,yahoo
SOXL,2021-12-21,0.014,yahoo
SOXL,2022-03-22,0.007,yahoo
SOXL,2022-06-22,0.019,yahoo
SOXL,2022-09-20,0.04,yahoo
SOXL,2022-12-20,0.038,yahoo
SOXL,2023-03-21,0.025,yahoo
SOXL,2023-06-21,0.038,yahoo
SOXL,2023-09-19,0.033,yahoo
SOXL,2023-12-21,0.063,yahoo
SOXL,2024-03-19,0.035,yahoo
SOXL,2024-06-25,0.149,yahoo
SOXL,2024-09-24,0.06,yahoo
SOXL,2024-12-23,0.077,yahoo
SOXL,2025-03-25,0.065,yahoo
SOXL,2025-06-24,0.068,yahoo
SOXL,2025-09-23,0.01,yahoo
SOXQ,2021-09-20,0.079,yahoo
SOXQ,2021-12-20,0.148,yahoo
SOXQ,2022-03-21,0.065,yahoo
SOXQ,2022-06-21,0.07,yahoo
SOXQ,2022-09-19,0.069,yahoo
SOXQ,2022-12-19,0.067,yahoo
SOXQ,2023-03-20,0.077,yahoo
SOXQ,2023-06-20,0.07,yahoo
SOXQ,2023-09-18,0.064,yahoo
SOXQ,2023-12-18,0.076,yahoo
SOXQ,2024-03-18,0.069,yahoo
SOXQ,2024-06-24,0.061,yahoo
SOXQ,2024-09-23,0.068,yahoo
SOXQ,2024-12-23,0.069,yahoo
SOXQ,2025-03-24,0.069,yahoo
SOXQ,2025-06-23,0.074,yahoo
SOXQ,2025-09-22,0.074,yahoo
SOXQ,2025-12-22,0.062,yahoo
SOXQ,2026-03-23,0.071,yahoo
SOXQ,2026-06-22,0.077,yahoo
SOXS,2022-12-20,2220,yahoo
SOXS,2023-03-21,5640,yahoo
SOXS,2023-06-21,3570,yahoo
SOXS,2023-09-19,4770,yahoo
SOXS,2023-12-21,2100,yahoo
SOXS,2024-03-19,1230,yahoo
SOXS,2024-06-25,825,yahoo
SOXS,2024-09-24,702,yahoo
SOXS,2024-12-23,906,yahoo
SOXS,2025-03-25,555,yahoo
SOXS,2025-06-24,168,yahoo
SOXS,2025-09-23,168,yahoo
SOXS,2025-12-23,123,yahoo
SOXS,2026-03-24,43.05,yahoo
SOXS,2026-06-23,0.38,yahoo
SOXX,2021-09-24,0.385667,yahoo
SOXX,2021-12-13,0.291,yahoo
SOXX,2021-12-30,0.051667,yahoo
SOXX,2022-03-24,0.291667,yahoo
SOXX,2022-06-09,0.209333,yahoo
SOXX,2022-09-26,0.600667,yahoo
SOXX,2022-12-13,0.354,yahoo
SOXX,2023-03-23,0.357333,yahoo
SOXX,2023-06-07,0.217,yahoo
SOXX,2023-09-26,0.555333,yahoo
SOXX,2023-12-20,0.374333,yahoo
SOXX,2024-03-21,0.225,yahoo
SOXX,2024-06-11,0.31,yahoo
SOXX,2024-09-25,0.552,yahoo
SOXX,2024-12-17,0.358,yahoo
SOXX,2025-03-18,0.261,yahoo
SOXX,2025-06-16,0.483,yahoo
SOXX,2025-09-16,0.541,yahoo
SOXX,2025-12-16,0.436,yahoo
SOXX,2026-03-17,0.208,yahoo
SOXX,2026-06-15,0.283,yahoo
SPDN,2022-09-20,0.025,yahoo
SPDN,2022-12-20,0.133,yahoo
SPDN,2023-03-21,0.094,yahoo
SPDN,2023-06-21,0.265,yahoo
SPDN,2023-09-19,0.205,yahoo
SPDN,2023-12-21,0.212,yahoo
SPDN,2024-03-19,0.14,yahoo
SPDN,2024-06-25,0.163,yahoo
SPDN,2024-09-24,0.146,yahoo
SPDN,2024-12-23,0.137,yahoo
SPDN,2025-03-25,0.079,yahoo
SPDN,2025-06-24,0.135,yahoo
SPDN,2025-09-23,0.094,yahoo
SPDN,2025-12-23,0.075,yahoo
SPDN,2026-03-24,0.052,yahoo
SPDN,2026-06-23,0.07,yahoo
SPG,2021-09-08,1.5,yahoo
SPG,2021-12-09,1.65,yahoo
SPG,2022-03-09,1.65,yahoo
SPG,2022-06-08,1.7,yahoo
SPG,2022-09-08,1.75,yahoo
SPG,2022-12-08,1.8,yahoo
SPG,2023-03-09,1.8,yahoo
SPG,2023-06-08,1.85,yahoo
SPG,2023-09-07,1.9,yahoo
SPG,2023-12-07,1.9,yahoo
SPG,2024-03-07,1.95,yahoo
SPG,2024-06-07,2,yahoo
SPG,2024-09-09,2.05,yahoo
SPG,2024-12-09,2.1,yahoo
SPG,2025-03-10,2.1,yahoo
SPG,2025-06-09,2.1,yahoo
SPG,2025-09-09,2.15,yahoo
SPG,2025-12-10,2.2,yahoo
SPG,2026-03-10,2.2,yahoo
SPG,2026-06-09,2.25,yahoo
SPG,2026-09-09,2.25,yahoo
SPGI,2021-11-24,0.728477,yahoo
SPGI,2022-02-09,0.728477,yahoo
SPGI,2022-05-26,0.804163,yahoo
SPGI,2022-08-25,0.804163,yahoo
SPGI,2022-11-25,0.804163,yahoo
SPGI,2023-02-23,0.851466,yahoo
SPGI,2023-05-25,0.851466,yahoo
SPGI,2023-08-25,0.851466,yahoo
SPGI,2023-11-27,0.851466,yahoo
SPGI,2024-02-26,0.860927,yahoo
SPGI,2024-05-29,0.860927,yahoo
SPGI,2024-08-27,0.860927,yahoo
SPGI,2024-11-26,0.860927,yahoo
SPGI,2025-02-26,0.908231,yahoo
SPGI,2025-05-28,0.908231,yahoo
SPGI,2025-08-26,0.908231,yahoo
SPGI,2025-11-25,0.908231,yahoo
SPGI,2026-02-25,0.917692,yahoo
SPGI,2026-05-29,0.917692,yahoo
SPGI,2026-08-26,0.97,yahoo
SPIB,2021-10-01,0.046,yahoo
SPIB,2021-11-01,0.044,yahoo
SPIB,2021-12-01,0.047,yahoo
SPIB,2021-12-17,0.05,yahoo
SPIB,2022-02-01,0.045,yahoo
SPIB,2022-03-01,0.054,yahoo
SPIB,2022-04-01,0.054,yahoo
SPIB,2022-05-02,0.06,yahoo
SPIB,2022-06-01,0.062,yahoo
SPIB,2022-07-01,0.071,yahoo
SPIB,2022-08-01,0.074,yahoo
SPIB,2022-09-01,0.079,yahoo
SPIB,2022-10-03,0.082,yahoo
SPIB,2022-11-01,0.083,yahoo
SPIB,2022-12-01,0.089,yahoo
SPIB,2022-12-19,0.09,yahoo
SPIB,2023-02-01,0.096,yahoo
SPIB,2023-03-01,0.096,yahoo
SPIB,2023-04-03,0.094,yahoo
SPIB,2023-05-01,0.1,yahoo
SPIB,2023-06-01,0.099,yahoo
SPIB,2023-07-03,0.101,yahoo
SPIB,2023-08-01,0.105,yahoo
SPIB,2023-09-01,0.107,yahoo
SPIB,2023-10-02,0.109,yahoo
SPIB,2023-11-01,0.114,yahoo
SPIB,2023-12-01,0.115,yahoo
SPIB,2023-12-18,0.123,yahoo
SPIB,2024-02-01,0.11,yahoo
SPIB,2024-03-01,0.117,yahoo
SPIB,2024-04-01,0.119,yahoo
SPIB,2024-05-01,0.122,yahoo
SPIB,2024-06-03,0.122,yahoo
SPIB,2024-07-01,0.123,yahoo
SPIB,2024-08-01,0.124,yahoo
SPIB,2024-09-03,0.124,yahoo
SPIB,2024-10-01,0.123,yahoo
SPIB,2024-11-01,0.122,yahoo
SPIB,2024-12-02,0.122,yahoo
SPIB,2024-12-19,0.118,yahoo
SPIB,2025-02-03,0.128,yahoo
SPIB,2025-03-03,0.123,yahoo
SPIB,2025-04-01,0.124,yahoo
SPIB,2025-05-01,0.124,yahoo
SPIB,2025-06-02,0.124,yahoo
SPIB,2025-07-01,0.125,yahoo
SPIB,2025-08-01,0.125,yahoo
SPIB,2025-09-02,0.125,yahoo
SPIB,2025-10-01,0.124,yahoo
SPIB,2025-11-03,0.124,yahoo
SPIB,2025-12-01,0.123,yahoo
SPIB,2025-12-18,0.124,yahoo
SPIB,2026-02-02,0.121,yahoo
SPIB,2026-03-02,0.123,yahoo
SPIB,2026-04-01,0.123,yahoo
SPIB,2026-05-01,0.124,yahoo
SPIB,2026-06-01,0.125,yahoo
SPIB,2026-07-01,0.126,yahoo
SPIB,2026-08-03,0.127,yahoo
SPIB,2026-09-01,0.129,yahoo
SPLV,2021-10-18,0.092,yahoo
SPLV,2021-11-22,0.096,yahoo
SPLV,2021-12-20,0.101,yahoo
SPLV,2022-01-24,0.105,yahoo
SPLV,2022-02-22,0.109,yahoo
SPLV,2022-03-21,0.111,yahoo
SPLV,2022-04-18,0.111,yahoo
SPLV,2022-05-23,0.112,yahoo
SPLV,2022-06-21,0.113,yahoo
SPLV,2022-07-18,0.113,yahoo
SPLV,2022-08-22,0.114,yahoo
SPLV,2022-09-19,0.114,yahoo
SPLV,2022-10-24,0.115,yahoo
SPLV,2022-11-21,0.116,yahoo
SPLV,2022-12-19,0.116,yahoo
SPLV,2023-01-23,0.118,yahoo
SPLV,2023-02-21,0.119,yahoo
SPLV,2023-03-20,0.12,yahoo
SPLV,2023-04-24,0.119,yahoo
SPLV,2023-05-22,0.121,yahoo
SPLV,2023-06-20,0.121,yahoo
SPLV,2023-07-24,0.128,yahoo
SPLV,2023-08-21,0.131,yahoo
SPLV,2023-09-18,0.139,yahoo
SPLV,2023-10-23,0.145,yahoo
SPLV,2023-11-20,0.132,yahoo
SPLV,2023-12-18,0.14,yahoo
SPLV,2024-01-22,0.129,yahoo
SPLV,2024-02-20,0.122,yahoo
SPLV,2024-03-18,0.114,yahoo
SPLV,2024-04-22,0.111,yahoo
SPLV,2024-05-20,0.11,yahoo
SPLV,2024-06-24,0.11,yahoo
SPLV,2024-07-22,0.102,yahoo
SPLV,2024-08-19,0.103,yahoo
SPLV,2024-09-23,0.108,yahoo
SPLV,2024-10-21,0.102,yahoo
SPLV,2024-11-18,0.102,yahoo
SPLV,2024-12-23,0.102,yahoo
SPLV,2025-01-21,0.102,yahoo
SPLV,2025-02-24,0.102,yahoo
SPLV,2025-03-24,0.106,yahoo
SPLV,2025-04-21,0.114,yahoo
SPLV,2025-05-19,0.116,yahoo
SPLV,2025-06-23,0.127,yahoo
SPLV,2025-07-21,0.128,yahoo
SPLV,2025-08-18,0.129,yahoo
SPLV,2025-09-22,0.132,yahoo
SPLV,2025-10-20,0.133,yahoo
SPLV,2025-11-24,0.134,yahoo
SPLV,2025-12-22,0.134,yahoo
SPLV,2026-01-20,0.135,yahoo
SPLV,2026-02-23,0.135,yahoo
SPLV,2026-03-23,0.135,yahoo
SPLV,2026-04-20,0.137,yahoo
SPLV,2026-05-18,0.136,yahoo
SPLV,2026-06-22,0.138,yahoo
SPLV,2026-07-20,0.141,yahoo
SPLV,2026-08-24,0.142,yahoo
SPMO,2021-12-20,0.126,yahoo
SPMO,2022-03-21,0.139,yahoo
SPMO,2022-06-21,0.231,yahoo
SPMO,2022-09-19,0.275,yahoo
SPMO,2022-12-19,0.3,yahoo
SPMO,2023-03-20,0.343,yahoo
SPMO,2023-06-20,0.28,yahoo
SPMO,2023-09-18,0.278,yahoo
SPMO,2023-12-18,0.164,yahoo
SPMO,2024-03-18,0.127,yahoo
SPMO,2024-06-24,0.069,yahoo
SPMO,2024-09-23,0.069,yahoo
SPMO,2024-12-23,0.193,yahoo
SPMO,2025-03-24,0.179,yahoo
SPMO,2025-06-23,0.211,yahoo
SPMO,2025-09-22,0.192,yahoo
SPMO,2025-12-22,0.291,yahoo
SPMO,2026-03-23,0.321,yahoo
SPMO,2026-06-22,0.245,yahoo
SPXL,2021-12-21,0.115,yahoo
SPXL,2022-06-22,0.078,yahoo
SPXL,2022-12-20,0.124,yahoo
SPXL,2023-03-21,0.262,yahoo
SPXL,2023-06-21,0.258,yahoo
SPXL,2023-09-19,0.194,yahoo
SPXL,2023-12-21,0.304,yahoo
SPXL,2024-03-19,0.395,yahoo
SPXL,2024-06-25,0.337,yahoo
SPXL,2024-09-24,0.193,yahoo
SPXL,2024-12-23,0.321,yahoo
SPXL,2025-03-25,0.494,yahoo
SPXL,2025-06-24,0.573,yahoo
SPXL,2025-09-23,0.284,yahoo
SPXL,2025-12-23,0.172,yahoo
SPXL,2026-03-24,0.45,yahoo
SPXL,2026-06-23,0.523,yahoo
SPXS,2023-03-21,2.33,yahoo
SPXS,2023-06-21,1.58,yahoo
SPXS,2023-09-19,1.59,yahoo
SPXS,2023-12-21,1.04,yahoo
SPXS,2024-03-19,1.37,yahoo
SPXS,2024-06-25,1.17,yahoo
SPXS,2024-09-24,0.84,yahoo
SPXS,2024-12-23,0.5,yahoo
SPXS,2025-03-25,0.84,yahoo
SPXS,2025-06-24,0.34,yahoo
SPXS,2025-09-23,0.37,yahoo
SPXS,2025-12-23,0.193,yahoo
SPXS,2026-03-24,0.383,yahoo
SPXS,2026-06-23,0.239,yahoo
SPXU,2022-12-22,1.32,yahoo
SPXU,2023-03-22,2.3,yahoo
SPXU,2023-06-21,2.74,yahoo
SPXU,2023-09-20,3.48,yahoo
SPXU,2023-12-20,3.64,yahoo
SPXU,2024-03-20,2.54,yahoo
SPXU,2024-06-26,2.32,yahoo
SPXU,2024-09-25,1.8,yahoo
SPXU,2024-12-23,1.928,yahoo
SPXU,2025-03-26,1.04,yahoo
SPXU,2025-06-25,0.752,yahoo
SPXU,2025-09-24,0.74,yahoo
SPXU,2025-12-24,0.959,yahoo
SPXU,2026-03-25,0.445,yahoo
SPXU,2026-06-24,0.391,yahoo
SPY,2021-09-17,1.428,yahoo
SPY,2021-12-17,1.633,yahoo
SPY,2022-03-18,1.366,yahoo
SPY,2022-06-17,1.577,yahoo
SPY,2022-09-16,1.596,yahoo
SPY,2022-12-16,1.781,yahoo
SPY,2023-03-17,1.506,yahoo
SPY,2023-06-16,1.638,yahoo
SPY,2023-09-15,1.583,yahoo
SPY,2023-12-15,1.906,yahoo
SPY,2024-03-15,1.595,yahoo
SPY,2024-06-21,1.759,yahoo
SPY,2024-09-20,1.746,yahoo
SPY,2024-12-20,1.966,yahoo
SPY,2025-03-21,1.696,yahoo
SPY,2025-06-20,1.761,yahoo
SPY,2025-09-19,1.831,yahoo
SPY,2025-12-19,1.993,yahoo
SPY,2026-03-20,1.797,yahoo
SPY,2026-06-18,1.904,yahoo
SPYG,2021-09-20,0.105,yahoo
SPYG,2021-12-20,0.123,yahoo
SPYG,2022-03-21,0.115,yahoo
SPYG,2022-06-21,0.131,yahoo
SPYG,2022-09-19,0.134,yahoo
SPYG,2022-12-19,0.14,yahoo
SPYG,2023-03-20,0.179,yahoo
SPYG,2023-06-20,0.186,yahoo
SPYG,2023-09-18,0.179,yahoo
SPYG,2023-12-18,0.205,yahoo
SPYG,2024-03-18,0.106,yahoo
SPYG,2024-06-24,0.124,yahoo
SPYG,2024-09-23,0.13,yahoo
SPYG,2024-12-23,0.171,yahoo
SPYG,2025-03-24,0.117,yahoo
SPYG,2025-06-23,0.135,yahoo
SPYG,2025-09-22,0.139,yahoo
SPYG,2025-12-22,0.161,yahoo
SPYG,2026-03-23,0.129,yahoo
SPYG,2026-06-22,0.148,yahoo
SPYM,2021-09-20,0.154,yahoo
SPYM,2021-12-20,0.203,yahoo
SPYM,2022-03-21,0.167,yahoo
SPYM,2022-06-21,0.194,yahoo
SPYM,2022-09-19,0.193,yahoo
SPYM,2022-12-19,0.207,yahoo
SPYM,2023-03-20,0.183,yahoo
SPYM,2023-06-20,0.203,yahoo
SPYM,2023-09-18,0.198,yahoo
SPYM,2023-12-18,0.221,yahoo
SPYM,2024-03-18,0.202,yahoo
SPYM,2024-06-24,0.223,yahoo
SPYM,2024-09-23,0.216,yahoo
SPYM,2024-12-27,0.239,yahoo
SPYM,2025-03-28,0.217,yahoo
SPYM,2025-06-27,0.214,yahoo
SPYM,2025-09-26,0.238,yahoo
SPYM,2025-12-26,0.238,yahoo
SPYM,2026-03-13,0.194,yahoo
SPYM,2026-06-12,0.239,yahoo
SPYM,2026-09-11,0.239,yahoo
SQM,2021-09-02,0.314,yahoo
SQM,2021-12-31,1.4,yahoo
SQM,2022-04-28,0.097,yahoo
SQM,2022-06-02,2.787,yahoo
SQM,2022-09-29,1.849,yahoo
SQM,2022-12-08,3.081,yahoo
SQM,2023-05-11,3.224,yahoo
SQM,2023-07-13,0.788,yahoo
SQM,2023-11-02,0.609,yahoo
SQM,2023-12-06,0.503,yahoo
SQM,2024-05-09,0.213,yahoo
SQM,2026-05-08,1.03,yahoo
SQM,2026-09-08,1.435,yahoo
SQQQ,2022-12-22,3.775,yahoo
SQQQ,2023-03-22,5.1,yahoo
SQQQ,2023-06-21,6.65,yahoo
SQQQ,2023-09-20,8.1,yahoo
SQQQ,2023-12-20,7.075,yahoo
SQQQ,2024-03-20,4.1,yahoo
SQQQ,2024-06-26,4,yahoo
SQQQ,2024-09-25,3.725,yahoo
SQQQ,2024-12-23,4.085,yahoo
SQQQ,2025-03-26,2.41,yahoo
SQQQ,2025-06-25,1.285,yahoo
SQQQ,2025-09-24,1.215,yahoo
SQQQ,2025-12-24,1.506,yahoo
SQQQ,2026-03-25,0.638,yahoo
SQQQ,2026-06-24,0.638,yahoo
SRE,2021-09-23,0.55,yahoo
SRE,2021-12-22,0.55,yahoo
SRE,2022-03-24,0.5725,yahoo
SRE,2022-07-06,0.5725,yahoo
SRE,2022-09-22,0.5725,yahoo
SRE,2022-12-21,0.5725,yahoo
SRE,2023-03-21,0.595,yahoo
SRE,2023-07-03,0.595,yahoo
SRE,2023-09-26,0.595,yahoo
SRE,2023-12-05,0.595,yahoo
SRE,2024-03-20,0.62,yahoo
SRE,2024-06-27,0.62,yahoo
SRE,2024-09-26,0.62,yahoo
SRE,2024-12-05,0.62,yahoo
SRE,2025-03-20,0.645,yahoo
SRE,2025-06-26,0.645,yahoo
SRE,2025-10-01,0.645,yahoo
SRE,2025-12-11,0.645,yahoo
SRE,2026-03-19,0.658,yahoo
SRE,2026-06-25,0.658,yahoo
SSB,2021-11-10,0.49,yahoo
SSB,2022-02-10,0.49,yahoo
SSB,2022-05-12,0.49,yahoo
SSB,2022-08-11,0.5,yahoo
SSB,2022-11-09,0.5,yahoo
SSB,2023-02-09,0.5,yahoo
SSB,2023-05-11,0.5,yahoo
SSB,2023-08-10,0.52,yahoo
SSB,2023-11-09,0.52,yahoo
SSB,2024-02-08,0.52,yahoo
SSB,2024-05-09,0.52,yahoo
SSB,2024-08-09,0.54,yahoo
SSB,2024-11-08,0.54,yahoo
SSB,2025-02-07,0.54,yahoo
SSB,2025-05-09,0.54,yahoo
SSB,2025-08-08,0.6,yahoo
SSB,2025-11-07,0.6,yahoo
SSB,2026-02-06,0.6,yahoo
SSB,2026-05-08,0.6,yahoo
SSB,2026-08-07,0.66,yahoo
SSNC,2021-11-30,0.2,yahoo
SSNC,2022-02-28,0.2,yahoo
SSNC,2022-05-31,0.2,yahoo
SSNC,2022-08-31,0.2,yahoo
SSNC,2022-11-30,0.2,yahoo
SSNC,2023-02-28,0.2,yahoo
SSNC,2023-05-31,0.2,yahoo
SSNC,2023-08-31,0.24,yahoo
SSNC,2023-11-30,0.24,yahoo
SSNC,2024-02-29,0.24,yahoo
SSNC,2024-06-03,0.24,yahoo
SSNC,2024-09-03,0.25,yahoo
SSNC,2024-12-02,0.25,yahoo
SSNC,2025-03-03,0.25,yahoo
SSNC,2025-06-02,0.25,yahoo
SSNC,2025-09-02,0.27,yahoo
SSNC,2025-12-01,0.27,yahoo
SSNC,2026-03-02,0.27,yahoo
SSNC,2026-06-01,0.27,yahoo
SSNC,2026-09-01,0.3,yahoo
SSO,2021-09-22,0.0095,yahoo
SSO,2021-12-23,0.026,yahoo
SSO,2022-03-23,0.02,yahoo
SSO,2022-12-22,0.0905,yahoo
SSO,2023-12-20,0.059,yahoo
SSO,2024-03-20,0.089,yahoo
SSO,2024-06-26,0.0955,yahoo
SSO,2024-09-25,0.0875,yahoo
SSO,2024-12-23,0.1225,yahoo
SSO,2025-03-26,0.083,yahoo
SSO,2025-06-25,0.1025,yahoo
SSO,2025-09-24,0.094,yahoo
SSO,2025-12-24,0.116,yahoo
SSO,2026-03-25,0.114,yahoo
SSO,2026-06-24,0.128,yahoo
SSRM,2021-11-12,0.05,yahoo
SSRM,2022-03-04,0.07,yahoo
SSRM,2022-05-12,0.07,yahoo
SSRM,2022-08-11,0.07,yahoo
SSRM,2022-11-17,0.07,yahoo
SSRM,2023-03-02,0.07,yahoo
SSRM,2023-05-12,0.07,yahoo
SSRM,2023-08-11,0.07,yahoo
SSRM,2023-11-09,0.07,yahoo
SSRM,2026-08-14,0.03,yahoo
STAG,2021-09-29,0.121,yahoo
STAG,2021-10-28,0.121,yahoo
STAG,2021-11-29,0.121,yahoo
STAG,2021-12-30,0.121,yahoo
STAG,2022-01-28,0.122,yahoo
STAG,2022-02-25,0.122,yahoo
STAG,2022-03-30,0.122,yahoo
STAG,2022-04-28,0.122,yahoo
STAG,2022-05-27,0.122,yahoo
STAG,2022-06-29,0.122,yahoo
STAG,2022-07-28,0.122,yahoo
STAG,2022-08-30,0.122,yahoo
STAG,2022-09-29,0.122,yahoo
STAG,2022-10-28,0.122,yahoo
STAG,2022-11-29,0.122,yahoo
STAG,2022-12-29,0.122,yahoo
STAG,2023-01-30,0.123,yahoo
STAG,2023-02-27,0.123,yahoo
STAG,2023-03-30,0.123,yahoo
STAG,2023-04-27,0.123,yahoo
STAG,2023-05-30,0.123,yahoo
STAG,2023-06-29,0.123,yahoo
STAG,2023-07-28,0.123,yahoo
STAG,2023-08-30,0.123,yahoo
STAG,2023-09-28,0.123,yahoo
STAG,2023-10-30,0.123,yahoo
STAG,2023-11-29,0.123,yahoo
STAG,2023-12-28,0.123,yahoo
STAG,2024-01-30,0.123,yahoo
STAG,2024-02-28,0.123,yahoo
STAG,2024-03-27,0.123,yahoo
STAG,2024-04-29,0.123,yahoo
STAG,2024-05-31,0.123,yahoo
STAG,2024-06-28,0.123,yahoo
STAG,2024-07-31,0.123,yahoo
STAG,2024-08-30,0.123,yahoo
STAG,2024-09-30,0.123,yahoo
STAG,2024-10-31,0.123,yahoo
STAG,2024-11-29,0.123,yahoo
STAG,2024-12-31,0.123,yahoo
STAG,2025-01-31,0.124,yahoo
STAG,2025-02-28,0.124,yahoo
STAG,2025-03-31,0.124,yahoo
STAG,2025-04-30,0.124,yahoo
STAG,2025-05-30,0.124,yahoo
STAG,2025-06-30,0.124,yahoo
STAG,2025-07-31,0.124,yahoo
STAG,2025-08-29,0.124,yahoo
STAG,2025-09-30,0.124,yahoo
STAG,2025-10-31,0.124,yahoo
STAG,2025-11-28,0.124,yahoo
STAG,2025-12-31,0.124,yahoo
STAG,2026-03-31,0.388,yahoo
STAG,2026-06-30,0.388,yahoo
STE,2021-09-02,0.43,yahoo
STE,2021-11-22,0.43,yahoo
STE,2022-02-24,0.43,yahoo
STE,2022-06-13,0.43,yahoo
STE,2022-09-06,0.47,yahoo
STE,2022-11-21,0.47,yahoo
STE,2023-02-23,0.47,yahoo
STE,2023-06-13,0.47,yahoo
STE,2023-09-05,0.52,yahoo
STE,2023-11-20,0.52,yahoo
STE,2024-02-22,0.52,yahoo
STE,2024-06-12,0.52,yahoo
STE,2024-09-05,0.57,yahoo
STE,2024-11-19,0.57,yahoo
STE,2025-02-20,0.57,yahoo
STE,2025-06-10,0.57,yahoo
STE,2025-09-04,0.63,yahoo
STE,2026-02-17,0.63,yahoo
STE,2026-06-08,0.63,yahoo
STE,2026-09-04,0.69,yahoo
STEP,2021-11-29,0.15,yahoo
STEP,2022-02-25,0.15,yahoo
STEP,2022-06-14,0.2,yahoo
STEP,2022-08-30,0.2,yahoo
STEP,2022-11-29,0.2,yahoo
STEP,2023-02-27,0.2,yahoo
STEP,2023-06-14,0.45,yahoo
STEP,2023-08-30,0.21,yahoo
STEP,2023-11-29,0.21,yahoo
STEP,2024-02-28,0.21,yahoo
STEP,2024-06-14,0.36,yahoo
STEP,2024-08-30,0.24,yahoo
STEP,2024-11-29,0.24,yahoo
STEP,2025-02-28,0.24,yahoo
STEP,2025-06-13,0.64,yahoo
STEP,2025-08-29,0.28,yahoo
STEP,2025-11-28,0.28,yahoo
STEP,2026-02-27,0.28,yahoo
STEP,2026-06-15,0.83,yahoo
STEP,2026-08-31,0.33,yahoo
STLA,2022-04-19,1.122,yahoo
STLA,2023-04-24,1.473,yahoo
STLA,2024-04-22,1.652,yahoo
STLA,2025-04-23,0.77,yahoo
STLD,2021-09-29,0.26,yahoo
STLD,2021-12-30,0.26,yahoo
STLD,2022-03-30,0.34,yahoo
STLD,2022-06-29,0.34,yahoo
STLD,2022-09-29,0.34,yahoo
STLD,2022-12-29,0.34,yahoo
STLD,2023-03-30,0.425,yahoo
STLD,2023-06-29,0.425,yahoo
STLD,2023-09-28,0.425,yahoo
STLD,2023-12-28,0.425,yahoo
STLD,2024-03-27,0.46,yahoo
STLD,2024-06-28,0.46,yahoo
STLD,2024-09-30,0.46,yahoo
STLD,2024-12-31,0.46,yahoo
STLD,2025-03-31,0.5,yahoo
STLD,2025-06-30,0.5,yahoo
STLD,2025-09-30,0.5,yahoo
STLD,2025-12-31,0.5,yahoo
STLD,2026-03-31,0.53,yahoo
STLD,2026-06-30,0.53,yahoo
STM,2021-09-20,0.06,yahoo
STM,2021-12-15,0.06,yahoo
STM,2022-03-21,0.06,yahoo
STM,2022-06-17,0.06,yahoo
STM,2022-09-19,0.06,yahoo
STM,2022-12-12,0.06,yahoo
STM,2023-03-20,0.06,yahoo
STM,2023-06-26,0.06,yahoo
STM,2023-09-18,0.06,yahoo
STM,2023-12-11,0.06,yahoo
STM,2024-03-18,0.06,yahoo
STM,2024-06-25,0.09,yahoo
STM,2024-09-24,0.09,yahoo
STM,2024-12-17,0.09,yahoo
STM,2025-03-25,0.09,yahoo
STM,2025-06-24,0.09,yahoo
STM,2025-09-23,0.09,yahoo
STM,2025-12-16,0.09,yahoo
STM,2026-03-24,0.09,yahoo
STM,2026-06-23,0.09,yahoo
STNE,2026-04-24,2.53,yahoo
STRC,2025-08-15,0.8,yahoo
STRC,2025-09-15,0.833,yahoo
STRC,2025-10-15,0.854,yahoo
STRC,2025-11-14,0.875,yahoo
STRC,2025-12-15,0.896,yahoo
STRC,2026-01-15,0.917,yahoo
STRC,2026-02-13,0.938,yahoo
STRC,2026-03-13,0.958,yahoo
STRC,2026-04-15,0.958,yahoo
STRC,2026-05-15,0.958,yahoo
STRC,2026-06-15,0.958,yahoo
STRC,2026-06-30,0.479,yahoo
STRC,2026-07-15,0.5,yahoo
STRC,2026-07-31,0.5,yahoo
STRC,2026-08-14,0.5,yahoo
STRC,2026-08-31,0.5,yahoo
STT,2021-09-30,0.57,yahoo
STT,2021-12-31,0.57,yahoo
STT,2022-03-31,0.57,yahoo
STT,2022-06-30,0.57,yahoo
STT,2022-09-30,0.63,yahoo
STT,2022-12-30,0.63,yahoo
STT,2023-03-31,0.63,yahoo
STT,2023-06-30,0.63,yahoo
STT,2023-09-29,0.69,yahoo
STT,2023-12-29,0.69,yahoo
STT,2024-03-28,0.69,yahoo
STT,2024-07-01,0.69,yahoo
STT,2024-10-01,0.76,yahoo
STT,2025-01-02,0.76,yahoo
STT,2025-04-01,0.76,yahoo
STT,2025-07-01,0.76,yahoo
STT,2025-10-01,0.84,yahoo
STT,2026-01-02,0.84,yahoo
STT,2026-04-01,0.84,yahoo
STT,2026-07-01,0.84,yahoo
STWD,2021-09-29,0.48,yahoo
STWD,2021-12-30,0.48,yahoo
STWD,2022-03-30,0.48,yahoo
STWD,2022-06-29,0.48,yahoo
STWD,2022-09-29,0.48,yahoo
STWD,2022-12-29,0.48,yahoo
STWD,2023-03-30,0.48,yahoo
STWD,2023-06-29,0.48,yahoo
STWD,2023-09-28,0.48,yahoo
STWD,2023-12-28,0.48,yahoo
STWD,2024-03-27,0.48,yahoo
STWD,2024-06-28,0.48,yahoo
STWD,2024-09-30,0.48,yahoo
STWD,2024-12-31,0.48,yahoo
STWD,2025-03-31,0.48,yahoo
STWD,2025-06-30,0.48,yahoo
STWD,2025-09-30,0.48,yahoo
STWD,2025-12-31,0.48,yahoo
STWD,2026-03-31,0.48,yahoo
STWD,2026-06-30,0.48,yahoo
STX,2021-09-21,0.67,yahoo
STX,2021-12-21,0.7,yahoo
STX,2022-03-21,0.7,yahoo
STX,2022-06-23,0.7,yahoo
STX,2022-09-20,0.7,yahoo
STX,2022-12-20,0.7,yahoo
STX,2023-03-21,0.7,yahoo
STX,2023-06-20,0.7,yahoo
STX,2023-09-25,0.7,yahoo
STX,2023-12-20,0.7,yahoo
STX,2024-03-20,0.7,yahoo
STX,2024-06-20,0.7,yahoo
STX,2024-09-23,0.7,yahoo
STX,2024-12-13,0.72,yahoo
STX,2025-03-19,0.72,yahoo
STX,2025-06-25,0.72,yahoo
STX,2025-09-30,0.72,yahoo
STX,2025-12-24,0.74,yahoo
STX,2026-03-25,0.74,yahoo
STX,2026-06-24,0.74,yahoo
STZ,2021-11-04,0.76,yahoo
STZ,2022-02-08,0.76,yahoo
STZ,2022-05-04,0.8,yahoo
STZ,2022-08-09,0.8,yahoo
STZ,2022-11-03,0.8,yahoo
STZ,2023-02-07,0.8,yahoo
STZ,2023-05-03,0.89,yahoo
STZ,2023-08-09,0.89,yahoo
STZ,2023-11-02,0.89,yahoo
STZ,2024-02-07,0.89,yahoo
STZ,2024-05-02,1.01,yahoo
STZ,2024-08-14,1.01,yahoo
STZ,2024-11-05,1.01,yahoo
STZ,2025-02-07,1.01,yahoo
STZ,2025-04-29,1.02,yahoo
STZ,2025-07-30,1.02,yahoo
STZ,2025-10-30,1.02,yahoo
STZ,2026-01-29,1.02,yahoo
STZ,2026-04-29,1.03,yahoo
STZ,2026-07-30,1.03,yahoo
SU,2021-09-02,0.166,yahoo
SU,2021-12-02,0.328,yahoo
SU,2022-03-03,0.332,yahoo
SU,2022-06-02,0.371,yahoo
SU,2022-09-01,0.358,yahoo
SU,2022-12-01,0.387,yahoo
SU,2023-03-02,0.382,yahoo
SU,2023-06-02,0.387,yahoo
SU,2023-08-31,0.384,yahoo
SU,2023-11-30,0.401,yahoo
SU,2024-03-01,0.401,yahoo
SU,2024-06-04,0.4,yahoo
SU,2024-09-04,0.402,yahoo
SU,2024-12-03,0.406,yahoo
SU,2025-03-04,0.393,yahoo
SU,2025-06-04,0.415,yahoo
SU,2026-03-04,0.439,yahoo
SU,2026-06-04,0.432,yahoo
SU,2026-09-04,0.435,yahoo
SUI,2021-09-29,0.83,yahoo
SUI,2021-12-30,0.83,yahoo
SUI,2022-03-30,0.88,yahoo
SUI,2022-06-29,0.88,yahoo
SUI,2022-09-29,0.88,yahoo
SUI,2022-12-29,0.88,yahoo
SUI,2023-03-30,0.93,yahoo
SUI,2023-06-29,0.93,yahoo
SUI,2023-09-28,0.93,yahoo
SUI,2023-12-28,0.93,yahoo
SUI,2024-03-27,0.94,yahoo
SUI,2024-06-28,0.94,yahoo
SUI,2024-09-30,0.94,yahoo
SUI,2024-12-31,0.94,yahoo
SUI,2025-03-31,0.94,yahoo
SUI,2025-05-14,4,yahoo
SUI,2025-06-30,1.04,yahoo
SUI,2025-09-30,1.04,yahoo
SUI,2025-12-31,1.04,yahoo
SUI,2026-03-31,1.12,yahoo
SUI,2026-06-30,1.12,yahoo
SW,2021-09-23,0.343,yahoo
SW,2022-04-07,1.048,yahoo
SW,2022-09-29,0.308,yahoo
SW,2023-04-13,1.183,yahoo
SW,2023-09-28,0.352,yahoo
SW,2024-04-11,1.272,yahoo
SW,2024-08-15,0.303,yahoo
SW,2024-11-15,0.303,yahoo
SW,2025-02-14,0.431,yahoo
SW,2025-05-16,0.431,yahoo
SW,2025-08-15,0.431,yahoo
SW,2026-02-17,0.452,yahoo
SW,2026-05-15,0.452,yahoo
SW,2026-08-14,0.452,yahoo
SWK,2021-09-03,0.79,yahoo
SWK,2021-11-30,0.79,yahoo
SWK,2022-03-07,0.79,yahoo
SWK,2022-06-06,0.79,yahoo
SWK,2022-09-02,0.8,yahoo
SWK,2022-11-30,0.8,yahoo
SWK,2023-03-06,0.8,yahoo
SWK,2023-06-02,0.8,yahoo
SWK,2023-09-01,0.81,yahoo
SWK,2023-11-30,0.81,yahoo
SWK,2024-03-07,0.81,yahoo
SWK,2024-06-04,0.81,yahoo
SWK,2024-09-03,0.82,yahoo
SWK,2024-11-29,0.82,yahoo
SWK,2025-03-04,0.82,yahoo
SWK,2025-06-03,0.82,yahoo
SWK,2025-09-02,0.83,yahoo
SWK,2025-12-01,0.83,yahoo
SWK,2026-03-10,0.83,yahoo
SWK,2026-06-08,0.83,yahoo
SWK,2026-09-08,0.84,yahoo
SWKS,2021-11-22,0.56,yahoo
SWKS,2022-02-18,0.56,yahoo
SWKS,2022-05-23,0.56,yahoo
SWKS,2022-08-24,0.62,yahoo
SWKS,2022-11-21,0.62,yahoo
SWKS,2023-02-27,0.62,yahoo
SWKS,2023-05-26,0.62,yahoo
SWKS,2023-08-28,0.68,yahoo
SWKS,2023-11-20,0.68,yahoo
SWKS,2024-02-16,0.68,yahoo
SWKS,2024-05-20,0.68,yahoo
SWKS,2024-08-20,0.7,yahoo
SWKS,2024-12-03,0.7,yahoo
SWKS,2025-02-24,0.7,yahoo
SWKS,2025-05-27,0.7,yahoo
SWKS,2025-08-26,0.71,yahoo
SWKS,2025-11-18,0.71,yahoo
SWKS,2026-02-24,0.71,yahoo
SWKS,2026-05-26,0.71,yahoo
SYF,2021-10-29,0.22,yahoo
SYF,2022-02-09,0.22,yahoo
SYF,2022-04-29,0.22,yahoo
SYF,2022-07-29,0.23,yahoo
SYF,2022-10-31,0.23,yahoo
SYF,2023-02-03,0.23,yahoo
SYF,2023-05-01,0.23,yahoo
SYF,2023-07-28,0.25,yahoo
SYF,2023-10-31,0.25,yahoo
SYF,2024-02-02,0.25,yahoo
SYF,2024-05-03,0.25,yahoo
SYF,2024-08-05,0.25,yahoo
SYF,2024-11-04,0.25,yahoo
SYF,2025-02-03,0.25,yahoo
SYF,2025-05-05,0.3,yahoo
SYF,2025-08-05,0.3,yahoo
SYF,2025-11-05,0.3,yahoo
SYF,2026-02-06,0.3,yahoo
SYF,2026-05-05,0.3,yahoo
SYF,2026-08-05,0.34,yahoo
SYK,2021-09-29,0.63,yahoo
SYK,2021-12-30,0.695,yahoo
SYK,2022-03-30,0.695,yahoo
SYK,2022-06-29,0.695,yahoo
SYK,2022-09-29,0.695,yahoo
SYK,2022-12-29,0.75,yahoo
SYK,2023-03-30,0.75,yahoo
SYK,2023-06-29,0.75,yahoo
SYK,2023-09-28,0.75,yahoo
SYK,2023-12-28,0.8,yahoo
SYK,2024-03-27,0.8,yahoo
SYK,2024-06-28,0.8,yahoo
SYK,2024-09-30,0.8,yahoo
SYK,2024-12-31,0.84,yahoo
SYK,2025-03-31,0.84,yahoo
SYK,2025-06-30,0.84,yahoo
SYK,2025-09-30,0.84,yahoo
SYK,2025-12-31,0.88,yahoo
SYK,2026-03-31,0.88,yahoo
SYK,2026-06-30,0.88,yahoo
SYY,2021-09-30,0.47,yahoo
SYY,2022-01-06,0.47,yahoo
SYY,2022-03-31,0.47,yahoo
SYY,2022-06-30,0.49,yahoo
SYY,2022-10-06,0.49,yahoo
SYY,2023-01-05,0.49,yahoo
SYY,2023-04-05,0.49,yahoo
SYY,2023-07-06,0.5,yahoo
SYY,2023-10-05,0.5,yahoo
SYY,2024-01-04,0.5,yahoo
SYY,2024-04-04,0.5,yahoo
SYY,2024-07-05,0.51,yahoo
SYY,2024-10-04,0.51,yahoo
SYY,2025-01-03,0.51,yahoo
SYY,2025-04-04,0.51,yahoo
SYY,2025-07-03,0.54,yahoo
SYY,2025-10-03,0.54,yahoo
SYY,2026-01-02,0.54,yahoo
SYY,2026-04-02,0.54,yahoo
SYY,2026-07-02,0.55,yahoo
T,2021-10-07,0.52,yahoo
T,2022-01-07,0.52,yahoo
T,2022-04-13,0.278,yahoo
T,2022-07-08,0.278,yahoo
T,2022-10-06,0.278,yahoo
T,2023-01-09,0.278,yahoo
T,2023-04-06,0.278,yahoo
T,2023-07-07,0.278,yahoo
T,2023-10-06,0.278,yahoo
T,2024-01-09,0.278,yahoo
T,2024-04-09,0.278,yahoo
T,2024-07-10,0.278,yahoo
T,2024-10-10,0.278,yahoo
T,2025-01-10,0.278,yahoo
T,2025-04-10,0.278,yahoo
T,2025-07-10,0.278,yahoo
T,2025-10-10,0.278,yahoo
T,2026-01-12,0.278,yahoo
T,2026-04-10,0.278,yahoo
T,2026-07-10,0.278,yahoo
TAP,2021-12-02,0.34,yahoo
TAP,2022-03-04,0.38,yahoo
TAP,2022-06-02,0.38,yahoo
TAP,2022-09-01,0.38,yahoo
TAP,2022-12-01,0.38,yahoo
TAP,2023-03-02,0.41,yahoo
TAP,2023-06-01,0.41,yahoo
TAP,2023-08-31,0.41,yahoo
TAP,2023-11-30,0.41,yahoo
TAP,2024-02-29,0.44,yahoo
TAP,2024-06-07,0.44,yahoo
TAP,2024-08-30,0.44,yahoo
TAP,2024-12-06,0.44,yahoo
TAP,2025-02-27,0.47,yahoo
TAP,2025-06-06,0.47,yahoo
TAP,2025-09-05,0.47,yahoo
TAP,2025-12-05,0.47,yahoo
TAP,2026-03-06,0.48,yahoo
TAP,2026-05-29,0.48,yahoo
TAP,2026-08-28,0.48,yahoo
TCOM,2025-03-17,0.3,yahoo
TD,2021-10-07,0.627,yahoo
TD,2022-01-07,0.699,yahoo
TD,2022-04-07,0.71,yahoo
TD,2022-07-07,0.683,yahoo
TD,2022-10-06,0.654,yahoo
TD,2023-01-05,0.712,yahoo
TD,2023-04-05,0.714,yahoo
TD,2023-07-07,0.718,yahoo
TD,2023-10-05,0.699,yahoo
TD,2024-01-09,0.764,yahoo
TD,2024-04-08,0.751,yahoo
TD,2024-07-10,0.748,yahoo
TD,2024-10-10,0.744,yahoo
TD,2025-01-10,0.724,yahoo
TD,2025-04-10,0.745,yahoo
TD,2025-07-10,0.767,yahoo
TD,2026-04-09,0.78,yahoo
TD,2026-07-10,0.791,yahoo
TDG,2022-08-18,18.5,yahoo
TDG,2023-11-17,35,yahoo
TDG,2024-10-04,75,yahoo
TDG,2025-09-02,90,yahoo
TECH,2021-11-10,0.08,yahoo
TECH,2022-02-10,0.08,yahoo
TECH,2022-05-13,0.08,yahoo
TECH,2022-08-12,0.08,yahoo
TECH,2022-11-10,0.08,yahoo
TECH,2023-02-10,0.08,yahoo
TECH,2023-05-12,0.08,yahoo
TECH,2023-08-17,0.08,yahoo
TECH,2023-11-09,0.08,yahoo
TECH,2024-02-09,0.08,yahoo
TECH,2024-05-10,0.08,yahoo
TECH,2024-08-19,0.08,yahoo
TECH,2024-11-08,0.08,yahoo
TECH,2025-02-14,0.08,yahoo
TECH,2025-05-19,0.08,yahoo
TECH,2025-08-18,0.08,yahoo
TECH,2025-11-17,0.08,yahoo
TECH,2026-02-13,0.08,yahoo
TECH,2026-05-18,0.08,yahoo
TECH,2026-08-24,0.08,yahoo
TECK,2021-09-14,0.04,yahoo
TECK,2021-12-14,0.039,yahoo
TECK,2022-03-14,0.49,yahoo
TECK,2022-06-14,0.097,yahoo
TECK,2022-09-14,0.095,yahoo
TECK,2022-12-14,0.092,yahoo
TECK,2023-03-14,0.455,yahoo
TECK,2023-06-14,0.094,yahoo
TECK,2023-09-14,0.092,yahoo
TECK,2023-12-14,0.093,yahoo
TECK,2024-03-14,0.093,yahoo
TECK,2024-06-17,0.091,yahoo
TECK,2024-09-13,0.46,yahoo
TECK,2024-12-13,0.088,yahoo
TECK,2025-03-14,0.087,yahoo
TECK,2025-06-16,0.092,yahoo
TECK,2025-09-15,0.09,yahoo
TECK,2026-03-13,0.092,yahoo
TECK,2026-06-15,0.089,yahoo
TEL,2021-11-18,0.5,yahoo
TEL,2022-02-17,0.5,yahoo
TEL,2022-05-19,0.56,yahoo
TEL,2022-08-18,0.56,yahoo
TEL,2022-11-17,0.56,yahoo
TEL,2023-02-16,0.56,yahoo
TEL,2023-05-18,0.59,yahoo
TEL,2023-08-17,0.59,yahoo
TEL,2023-11-16,0.59,yahoo
TEL,2024-02-15,0.59,yahoo
TEL,2024-05-23,0.65,yahoo
TEL,2024-08-23,0.65,yahoo
TEL,2024-11-22,0.65,yahoo
TEL,2025-02-21,0.65,yahoo
TEL,2025-05-21,0.71,yahoo
TEL,2025-08-22,0.71,yahoo
TEL,2026-02-20,0.71,yahoo
TEL,2026-05-22,0.78,yahoo
TEL,2026-08-21,0.78,yahoo
TER,2021-11-23,0.1,yahoo
TER,2022-02-17,0.11,yahoo
TER,2022-05-24,0.11,yahoo
TER,2022-08-30,0.11,yahoo
TER,2022-11-25,0.11,yahoo
TER,2023-02-16,0.11,yahoo
TER,2023-05-23,0.11,yahoo
TER,2023-08-31,0.11,yahoo
TER,2023-11-24,0.11,yahoo
TER,2024-02-15,0.12,yahoo
TER,2024-05-21,0.12,yahoo
TER,2024-09-05,0.12,yahoo
TER,2024-11-25,0.12,yahoo
TER,2025-02-14,0.12,yahoo
TER,2025-05-22,0.12,yahoo
TER,2025-09-05,0.12,yahoo
TER,2025-11-24,0.12,yahoo
TER,2026-02-13,0.13,yahoo
TER,2026-05-21,0.13,yahoo
TER,2026-09-04,0.13,yahoo
TEX,2021-11-08,0.12,yahoo
TEX,2022-03-08,0.13,yahoo
TEX,2022-06-03,0.13,yahoo
TEX,2022-08-11,0.13,yahoo
TEX,2022-11-09,0.13,yahoo
TEX,2023-03-08,0.15,yahoo
TEX,2023-06-05,0.15,yahoo
TEX,2023-08-11,0.17,yahoo
TEX,2023-11-08,0.17,yahoo
TEX,2024-03-07,0.17,yahoo
TEX,2024-06-06,0.17,yahoo
TEX,2024-08-09,0.17,yahoo
TEX,2024-11-08,0.17,yahoo
TEX,2025-03-07,0.17,yahoo
TEX,2025-06-06,0.17,yahoo
TEX,2025-08-11,0.17,yahoo
TEX,2025-11-10,0.17,yahoo
TEX,2026-03-06,0.17,yahoo
TEX,2026-06-08,0.17,yahoo
TEX,2026-08-11,0.17,yahoo
TFC,2021-11-10,0.48,yahoo
TFC,2022-02-10,0.48,yahoo
TFC,2022-05-12,0.48,yahoo
TFC,2022-08-11,0.52,yahoo
TFC,2022-11-09,0.52,yahoo
TFC,2023-02-09,0.52,yahoo
TFC,2023-05-11,0.52,yahoo
TFC,2023-08-10,0.52,yahoo
TFC,2023-11-09,0.52,yahoo
TFC,2024-02-08,0.52,yahoo
TFC,2024-05-09,0.52,yahoo
TFC,2024-08-09,0.52,yahoo
TFC,2024-11-08,0.52,yahoo
TFC,2025-02-14,0.52,yahoo
TFC,2025-05-09,0.52,yahoo
TFC,2025-08-08,0.52,yahoo
TFC,2025-11-14,0.52,yahoo
TFC,2026-02-13,0.52,yahoo
TFC,2026-05-08,0.52,yahoo
TFC,2026-08-14,0.52,yahoo
TFX,2021-11-12,0.34,yahoo
TFX,2022-03-04,0.34,yahoo
TFX,2022-05-13,0.34,yahoo
TFX,2022-08-12,0.34,yahoo
TFX,2022-11-14,0.34,yahoo
TFX,2023-03-02,0.34,yahoo
TFX,2023-05-12,0.34,yahoo
TFX,2023-08-14,0.34,yahoo
TFX,2023-11-14,0.34,yahoo
TFX,2024-02-29,0.34,yahoo
TFX,2024-05-14,0.34,yahoo
TFX,2024-08-15,0.34,yahoo
TFX,2024-11-15,0.34,yahoo
TFX,2025-03-07,0.34,yahoo
TFX,2025-05-20,0.34,yahoo
TFX,2025-08-15,0.34,yahoo
TFX,2025-11-14,0.34,yahoo
TFX,2026-03-06,0.34,yahoo
TFX,2026-05-22,0.34,yahoo
TFX,2026-08-14,0.34,yahoo
TGT,2021-11-16,0.9,yahoo
TGT,2022-02-15,0.9,yahoo
TGT,2022-05-17,0.9,yahoo
TGT,2022-08-16,1.08,yahoo
TGT,2022-11-15,1.08,yahoo
TGT,2023-02-14,1.08,yahoo
TGT,2023-05-16,1.08,yahoo
TGT,2023-08-15,1.1,yahoo
TGT,2023-11-14,1.1,yahoo
TGT,2024-02-20,1.1,yahoo
TGT,2024-05-14,1.1,yahoo
TGT,2024-08-21,1.12,yahoo
TGT,2024-11-20,1.12,yahoo
TGT,2025-02-12,1.12,yahoo
TGT,2025-05-14,1.12,yahoo
TGT,2025-08-13,1.14,yahoo
TGT,2025-11-12,1.14,yahoo
TGT,2026-02-11,1.14,yahoo
TGT,2026-05-13,1.14,yahoo
TGT,2026-08-12,1.16,yahoo
THG,2021-09-09,0.7,yahoo
THG,2021-12-15,0.75,yahoo
THG,2022-03-10,0.75,yahoo
THG,2022-06-09,0.75,yahoo
THG,2022-09-15,0.75,yahoo
THG,2022-12-14,0.81,yahoo
THG,2023-03-14,0.81,yahoo
THG,2023-06-15,0.81,yahoo
THG,2023-09-14,0.81,yahoo
THG,2023-12-14,0.85,yahoo
THG,2024-03-14,0.85,yahoo
THG,2024-06-14,0.85,yahoo
THG,2024-09-13,0.85,yahoo
THG,2024-12-13,0.9,yahoo
THG,2025-03-14,0.9,yahoo
THG,2025-06-13,0.9,yahoo
THG,2025-09-12,0.9,yahoo
THG,2025-12-12,0.95,yahoo
THG,2026-03-13,0.95,yahoo
THG,2026-06-12,0.95,yahoo
THG,2026-09-11,0.95,yahoo
TIGO,2025-01-03,1,yahoo
TIGO,2025-04-08,0.75,yahoo
TIGO,2025-07-08,0.75,yahoo
TIGO,2025-10-08,2,yahoo
TIGO,2026-01-08,0.75,yahoo
TIGO,2026-04-08,2,yahoo
TIGO,2026-07-08,0.75,yahoo
TJX,2021-11-09,0.26,yahoo
TJX,2022-02-09,0.26,yahoo
TJX,2022-05-11,0.295,yahoo
TJX,2022-08-10,0.295,yahoo
TJX,2022-11-09,0.295,yahoo
TJX,2023-02-08,0.295,yahoo
TJX,2023-05-10,0.333,yahoo
TJX,2023-08-09,0.333,yahoo
TJX,2023-11-08,0.333,yahoo
TJX,2024-02-14,0.333,yahoo
TJX,2024-05-15,0.375,yahoo
TJX,2024-08-15,0.375,yahoo
TJX,2024-11-14,0.375,yahoo
TJX,2025-02-13,0.375,yahoo
TJX,2025-05-15,0.425,yahoo
TJX,2025-08-14,0.425,yahoo
TJX,2025-11-13,0.425,yahoo
TJX,2026-02-12,0.425,yahoo
TJX,2026-05-14,0.48,yahoo
TJX,2026-08-13,0.48,yahoo
TKO,2021-09-14,0.12,yahoo
TKO,2021-12-14,0.12,yahoo
TKO,2022-03-14,0.12,yahoo
TKO,2022-06-14,0.12,yahoo
TKO,2022-09-14,0.12,yahoo
TKO,2022-12-14,0.12,yahoo
TKO,2023-03-14,0.12,yahoo
TKO,2023-06-14,0.12,yahoo
TKO,2023-09-21,3.86,yahoo
TKO,2025-03-14,0.38,yahoo
TKO,2025-06-13,0.38,yahoo
TKO,2025-09-15,0.76,yahoo
TKO,2025-12-15,0.78,yahoo
TKO,2026-03-16,0.78,yahoo
TKO,2026-06-15,0.79,yahoo
TKR,2021-11-19,0.3,yahoo
TKR,2022-02-18,0.3,yahoo
TKR,2022-05-13,0.31,yahoo
TKR,2022-08-12,0.31,yahoo
TKR,2022-11-18,0.31,yahoo
TKR,2023-02-17,0.31,yahoo
TKR,2023-05-15,0.33,yahoo
TKR,2023-08-14,0.33,yahoo
TKR,2023-11-13,0.33,yahoo
TKR,2024-02-16,0.33,yahoo
TKR,2024-05-13,0.34,yahoo
TKR,2024-08-20,0.34,yahoo
TKR,2024-11-19,0.34,yahoo
TKR,2025-02-25,0.34,yahoo
TKR,2025-05-13,0.35,yahoo
TKR,2025-08-19,0.35,yahoo
TKR,2025-11-25,0.35,yahoo
TKR,2026-02-24,0.35,yahoo
TKR,2026-05-19,0.36,yahoo
TKR,2026-08-18,0.36,yahoo
TLT,2021-10-01,0.183,yahoo
TLT,2021-11-01,0.188,yahoo
TLT,2021-12-01,0.184,yahoo
TLT,2021-12-16,0.168,yahoo
TLT,2022-02-01,0.198,yahoo
TLT,2022-03-01,0.185,yahoo
TLT,2022-04-01,0.202,yahoo
TLT,2022-05-02,0.203,yahoo
TLT,2022-06-01,0.207,yahoo
TLT,2022-07-01,0.227,yahoo
TLT,2022-08-01,0.213,yahoo
TLT,2022-09-01,0.236,yahoo
TLT,2022-10-03,0.244,yahoo
TLT,2022-11-01,0.236,yahoo
TLT,2022-12-01,0.244,yahoo
TLT,2022-12-15,0.261,yahoo
TLT,2023-02-01,0.275,yahoo
TLT,2023-03-01,0.25,yahoo
TLT,2023-04-03,0.269,yahoo
TLT,2023-05-01,0.268,yahoo
TLT,2023-06-01,0.273,yahoo
TLT,2023-07-03,0.278,yahoo
TLT,2023-08-01,0.275,yahoo
TLT,2023-09-01,0.289,yahoo
TLT,2023-10-02,0.28,yahoo
TLT,2023-11-01,0.286,yahoo
TLT,2023-12-01,0.289,yahoo
TLT,2023-12-14,0.311,yahoo
TLT,2024-02-01,0.31,yahoo
TLT,2024-03-01,0.295,yahoo
TLT,2024-04-01,0.312,yahoo
TLT,2024-05-01,0.308,yahoo
TLT,2024-06-03,0.308,yahoo
TLT,2024-07-01,0.291,yahoo
TLT,2024-08-01,0.315,yahoo
TLT,2024-09-03,0.313,yahoo
TLT,2024-10-01,0.316,yahoo
TLT,2024-11-01,0.311,yahoo
TLT,2024-12-02,0.325,yahoo
TLT,2024-12-18,0.351,yahoo
TLT,2025-02-03,0.312,yahoo
TLT,2025-03-03,0.29,yahoo
TLT,2025-04-01,0.326,yahoo
TLT,2025-05-01,0.328,yahoo
TLT,2025-06-02,0.32,yahoo
TLT,2025-07-01,0.328,yahoo
TLT,2025-08-01,0.331,yahoo
TLT,2025-09-02,0.328,yahoo
TLT,2025-10-01,0.31,yahoo
TLT,2025-11-03,0.325,yahoo
TLT,2025-12-01,0.321,yahoo
TLT,2025-12-19,0.342,yahoo
TLT,2026-02-02,0.332,yahoo
TLT,2026-03-02,0.301,yahoo
TLT,2026-04-01,0.345,yahoo
TLT,2026-05-01,0.315,yahoo
TLT,2026-06-01,0.336,yahoo
TLT,2026-07-01,0.318,yahoo
TLT,2026-08-03,0.33,yahoo
TLT,2026-09-01,0.315,yahoo
TME,2024-05-31,0.137,yahoo
TME,2025-04-03,0.18,yahoo
TME,2026-04-02,0.24,yahoo
TMO,2021-09-14,0.26,yahoo
TMO,2021-12-14,0.26,yahoo
TMO,2022-03-15,0.3,yahoo
TMO,2022-06-14,0.3,yahoo
TMO,2022-09-14,0.3,yahoo
TMO,2022-12-14,0.3,yahoo
TMO,2023-03-14,0.35,yahoo
TMO,2023-06-14,0.35,yahoo
TMO,2023-09-14,0.35,yahoo
TMO,2023-12-14,0.35,yahoo
TMO,2024-03-14,0.39,yahoo
TMO,2024-06-14,0.39,yahoo
TMO,2024-09-13,0.39,yahoo
TMO,2024-12-13,0.39,yahoo
TMO,2025-03-14,0.43,yahoo
TMO,2025-06-13,0.43,yahoo
TMO,2025-09-15,0.43,yahoo
TMO,2025-12-15,0.43,yahoo
TMO,2026-03-13,0.47,yahoo
TMO,2026-06-15,0.47,yahoo
TMUS,2023-11-30,0.65,yahoo
TMUS,2024-02-29,0.65,yahoo
TMUS,2024-05-31,0.65,yahoo
TMUS,2024-08-30,0.65,yahoo
TMUS,2024-11-27,0.88,yahoo
TMUS,2025-02-28,0.88,yahoo
TMUS,2025-05-30,0.88,yahoo
TMUS,2025-08-29,0.88,yahoo
TMUS,2025-11-26,1.02,yahoo
TMUS,2026-02-27,1.02,yahoo
TMUS,2026-05-29,1.02,yahoo
TMUS,2026-08-28,1.02,yahoo
TNA,2021-12-21,0.05,yahoo
TNA,2022-12-20,0.099,yahoo
TNA,2023-03-21,0.038,yahoo
TNA,2023-06-21,0.228,yahoo
TNA,2023-09-19,0.017,yahoo
TNA,2023-12-21,0.218,yahoo
TNA,2024-03-19,0.026,yahoo
TNA,2024-06-25,0.153,yahoo
TNA,2024-09-24,0.033,yahoo
TNA,2024-12-23,0.176,yahoo
TNA,2025-03-25,0.103,yahoo
TNA,2025-06-24,0.15,yahoo
TNA,2025-09-23,0.072,yahoo
TNA,2025-12-23,0.03,yahoo
TNA,2026-03-24,0.02,yahoo
TNA,2026-06-23,0.088,yahoo
TOL,2021-10-07,0.17,yahoo
TOL,2022-01-06,0.17,yahoo
TOL,2022-04-07,0.2,yahoo
TOL,2022-07-07,0.2,yahoo
TOL,2022-10-06,0.2,yahoo
TOL,2023-01-05,0.2,yahoo
TOL,2023-04-05,0.21,yahoo
TOL,2023-07-06,0.21,yahoo
TOL,2023-10-05,0.21,yahoo
TOL,2024-01-11,0.21,yahoo
TOL,2024-04-04,0.23,yahoo
TOL,2024-07-05,0.23,yahoo
TOL,2024-10-11,0.23,yahoo
TOL,2025-01-10,0.23,yahoo
TOL,2025-04-11,0.25,yahoo
TOL,2025-07-11,0.25,yahoo
TOL,2025-10-10,0.25,yahoo
TOL,2026-01-09,0.25,yahoo
TOL,2026-04-10,0.26,yahoo
TOL,2026-07-10,0.26,yahoo
TPG,2022-05-19,0.44,yahoo
TPG,2022-08-18,0.39,yahoo
TPG,2022-11-18,0.26,yahoo
TPG,2023-02-24,0.5,yahoo
TPG,2023-05-24,0.2,yahoo
TPG,2023-08-17,0.22,yahoo
TPG,2023-11-16,0.48,yahoo
TPG,2024-02-22,0.44,yahoo
TPG,2024-05-17,0.41,yahoo
TPG,2024-08-16,0.42,yahoo
TPG,2024-11-14,0.38,yahoo
TPG,2025-02-21,0.53,yahoo
TPG,2025-05-19,0.41,yahoo
TPG,2025-08-18,0.59,yahoo
TPG,2025-11-14,0.45,yahoo
TPG,2026-02-19,0.61,yahoo
TPG,2026-05-11,0.59,yahoo
TPG,2026-08-14,0.59,yahoo
TPL,2021-09-07,0.305556,yahoo
TPL,2021-12-07,0.305556,yahoo
TPL,2022-03-07,0.333333,yahoo
TPL,2022-06-07,2.555556,yahoo
TPL,2022-09-07,0.333333,yahoo
TPL,2022-12-07,0.333333,yahoo
TPL,2023-03-07,0.361111,yahoo
TPL,2023-06-07,0.361111,yahoo
TPL,2023-08-31,0.361111,yahoo
TPL,2023-11-30,0.361111,yahoo
TPL,2024-02-29,0.388889,yahoo
TPL,2024-06-03,0.39,yahoo
TPL,2024-07-01,3.333333,yahoo
TPL,2024-09-03,0.39,yahoo
TPL,2024-12-02,0.533333,yahoo
TPL,2025-03-03,0.533333,yahoo
TPL,2025-06-02,0.533333,yahoo
TPL,2025-09-02,0.533333,yahoo
TPL,2025-12-01,0.533333,yahoo
TPL,2026-03-02,0.6,yahoo
TPL,2026-06-01,0.6,yahoo
TPL,2026-09-01,0.6,yahoo
TPR,2021-09-03,0.25,yahoo
TPR,2021-12-02,0.25,yahoo
TPR,2022-03-03,0.25,yahoo
TPR,2022-06-02,0.25,yahoo
TPR,2022-09-08,0.3,yahoo
TPR,2022-12-08,0.3,yahoo
TPR,2023-03-09,0.3,yahoo
TPR,2023-06-08,0.3,yahoo
TPR,2023-09-07,0.35,yahoo
TPR,2023-12-07,0.35,yahoo
TPR,2024-03-07,0.35,yahoo
TPR,2024-06-07,0.35,yahoo
TPR,2024-09-06,0.35,yahoo
TPR,2024-12-06,0.35,yahoo
TPR,2025-03-06,0.35,yahoo
TPR,2025-06-06,0.35,yahoo
TPR,2025-09-05,0.4,yahoo
TPR,2025-12-05,0.4,yahoo
TPR,2026-03-06,0.4,yahoo
TPR,2026-06-05,0.4,yahoo
TPR,2026-09-04,0.463,yahoo
TQQQ,2022-12-22,0.049,yahoo
TQQQ,2023-03-22,0.075,yahoo
TQQQ,2023-06-21,0.064,yahoo
TQQQ,2023-09-20,0.0695,yahoo
TQQQ,2023-12-20,0.1115,yahoo
TQQQ,2024-03-20,0.1075,yahoo
TQQQ,2024-06-26,0.1415,yahoo
TQQQ,2024-09-25,0.115,yahoo
TQQQ,2024-12-23,0.1375,yahoo
TQQQ,2025-03-26,0.099,yahoo
TQQQ,2025-06-25,0.109,yahoo
TQQQ,2025-09-24,0.049,yahoo
TQQQ,2025-12-24,0.086,yahoo
TQQQ,2026-03-25,0.072,yahoo
TQQQ,2026-06-24,0.171,yahoo
TRGP,2021-10-28,0.1,yahoo
TRGP,2022-01-28,0.35,yahoo
TRGP,2022-04-28,0.35,yahoo
TRGP,2022-07-28,0.35,yahoo
TRGP,2022-10-28,0.35,yahoo
TRGP,2023-01-30,0.35,yahoo
TRGP,2023-04-27,0.5,yahoo
TRGP,2023-07-28,0.5,yahoo
TRGP,2023-10-30,0.5,yahoo
TRGP,2024-01-30,0.5,yahoo
TRGP,2024-04-29,0.75,yahoo
TRGP,2024-07-31,0.75,yahoo
TRGP,2024-10-31,0.75,yahoo
TRGP,2025-01-31,0.75,yahoo
TRGP,2025-04-30,1,yahoo
TRGP,2025-07-31,1,yahoo
TRGP,2025-10-31,1,yahoo
TRGP,2026-01-30,1,yahoo
TRGP,2026-04-30,1.25,yahoo
TRGP,2026-07-31,1.25,yahoo
TRI,2021-11-17,0.420561,yahoo
TRI,2022-02-23,0.462098,yahoo
TRI,2022-05-25,0.462098,yahoo
TRI,2022-08-17,0.462098,yahoo
TRI,2022-11-16,0.462098,yahoo
TRI,2023-02-22,0.508827,yahoo
TRI,2023-05-17,0.508827,yahoo
TRI,2023-06-23,4.845,yahoo
TRI,2023-08-16,0.49,yahoo
TRI,2023-11-15,0.49,yahoo
TRI,2024-02-20,0.54,yahoo
TRI,2024-05-15,0.54,yahoo
TRI,2024-08-15,0.54,yahoo
TRI,2024-11-21,0.54,yahoo
TRI,2025-02-20,0.595,yahoo
TRI,2025-05-15,0.595,yahoo
TRI,2025-08-19,0.595,yahoo
TRI,2025-11-18,0.595,yahoo
TRI,2026-02-17,0.655,yahoo
TRI,2026-05-04,1.436,yahoo
TRI,2026-05-20,0.655,yahoo
TRI,2026-08-19,0.655,yahoo
TROW,2021-09-14,1.08,yahoo
TROW,2021-12-15,1.08,yahoo
TROW,2022-03-14,1.2,yahoo
TROW,2022-06-14,1.2,yahoo
TROW,2022-09-14,1.2,yahoo
TROW,2022-12-15,1.2,yahoo
TROW,2023-03-14,1.22,yahoo
TROW,2023-06-14,1.22,yahoo
TROW,2023-09-14,1.22,yahoo
TROW,2023-12-14,1.22,yahoo
TROW,2024-03-14,1.24,yahoo
TROW,2024-06-14,1.24,yahoo
TROW,2024-09-13,1.24,yahoo
TROW,2024-12-13,1.24,yahoo
TROW,2025-03-14,1.27,yahoo
TROW,2025-06-13,1.27,yahoo
TROW,2025-09-15,1.27,yahoo
TROW,2025-12-15,1.27,yahoo
TROW,2026-03-16,1.3,yahoo
TROW,2026-06-15,1.3,yahoo
TRP,2021-09-28,0.628077,yahoo
TRP,2021-12-30,0.619872,yahoo
TRP,2022-03-30,0.656335,yahoo
TRP,2022-06-29,0.637192,yahoo
TRP,2022-09-28,0.597995,yahoo
TRP,2022-12-29,0.603464,yahoo
TRP,2023-03-30,0.625342,yahoo
TRP,2023-06-29,0.639927,yahoo
TRP,2023-09-28,0.628077,yahoo
TRP,2023-12-28,0.64175,yahoo
TRP,2024-03-27,0.644485,yahoo
TRP,2024-06-28,0.639015,yahoo
TRP,2024-09-27,0.649954,yahoo
TRP,2024-12-31,0.573,yahoo
TRP,2025-03-31,0.594,yahoo
TRP,2025-06-30,0.621,yahoo
TRP,2026-03-31,0.63,yahoo
TRP,2026-06-30,0.618,yahoo
TRU,2021-11-23,0.095,yahoo
TRU,2022-03-09,0.095,yahoo
TRU,2022-05-26,0.095,yahoo
TRU,2022-08-24,0.105,yahoo
TRU,2022-11-16,0.105,yahoo
TRU,2023-03-08,0.105,yahoo
TRU,2023-05-18,0.105,yahoo
TRU,2023-08-22,0.105,yahoo
TRU,2023-11-16,0.105,yahoo
TRU,2024-03-06,0.105,yahoo
TRU,2024-05-16,0.105,yahoo
TRU,2024-08-23,0.105,yahoo
TRU,2024-11-22,0.105,yahoo
TRU,2025-02-27,0.115,yahoo
TRU,2025-05-22,0.115,yahoo
TRU,2025-08-22,0.115,yahoo
TRU,2025-11-21,0.115,yahoo
TRU,2026-02-26,0.125,yahoo
TRU,2026-05-27,0.125,yahoo
TRU,2026-08-20,0.125,yahoo
TRV,2021-09-09,0.88,yahoo
TRV,2021-12-09,0.88,yahoo
TRV,2022-03-09,0.88,yahoo
TRV,2022-06-09,0.93,yahoo
TRV,2022-09-08,0.93,yahoo
TRV,2022-12-08,0.93,yahoo
TRV,2023-03-09,0.93,yahoo
TRV,2023-06-08,1,yahoo
TRV,2023-09-07,1,yahoo
TRV,2023-12-07,1,yahoo
TRV,2024-03-07,1,yahoo
TRV,2024-06-10,1.05,yahoo
TRV,2024-09-10,1.05,yahoo
TRV,2024-12-10,1.05,yahoo
TRV,2025-03-10,1.05,yahoo
TRV,2025-06-10,1.1,yahoo
TRV,2025-09-10,1.1,yahoo
TRV,2025-12-10,1.1,yahoo
TRV,2026-03-10,1.1,yahoo
TRV,2026-06-10,1.25,yahoo
TRV,2026-09-10,1.25,yahoo
TSCO,2021-11-19,0.104,yahoo
TSCO,2022-02-17,0.184,yahoo
TSCO,2022-05-24,0.184,yahoo
TSCO,2022-08-19,0.184,yahoo
TSCO,2022-11-18,0.184,yahoo
TSCO,2023-02-24,0.206,yahoo
TSCO,2023-05-26,0.206,yahoo
TSCO,2023-08-25,0.206,yahoo
TSCO,2023-11-24,0.206,yahoo
TSCO,2024-02-23,0.22,yahoo
TSCO,2024-05-24,0.22,yahoo
TSCO,2024-08-26,0.22,yahoo
TSCO,2024-11-25,0.22,yahoo
TSCO,2025-02-26,0.23,yahoo
TSCO,2025-05-28,0.23,yahoo
TSCO,2025-08-25,0.23,yahoo
TSCO,2025-11-24,0.23,yahoo
TSCO,2026-02-24,0.24,yahoo
TSCO,2026-05-27,0.24,yahoo
TSCO,2026-08-24,0.24,yahoo
TSLL,2022-09-20,0.015,yahoo
TSLL,2022-12-08,0.036,yahoo
TSLL,2022-12-20,0.048,yahoo
TSLL,2023-03-21,0.042,yahoo
TSLL,2023-06-21,0.083,yahoo
TSLL,2023-09-19,0.113,yahoo
TSLL,2023-12-08,0.273,yahoo
TSLL,2023-12-21,0.125,yahoo
TSLL,2024-03-19,0.079,yahoo
TSLL,2024-06-25,0.082,yahoo
TSLL,2024-09-24,0.08,yahoo
TSLL,2024-12-12,0.3,yahoo
TSLL,2024-12-23,0.14,yahoo
TSLL,2025-03-25,0.084,yahoo
TSLL,2025-06-24,0.09,yahoo
TSLL,2025-09-23,0.089,yahoo
TSLL,2025-12-10,0.579,yahoo
TSLL,2025-12-23,0.112,yahoo
TSLL,2026-03-24,0.099,yahoo
TSLL,2026-06-23,0.105,yahoo
TSLQ,2022-12-27,36.504,yahoo
TSLQ,2023-12-26,67.176,yahoo
TSLQ,2024-12-23,3.972,yahoo
TSLQ,2025-12-22,1.918,yahoo
TSM,2021-09-16,0.497,yahoo
TSM,2021-12-16,0.496,yahoo
TSM,2022-03-16,0.49,yahoo
TSM,2022-06-16,0.467,yahoo
TSM,2022-09-15,0.448,yahoo
TSM,2022-12-15,0.451,yahoo
TSM,2023-03-16,0.449,yahoo
TSM,2023-06-15,0.448,yahoo
TSM,2023-09-14,0.471,yahoo
TSM,2023-12-14,0.479,yahoo
TSM,2024-03-18,0.554,yahoo
TSM,2024-06-13,0.544,yahoo
TSM,2024-09-12,0.626,yahoo
TSM,2024-12-12,0.616,yahoo
TSM,2025-03-18,0.684,yahoo
TSM,2025-06-12,0.78,yahoo
TSM,2025-09-16,0.822,yahoo
TSM,2025-12-11,0.835,yahoo
TSM,2026-03-17,0.956,yahoo
TSM,2026-06-11,0.955,yahoo
TSN,2021-11-30,0.46,yahoo
TSN,2022-02-28,0.46,yahoo
TSN,2022-05-31,0.46,yahoo
TSN,2022-08-31,0.46,yahoo
TSN,2022-11-30,0.48,yahoo
TSN,2023-02-28,0.48,yahoo
TSN,2023-05-31,0.48,yahoo
TSN,2023-08-31,0.48,yahoo
TSN,2023-11-30,0.49,yahoo
TSN,2024-02-29,0.49,yahoo
TSN,2024-05-31,0.49,yahoo
TSN,2024-08-30,0.49,yahoo
TSN,2024-11-29,0.5,yahoo
TSN,2025-02-28,0.5,yahoo
TSN,2025-05-30,0.5,yahoo
TSN,2025-08-29,0.5,yahoo
TSN,2025-12-01,0.51,yahoo
TSN,2026-02-27,0.51,yahoo
TSN,2026-06-01,0.51,yahoo
TSN,2026-09-01,0.51,yahoo
TT,2021-09-02,0.59,yahoo
TT,2021-12-02,0.59,yahoo
TT,2022-03-03,0.67,yahoo
TT,2022-06-02,0.67,yahoo
TT,2022-09-01,0.67,yahoo
TT,2022-12-01,0.67,yahoo
TT,2023-03-02,0.75,yahoo
TT,2023-06-01,0.75,yahoo
TT,2023-08-31,0.75,yahoo
TT,2023-11-30,0.75,yahoo
TT,2024-02-29,0.84,yahoo
TT,2024-06-07,0.84,yahoo
TT,2024-09-06,0.84,yahoo
TT,2024-12-06,0.84,yahoo
TT,2025-03-07,0.94,yahoo
TT,2025-06-06,0.94,yahoo
TT,2025-09-05,0.94,yahoo
TT,2026-03-06,1.05,yahoo
TT,2026-06-05,1.05,yahoo
TT,2026-09-04,1.05,yahoo
TTC,2021-10-05,0.263,yahoo
TTC,2021-12-27,0.3,yahoo
TTC,2022-04-05,0.3,yahoo
TTC,2022-06-21,0.3,yahoo
TTC,2022-10-04,0.3,yahoo
TTC,2022-12-27,0.34,yahoo
TTC,2023-04-05,0.34,yahoo
TTC,2023-06-20,0.34,yahoo
TTC,2023-10-03,0.34,yahoo
TTC,2023-12-26,0.36,yahoo
TTC,2024-03-28,0.36,yahoo
TTC,2024-06-18,0.36,yahoo
TTC,2024-09-30,0.36,yahoo
TTC,2024-12-23,0.38,yahoo
TTC,2025-03-31,0.38,yahoo
TTC,2025-06-17,0.38,yahoo
TTC,2025-10-07,0.38,yahoo
TTC,2025-12-22,0.39,yahoo
TTC,2026-03-30,0.39,yahoo
TTC,2026-06-16,0.39,yahoo
TTE,2021-09-17,0.783,yahoo
TTE,2021-12-30,0.748,yahoo
TTE,2022-03-18,0.739,yahoo
TTE,2022-06-16,0.693,yahoo
TTE,2022-09-19,0.687,yahoo
TTE,2022-12-02,1.06,yahoo
TTE,2022-12-29,0.719,yahoo
TTE,2023-03-20,0.737,yahoo
TTE,2023-06-16,0.793,yahoo
TTE,2023-09-15,0.806,yahoo
TTE,2023-12-28,0.809,yahoo
TTE,2024-03-18,0.81,yahoo
TTE,2024-06-18,0.858,yahoo
TTE,2024-09-24,0.874,yahoo
TTE,2024-12-31,0.831,yahoo
TTE,2025-03-25,0.831,yahoo
TTE,2025-06-18,0.999,yahoo
TTE,2025-09-30,0.994,yahoo
TTE,2025-12-31,0.995,yahoo
TTE,2026-03-31,0.974,yahoo
TTEK,2021-12-01,0.04,yahoo
TTEK,2022-02-10,0.04,yahoo
TTEK,2022-05-12,0.046,yahoo
TTEK,2022-08-11,0.046,yahoo
TTEK,2022-11-18,0.046,yahoo
TTEK,2023-02-10,0.046,yahoo
TTEK,2023-05-23,0.052,yahoo
TTEK,2023-08-22,0.052,yahoo
TTEK,2023-11-29,0.052,yahoo
TTEK,2024-02-13,0.052,yahoo
TTEK,2024-05-17,0.058,yahoo
TTEK,2024-08-15,0.058,yahoo
TTEK,2024-11-27,0.058,yahoo
TTEK,2025-02-12,0.058,yahoo
TTEK,2025-05-23,0.065,yahoo
TTEK,2025-08-15,0.065,yahoo
TTEK,2025-12-01,0.065,yahoo
TTEK,2026-02-12,0.065,yahoo
TTEK,2026-05-14,0.072,yahoo
TTEK,2026-08-13,0.072,yahoo
TW,2021-11-30,0.08,yahoo
TW,2022-02-28,0.08,yahoo
TW,2022-05-31,0.08,yahoo
TW,2022-08-31,0.08,yahoo
TW,2022-11-30,0.08,yahoo
TW,2023-02-28,0.09,yahoo
TW,2023-05-31,0.09,yahoo
TW,2023-08-31,0.09,yahoo
TW,2023-11-30,0.09,yahoo
TW,2024-02-29,0.1,yahoo
TW,2024-06-03,0.1,yahoo
TW,2024-09-03,0.1,yahoo
TW,2024-12-02,0.1,yahoo
TW,2025-03-03,0.12,yahoo
TW,2025-06-02,0.12,yahoo
TW,2025-09-02,0.12,yahoo
TW,2025-12-01,0.12,yahoo
TW,2026-03-02,0.14,yahoo
TW,2026-06-01,0.14,yahoo
TW,2026-09-01,0.14,yahoo
TXN,2021-10-29,1.15,yahoo
TXN,2022-01-28,1.15,yahoo
TXN,2022-05-06,1.15,yahoo
TXN,2022-07-29,1.15,yahoo
TXN,2022-10-28,1.24,yahoo
TXN,2023-01-30,1.24,yahoo
TXN,2023-05-05,1.24,yahoo
TXN,2023-07-28,1.24,yahoo
TXN,2023-10-30,1.3,yahoo
TXN,2024-01-30,1.3,yahoo
TXN,2024-05-07,1.3,yahoo
TXN,2024-07-31,1.3,yahoo
TXN,2024-10-31,1.36,yahoo
TXN,2025-01-31,1.36,yahoo
TXN,2025-04-30,1.36,yahoo
TXN,2025-07-31,1.36,yahoo
TXN,2025-10-31,1.42,yahoo
TXN,2026-01-30,1.42,yahoo
TXN,2026-05-05,1.42,yahoo
TXN,2026-07-31,1.42,yahoo
TXRH,2021-09-07,0.4,yahoo
TXRH,2021-12-07,0.4,yahoo
TXRH,2022-03-08,0.46,yahoo
TXRH,2022-06-07,0.46,yahoo
TXRH,2022-09-06,0.46,yahoo
TXRH,2022-12-06,0.46,yahoo
TXRH,2023-03-07,0.55,yahoo
TXRH,2023-06-06,0.55,yahoo
TXRH,2023-09-05,0.55,yahoo
TXRH,2023-12-05,0.55,yahoo
TXRH,2024-03-12,0.61,yahoo
TXRH,2024-06-12,0.61,yahoo
TXRH,2024-09-04,0.61,yahoo
TXRH,2024-12-10,0.61,yahoo
TXRH,2025-03-18,0.68,yahoo
TXRH,2025-06-03,0.68,yahoo
TXRH,2025-09-02,0.68,yahoo
TXRH,2025-12-02,0.68,yahoo
TXRH,2026-03-17,0.75,yahoo
TXRH,2026-06-02,0.75,yahoo
TXRH,2026-09-01,0.75,yahoo
TXT,2021-09-09,0.02,yahoo
TXT,2021-12-09,0.02,yahoo
TXT,2022-03-10,0.02,yahoo
TXT,2022-06-09,0.02,yahoo
TXT,2022-09-08,0.02,yahoo
TXT,2022-12-08,0.02,yahoo
TXT,2023-03-09,0.02,yahoo
TXT,2023-06-08,0.02,yahoo
TXT,2023-09-14,0.02,yahoo
TXT,2023-12-14,0.02,yahoo
TXT,2024-03-14,0.02,yahoo
TXT,2024-06-14,0.02,yahoo
TXT,2024-09-13,0.02,yahoo
TXT,2024-12-13,0.02,yahoo
TXT,2025-03-14,0.02,yahoo
TXT,2025-06-13,0.02,yahoo
TXT,2025-09-12,0.02,yahoo
TXT,2025-12-12,0.02,yahoo
TXT,2026-03-13,0.02,yahoo
TXT,2026-06-12,0.02,yahoo
TXT,2026-09-11,0.02,yahoo
UBS,2022-04-12,0.5,yahoo
UBS,2023-04-12,0.55,yahoo
UBS,2024-04-30,0.7,yahoo
UBS,2025-04-15,0.904,yahoo
UBS,2026-04-21,1.102,yahoo
UDR,2021-10-07,0.363,yahoo
UDR,2022-01-07,0.363,yahoo
UDR,2022-04-08,0.38,yahoo
UDR,2022-07-08,0.38,yahoo
UDR,2022-10-07,0.38,yahoo
UDR,2023-01-06,0.38,yahoo
UDR,2023-04-06,0.42,yahoo
UDR,2023-07-07,0.42,yahoo
UDR,2023-10-06,0.42,yahoo
UDR,2024-01-09,0.42,yahoo
UDR,2024-04-09,0.425,yahoo
UDR,2024-07-10,0.425,yahoo
UDR,2024-10-10,0.425,yahoo
UDR,2025-01-10,0.425,yahoo
UDR,2025-04-10,0.43,yahoo
UDR,2025-07-10,0.43,yahoo
UDR,2025-10-09,0.43,yahoo
UDR,2026-01-12,0.43,yahoo
UDR,2026-04-15,0.435,yahoo
UDR,2026-07-17,0.145,yahoo
UDR,2026-08-17,0.145,yahoo
UGI,2021-09-14,0.345,yahoo
UGI,2021-12-14,0.345,yahoo
UGI,2022-03-14,0.345,yahoo
UGI,2022-06-14,0.36,yahoo
UGI,2022-09-14,0.36,yahoo
UGI,2022-12-14,0.36,yahoo
UGI,2023-03-14,0.36,yahoo
UGI,2023-06-14,0.375,yahoo
UGI,2023-09-14,0.375,yahoo
UGI,2023-12-14,0.375,yahoo
UGI,2024-03-14,0.375,yahoo
UGI,2024-06-14,0.375,yahoo
UGI,2024-09-16,0.375,yahoo
UGI,2024-12-16,0.375,yahoo
UGI,2025-03-17,0.375,yahoo
UGI,2025-06-16,0.375,yahoo
UGI,2025-09-15,0.375,yahoo
UGI,2025-12-15,0.375,yahoo
UGI,2026-03-16,0.375,yahoo
UGI,2026-06-15,0.375,yahoo
UHS,2021-11-30,0.2,yahoo
UHS,2022-02-28,0.2,yahoo
UHS,2022-05-31,0.2,yahoo
UHS,2022-08-31,0.2,yahoo
UHS,2022-11-30,0.2,yahoo
UHS,2023-02-28,0.2,yahoo
UHS,2023-05-31,0.2,yahoo
UHS,2023-08-31,0.2,yahoo
UHS,2023-11-30,0.2,yahoo
UHS,2024-02-29,0.2,yahoo
UHS,2024-06-03,0.2,yahoo
UHS,2024-09-03,0.2,yahoo
UHS,2024-12-03,0.2,yahoo
UHS,2025-03-03,0.2,yahoo
UHS,2025-06-02,0.2,yahoo
UHS,2025-09-02,0.2,yahoo
UHS,2025-12-01,0.2,yahoo
UHS,2026-03-02,0.2,yahoo
UHS,2026-06-08,0.2,yahoo
UHS,2026-09-01,0.2,yahoo
UI,2021-09-03,0.6,yahoo
UI,2021-11-12,0.6,yahoo
UI,2022-02-11,0.6,yahoo
UI,2022-05-13,0.6,yahoo
UI,2022-09-02,0.6,yahoo
UI,2022-11-10,0.6,yahoo
UI,2023-02-10,0.6,yahoo
UI,2023-05-12,0.6,yahoo
UI,2023-09-01,0.6,yahoo
UI,2023-11-10,0.6,yahoo
UI,2024-02-16,0.6,yahoo
UI,2024-05-17,0.6,yahoo
UI,2024-09-03,0.6,yahoo
UI,2024-11-18,0.6,yahoo
UI,2025-02-18,0.6,yahoo
UI,2025-05-19,0.6,yahoo
UI,2025-09-02,0.8,yahoo
UI,2025-11-17,0.8,yahoo
UI,2026-02-17,0.8,yahoo
UI,2026-05-18,0.8,yahoo
UI,2026-08-31,1,yahoo
UL,2021-11-04,0.560811,yahoo
UL,2022-02-24,0.548423,yahoo
UL,2022-05-19,0.513514,yahoo
UL,2022-08-04,0.488739,yahoo
UL,2022-11-17,0.474099,yahoo
UL,2023-02-23,0.51464,yahoo
UL,2023-05-18,0.529279,yahoo
UL,2023-08-03,0.53491,yahoo
UL,2023-11-16,0.511261,yahoo
UL,2024-02-22,0.515766,yahoo
UL,2024-05-16,0.513514,yahoo
UL,2024-08-09,0.537162,yahoo
UL,2024-11-08,0.536036,yahoo
UL,2025-02-28,0.525901,yahoo
UL,2025-05-16,0.585586,yahoo
UL,2025-08-15,0.588964,yahoo
UL,2025-11-07,0.592342,yahoo
UL,2026-02-27,0.555,yahoo
UL,2026-05-15,0.545,yahoo
UL,2026-08-07,0.531,yahoo
UMBF,2021-09-09,0.37,yahoo
UMBF,2021-12-09,0.37,yahoo
UMBF,2022-03-09,0.37,yahoo
UMBF,2022-06-09,0.37,yahoo
UMBF,2022-09-09,0.37,yahoo
UMBF,2022-12-09,0.38,yahoo
UMBF,2023-03-09,0.38,yahoo
UMBF,2023-06-09,0.38,yahoo
UMBF,2023-09-08,0.38,yahoo
UMBF,2023-12-08,0.39,yahoo
UMBF,2024-03-08,0.39,yahoo
UMBF,2024-06-10,0.39,yahoo
UMBF,2024-09-10,0.39,yahoo
UMBF,2024-12-10,0.4,yahoo
UMBF,2025-03-10,0.4,yahoo
UMBF,2025-06-10,0.4,yahoo
UMBF,2025-09-10,0.4,yahoo
UMBF,2025-12-10,0.43,yahoo
UMBF,2026-03-10,0.43,yahoo
UMBF,2026-06-10,0.43,yahoo
UMBF,2026-09-10,0.5,yahoo
UMC,2022-06-21,0.517,yahoo
UMC,2023-06-26,0.586,yahoo
UMC,2024-07-02,0.463,yahoo
UMC,2025-06-24,0.483,yahoo
UMC,2026-07-08,0.412,yahoo
UNH,2021-09-10,1.45,yahoo
UNH,2021-12-03,1.45,yahoo
UNH,2022-03-11,1.45,yahoo
UNH,2022-06-16,1.65,yahoo
UNH,2022-09-09,1.65,yahoo
UNH,2022-12-02,1.65,yahoo
UNH,2023-03-10,1.65,yahoo
UNH,2023-06-15,1.88,yahoo
UNH,2023-09-08,1.88,yahoo
UNH,2023-12-01,1.88,yahoo
UNH,2024-03-08,1.88,yahoo
UNH,2024-06-17,2.1,yahoo
UNH,2024-09-16,2.1,yahoo
UNH,2024-12-09,2.1,yahoo
UNH,2025-03-10,2.1,yahoo
UNH,2025-06-16,2.21,yahoo
UNH,2025-09-15,2.21,yahoo
UNH,2025-12-08,2.21,yahoo
UNH,2026-03-09,2.21,yahoo
UNH,2026-06-15,2.32,yahoo
UNM,2021-10-28,0.3,yahoo
UNM,2022-01-27,0.3,yahoo
UNM,2022-04-28,0.3,yahoo
UNM,2022-07-28,0.33,yahoo
UNM,2022-10-27,0.33,yahoo
UNM,2023-01-26,0.33,yahoo
UNM,2023-04-27,0.33,yahoo
UNM,2023-07-27,0.365,yahoo
UNM,2023-10-26,0.365,yahoo
UNM,2024-01-25,0.365,yahoo
UNM,2024-04-25,0.365,yahoo
UNM,2024-07-26,0.42,yahoo
UNM,2024-10-25,0.42,yahoo
UNM,2025-01-24,0.42,yahoo
UNM,2025-04-25,0.42,yahoo
UNM,2025-07-25,0.46,yahoo
UNM,2025-10-24,0.46,yahoo
UNM,2026-01-30,0.46,yahoo
UNM,2026-04-24,0.46,yahoo
UNM,2026-07-24,0.505,yahoo
UNP,2021-12-17,1.18,yahoo
UNP,2022-02-25,1.18,yahoo
UNP,2022-05-27,1.3,yahoo
UNP,2022-08-30,1.3,yahoo
UNP,2022-12-16,1.3,yahoo
UNP,2023-02-27,1.3,yahoo
UNP,2023-05-30,1.3,yahoo
UNP,2023-08-30,1.3,yahoo
UNP,2023-12-07,1.3,yahoo
UNP,2024-02-28,1.3,yahoo
UNP,2024-05-31,1.3,yahoo
UNP,2024-08-30,1.34,yahoo
UNP,2024-12-09,1.34,yahoo
UNP,2025-02-28,1.34,yahoo
UNP,2025-05-30,1.34,yahoo
UNP,2025-08-29,1.38,yahoo
UNP,2025-12-05,1.38,yahoo
UNP,2026-02-27,1.38,yahoo
UNP,2026-05-29,1.38,yahoo
UNP,2026-08-31,1.42,yahoo
UPRO,2021-12-23,0.0305,yahoo
UPRO,2022-03-23,0.035,yahoo
UPRO,2022-12-22,0.136,yahoo
UPRO,2023-03-22,0.083,yahoo
UPRO,2023-06-21,0.145,yahoo
UPRO,2023-09-20,0.056,yahoo
UPRO,2023-12-20,0.119,yahoo
UPRO,2024-03-20,0.123,yahoo
UPRO,2024-06-26,0.223,yahoo
UPRO,2024-09-25,0.22,yahoo
UPRO,2024-12-23,0.255,yahoo
UPRO,2025-03-26,0.188,yahoo
UPRO,2025-06-25,0.229,yahoo
UPRO,2025-09-24,0.216,yahoo
UPRO,2025-12-24,0.34,yahoo
UPRO,2026-03-25,0.222,yahoo
UPRO,2026-06-24,0.299,yahoo
UPS,2021-11-19,1.02,yahoo
UPS,2022-02-18,1.52,yahoo
UPS,2022-05-13,1.52,yahoo
UPS,2022-08-12,1.52,yahoo
UPS,2022-11-10,1.52,yahoo
UPS,2023-02-17,1.62,yahoo
UPS,2023-05-12,1.62,yahoo
UPS,2023-08-11,1.62,yahoo
UPS,2023-11-10,1.62,yahoo
UPS,2024-02-16,1.63,yahoo
UPS,2024-05-10,1.63,yahoo
UPS,2024-08-19,1.63,yahoo
UPS,2024-11-18,1.63,yahoo
UPS,2025-02-18,1.64,yahoo
UPS,2025-05-19,1.64,yahoo
UPS,2025-08-18,1.64,yahoo
UPS,2025-11-17,1.64,yahoo
UPS,2026-02-17,1.64,yahoo
UPS,2026-05-18,1.64,yahoo
UPS,2026-08-17,1.64,yahoo
URI,2023-02-07,1.48,yahoo
URI,2023-05-09,1.48,yahoo
URI,2023-08-08,1.48,yahoo
URI,2023-11-07,1.48,yahoo
URI,2024-02-13,1.63,yahoo
URI,2024-05-07,1.63,yahoo
URI,2024-08-14,1.63,yahoo
URI,2024-11-13,1.63,yahoo
URI,2025-02-12,1.79,yahoo
URI,2025-05-14,1.79,yahoo
URI,2025-08-13,1.79,yahoo
URI,2025-11-12,1.79,yahoo
URI,2026-02-11,1.97,yahoo
URI,2026-05-13,1.97,yahoo
URI,2026-08-12,1.97,yahoo
USB,2021-09-29,0.46,yahoo
USB,2021-12-30,0.46,yahoo
USB,2022-03-30,0.46,yahoo
USB,2022-06-29,0.46,yahoo
USB,2022-09-29,0.48,yahoo
USB,2022-12-29,0.48,yahoo
USB,2023-03-30,0.48,yahoo
USB,2023-06-29,0.48,yahoo
USB,2023-09-28,0.48,yahoo
USB,2023-12-28,0.49,yahoo
USB,2024-03-27,0.49,yahoo
USB,2024-06-28,0.49,yahoo
USB,2024-09-30,0.5,yahoo
USB,2024-12-31,0.5,yahoo
USB,2025-03-31,0.5,yahoo
USB,2025-06-30,0.5,yahoo
USB,2025-09-30,0.52,yahoo
USB,2025-12-31,0.52,yahoo
USB,2026-03-31,0.52,yahoo
USB,2026-06-30,0.52,yahoo
USMV,2021-09-24,0.286,yahoo
USMV,2021-12-13,0.25,yahoo
USMV,2022-03-24,0.268,yahoo
USMV,2022-06-09,0.222,yahoo
USMV,2022-09-26,0.332,yahoo
USMV,2022-12-13,0.347,yahoo
USMV,2023-03-23,0.32,yahoo
USMV,2023-06-07,0.28,yahoo
USMV,2023-09-26,0.387,yahoo
USMV,2023-12-20,0.43,yahoo
USMV,2024-03-21,0.36,yahoo
USMV,2024-06-11,0.301,yahoo
USMV,2024-09-25,0.408,yahoo
USMV,2024-12-17,0.418,yahoo
USMV,2025-03-18,0.325,yahoo
USMV,2025-06-16,0.325,yahoo
USMV,2025-09-16,0.362,yahoo
USMV,2025-12-16,0.391,yahoo
USMV,2026-03-17,0.392,yahoo
USMV,2026-06-15,0.3,yahoo
V,2021-11-10,0.375,yahoo
V,2022-02-10,0.375,yahoo
V,2022-05-12,0.375,yahoo
V,2022-08-11,0.375,yahoo
V,2022-11-09,0.45,yahoo
V,2023-02-09,0.45,yahoo
V,2023-05-11,0.45,yahoo
V,2023-08-10,0.45,yahoo
V,2023-11-08,0.52,yahoo
V,2024-02-08,0.52,yahoo
V,2024-05-16,0.52,yahoo
V,2024-08-09,0.52,yahoo
V,2024-11-12,0.59,yahoo
V,2025-02-11,0.59,yahoo
V,2025-05-13,0.59,yahoo
V,2025-08-12,0.59,yahoo
V,2025-11-12,0.67,yahoo
V,2026-02-10,0.67,yahoo
V,2026-05-12,0.67,yahoo
V,2026-08-11,0.67,yahoo
VAC,2021-09-22,0.54,yahoo
VAC,2021-12-22,0.54,yahoo
VAC,2022-03-02,0.62,yahoo
VAC,2022-05-25,0.62,yahoo
VAC,2022-09-21,0.62,yahoo
VAC,2022-12-21,0.72,yahoo
VAC,2023-03-01,0.72,yahoo
VAC,2023-05-24,0.72,yahoo
VAC,2023-09-20,0.72,yahoo
VAC,2023-12-20,0.76,yahoo
VAC,2024-02-28,0.76,yahoo
VAC,2024-05-22,0.76,yahoo
VAC,2024-09-19,0.76,yahoo
VAC,2024-12-19,0.79,yahoo
VAC,2025-03-05,0.79,yahoo
VAC,2025-05-23,0.79,yahoo
VAC,2025-09-17,0.79,yahoo
VAC,2025-12-24,0.8,yahoo
VAC,2026-03-04,0.8,yahoo
VAC,2026-05-27,0.8,yahoo
VALE,2021-09-23,1.559,yahoo
VALE,2022-03-09,0.725,yahoo
VALE,2022-08-12,0.687,yahoo
VALE,2022-12-13,0.056,yahoo
VALE,2023-03-14,0.354,yahoo
VALE,2023-08-14,0.406,yahoo
VALE,2023-11-22,0.469,yahoo
VALE,2024-03-12,0.544,yahoo
VALE,2024-08-05,0.371,yahoo
VALE,2024-12-12,0.091,yahoo
VALE,2025-03-10,0.373,yahoo
VALE,2025-08-13,0.347,yahoo
VALE,2025-12-12,0.668,yahoo
VALE,2026-08-13,0.4,yahoo
VBIL,2025-04-01,0.227,yahoo
VBIL,2025-05-01,0.215,yahoo
VBIL,2025-06-02,0.223,yahoo
VBIL,2025-07-01,0.241,yahoo
VBIL,2025-08-01,0.248,yahoo
VBIL,2025-09-02,0.254,yahoo
VBIL,2025-10-01,0.244,yahoo
VBIL,2025-11-03,0.238,yahoo
VBIL,2025-12-01,0.229,yahoo
VBIL,2025-12-18,0.232,yahoo
VBIL,2026-02-02,0.229,yahoo
VBIL,2026-03-02,0.199,yahoo
VBIL,2026-04-01,0.211,yahoo
VBIL,2026-05-01,0.216,yahoo
VBIL,2026-06-01,0.218,yahoo
VBIL,2026-07-01,0.213,yahoo
VBIL,2026-08-03,0.226,yahoo
VBIL,2026-09-01,0.222,yahoo
VCIT,2021-10-01,0.173,yahoo
VCIT,2021-11-01,0.173,yahoo
VCIT,2021-12-01,0.167,yahoo
VCIT,2021-12-23,0.769,yahoo
VCIT,2022-02-01,0.176,yahoo
VCIT,2022-03-01,0.159,yahoo
VCIT,2022-04-01,0.181,yahoo
VCIT,2022-05-02,0.186,yahoo
VCIT,2022-06-01,0.192,yahoo
VCIT,2022-07-01,0.188,yahoo
VCIT,2022-08-01,0.197,yahoo
VCIT,2022-09-01,0.207,yahoo
VCIT,2022-10-03,0.211,yahoo
VCIT,2022-11-01,0.209,yahoo
VCIT,2022-12-01,0.217,yahoo
VCIT,2022-12-23,0.23,yahoo
VCIT,2023-02-01,0.236,yahoo
VCIT,2023-03-01,0.213,yahoo
VCIT,2023-04-03,0.25,yahoo
VCIT,2023-05-01,0.233,yahoo
VCIT,2023-06-01,0.251,yahoo
VCIT,2023-07-03,0.248,yahoo
VCIT,2023-08-01,0.259,yahoo
VCIT,2023-09-01,0.258,yahoo
VCIT,2023-10-02,0.264,yahoo
VCIT,2023-11-01,0.275,yahoo
VCIT,2023-12-01,0.261,yahoo
VCIT,2023-12-22,0.275,yahoo
VCIT,2024-02-01,0.281,yahoo
VCIT,2024-03-01,0.273,yahoo
VCIT,2024-04-01,0.294,yahoo
VCIT,2024-05-01,0.292,yahoo
VCIT,2024-06-03,0.299,yahoo
VCIT,2024-07-01,0.289,yahoo
VCIT,2024-08-01,0.301,yahoo
VCIT,2024-09-03,0.301,yahoo
VCIT,2024-10-01,0.297,yahoo
VCIT,2024-11-01,0.317,yahoo
VCIT,2024-12-02,0.299,yahoo
VCIT,2024-12-24,0.312,yahoo
VCIT,2025-02-03,0.313,yahoo
VCIT,2025-03-03,0.287,yahoo
VCIT,2025-04-01,0.319,yahoo
VCIT,2025-05-01,0.315,yahoo
VCIT,2025-06-02,0.328,yahoo
VCIT,2025-07-01,0.321,yahoo
VCIT,2025-08-01,0.341,yahoo
VCIT,2025-09-02,0.328,yahoo
VCIT,2025-10-01,0.326,yahoo
VCIT,2025-11-03,0.334,yahoo
VCIT,2025-12-01,0.322,yahoo
VCIT,2025-12-18,0.336,yahoo
VCIT,2026-02-02,0.33,yahoo
VCIT,2026-03-02,0.303,yahoo
VCIT,2026-04-01,0.344,yahoo
VCIT,2026-05-01,0.326,yahoo
VCIT,2026-06-01,0.341,yahoo
VCIT,2026-07-01,0.332,yahoo
VCIT,2026-08-03,0.342,yahoo
VCIT,2026-09-01,0.34,yahoo
VCLT,2021-10-01,0.277,yahoo
VCLT,2021-11-01,0.267,yahoo
VCLT,2021-12-01,0.261,yahoo
VCLT,2021-12-23,0.277,yahoo
VCLT,2022-02-01,0.286,yahoo
VCLT,2022-03-01,0.244,yahoo
VCLT,2022-04-01,0.257,yahoo
VCLT,2022-05-02,0.276,yahoo
VCLT,2022-06-01,0.292,yahoo
VCLT,2022-07-01,0.272,yahoo
VCLT,2022-08-01,0.282,yahoo
VCLT,2022-09-01,0.285,yahoo
VCLT,2022-10-03,0.284,yahoo
VCLT,2022-11-01,0.287,yahoo
VCLT,2022-12-01,0.295,yahoo
VCLT,2022-12-23,0.302,yahoo
VCLT,2023-02-01,0.307,yahoo
VCLT,2023-03-01,0.282,yahoo
VCLT,2023-04-03,0.309,yahoo
VCLT,2023-05-01,0.299,yahoo
VCLT,2023-06-01,0.315,yahoo
VCLT,2023-07-03,0.31,yahoo
VCLT,2023-08-01,0.319,yahoo
VCLT,2023-09-01,0.302,yahoo
VCLT,2023-10-02,0.326,yahoo
VCLT,2023-11-01,0.338,yahoo
VCLT,2023-12-01,0.308,yahoo
VCLT,2023-12-22,0.329,yahoo
VCLT,2024-02-01,0.34,yahoo
VCLT,2024-03-01,0.287,yahoo
VCLT,2024-04-01,0.318,yahoo
VCLT,2024-05-01,0.323,yahoo
VCLT,2024-06-03,0.318,yahoo
VCLT,2024-07-01,0.324,yahoo
VCLT,2024-08-01,0.311,yahoo
VCLT,2024-09-03,0.326,yahoo
VCLT,2024-10-01,0.315,yahoo
VCLT,2024-11-01,0.338,yahoo
VCLT,2024-12-02,0.327,yahoo
VCLT,2024-12-24,0.356,yahoo
VCLT,2025-02-03,0.345,yahoo
VCLT,2025-03-03,0.303,yahoo
VCLT,2025-04-01,0.354,yahoo
VCLT,2025-05-01,0.358,yahoo
VCLT,2025-06-02,0.37,yahoo
VCLT,2025-07-01,0.339,yahoo
VCLT,2025-08-01,0.425,yahoo
VCLT,2025-09-02,0.335,yahoo
VCLT,2025-10-01,0.329,yahoo
VCLT,2025-11-03,0.333,yahoo
VCLT,2025-12-01,0.34,yahoo
VCLT,2025-12-18,0.349,yahoo
VCLT,2026-02-02,0.346,yahoo
VCLT,2026-03-02,0.318,yahoo
VCLT,2026-04-01,0.356,yahoo
VCLT,2026-05-01,0.327,yahoo
VCLT,2026-06-01,0.355,yahoo
VCLT,2026-07-01,0.342,yahoo
VCLT,2026-08-03,0.35,yahoo
VCLT,2026-09-01,0.362,yahoo
VCSH,2021-10-01,0.108,yahoo
VCSH,2021-11-01,0.101,yahoo
VCSH,2021-12-01,0.099,yahoo
VCSH,2021-12-23,0.282,yahoo
VCSH,2022-02-01,0.099,yahoo
VCSH,2022-03-01,0.092,yahoo
VCSH,2022-04-01,0.106,yahoo
VCSH,2022-05-02,0.108,yahoo
VCSH,2022-06-01,0.116,yahoo
VCSH,2022-07-01,0.118,yahoo
VCSH,2022-08-01,0.127,yahoo
VCSH,2022-09-01,0.136,yahoo
VCSH,2022-10-03,0.144,yahoo
VCSH,2022-11-01,0.148,yahoo
VCSH,2022-12-01,0.15,yahoo
VCSH,2022-12-23,0.169,yahoo
VCSH,2023-02-01,0.172,yahoo
VCSH,2023-03-01,0.164,yahoo
VCSH,2023-04-03,0.191,yahoo
VCSH,2023-05-01,0.183,yahoo
VCSH,2023-06-01,0.195,yahoo
VCSH,2023-07-03,0.192,yahoo
VCSH,2023-08-01,0.198,yahoo
VCSH,2023-09-01,0.21,yahoo
VCSH,2023-10-02,0.215,yahoo
VCSH,2023-11-01,0.227,yahoo
VCSH,2023-12-01,0.216,yahoo
VCSH,2023-12-22,0.231,yahoo
VCSH,2024-02-01,0.234,yahoo
VCSH,2024-03-01,0.229,yahoo
VCSH,2024-04-01,0.248,yahoo
VCSH,2024-05-01,0.249,yahoo
VCSH,2024-06-03,0.258,yahoo
VCSH,2024-07-01,0.256,yahoo
VCSH,2024-08-01,0.267,yahoo
VCSH,2024-09-03,0.263,yahoo
VCSH,2024-10-01,0.261,yahoo
VCSH,2024-11-01,0.274,yahoo
VCSH,2024-12-02,0.273,yahoo
VCSH,2024-12-24,0.28,yahoo
VCSH,2025-02-03,0.281,yahoo
VCSH,2025-03-03,0.259,yahoo
VCSH,2025-04-01,0.289,yahoo
VCSH,2025-05-01,0.282,yahoo
VCSH,2025-06-02,0.297,yahoo
VCSH,2025-07-01,0.29,yahoo
VCSH,2025-08-01,0.297,yahoo
VCSH,2025-09-02,0.29,yahoo
VCSH,2025-10-01,0.29,yahoo
VCSH,2025-11-03,0.297,yahoo
VCSH,2025-12-01,0.291,yahoo
VCSH,2025-12-18,0.301,yahoo
VCSH,2026-02-02,0.297,yahoo
VCSH,2026-03-02,0.27,yahoo
VCSH,2026-04-01,0.297,yahoo
VCSH,2026-05-01,0.291,yahoo
VCSH,2026-06-01,0.297,yahoo
VCSH,2026-07-01,0.288,yahoo
VCSH,2026-08-03,0.299,yahoo
VCSH,2026-09-01,0.303,yahoo
VCTR,2021-09-09,0.15,yahoo
VCTR,2021-12-09,0.17,yahoo
VCTR,2022-03-09,0.25,yahoo
VCTR,2022-06-09,0.25,yahoo
VCTR,2022-09-09,0.25,yahoo
VCTR,2022-12-08,0.25,yahoo
VCTR,2023-03-09,0.32,yahoo
VCTR,2023-06-09,0.32,yahoo
VCTR,2023-09-08,0.32,yahoo
VCTR,2023-12-08,0.32,yahoo
VCTR,2024-03-08,0.335,yahoo
VCTR,2024-06-10,0.37,yahoo
VCTR,2024-09-10,0.41,yahoo
VCTR,2024-12-09,0.44,yahoo
VCTR,2025-02-18,0.47,yahoo
VCTR,2025-06-10,0.49,yahoo
VCTR,2025-09-10,0.49,yahoo
VCTR,2025-12-10,0.49,yahoo
VCTR,2026-03-10,0.49,yahoo
VCTR,2026-06-10,0.5,yahoo
VCTR,2026-09-10,0.5,yahoo
VEA,2021-09-20,0.2,yahoo
VEA,2021-12-20,0.769,yahoo
VEA,2022-03-21,0.083,yahoo
VEA,2022-06-21,0.53,yahoo
VEA,2022-09-19,0.12,yahoo
VEA,2022-12-19,0.49,yahoo
VEA,2023-03-20,0.16,yahoo
VEA,2023-06-20,0.432,yahoo
VEA,2023-09-18,0.31,yahoo
VEA,2023-12-18,0.61,yahoo
VEA,2024-03-15,0.287,yahoo
VEA,2024-06-21,0.461,yahoo
VEA,2024-09-20,0.144,yahoo
VEA,2024-12-20,0.713,yahoo
VEA,2025-03-21,0.242,yahoo
VEA,2025-06-20,0.441,yahoo
VEA,2025-09-19,0.287,yahoo
VEA,2025-12-19,1.04,yahoo
VEA,2026-03-20,0.109,yahoo
VEA,2026-06-18,0.377,yahoo
VFC,2021-09-09,0.49,yahoo
VFC,2021-12-09,0.5,yahoo
VFC,2022-03-09,0.5,yahoo
VFC,2022-06-09,0.5,yahoo
VFC,2022-09-09,0.5,yahoo
VFC,2022-12-09,0.51,yahoo
VFC,2023-03-09,0.3,yahoo
VFC,2023-06-09,0.3,yahoo
VFC,2023-09-08,0.3,yahoo
VFC,2023-12-08,0.09,yahoo
VFC,2024-03-08,0.09,yahoo
VFC,2024-06-10,0.09,yahoo
VFC,2024-09-10,0.09,yahoo
VFC,2024-12-10,0.09,yahoo
VFC,2025-03-10,0.09,yahoo
VFC,2025-06-10,0.09,yahoo
VFC,2025-09-10,0.09,yahoo
VFC,2025-12-10,0.09,yahoo
VFC,2026-03-10,0.09,yahoo
VFC,2026-06-10,0.09,yahoo
VFC,2026-09-10,0.09,yahoo
VG,2025-03-10,0.017,yahoo
VG,2025-06-10,0.017,yahoo
VG,2025-09-19,0.017,yahoo
VG,2025-12-15,0.017,yahoo
VG,2026-03-16,0.018,yahoo
VG,2026-06-15,0.018,yahoo
VGIT,2021-10-01,0.061,yahoo
VGIT,2021-11-01,0.061,yahoo
VGIT,2021-12-01,0.061,yahoo
VGIT,2021-12-23,0.429,yahoo
VGIT,2022-02-01,0.063,yahoo
VGIT,2022-03-01,0.059,yahoo
VGIT,2022-04-01,0.068,yahoo
VGIT,2022-05-02,0.065,yahoo
VGIT,2022-06-01,0.073,yahoo
VGIT,2022-07-01,0.079,yahoo
VGIT,2022-08-01,0.088,yahoo
VGIT,2022-09-01,0.091,yahoo
VGIT,2022-10-03,0.097,yahoo
VGIT,2022-11-01,0.106,yahoo
VGIT,2022-12-01,0.11,yahoo
VGIT,2022-12-23,0.119,yahoo
VGIT,2023-02-01,0.122,yahoo
VGIT,2023-03-01,0.115,yahoo
VGIT,2023-04-03,0.125,yahoo
VGIT,2023-05-01,0.122,yahoo
VGIT,2023-06-01,0.129,yahoo
VGIT,2023-07-03,0.128,yahoo
VGIT,2023-08-01,0.128,yahoo
VGIT,2023-09-01,0.135,yahoo
VGIT,2023-10-02,0.138,yahoo
VGIT,2023-11-01,0.149,yahoo
VGIT,2023-12-01,0.158,yahoo
VGIT,2023-12-22,0.167,yahoo
VGIT,2024-02-01,0.167,yahoo
VGIT,2024-03-01,0.15,yahoo
VGIT,2024-04-01,0.176,yahoo
VGIT,2024-05-01,0.174,yahoo
VGIT,2024-06-03,0.179,yahoo
VGIT,2024-07-01,0.177,yahoo
VGIT,2024-08-01,0.185,yahoo
VGIT,2024-09-03,0.185,yahoo
VGIT,2024-10-01,0.18,yahoo
VGIT,2024-11-01,0.186,yahoo
VGIT,2024-12-02,0.182,yahoo
VGIT,2024-12-24,0.19,yahoo
VGIT,2025-02-03,0.191,yahoo
VGIT,2025-03-03,0.173,yahoo
VGIT,2025-04-01,0.196,yahoo
VGIT,2025-05-01,0.187,yahoo
VGIT,2025-06-02,0.194,yahoo
VGIT,2025-07-01,0.188,yahoo
VGIT,2025-08-01,0.193,yahoo
VGIT,2025-09-02,0.193,yahoo
VGIT,2025-10-01,0.184,yahoo
VGIT,2025-11-03,0.191,yahoo
VGIT,2025-12-01,0.186,yahoo
VGIT,2025-12-18,0.194,yahoo
VGIT,2026-02-02,0.191,yahoo
VGIT,2026-03-02,0.175,yahoo
VGIT,2026-04-01,0.196,yahoo
VGIT,2026-05-01,0.187,yahoo
VGIT,2026-06-01,0.194,yahoo
VGIT,2026-07-01,0.188,yahoo
VGIT,2026-08-03,0.195,yahoo
VGIT,2026-09-01,0.206,yahoo
VGSH,2021-10-01,0.015,yahoo
VGSH,2021-11-01,0.015,yahoo
VGSH,2021-12-01,0.015,yahoo
VGSH,2021-12-23,0.204,yahoo
VGSH,2022-02-01,0.017,yahoo
VGSH,2022-03-01,0.018,yahoo
VGSH,2022-04-01,0.024,yahoo
VGSH,2022-05-02,0.029,yahoo
VGSH,2022-06-01,0.04,yahoo
VGSH,2022-07-01,0.049,yahoo
VGSH,2022-08-01,0.056,yahoo
VGSH,2022-09-01,0.06,yahoo
VGSH,2022-10-03,0.071,yahoo
VGSH,2022-11-01,0.088,yahoo
VGSH,2022-12-01,0.098,yahoo
VGSH,2022-12-23,0.115,yahoo
VGSH,2023-02-01,0.125,yahoo
VGSH,2023-03-01,0.121,yahoo
VGSH,2023-04-03,0.143,yahoo
VGSH,2023-05-01,0.144,yahoo
VGSH,2023-06-01,0.152,yahoo
VGSH,2023-07-03,0.159,yahoo
VGSH,2023-08-01,0.171,yahoo
VGSH,2023-09-01,0.174,yahoo
VGSH,2023-10-02,0.179,yahoo
VGSH,2023-11-01,0.185,yahoo
VGSH,2023-12-01,0.186,yahoo
VGSH,2023-12-22,0.195,yahoo
VGSH,2024-02-01,0.198,yahoo
VGSH,2024-03-01,0.193,yahoo
VGSH,2024-04-01,0.202,yahoo
VGSH,2024-05-01,0.197,yahoo
VGSH,2024-06-03,0.206,yahoo
VGSH,2024-07-01,0.202,yahoo
VGSH,2024-08-01,0.21,yahoo
VGSH,2024-09-03,0.21,yahoo
VGSH,2024-10-01,0.202,yahoo
VGSH,2024-11-01,0.215,yahoo
VGSH,2024-12-02,0.2,yahoo
VGSH,2024-12-24,0.201,yahoo
VGSH,2025-02-03,0.208,yahoo
VGSH,2025-03-03,0.187,yahoo
VGSH,2025-04-01,0.206,yahoo
VGSH,2025-05-01,0.198,yahoo
VGSH,2025-06-02,0.205,yahoo
VGSH,2025-07-01,0.194,yahoo
VGSH,2025-08-01,0.2,yahoo
VGSH,2025-09-02,0.199,yahoo
VGSH,2025-10-01,0.19,yahoo
VGSH,2025-11-03,0.189,yahoo
VGSH,2025-12-01,0.185,yahoo
VGSH,2025-12-18,0.19,yahoo
VGSH,2026-02-02,0.185,yahoo
VGSH,2026-03-02,0.17,yahoo
VGSH,2026-04-01,0.186,yahoo
VGSH,2026-05-01,0.179,yahoo
VGSH,2026-06-01,0.185,yahoo
VGSH,2026-07-01,0.178,yahoo
VGSH,2026-08-03,0.182,yahoo
VGSH,2026-09-01,0.168,yahoo
VICI,2021-09-23,0.36,yahoo
VICI,2021-12-22,0.36,yahoo
VICI,2022-03-23,0.36,yahoo
VICI,2022-06-22,0.36,yahoo
VICI,2022-09-21,0.39,yahoo
VICI,2022-12-21,0.39,yahoo
VICI,2023-03-22,0.39,yahoo
VICI,2023-06-21,0.39,yahoo
VICI,2023-09-20,0.415,yahoo
VICI,2023-12-20,0.415,yahoo
VICI,2024-03-20,0.415,yahoo
VICI,2024-06-18,0.415,yahoo
VICI,2024-09-18,0.433,yahoo
VICI,2024-12-17,0.433,yahoo
VICI,2025-03-20,0.433,yahoo
VICI,2025-06-18,0.433,yahoo
VICI,2025-09-18,0.45,yahoo
VICI,2025-12-17,0.45,yahoo
VICI,2026-03-19,0.45,yahoo
VICI,2026-06-18,0.45,yahoo
VIRT,2021-11-30,0.24,yahoo
VIRT,2022-02-28,0.24,yahoo
VIRT,2022-05-31,0.24,yahoo
VIRT,2022-08-31,0.24,yahoo
VIRT,2022-11-30,0.24,yahoo
VIRT,2023-02-28,0.24,yahoo
VIRT,2023-05-31,0.24,yahoo
VIRT,2023-08-31,0.24,yahoo
VIRT,2023-11-30,0.24,yahoo
VIRT,2024-02-29,0.24,yahoo
VIRT,2024-05-31,0.24,yahoo
VIRT,2024-08-30,0.24,yahoo
VIRT,2024-11-29,0.24,yahoo
VIRT,2025-02-28,0.24,yahoo
VIRT,2025-05-30,0.24,yahoo
VIRT,2025-08-29,0.24,yahoo
VIRT,2025-12-01,0.24,yahoo
VIRT,2026-02-27,0.24,yahoo
VIRT,2026-06-01,0.24,yahoo
VIRT,2026-09-01,0.24,yahoo
VLO,2021-11-17,0.98,yahoo
VLO,2022-02-02,0.98,yahoo
VLO,2022-05-11,0.98,yahoo
VLO,2022-08-03,0.98,yahoo
VLO,2022-11-16,0.98,yahoo
VLO,2023-02-13,1.02,yahoo
VLO,2023-05-22,1.02,yahoo
VLO,2023-08-02,1.02,yahoo
VLO,2023-11-16,1.02,yahoo
VLO,2024-01-31,1.07,yahoo
VLO,2024-05-30,1.07,yahoo
VLO,2024-08-01,1.07,yahoo
VLO,2024-11-20,1.07,yahoo
VLO,2025-01-30,1.13,yahoo
VLO,2025-05-20,1.13,yahoo
VLO,2025-07-31,1.13,yahoo
VLO,2025-11-20,1.13,yahoo
VLO,2026-02-05,1.2,yahoo
VLO,2026-05-21,1.2,yahoo
VLO,2026-07-31,1.2,yahoo
VLTO,2023-12-28,0.09,yahoo
VLTO,2024-03-27,0.09,yahoo
VLTO,2024-06-28,0.09,yahoo
VLTO,2024-09-27,0.09,yahoo
VLTO,2024-12-31,0.11,yahoo
VLTO,2025-03-31,0.11,yahoo
VLTO,2025-06-30,0.11,yahoo
VLTO,2025-09-30,0.11,yahoo
VLTO,2025-12-31,0.13,yahoo
VLTO,2026-03-31,0.13,yahoo
VLTO,2026-06-30,0.13,yahoo
VLY,2021-09-14,0.11,yahoo
VLY,2021-12-14,0.11,yahoo
VLY,2022-03-14,0.11,yahoo
VLY,2022-06-14,0.11,yahoo
VLY,2022-09-14,0.11,yahoo
VLY,2022-12-14,0.11,yahoo
VLY,2023-03-14,0.11,yahoo
VLY,2023-06-14,0.11,yahoo
VLY,2023-09-13,0.11,yahoo
VLY,2023-12-13,0.11,yahoo
VLY,2024-03-13,0.11,yahoo
VLY,2024-06-13,0.11,yahoo
VLY,2024-09-13,0.11,yahoo
VLY,2024-12-13,0.11,yahoo
VLY,2025-03-14,0.11,yahoo
VLY,2025-06-13,0.11,yahoo
VLY,2025-09-15,0.11,yahoo
VLY,2025-12-15,0.11,yahoo
VLY,2026-03-13,0.11,yahoo
VLY,2026-06-15,0.11,yahoo
VMC,2021-11-15,0.37,yahoo
VMC,2022-02-28,0.4,yahoo
VMC,2022-05-26,0.4,yahoo
VMC,2022-08-16,0.4,yahoo
VMC,2022-11-14,0.4,yahoo
VMC,2023-03-03,0.43,yahoo
VMC,2023-05-25,0.43,yahoo
VMC,2023-08-16,0.43,yahoo
VMC,2023-11-10,0.43,yahoo
VMC,2024-03-01,0.46,yahoo
VMC,2024-05-23,0.46,yahoo
VMC,2024-08-15,0.46,yahoo
VMC,2024-11-04,0.46,yahoo
VMC,2025-03-10,0.49,yahoo
VMC,2025-05-23,0.49,yahoo
VMC,2025-08-14,0.49,yahoo
VMC,2025-11-10,0.49,yahoo
VMC,2026-03-09,0.52,yahoo
VMC,2026-05-22,0.52,yahoo
VMC,2026-08-13,0.52,yahoo
VMI,2021-09-23,0.5,yahoo
VMI,2021-12-22,0.5,yahoo
VMI,2022-03-24,0.55,yahoo
VMI,2022-06-23,0.55,yahoo
VMI,2022-09-22,0.55,yahoo
VMI,2022-12-29,0.55,yahoo
VMI,2023-03-30,0.6,yahoo
VMI,2023-06-29,0.6,yahoo
VMI,2023-09-28,0.6,yahoo
VMI,2023-12-28,0.6,yahoo
VMI,2024-03-27,0.6,yahoo
VMI,2024-06-28,0.6,yahoo
VMI,2024-09-27,0.6,yahoo
VMI,2024-12-27,0.6,yahoo
VMI,2025-03-28,0.68,yahoo
VMI,2025-06-27,0.68,yahoo
VMI,2025-09-26,0.68,yahoo
VMI,2025-12-26,0.68,yahoo
VMI,2026-03-27,0.77,yahoo
VMI,2026-06-26,0.77,yahoo
VNOM,2021-11-09,0.38,yahoo
VNOM,2022-03-03,0.47,yahoo
VNOM,2022-05-11,0.67,yahoo
VNOM,2022-08-15,0.81,yahoo
VNOM,2022-11-16,0.49,yahoo
VNOM,2023-03-02,0.49,yahoo
VNOM,2023-05-10,0.33,yahoo
VNOM,2023-08-09,0.36,yahoo
VNOM,2023-11-15,0.57,yahoo
VNOM,2024-03-04,0.56,yahoo
VNOM,2024-05-14,0.59,yahoo
VNOM,2024-08-15,0.64,yahoo
VNOM,2024-11-14,0.61,yahoo
VNOM,2025-03-06,0.65,yahoo
VNOM,2025-05-15,0.57,yahoo
VNOM,2025-08-14,0.53,yahoo
VNOM,2025-11-13,0.58,yahoo
VNOM,2026-03-05,0.52,yahoo
VNOM,2026-05-14,0.68,yahoo
VNOM,2026-08-13,0.67,yahoo
VNQ,2021-09-24,0.657,yahoo
VNQ,2021-12-27,1.053,yahoo
VNQ,2022-03-23,0.577,yahoo
VNQ,2022-06-23,0.57,yahoo
VNQ,2022-09-23,0.916,yahoo
VNQ,2022-12-22,1.164,yahoo
VNQ,2023-03-24,0.77,yahoo
VNQ,2023-06-29,0.928,yahoo
VNQ,2023-09-28,0.727,yahoo
VNQ,2023-12-21,1.068,yahoo
VNQ,2024-03-22,0.732,yahoo
VNQ,2024-06-28,1.033,yahoo
VNQ,2024-09-27,0.813,yahoo
VNQ,2024-12-23,0.856,yahoo
VNQ,2025-03-25,0.932,yahoo
VNQ,2025-06-26,0.868,yahoo
VNQ,2025-09-24,0.872,yahoo
VNQ,2025-12-22,0.801,yahoo
VNQ,2026-03-24,0.946,yahoo
VNQ,2026-06-24,0.855,yahoo
VOO,2021-09-29,1.308,yahoo
VOO,2021-12-21,1.533,yahoo
VOO,2022-03-24,1.374,yahoo
VOO,2022-06-29,1.432,yahoo
VOO,2022-09-28,1.469,yahoo
VOO,2022-12-20,1.672,yahoo
VOO,2023-03-24,1.487,yahoo
VOO,2023-06-29,1.576,yahoo
VOO,2023-09-28,1.493,yahoo
VOO,2023-12-20,1.801,yahoo
VOO,2024-03-22,1.543,yahoo
VOO,2024-06-28,1.784,yahoo
VOO,2024-09-27,1.639,yahoo
VOO,2024-12-23,1.739,yahoo
VOO,2025-03-27,1.812,yahoo
VOO,2025-06-30,1.745,yahoo
VOO,2025-09-29,1.74,yahoo
VOO,2025-12-22,1.771,yahoo
VOO,2026-03-27,1.872,yahoo
VOO,2026-06-26,1.962,yahoo
VOYA,2021-11-26,0.2,yahoo
VOYA,2022-02-24,0.2,yahoo
VOYA,2022-05-24,0.2,yahoo
VOYA,2022-08-25,0.2,yahoo
VOYA,2022-11-25,0.2,yahoo
VOYA,2023-02-23,0.2,yahoo
VOYA,2023-05-25,0.2,yahoo
VOYA,2023-08-25,0.4,yahoo
VOYA,2023-11-24,0.4,yahoo
VOYA,2024-02-23,0.4,yahoo
VOYA,2024-05-24,0.4,yahoo
VOYA,2024-08-27,0.45,yahoo
VOYA,2024-11-26,0.45,yahoo
VOYA,2025-02-25,0.45,yahoo
VOYA,2025-05-27,0.45,yahoo
VOYA,2025-08-26,0.45,yahoo
VOYA,2025-11-26,0.47,yahoo
VOYA,2026-02-25,0.47,yahoo
VOYA,2026-05-26,0.47,yahoo
VOYA,2026-08-26,0.47,yahoo
VRSK,2021-09-14,0.29,yahoo
VRSK,2021-12-14,0.29,yahoo
VRSK,2022-03-14,0.31,yahoo
VRSK,2022-06-14,0.31,yahoo
VRSK,2022-09-14,0.31,yahoo
VRSK,2022-12-14,0.31,yahoo
VRSK,2023-03-14,0.34,yahoo
VRSK,2023-06-14,0.34,yahoo
VRSK,2023-09-14,0.34,yahoo
VRSK,2023-12-14,0.34,yahoo
VRSK,2024-03-14,0.39,yahoo
VRSK,2024-06-14,0.39,yahoo
VRSK,2024-09-13,0.39,yahoo
VRSK,2024-12-13,0.39,yahoo
VRSK,2025-03-14,0.45,yahoo
VRSK,2025-06-13,0.45,yahoo
VRSK,2025-09-15,0.45,yahoo
VRSK,2025-12-15,0.45,yahoo
VRSK,2026-03-13,0.5,yahoo
VRSK,2026-06-15,0.5,yahoo
VRSN,2025-05-19,0.77,yahoo
VRSN,2025-08-19,0.77,yahoo
VRSN,2025-11-18,0.77,yahoo
VRSN,2026-02-19,0.81,yahoo
VRSN,2026-05-19,0.81,yahoo
VRSN,2026-08-19,0.81,yahoo
VRT,2021-11-30,0.01,yahoo
VRT,2022-11-29,0.01,yahoo
VRT,2023-12-08,0.025,yahoo
VRT,2024-03-18,0.025,yahoo
VRT,2024-06-17,0.025,yahoo
VRT,2024-09-17,0.025,yahoo
VRT,2024-12-03,0.038,yahoo
VRT,2025-03-18,0.038,yahoo
VRT,2025-06-16,0.038,yahoo
VRT,2025-09-15,0.038,yahoo
VRT,2025-11-25,0.063,yahoo
VRT,2026-03-17,0.063,yahoo
VRT,2026-06-15,0.063,yahoo
VSEC,2021-11-02,0.09,yahoo
VSEC,2022-01-25,0.1,yahoo
VSEC,2022-05-03,0.1,yahoo
VSEC,2022-07-12,0.1,yahoo
VSEC,2022-11-01,0.1,yahoo
VSEC,2023-01-25,0.1,yahoo
VSEC,2023-05-02,0.1,yahoo
VSEC,2023-07-11,0.1,yahoo
VSEC,2023-10-31,0.1,yahoo
VSEC,2024-01-24,0.1,yahoo
VSEC,2024-05-01,0.1,yahoo
VSEC,2024-07-17,0.1,yahoo
VSEC,2024-11-06,0.1,yahoo
VSEC,2025-01-23,0.1,yahoo
VSEC,2025-05-01,0.1,yahoo
VSEC,2025-07-16,0.1,yahoo
VSEC,2025-10-15,0.1,yahoo
VSEC,2026-01-15,0.1,yahoo
VSEC,2026-04-15,0.1,yahoo
VSEC,2026-07-15,0.1,yahoo
VSH,2021-09-09,0.095,yahoo
VSH,2021-12-06,0.1,yahoo
VSH,2022-03-16,0.1,yahoo
VSH,2022-06-16,0.1,yahoo
VSH,2022-09-08,0.1,yahoo
VSH,2022-11-29,0.1,yahoo
VSH,2023-03-16,0.1,yahoo
VSH,2023-06-15,0.1,yahoo
VSH,2023-09-07,0.1,yahoo
VSH,2023-12-12,0.1,yahoo
VSH,2024-03-13,0.1,yahoo
VSH,2024-06-13,0.1,yahoo
VSH,2024-09-10,0.1,yahoo
VSH,2024-12-03,0.1,yahoo
VSH,2025-03-13,0.1,yahoo
VSH,2025-06-18,0.1,yahoo
VSH,2025-09-11,0.1,yahoo
VSH,2025-12-03,0.1,yahoo
VSH,2026-03-12,0.1,yahoo
VSH,2026-06-18,0.1,yahoo
VSH,2026-09-10,0.1,yahoo
VST,2021-09-15,0.15,yahoo
VST,2021-12-15,0.15,yahoo
VST,2022-03-21,0.17,yahoo
VST,2022-06-21,0.177,yahoo
VST,2022-09-20,0.184,yahoo
VST,2022-12-19,0.193,yahoo
VST,2023-03-21,0.198,yahoo
VST,2023-06-20,0.204,yahoo
VST,2023-09-19,0.206,yahoo
VST,2023-12-19,0.213,yahoo
VST,2024-03-19,0.215,yahoo
VST,2024-06-18,0.218,yahoo
VST,2024-09-20,0.22,yahoo
VST,2024-12-20,0.222,yahoo
VST,2025-03-20,0.224,yahoo
VST,2025-06-18,0.225,yahoo
VST,2025-09-19,0.226,yahoo
VST,2025-12-22,0.227,yahoo
VST,2026-03-20,0.228,yahoo
VST,2026-06-22,0.229,yahoo
VT,2021-09-20,0.412,yahoo
VT,2021-12-20,0.785,yahoo
VT,2022-03-21,0.257,yahoo
VT,2022-06-21,0.598,yahoo
VT,2022-09-19,0.403,yahoo
VT,2022-12-19,0.638,yahoo
VT,2023-03-20,0.285,yahoo
VT,2023-06-20,0.65,yahoo
VT,2023-09-18,0.406,yahoo
VT,2023-12-18,0.801,yahoo
VT,2024-03-15,0.421,yahoo
VT,2024-06-21,0.578,yahoo
VT,2024-09-20,0.417,yahoo
VT,2024-12-20,0.877,yahoo
VT,2025-03-21,0.385,yahoo
VT,2025-06-20,0.595,yahoo
VT,2025-09-19,0.478,yahoo
VT,2025-12-19,1.115,yahoo
VT,2026-03-20,0.327,yahoo
VT,2026-06-18,0.563,yahoo
VTEB,2021-10-01,0.075,yahoo
VTEB,2021-11-01,0.072,yahoo
VTEB,2021-12-01,0.075,yahoo
VTEB,2021-12-23,0.069,yahoo
VTEB,2022-02-01,0.07,yahoo
VTEB,2022-03-01,0.08,yahoo
VTEB,2022-04-01,0.068,yahoo
VTEB,2022-05-02,0.07,yahoo
VTEB,2022-06-01,0.076,yahoo
VTEB,2022-07-01,0.081,yahoo
VTEB,2022-08-01,0.087,yahoo
VTEB,2022-09-01,0.093,yahoo
VTEB,2022-10-03,0.098,yahoo
VTEB,2022-11-01,0.093,yahoo
VTEB,2022-12-01,0.107,yahoo
VTEB,2022-12-23,0.111,yahoo
VTEB,2023-02-01,0.112,yahoo
VTEB,2023-03-01,0.118,yahoo
VTEB,2023-04-03,0.113,yahoo
VTEB,2023-05-01,0.115,yahoo
VTEB,2023-06-01,0.115,yahoo
VTEB,2023-07-03,0.117,yahoo
VTEB,2023-08-01,0.117,yahoo
VTEB,2023-09-01,0.12,yahoo
VTEB,2023-10-02,0.124,yahoo
VTEB,2023-11-01,0.118,yahoo
VTEB,2023-12-01,0.128,yahoo
VTEB,2023-12-22,0.128,yahoo
VTEB,2024-02-01,0.127,yahoo
VTEB,2024-03-01,0.131,yahoo
VTEB,2024-04-01,0.128,yahoo
VTEB,2024-05-01,0.131,yahoo
VTEB,2024-06-03,0.131,yahoo
VTEB,2024-07-01,0.133,yahoo
VTEB,2024-08-01,0.13,yahoo
VTEB,2024-09-03,0.131,yahoo
VTEB,2024-10-01,0.134,yahoo
VTEB,2024-11-01,0.131,yahoo
VTEB,2024-12-02,0.131,yahoo
VTEB,2024-12-24,0.135,yahoo
VTEB,2025-02-03,0.132,yahoo
VTEB,2025-03-03,0.138,yahoo
VTEB,2025-04-01,0.135,yahoo
VTEB,2025-05-01,0.137,yahoo
VTEB,2025-06-02,0.137,yahoo
VTEB,2025-07-01,0.136,yahoo
VTEB,2025-08-01,0.137,yahoo
VTEB,2025-09-02,0.139,yahoo
VTEB,2025-10-01,0.142,yahoo
VTEB,2025-11-03,0.14,yahoo
VTEB,2025-12-01,0.142,yahoo
VTEB,2025-12-18,0.142,yahoo
VTEB,2026-02-02,0.14,yahoo
VTEB,2026-03-02,0.149,yahoo
VTEB,2026-04-01,0.142,yahoo
VTEB,2026-05-01,0.142,yahoo
VTEB,2026-06-01,0.138,yahoo
VTEB,2026-07-01,0.142,yahoo
VTEB,2026-08-03,0.142,yahoo
VTEB,2026-09-01,0.143,yahoo
VTI,2021-09-24,0.724,yahoo
VTI,2021-12-27,0.859,yahoo
VTI,2022-03-23,0.708,yahoo
VTI,2022-06-23,0.749,yahoo
VTI,2022-09-23,0.796,yahoo
VTI,2022-12-22,0.931,yahoo
VTI,2023-03-23,0.786,yahoo
VTI,2023-06-23,0.827,yahoo
VTI,2023-09-21,0.798,yahoo
VTI,2023-12-21,1.002,yahoo
VTI,2024-03-22,0.911,yahoo
VTI,2024-06-28,0.952,yahoo
VTI,2024-09-27,0.871,yahoo
VTI,2024-12-23,0.941,yahoo
VTI,2025-03-27,0.985,yahoo
VTI,2025-06-30,0.913,yahoo
VTI,2025-09-29,0.907,yahoo
VTI,2025-12-22,0.951,yahoo
VTI,2026-03-27,0.998,yahoo
VTI,2026-06-26,1.044,yahoo
VTR,2021-09-30,0.45,yahoo
VTR,2021-12-31,0.45,yahoo
VTR,2022-03-31,0.45,yahoo
VTR,2022-06-30,0.45,yahoo
VTR,2022-09-30,0.45,yahoo
VTR,2022-12-30,0.45,yahoo
VTR,2023-03-31,0.45,yahoo
VTR,2023-06-30,0.45,yahoo
VTR,2023-09-29,0.45,yahoo
VTR,2023-12-29,0.45,yahoo
VTR,2024-03-28,0.45,yahoo
VTR,2024-07-01,0.45,yahoo
VTR,2024-10-01,0.45,yahoo
VTR,2024-12-31,0.45,yahoo
VTR,2025-03-31,0.48,yahoo
VTR,2025-06-30,0.48,yahoo
VTR,2025-09-30,0.48,yahoo
VTR,2025-12-31,0.48,yahoo
VTR,2026-03-31,0.52,yahoo
VTR,2026-06-30,0.52,yahoo
VTRS,2021-11-22,0.11,yahoo
VTRS,2022-02-23,0.12,yahoo
VTRS,2022-05-23,0.12,yahoo
VTRS,2022-08-23,0.12,yahoo
VTRS,2022-11-22,0.12,yahoo
VTRS,2023-03-08,0.12,yahoo
VTRS,2023-05-23,0.12,yahoo
VTRS,2023-08-23,0.12,yahoo
VTRS,2023-11-22,0.12,yahoo
VTRS,2024-03-08,0.12,yahoo
VTRS,2024-05-23,0.12,yahoo
VTRS,2024-08-23,0.12,yahoo
VTRS,2024-11-22,0.12,yahoo
VTRS,2025-03-10,0.12,yahoo
VTRS,2025-05-23,0.12,yahoo
VTRS,2025-08-22,0.12,yahoo
VTRS,2025-11-24,0.12,yahoo
VTRS,2026-03-09,0.12,yahoo
VTRS,2026-05-22,0.12,yahoo
VTRS,2026-08-21,0.12,yahoo
VTV,2021-09-24,0.806,yahoo
VTV,2021-12-27,0.903,yahoo
VTV,2022-03-23,0.792,yahoo
VTV,2022-06-23,0.835,yahoo
VTV,2022-09-23,0.864,yahoo
VTV,2022-12-22,1.041,yahoo
VTV,2023-03-23,0.822,yahoo
VTV,2023-06-23,0.921,yahoo
VTV,2023-09-21,0.897,yahoo
VTV,2023-12-21,1.031,yahoo
VTV,2024-03-21,1.006,yahoo
VTV,2024-06-27,1.015,yahoo
VTV,2024-09-26,0.914,yahoo
VTV,2024-12-23,0.98,yahoo
VTV,2025-03-27,1.013,yahoo
VTV,2025-06-30,0.964,yahoo
VTV,2025-09-29,0.943,yahoo
VTV,2025-12-22,0.986,yahoo
VTV,2026-03-27,1.079,yahoo
VTV,2026-06-26,1.082,yahoo
VTWO,2021-09-29,0.221,yahoo
VTWO,2021-12-16,0.475,yahoo
VTWO,2022-03-24,0.122,yahoo
VTWO,2022-06-29,0.218,yahoo
VTWO,2022-09-28,0.286,yahoo
VTWO,2022-12-15,0.416,yahoo
VTWO,2023-03-23,0.218,yahoo
VTWO,2023-06-23,0.235,yahoo
VTWO,2023-09-21,0.32,yahoo
VTWO,2023-12-19,0.401,yahoo
VTWO,2024-03-21,0.174,yahoo
VTWO,2024-06-27,0.299,yahoo
VTWO,2024-09-26,0.277,yahoo
VTWO,2024-12-23,0.331,yahoo
VTWO,2025-03-25,0.248,yahoo
VTWO,2025-06-20,0.25,yahoo
VTWO,2025-09-24,0.343,yahoo
VTWO,2025-12-22,0.403,yahoo
VTWO,2026-03-24,0.262,yahoo
VTWO,2026-06-18,0.301,yahoo
VUG,2021-09-24,0.052833,yahoo
VUG,2021-12-27,0.078167,yahoo
VUG,2022-03-23,0.050167,yahoo
VUG,2022-06-23,0.0535,yahoo
VUG,2022-09-23,0.071667,yahoo
VUG,2022-12-22,0.074667,yahoo
VUG,2023-03-23,0.0715,yahoo
VUG,2023-06-23,0.068667,yahoo
VUG,2023-09-21,0.062667,yahoo
VUG,2023-12-21,0.0975,yahoo
VUG,2024-03-21,0.078,yahoo
VUG,2024-06-27,0.076,yahoo
VUG,2024-09-26,0.075833,yahoo
VUG,2024-12-23,0.089,yahoo
VUG,2025-03-27,0.083333,yahoo
VUG,2025-06-30,0.084,yahoo
VUG,2025-09-29,0.0845,yahoo
VUG,2025-12-22,0.083167,yahoo
VUG,2026-03-27,0.079667,yahoo
VUG,2026-06-26,0.092,yahoo
VVV,2021-11-26,0.125,yahoo
VVV,2022-02-25,0.125,yahoo
VVV,2022-05-27,0.125,yahoo
VVV,2022-08-30,0.125,yahoo
VVV,2022-12-01,0.125,yahoo
VWO,2021-09-20,0.473,yahoo
VWO,2021-12-20,0.478,yahoo
VWO,2022-03-21,0.134,yahoo
VWO,2022-06-21,0.306,yahoo
VWO,2022-09-19,0.529,yahoo
VWO,2022-12-19,0.635,yahoo
VWO,2023-03-20,0.028,yahoo
VWO,2023-06-20,0.227,yahoo
VWO,2023-09-18,0.328,yahoo
VWO,2023-12-18,0.865,yahoo
VWO,2024-03-15,0.039,yahoo
VWO,2024-06-21,0.17,yahoo
VWO,2024-09-20,0.134,yahoo
VWO,2024-12-20,1.066,yahoo
VWO,2025-03-21,0.047,yahoo
VWO,2025-06-20,0.139,yahoo
VWO,2025-09-19,0.28,yahoo
VWO,2025-12-19,1.033,yahoo
VWO,2026-06-18,0.071,yahoo
VXUS,2021-09-20,0.357,yahoo
VXUS,2021-12-20,0.941,yahoo
VXUS,2022-03-21,0.1,yahoo
VXUS,2022-06-21,0.589,yahoo
VXUS,2022-09-19,0.28,yahoo
VXUS,2022-12-19,0.629,yahoo
VXUS,2023-03-20,0.121,yahoo
VXUS,2023-06-20,0.618,yahoo
VXUS,2023-09-18,0.295,yahoo
VXUS,2023-12-18,0.847,yahoo
VXUS,2024-03-15,0.224,yahoo
VXUS,2024-06-21,0.484,yahoo
VXUS,2024-09-20,0.272,yahoo
VXUS,2024-12-20,1.005,yahoo
VXUS,2025-03-21,0.191,yahoo
VXUS,2025-06-20,0.485,yahoo
VXUS,2025-09-19,0.36,yahoo
VXUS,2025-12-19,1.363,yahoo
VXUS,2026-03-20,0.08,yahoo
VXUS,2026-06-18,0.386,yahoo
VZ,2021-10-07,0.64,yahoo
VZ,2022-01-07,0.64,yahoo
VZ,2022-04-07,0.64,yahoo
VZ,2022-07-07,0.64,yahoo
VZ,2022-10-06,0.653,yahoo
VZ,2023-01-09,0.653,yahoo
VZ,2023-04-06,0.653,yahoo
VZ,2023-07-07,0.653,yahoo
VZ,2023-10-06,0.665,yahoo
VZ,2024-01-09,0.665,yahoo
VZ,2024-04-09,0.665,yahoo
VZ,2024-07-10,0.665,yahoo
VZ,2024-10-10,0.678,yahoo
VZ,2025-01-10,0.678,yahoo
VZ,2025-04-10,0.678,yahoo
VZ,2025-07-10,0.678,yahoo
VZ,2025-10-10,0.69,yahoo
VZ,2026-01-12,0.69,yahoo
VZ,2026-04-10,0.708,yahoo
VZ,2026-07-10,0.708,yahoo
WAB,2021-11-12,0.12,yahoo
WAB,2022-02-24,0.15,yahoo
WAB,2022-05-19,0.15,yahoo
WAB,2022-08-12,0.15,yahoo
WAB,2022-11-10,0.15,yahoo
WAB,2023-02-23,0.17,yahoo
WAB,2023-05-26,0.17,yahoo
WAB,2023-08-11,0.17,yahoo
WAB,2023-11-14,0.17,yahoo
WAB,2024-02-22,0.2,yahoo
WAB,2024-05-24,0.2,yahoo
WAB,2024-08-14,0.2,yahoo
WAB,2024-11-13,0.2,yahoo
WAB,2025-02-21,0.25,yahoo
WAB,2025-05-27,0.25,yahoo
WAB,2025-08-14,0.25,yahoo
WAB,2025-11-12,0.25,yahoo
WAB,2026-02-17,0.31,yahoo
WAB,2026-05-22,0.31,yahoo
WAB,2026-08-18,0.31,yahoo
WAL,2021-11-18,0.35,yahoo
WAL,2022-02-17,0.35,yahoo
WAL,2022-05-12,0.35,yahoo
WAL,2022-08-11,0.36,yahoo
WAL,2022-11-17,0.36,yahoo
WAL,2023-02-16,0.36,yahoo
WAL,2023-05-11,0.36,yahoo
WAL,2023-08-10,0.36,yahoo
WAL,2023-11-16,0.37,yahoo
WAL,2024-02-15,0.37,yahoo
WAL,2024-05-15,0.37,yahoo
WAL,2024-08-16,0.37,yahoo
WAL,2024-11-15,0.38,yahoo
WAL,2025-02-14,0.38,yahoo
WAL,2025-05-15,0.38,yahoo
WAL,2025-08-14,0.38,yahoo
WAL,2025-11-13,0.42,yahoo
WAL,2026-02-20,0.42,yahoo
WAL,2026-05-14,0.42,yahoo
WAL,2026-08-13,0.42,yahoo
WBS,2026-08-10,0.4,yahoo
WCC,2023-03-14,0.375,yahoo
WCC,2023-06-14,0.375,yahoo
WCC,2023-09-14,0.375,yahoo
WCC,2023-12-14,0.375,yahoo
WCC,2024-03-14,0.413,yahoo
WCC,2024-06-14,0.413,yahoo
WCC,2024-09-13,0.413,yahoo
WCC,2024-12-13,0.413,yahoo
WCC,2025-03-14,0.454,yahoo
WCC,2025-06-13,0.454,yahoo
WCC,2025-09-12,0.454,yahoo
WCC,2025-12-12,0.454,yahoo
WCC,2026-03-13,0.5,yahoo
WCC,2026-06-12,0.5,yahoo
WCC,2026-09-11,0.5,yahoo
WCN,2021-11-08,0.23,yahoo
WCN,2022-03-01,0.23,yahoo
WCN,2022-05-17,0.23,yahoo
WCN,2022-08-17,0.23,yahoo
WCN,2022-11-15,0.255,yahoo
WCN,2023-02-28,0.255,yahoo
WCN,2023-05-09,0.255,yahoo
WCN,2023-08-15,0.255,yahoo
WCN,2023-11-07,0.285,yahoo
WCN,2024-02-27,0.285,yahoo
WCN,2024-05-07,0.285,yahoo
WCN,2024-08-07,0.285,yahoo
WCN,2024-11-07,0.315,yahoo
WCN,2025-02-27,0.315,yahoo
WCN,2025-05-07,0.315,yahoo
WCN,2025-08-06,0.315,yahoo
WCN,2026-02-25,0.35,yahoo
WCN,2026-05-06,0.35,yahoo
WCN,2026-08-06,0.35,yahoo
WDC,2025-06-04,0.1,yahoo
WDC,2025-09-04,0.1,yahoo
WDC,2025-12-04,0.125,yahoo
WDC,2026-03-05,0.125,yahoo
WDC,2026-06-05,0.15,yahoo
WDC,2026-09-08,0.15,yahoo
WEC,2021-11-10,0.678,yahoo
WEC,2022-02-11,0.728,yahoo
WEC,2022-05-12,0.728,yahoo
WEC,2022-08-11,0.728,yahoo
WEC,2022-11-10,0.728,yahoo
WEC,2023-02-13,0.78,yahoo
WEC,2023-05-11,0.78,yahoo
WEC,2023-08-11,0.78,yahoo
WEC,2023-11-13,0.78,yahoo
WEC,2024-02-13,0.835,yahoo
WEC,2024-05-13,0.835,yahoo
WEC,2024-08-14,0.835,yahoo
WEC,2024-11-14,0.835,yahoo
WEC,2025-02-14,0.893,yahoo
WEC,2025-05-14,0.893,yahoo
WEC,2025-08-14,0.893,yahoo
WEC,2025-11-14,0.893,yahoo
WEC,2026-02-13,0.953,yahoo
WEC,2026-05-14,0.953,yahoo
WEC,2026-08-14,0.953,yahoo
WELL,2021-11-15,0.61,yahoo
WELL,2022-02-28,0.61,yahoo
WELL,2022-05-23,0.61,yahoo
WELL,2022-08-22,0.61,yahoo
WELL,2022-11-17,0.61,yahoo
WELL,2023-02-27,0.61,yahoo
WELL,2023-05-15,0.61,yahoo
WELL,2023-08-14,0.61,yahoo
WELL,2023-11-13,0.61,yahoo
WELL,2024-02-22,0.61,yahoo
WELL,2024-05-10,0.61,yahoo
WELL,2024-08-12,0.67,yahoo
WELL,2024-11-13,0.67,yahoo
WELL,2025-02-25,0.67,yahoo
WELL,2025-05-14,0.67,yahoo
WELL,2025-08-12,0.74,yahoo
WELL,2025-11-10,0.74,yahoo
WELL,2026-02-25,0.74,yahoo
WELL,2026-05-13,0.74,yahoo
WELL,2026-08-12,0.85,yahoo
WFC,2021-11-04,0.2,yahoo
WFC,2022-02-03,0.25,yahoo
WFC,2022-05-05,0.25,yahoo
WFC,2022-08-04,0.3,yahoo
WFC,2022-11-03,0.3,yahoo
WFC,2023-02-02,0.3,yahoo
WFC,2023-05-04,0.3,yahoo
WFC,2023-08-03,0.35,yahoo
WFC,2023-11-02,0.35,yahoo
WFC,2024-02-01,0.35,yahoo
WFC,2024-05-09,0.35,yahoo
WFC,2024-08-09,0.4,yahoo
WFC,2024-11-08,0.4,yahoo
WFC,2025-02-07,0.4,yahoo
WFC,2025-05-09,0.4,yahoo
WFC,2025-08-08,0.45,yahoo
WFC,2025-11-07,0.45,yahoo
WFC,2026-02-06,0.45,yahoo
WFC,2026-05-08,0.45,yahoo
WFC,2026-08-07,0.5,yahoo
WFRD,2024-08-13,0.25,yahoo
WFRD,2024-11-06,0.25,yahoo
WFRD,2025-02-21,0.25,yahoo
WFRD,2025-05-06,0.25,yahoo
WFRD,2025-08-06,0.25,yahoo
WFRD,2025-11-06,0.25,yahoo
WFRD,2026-02-06,0.275,yahoo
WFRD,2026-05-06,0.275,yahoo
WFRD,2026-08-06,0.275,yahoo
WH,2021-09-14,0.24,yahoo
WH,2021-12-14,0.32,yahoo
WH,2022-03-18,0.32,yahoo
WH,2022-06-14,0.32,yahoo
WH,2022-09-13,0.32,yahoo
WH,2022-12-13,0.32,yahoo
WH,2023-03-14,0.35,yahoo
WH,2023-06-13,0.35,yahoo
WH,2023-09-12,0.35,yahoo
WH,2023-12-12,0.35,yahoo
WH,2024-03-14,0.38,yahoo
WH,2024-06-14,0.38,yahoo
WH,2024-09-13,0.38,yahoo
WH,2024-12-13,0.38,yahoo
WH,2025-03-17,0.41,yahoo
WH,2025-06-13,0.41,yahoo
WH,2025-09-15,0.41,yahoo
WH,2025-12-15,0.41,yahoo
WH,2026-03-20,0.43,yahoo
WH,2026-06-15,0.43,yahoo
WHR,2021-11-18,1.4,yahoo
WHR,2022-02-24,1.75,yahoo
WHR,2022-05-19,1.75,yahoo
WHR,2022-08-25,1.75,yahoo
WHR,2022-11-17,1.75,yahoo
WHR,2023-03-02,1.75,yahoo
WHR,2023-05-18,1.75,yahoo
WHR,2023-08-24,1.75,yahoo
WHR,2023-11-16,1.75,yahoo
WHR,2024-02-29,1.75,yahoo
WHR,2024-05-16,1.75,yahoo
WHR,2024-08-30,1.75,yahoo
WHR,2024-11-15,1.75,yahoo
WHR,2025-02-28,1.75,yahoo
WHR,2025-05-16,1.75,yahoo
WHR,2025-08-29,0.9,yahoo
WHR,2025-11-21,0.9,yahoo
WHR,2026-02-27,0.9,yahoo
WING,2021-11-18,0.17,yahoo
WING,2022-03-10,0.17,yahoo
WING,2022-03-23,4,yahoo
WING,2022-05-19,0.17,yahoo
WING,2022-08-11,0.19,yahoo
WING,2022-11-09,0.19,yahoo
WING,2023-03-09,0.19,yahoo
WING,2023-05-18,0.19,yahoo
WING,2023-08-17,0.22,yahoo
WING,2023-11-16,0.22,yahoo
WING,2024-03-07,0.22,yahoo
WING,2024-05-16,0.22,yahoo
WING,2024-08-16,0.27,yahoo
WING,2024-11-15,0.27,yahoo
WING,2025-03-07,0.27,yahoo
WING,2025-05-16,0.27,yahoo
WING,2025-08-15,0.3,yahoo
WING,2025-11-21,0.3,yahoo
WING,2026-03-06,0.3,yahoo
WING,2026-05-15,0.3,yahoo
WING,2026-08-14,0.33,yahoo
WLK,2021-11-22,0.298,yahoo
WLK,2022-02-28,0.298,yahoo
WLK,2022-05-20,0.298,yahoo
WLK,2022-08-19,0.357,yahoo
WLK,2022-11-23,0.357,yahoo
WLK,2023-02-28,0.357,yahoo
WLK,2023-05-22,0.357,yahoo
WLK,2023-08-24,0.5,yahoo
WLK,2023-11-20,0.5,yahoo
WLK,2024-02-27,0.5,yahoo
WLK,2024-05-20,0.5,yahoo
WLK,2024-08-20,0.525,yahoo
WLK,2024-11-26,0.525,yahoo
WLK,2025-03-04,0.525,yahoo
WLK,2025-05-20,0.525,yahoo
WLK,2025-08-19,0.53,yahoo
WLK,2025-11-25,0.53,yahoo
WLK,2026-03-03,0.53,yahoo
WLK,2026-05-27,0.53,yahoo
WLK,2026-08-25,0.533,yahoo
WM,2021-09-02,0.575,yahoo
WM,2021-12-02,0.575,yahoo
WM,2022-03-16,0.65,yahoo
WM,2022-06-02,0.65,yahoo
WM,2022-09-08,0.65,yahoo
WM,2022-12-01,0.65,yahoo
WM,2023-03-09,0.7,yahoo
WM,2023-06-01,0.7,yahoo
WM,2023-09-07,0.7,yahoo
WM,2023-11-30,0.7,yahoo
WM,2024-03-14,0.75,yahoo
WM,2024-06-07,0.75,yahoo
WM,2024-09-13,0.75,yahoo
WM,2024-12-06,0.75,yahoo
WM,2025-03-14,0.825,yahoo
WM,2025-06-06,0.825,yahoo
WM,2025-09-12,0.825,yahoo
WM,2025-12-05,0.825,yahoo
WM,2026-03-13,0.945,yahoo
WM,2026-06-05,0.945,yahoo
WM,2026-09-11,0.945,yahoo
WMB,2021-09-09,0.41,yahoo
WMB,2021-12-09,0.41,yahoo
WMB,2022-03-10,0.425,yahoo
WMB,2022-06-09,0.425,yahoo
WMB,2022-09-08,0.425,yahoo
WMB,2022-12-08,0.425,yahoo
WMB,2023-03-10,0.448,yahoo
WMB,2023-06-09,0.448,yahoo
WMB,2023-09-08,0.448,yahoo
WMB,2023-12-07,0.448,yahoo
WMB,2024-03-07,0.475,yahoo
WMB,2024-06-07,0.475,yahoo
WMB,2024-09-13,0.475,yahoo
WMB,2024-12-13,0.475,yahoo
WMB,2025-03-14,0.5,yahoo
WMB,2025-06-13,0.5,yahoo
WMB,2025-09-12,0.5,yahoo
WMB,2025-12-12,0.5,yahoo
WMB,2026-03-13,0.525,yahoo
WMB,2026-06-12,0.525,yahoo
WMB,2026-09-11,0.525,yahoo
WMS,2021-11-30,0.11,yahoo
WMS,2022-02-28,0.11,yahoo
WMS,2022-05-31,0.12,yahoo
WMS,2022-08-31,0.12,yahoo
WMS,2022-11-30,0.12,yahoo
WMS,2023-02-28,0.12,yahoo
WMS,2023-05-31,0.14,yahoo
WMS,2023-08-31,0.14,yahoo
WMS,2023-11-30,0.14,yahoo
WMS,2024-02-29,0.14,yahoo
WMS,2024-05-31,0.16,yahoo
WMS,2024-08-30,0.16,yahoo
WMS,2024-12-02,0.16,yahoo
WMS,2025-02-28,0.16,yahoo
WMS,2025-05-30,0.18,yahoo
WMS,2025-08-29,0.18,yahoo
WMS,2025-12-01,0.18,yahoo
WMS,2026-03-02,0.18,yahoo
WMS,2026-06-01,0.2,yahoo
WMS,2026-09-01,0.2,yahoo
WMT,2021-12-09,0.183333,yahoo
WMT,2022-03-17,0.186667,yahoo
WMT,2022-05-05,0.186667,yahoo
WMT,2022-08-11,0.186667,yahoo
WMT,2022-12-08,0.186667,yahoo
WMT,2023-03-16,0.19,yahoo
WMT,2023-05-04,0.19,yahoo
WMT,2023-08-10,0.19,yahoo
WMT,2023-12-07,0.19,yahoo
WMT,2024-03-14,0.208,yahoo
WMT,2024-05-09,0.208,yahoo
WMT,2024-08-16,0.208,yahoo
WMT,2024-12-13,0.208,yahoo
WMT,2025-03-21,0.235,yahoo
WMT,2025-05-09,0.235,yahoo
WMT,2025-08-15,0.235,yahoo
WMT,2025-12-12,0.235,yahoo
WMT,2026-03-20,0.248,yahoo
WMT,2026-05-08,0.248,yahoo
WMT,2026-08-21,0.248,yahoo
WPC,2021-09-29,1.030362,yahoo
WPC,2021-12-30,1.033301,yahoo
WPC,2022-03-30,1.03526,yahoo
WPC,2022-06-29,1.037218,yahoo
WPC,2022-09-29,1.039177,yahoo
WPC,2022-12-29,1.043095,yahoo
WPC,2023-03-30,1.045054,yahoo
WPC,2023-06-29,1.047013,yahoo
WPC,2023-09-28,1.048972,yahoo
WPC,2023-12-28,0.86,yahoo
WPC,2024-03-27,0.865,yahoo
WPC,2024-06-28,0.87,yahoo
WPC,2024-09-30,0.875,yahoo
WPC,2024-12-31,0.88,yahoo
WPC,2025-03-31,0.89,yahoo
WPC,2025-06-30,0.9,yahoo
WPC,2025-09-30,0.91,yahoo
WPC,2025-12-31,0.92,yahoo
WPC,2026-03-31,0.93,yahoo
WPC,2026-06-30,0.94,yahoo
WPM,2021-11-19,0.15,yahoo
WPM,2022-03-23,0.15,yahoo
WPM,2022-05-19,0.15,yahoo
WPM,2022-08-25,0.15,yahoo
WPM,2022-11-18,0.15,yahoo
WPM,2023-03-23,0.15,yahoo
WPM,2023-05-18,0.15,yahoo
WPM,2023-08-24,0.15,yahoo
WPM,2023-11-27,0.15,yahoo
WPM,2024-04-02,0.155,yahoo
WPM,2024-05-29,0.155,yahoo
WPM,2024-08-21,0.155,yahoo
WPM,2024-11-21,0.155,yahoo
WPM,2025-04-01,0.165,yahoo
WPM,2025-05-28,0.165,yahoo
WPM,2026-03-31,0.195,yahoo
WPM,2026-05-27,0.195,yahoo
WPM,2026-08-20,0.195,yahoo
WRB,2021-09-14,0.057778,yahoo
WRB,2021-12-06,0.502222,yahoo
WRB,2022-03-08,0.057778,yahoo
WRB,2022-06-24,0.4,yahoo
WRB,2022-09-23,0.066667,yahoo
WRB,2022-12-16,0.066667,yahoo
WRB,2023-01-12,0.333333,yahoo
WRB,2023-03-08,0.066667,yahoo
WRB,2023-06-23,0.073333,yahoo
WRB,2023-09-22,0.406667,yahoo
WRB,2023-12-15,0.406667,yahoo
WRB,2024-03-01,0.073333,yahoo
WRB,2024-06-24,0.413333,yahoo
WRB,2024-09-23,0.33,yahoo
WRB,2024-12-16,0.58,yahoo
WRB,2025-03-03,0.08,yahoo
WRB,2025-06-23,0.59,yahoo
WRB,2025-09-22,0.09,yahoo
WRB,2025-12-15,1.09,yahoo
WRB,2026-02-23,0.09,yahoo
WRB,2026-06-23,0.6,yahoo
WSC,2025-03-05,0.07,yahoo
WSC,2025-06-04,0.07,yahoo
WSC,2025-09-03,0.07,yahoo
WSC,2025-12-03,0.07,yahoo
WSC,2026-03-04,0.07,yahoo
WSC,2026-06-03,0.07,yahoo
WSC,2026-09-02,0.07,yahoo
WSM,2021-10-21,0.355,yahoo
WSM,2022-01-20,0.355,yahoo
WSM,2022-04-21,0.39,yahoo
WSM,2022-07-21,0.39,yahoo
WSM,2022-10-20,0.39,yahoo
WSM,2023-01-19,0.39,yahoo
WSM,2023-04-20,0.45,yahoo
WSM,2023-07-20,0.45,yahoo
WSM,2023-10-19,0.45,yahoo
WSM,2024-01-18,0.45,yahoo
WSM,2024-04-18,0.565,yahoo
WSM,2024-07-19,0.57,yahoo
WSM,2024-10-18,0.57,yahoo
WSM,2025-01-17,0.57,yahoo
WSM,2025-04-17,0.66,yahoo
WSM,2025-07-18,0.66,yahoo
WSM,2025-10-17,0.66,yahoo
WSM,2026-01-16,0.66,yahoo
WSM,2026-04-17,0.76,yahoo
WSM,2026-07-17,0.76,yahoo
WSO,2021-10-14,1.95,yahoo
WSO,2022-01-13,1.95,yahoo
WSO,2022-04-13,2.2,yahoo
WSO,2022-07-14,2.2,yahoo
WSO,2022-10-14,2.2,yahoo
WSO,2023-01-13,2.45,yahoo
WSO,2023-04-14,2.45,yahoo
WSO,2023-07-14,2.45,yahoo
WSO,2023-10-16,2.45,yahoo
WSO,2024-01-16,2.45,yahoo
WSO,2024-04-12,2.7,yahoo
WSO,2024-07-16,2.7,yahoo
WSO,2024-10-16,2.7,yahoo
WSO,2025-01-17,2.7,yahoo
WSO,2025-04-15,3,yahoo
WSO,2025-07-16,3,yahoo
WSO,2025-10-16,3,yahoo
WSO,2026-01-16,3,yahoo
WSO,2026-04-16,3.3,yahoo
WSO,2026-07-16,3.3,yahoo
WST,2021-11-09,0.18,yahoo
WST,2022-01-18,0.18,yahoo
WST,2022-04-19,0.18,yahoo
WST,2022-07-19,0.18,yahoo
WST,2022-11-08,0.19,yahoo
WST,2023-01-24,0.19,yahoo
WST,2023-04-25,0.19,yahoo
WST,2023-07-25,0.19,yahoo
WST,2023-11-07,0.2,yahoo
WST,2024-01-30,0.2,yahoo
WST,2024-04-23,0.2,yahoo
WST,2024-07-31,0.2,yahoo
WST,2024-11-13,0.21,yahoo
WST,2025-02-07,0.21,yahoo
WST,2025-04-30,0.21,yahoo
WST,2025-07-30,0.21,yahoo
WST,2025-11-12,0.22,yahoo
WST,2026-01-28,0.22,yahoo
WST,2026-04-29,0.22,yahoo
WST,2026-07-29,0.22,yahoo
WTFC,2021-11-09,0.31,yahoo
WTFC,2022-02-09,0.34,yahoo
WTFC,2022-05-11,0.34,yahoo
WTFC,2022-08-10,0.34,yahoo
WTFC,2022-11-09,0.34,yahoo
WTFC,2023-02-08,0.4,yahoo
WTFC,2023-05-10,0.4,yahoo
WTFC,2023-08-09,0.4,yahoo
WTFC,2023-11-08,0.4,yahoo
WTFC,2024-02-07,0.45,yahoo
WTFC,2024-05-08,0.45,yahoo
WTFC,2024-08-08,0.45,yahoo
WTFC,2024-11-07,0.45,yahoo
WTFC,2025-02-06,0.5,yahoo
WTFC,2025-05-08,0.5,yahoo
WTFC,2025-08-07,0.5,yahoo
WTFC,2025-11-06,0.5,yahoo
WTFC,2026-02-05,0.55,yahoo
WTFC,2026-05-14,0.55,yahoo
WTFC,2026-08-06,0.55,yahoo
WTRG,2021-11-10,0.268,yahoo
WTRG,2022-02-10,0.268,yahoo
WTRG,2022-05-12,0.268,yahoo
WTRG,2022-08-11,0.287,yahoo
WTRG,2022-11-09,0.287,yahoo
WTRG,2023-02-09,0.287,yahoo
WTRG,2023-05-11,0.287,yahoo
WTRG,2023-08-10,0.307,yahoo
WTRG,2023-11-09,0.307,yahoo
WTRG,2024-02-08,0.307,yahoo
WTRG,2024-05-09,0.307,yahoo
WTRG,2024-08-12,0.326,yahoo
WTRG,2024-11-12,0.326,yahoo
WTRG,2025-02-10,0.326,yahoo
WTRG,2025-05-13,0.326,yahoo
WTRG,2025-08-12,0.343,yahoo
WTRG,2025-11-12,0.343,yahoo
WTRG,2026-02-09,0.343,yahoo
WTRG,2026-05-12,0.343,yahoo
WTRG,2026-08-11,0.361,yahoo
WTS,2021-11-30,0.26,yahoo
WTS,2022-02-28,0.26,yahoo
WTS,2022-05-31,0.3,yahoo
WTS,2022-08-31,0.3,yahoo
WTS,2022-11-30,0.3,yahoo
WTS,2023-02-28,0.3,yahoo
WTS,2023-05-31,0.36,yahoo
WTS,2023-08-31,0.36,yahoo
WTS,2023-11-30,0.36,yahoo
WTS,2024-02-29,0.36,yahoo
WTS,2024-05-31,0.43,yahoo
WTS,2024-08-30,0.43,yahoo
WTS,2024-11-29,0.43,yahoo
WTS,2025-02-28,0.43,yahoo
WTS,2025-05-30,0.52,yahoo
WTS,2025-08-29,0.52,yahoo
WTS,2025-12-01,0.52,yahoo
WTS,2026-02-27,0.52,yahoo
WTS,2026-06-01,0.63,yahoo
WTS,2026-09-01,0.63,yahoo
WTW,2021-09-29,0.8,yahoo
WTW,2021-12-30,0.8,yahoo
WTW,2022-03-30,0.82,yahoo
WTW,2022-06-29,0.82,yahoo
WTW,2022-09-29,0.82,yahoo
WTW,2022-12-29,0.82,yahoo
WTW,2023-03-30,0.84,yahoo
WTW,2023-06-29,0.84,yahoo
WTW,2023-09-28,0.84,yahoo
WTW,2023-12-28,0.84,yahoo
WTW,2024-03-27,0.88,yahoo
WTW,2024-06-28,0.88,yahoo
WTW,2024-09-30,0.88,yahoo
WTW,2024-12-31,0.88,yahoo
WTW,2025-03-31,0.92,yahoo
WTW,2025-06-30,0.92,yahoo
WTW,2025-09-30,0.92,yahoo
WTW,2025-12-31,0.92,yahoo
WTW,2026-03-31,0.96,yahoo
WTW,2026-06-30,0.96,yahoo
WULF,2021-12-14,5,yahoo
WWD,2021-11-12,0.163,yahoo
WWD,2022-02-17,0.19,yahoo
WWD,2022-05-16,0.19,yahoo
WWD,2022-08-12,0.19,yahoo
WWD,2022-11-10,0.19,yahoo
WWD,2023-02-17,0.22,yahoo
WWD,2023-05-19,0.22,yahoo
WWD,2023-08-11,0.22,yahoo
WWD,2023-11-17,0.22,yahoo
WWD,2024-02-16,0.25,yahoo
WWD,2024-05-21,0.25,yahoo
WWD,2024-08-22,0.25,yahoo
WWD,2024-11-21,0.25,yahoo
WWD,2025-02-20,0.28,yahoo
WWD,2025-05-22,0.28,yahoo
WWD,2025-08-21,0.28,yahoo
WWD,2025-11-20,0.28,yahoo
WWD,2026-02-19,0.32,yahoo
WWD,2026-05-21,0.32,yahoo
WWD,2026-08-20,0.32,yahoo
WY,2021-09-02,0.17,yahoo
WY,2021-10-04,0.5,yahoo
WY,2021-12-02,0.17,yahoo
WY,2022-02-17,1.45,yahoo
WY,2022-03-03,0.18,yahoo
WY,2022-06-02,0.18,yahoo
WY,2022-09-01,0.18,yahoo
WY,2022-12-01,0.18,yahoo
WY,2023-02-14,0.9,yahoo
WY,2023-03-02,0.19,yahoo
WY,2023-06-01,0.19,yahoo
WY,2023-08-31,0.19,yahoo
WY,2023-11-30,0.19,yahoo
WY,2024-02-15,0.14,yahoo
WY,2024-03-07,0.2,yahoo
WY,2024-05-31,0.2,yahoo
WY,2024-08-30,0.2,yahoo
WY,2024-11-29,0.2,yahoo
WY,2025-03-07,0.21,yahoo
WY,2025-05-30,0.21,yahoo
WY,2025-08-29,0.21,yahoo
WY,2025-11-28,0.21,yahoo
WY,2026-03-10,0.21,yahoo
WY,2026-06-05,0.21,yahoo
WY,2026-09-04,0.21,yahoo
WYNN,2023-05-22,0.25,yahoo
WYNN,2023-08-18,0.25,yahoo
WYNN,2023-11-17,0.25,yahoo
WYNN,2024-02-16,0.25,yahoo
WYNN,2024-05-17,0.25,yahoo
WYNN,2024-08-19,0.25,yahoo
WYNN,2024-11-15,0.25,yahoo
WYNN,2025-02-24,0.25,yahoo
WYNN,2025-05-16,0.25,yahoo
WYNN,2025-08-18,0.25,yahoo
WYNN,2025-11-17,0.25,yahoo
WYNN,2026-02-23,0.25,yahoo
WYNN,2026-05-18,0.25,yahoo
WYNN,2026-08-14,0.25,yahoo
XBI,2023-06-20,0.003,yahoo
XBI,2023-12-18,0.014,yahoo
XBI,2024-06-24,0.115,yahoo
XBI,2024-09-23,0.015,yahoo
XBI,2024-12-23,0.003,yahoo
XBI,2025-03-24,0.005,yahoo
XBI,2025-06-23,0.007,yahoo
XBI,2025-09-22,0.027,yahoo
XBI,2025-12-22,0.407,yahoo
XBI,2026-06-22,0.138,yahoo
XEL,2021-09-14,0.458,yahoo
XEL,2021-12-21,0.458,yahoo
XEL,2022-03-14,0.488,yahoo
XEL,2022-06-14,0.488,yahoo
XEL,2022-09-14,0.488,yahoo
XEL,2022-12-28,0.488,yahoo
XEL,2023-03-14,0.52,yahoo
XEL,2023-06-14,0.52,yahoo
XEL,2023-09-14,0.52,yahoo
XEL,2023-12-27,0.52,yahoo
XEL,2024-03-14,0.548,yahoo
XEL,2024-06-14,0.548,yahoo
XEL,2024-09-13,0.548,yahoo
XEL,2025-01-06,0.548,yahoo
XEL,2025-03-14,0.57,yahoo
XEL,2025-06-13,0.57,yahoo
XEL,2025-09-15,0.57,yahoo
XEL,2025-12-29,0.57,yahoo
XEL,2026-03-13,0.593,yahoo
XEL,2026-06-15,0.593,yahoo
XHB,2021-09-20,0.09,yahoo
XHB,2021-12-20,0.131,yahoo
XHB,2022-03-21,0.157,yahoo
XHB,2022-06-21,0.138,yahoo
XHB,2022-09-19,0.149,yahoo
XHB,2022-12-19,0.195,yahoo
XHB,2023-03-20,0.181,yahoo
XHB,2023-06-20,0.179,yahoo
XHB,2023-09-18,0.19,yahoo
XHB,2023-12-18,0.188,yahoo
XHB,2024-03-18,0.168,yahoo
XHB,2024-06-24,0.147,yahoo
XHB,2024-09-23,0.126,yahoo
XHB,2024-12-23,0.179,yahoo
XHB,2025-03-24,0.313,yahoo
XHB,2025-06-23,0.151,yahoo
XHB,2025-09-22,0.158,yahoo
XHB,2025-12-22,0.18,yahoo
XHB,2026-03-23,0.218,yahoo
XHB,2026-03-26,0.076,yahoo
XHB,2026-06-22,0.16,yahoo
XLB,2021-09-20,0.177,yahoo
XLB,2021-12-20,0.221,yahoo
XLB,2022-03-21,0.1615,yahoo
XLB,2022-06-21,0.2575,yahoo
XLB,2022-09-19,0.205,yahoo
XLB,2022-12-19,0.2545,yahoo
XLB,2023-03-20,0.1635,yahoo
XLB,2023-06-20,0.1995,yahoo
XLB,2023-09-18,0.196,yahoo
XLB,2023-12-18,0.2955,yahoo
XLB,2024-03-18,0.1625,yahoo
XLB,2024-06-24,0.2125,yahoo
XLB,2024-09-23,0.209,yahoo
XLB,2024-12-23,0.222,yahoo
XLB,2025-03-24,0.2035,yahoo
XLB,2025-06-23,0.219,yahoo
XLB,2025-09-22,0.2145,yahoo
XLB,2025-12-22,0.233,yahoo
XLB,2026-03-23,0.208,yahoo
XLB,2026-06-22,0.193,yahoo
XLC,2021-09-20,0.142,yahoo
XLC,2021-12-20,0.157,yahoo
XLC,2022-03-21,0.173,yahoo
XLC,2022-06-21,0.13,yahoo
XLC,2022-09-19,0.11,yahoo
XLC,2022-12-19,0.118,yahoo
XLC,2023-03-20,0.15,yahoo
XLC,2023-06-20,0.105,yahoo
XLC,2023-09-18,0.168,yahoo
XLC,2023-12-18,0.174,yahoo
XLC,2024-03-18,0.214,yahoo
XLC,2024-06-24,0.224,yahoo
XLC,2024-09-23,0.269,yahoo
XLC,2024-12-23,0.254,yahoo
XLC,2025-03-24,0.288,yahoo
XLC,2025-06-23,0.249,yahoo
XLC,2025-09-22,0.415,yahoo
XLC,2025-12-22,0.376,yahoo
XLC,2026-03-23,0.357,yahoo
XLC,2026-06-22,0.284,yahoo
XLE,2021-09-20,0.296,yahoo
XLE,2021-12-20,0.3475,yahoo
XLE,2022-03-21,0.35,yahoo
XLE,2022-06-21,0.4075,yahoo
XLE,2022-09-19,0.423,yahoo
XLE,2022-12-19,0.43,yahoo
XLE,2023-03-20,0.3975,yahoo
XLE,2023-06-20,0.353,yahoo
XLE,2023-09-18,0.337,yahoo
XLE,2023-12-18,0.401,yahoo
XLE,2024-03-18,0.367,yahoo
XLE,2024-06-24,0.3575,yahoo
XLE,2024-09-23,0.3635,yahoo
XLE,2024-12-23,0.35,yahoo
XLE,2025-03-24,0.358,yahoo
XLE,2025-06-23,0.359,yahoo
XLE,2025-09-22,0.3745,yahoo
XLE,2025-12-22,0.373,yahoo
XLE,2026-03-23,0.385,yahoo
XLE,2026-06-22,0.385,yahoo
XLF,2021-09-20,0.162,yahoo
XLF,2021-12-20,0.184,yahoo
XLF,2022-03-21,0.152,yahoo
XLF,2022-06-21,0.164,yahoo
XLF,2022-09-19,0.173,yahoo
XLF,2022-12-19,0.21,yahoo
XLF,2023-03-20,0.153,yahoo
XLF,2023-06-20,0.15,yahoo
XLF,2023-09-18,0.155,yahoo
XLF,2023-12-18,0.184,yahoo
XLF,2024-03-18,0.153,yahoo
XLF,2024-06-24,0.163,yahoo
XLF,2024-09-23,0.165,yahoo
XLF,2024-12-23,0.206,yahoo
XLF,2025-03-24,0.179,yahoo
XLF,2025-06-23,0.172,yahoo
XLF,2025-09-22,0.178,yahoo
XLF,2025-12-22,0.191,yahoo
XLF,2026-03-23,0.251,yahoo
XLF,2026-06-22,0.187,yahoo
XLI,2021-09-20,0.323,yahoo
XLI,2021-12-20,0.385,yahoo
XLI,2022-03-21,0.341,yahoo
XLI,2022-06-21,0.374,yahoo
XLI,2022-09-19,0.425,yahoo
XLI,2022-12-19,0.466,yahoo
XLI,2023-03-20,0.395,yahoo
XLI,2023-06-20,0.42,yahoo
XLI,2023-09-18,0.426,yahoo
XLI,2023-12-18,0.615,yahoo
XLI,2024-03-18,0.376,yahoo
XLI,2024-06-24,0.421,yahoo
XLI,2024-09-23,0.431,yahoo
XLI,2024-12-23,0.67,yahoo
XLI,2025-03-24,0.405,yahoo
XLI,2025-06-23,0.432,yahoo
XLI,2025-09-22,0.63,yahoo
XLI,2025-12-22,0.532,yahoo
XLI,2026-03-23,0.453,yahoo
XLI,2026-06-22,0.444,yahoo
XLK,2021-09-20,0.1365,yahoo
XLK,2021-12-20,0.1585,yahoo
XLK,2022-03-21,0.143,yahoo
XLK,2022-06-21,0.1615,yahoo
XLK,2022-09-19,0.1585,yahoo
XLK,2022-12-19,0.1825,yahoo
XLK,2023-03-20,0.158,yahoo
XLK,2023-06-20,0.181,yahoo
XLK,2023-09-18,0.18,yahoo
XLK,2023-12-18,0.211,yahoo
XLK,2024-03-18,0.1695,yahoo
XLK,2024-06-24,0.2,yahoo
XLK,2024-09-23,0.1995,yahoo
XLK,2024-12-23,0.193,yahoo
XLK,2025-03-24,0.1875,yahoo
XLK,2025-06-23,0.199,yahoo
XLK,2025-09-22,0.179,yahoo
XLK,2025-12-22,0.219,yahoo
XLK,2026-03-23,0.168,yahoo
XLK,2026-06-22,0.228,yahoo
XLP,2021-09-20,0.442,yahoo
XLP,2021-12-20,0.512,yahoo
XLP,2022-03-21,0.335,yahoo
XLP,2022-06-21,0.513,yahoo
XLP,2022-09-19,0.461,yahoo
XLP,2022-12-19,0.533,yahoo
XLP,2023-03-20,0.345,yahoo
XLP,2023-06-20,0.526,yahoo
XLP,2023-09-18,0.485,yahoo
XLP,2023-12-18,0.536,yahoo
XLP,2024-03-18,0.552,yahoo
XLP,2024-06-24,0.582,yahoo
XLP,2024-09-23,0.439,yahoo
XLP,2024-12-23,0.602,yahoo
XLP,2025-03-24,0.418,yahoo
XLP,2025-06-23,0.552,yahoo
XLP,2025-09-22,0.541,yahoo
XLP,2025-12-22,0.627,yahoo
XLP,2026-03-23,0.455,yahoo
XLP,2026-06-22,0.574,yahoo
XLRE,2021-09-20,0.261,yahoo
XLRE,2021-12-20,0.425,yahoo
XLRE,2022-03-21,0.269,yahoo
XLRE,2022-06-21,0.312,yahoo
XLRE,2022-09-19,0.364,yahoo
XLRE,2022-12-19,0.421,yahoo
XLRE,2023-03-20,0.256,yahoo
XLRE,2023-06-20,0.359,yahoo
XLRE,2023-09-18,0.291,yahoo
XLRE,2023-12-18,0.421,yahoo
XLRE,2024-03-18,0.264,yahoo
XLRE,2024-06-24,0.387,yahoo
XLRE,2024-09-23,0.311,yahoo
XLRE,2024-12-23,0.434,yahoo
XLRE,2025-03-24,0.264,yahoo
XLRE,2025-06-23,0.375,yahoo
XLRE,2025-09-22,0.317,yahoo
XLRE,2025-12-22,0.436,yahoo
XLRE,2026-03-23,0.271,yahoo
XLRE,2026-06-22,0.381,yahoo
XLU,2021-09-20,0.2495,yahoo
XLU,2021-12-20,0.273,yahoo
XLU,2022-03-21,0.235,yahoo
XLU,2022-06-21,0.2575,yahoo
XLU,2022-09-19,0.2505,yahoo
XLU,2022-12-19,0.286,yahoo
XLU,2023-03-20,0.245,yahoo
XLU,2023-06-20,0.2685,yahoo
XLU,2023-09-18,0.261,yahoo
XLU,2023-12-18,0.2985,yahoo
XLU,2024-03-18,0.26,yahoo
XLU,2024-06-24,0.2775,yahoo
XLU,2024-09-23,0.2695,yahoo
XLU,2024-12-23,0.314,yahoo
XLU,2025-03-24,0.2775,yahoo
XLU,2025-06-23,0.2785,yahoo
XLU,2025-09-22,0.284,yahoo
XLU,2025-12-22,0.317,yahoo
XLU,2026-03-23,0.31,yahoo
XLU,2026-06-22,0.284,yahoo
XLV,2021-09-20,0.467,yahoo
XLV,2021-12-20,0.528,yahoo
XLV,2022-03-21,0.426,yahoo
XLV,2022-06-21,0.504,yahoo
XLV,2022-09-19,0.506,yahoo
XLV,2022-12-19,0.556,yahoo
XLV,2023-03-20,0.489,yahoo
XLV,2023-06-20,0.542,yahoo
XLV,2023-09-18,0.54,yahoo
XLV,2023-12-18,0.598,yahoo
XLV,2024-03-18,0.523,yahoo
XLV,2024-06-24,0.573,yahoo
XLV,2024-09-23,0.577,yahoo
XLV,2024-12-23,0.622,yahoo
XLV,2025-03-24,0.565,yahoo
XLV,2025-06-23,0.63,yahoo
XLV,2025-09-22,0.625,yahoo
XLV,2025-12-22,0.657,yahoo
XLV,2026-03-23,0.595,yahoo
XLV,2026-06-22,0.656,yahoo
XLY,2021-09-20,0.1375,yahoo
XLY,2021-12-20,0.146,yahoo
XLY,2022-03-21,0.1395,yahoo
XLY,2022-06-21,0.157,yahoo
XLY,2022-09-19,0.165,yahoo
XLY,2022-12-19,0.183,yahoo
XLY,2023-03-20,0.215,yahoo
XLY,2023-06-20,0.167,yahoo
XLY,2023-09-18,0.1525,yahoo
XLY,2023-12-18,0.16,yahoo
XLY,2024-03-18,0.1935,yahoo
XLY,2024-06-24,0.196,yahoo
XLY,2024-09-23,0.2025,yahoo
XLY,2024-12-23,0.2165,yahoo
XLY,2025-03-24,0.271,yahoo
XLY,2025-06-23,0.2235,yahoo
XLY,2025-09-22,0.2125,yahoo
XLY,2025-12-22,0.241,yahoo
XLY,2026-03-23,0.216,yahoo
XLY,2026-06-22,0.233,yahoo
XME,2021-09-20,0.067,yahoo
XME,2021-12-20,0.083,yahoo
XME,2022-03-21,0.055,yahoo
XME,2022-06-21,0.211,yahoo
XME,2022-09-19,0.2,yahoo
XME,2022-12-19,0.352,yahoo
XME,2023-03-20,0.169,yahoo
XME,2023-06-20,0.163,yahoo
XME,2023-09-18,0.168,yahoo
XME,2023-12-18,0.096,yahoo
XME,2024-03-18,0.103,yahoo
XME,2024-06-24,0.096,yahoo
XME,2024-09-23,0.106,yahoo
XME,2024-12-23,0.065,yahoo
XME,2025-03-24,0.069,yahoo
XME,2025-06-23,0.09,yahoo
XME,2025-09-22,0.101,yahoo
XME,2025-12-22,0.129,yahoo
XME,2026-03-23,0.063,yahoo
XME,2026-06-22,0.08,yahoo
XOM,2021-11-10,0.88,yahoo
XOM,2022-02-09,0.88,yahoo
XOM,2022-05-12,0.88,yahoo
XOM,2022-08-11,0.88,yahoo
XOM,2022-11-14,0.91,yahoo
XOM,2023-02-13,0.91,yahoo
XOM,2023-05-15,0.91,yahoo
XOM,2023-08-15,0.91,yahoo
XOM,2023-11-14,0.95,yahoo
XOM,2024-02-13,0.95,yahoo
XOM,2024-05-14,0.95,yahoo
XOM,2024-08-15,0.95,yahoo
XOM,2024-11-14,0.99,yahoo
XOM,2025-02-12,0.99,yahoo
XOM,2025-05-15,0.99,yahoo
XOM,2025-08-15,0.99,yahoo
XOM,2025-11-14,1.03,yahoo
XOM,2026-02-12,1.03,yahoo
XOM,2026-05-15,1.03,yahoo
XOM,2026-08-17,1.03,yahoo
XOP,2021-09-20,0.345,yahoo
XOP,2021-12-20,0.488,yahoo
XOP,2022-03-21,0.481,yahoo
XOP,2022-06-21,0.767,yahoo
XOP,2022-09-19,1.155,yahoo
XOP,2022-12-19,0.95,yahoo
XOP,2023-03-20,0.954,yahoo
XOP,2023-06-20,0.832,yahoo
XOP,2023-09-18,0.772,yahoo
XOP,2023-12-18,1.036,yahoo
XOP,2024-03-18,0.76,yahoo
XOP,2024-06-24,0.777,yahoo
XOP,2024-09-23,0.896,yahoo
XOP,2024-12-23,0.808,yahoo
XOP,2025-03-24,0.761,yahoo
XOP,2025-06-23,0.752,yahoo
XOP,2025-09-22,0.881,yahoo
XOP,2025-12-22,0.91,yahoo
XOP,2026-03-23,0.709,yahoo
XOP,2026-06-22,0.748,yahoo
XP,2023-09-11,0.58,yahoo
XP,2023-12-12,0.73,yahoo
XP,2024-12-10,0.65,yahoo
XP,2025-12-10,0.18,yahoo
XP,2026-06-10,0.2,yahoo
XRT,2021-09-20,0.188,yahoo
XRT,2021-12-20,0.933,yahoo
XRT,2022-03-21,0.094,yahoo
XRT,2022-06-21,0.318,yahoo
XRT,2022-09-19,0.343,yahoo
XRT,2022-12-19,0.544,yahoo
XRT,2023-03-20,0.205,yahoo
XRT,2023-06-20,0.31,yahoo
XRT,2023-09-18,0.171,yahoo
XRT,2023-12-18,0.326,yahoo
XRT,2024-03-18,0.15,yahoo
XRT,2024-06-24,0.374,yahoo
XRT,2024-09-23,0.124,yahoo
XRT,2024-12-23,0.564,yahoo
XRT,2025-03-24,0.181,yahoo
XRT,2025-06-23,0.205,yahoo
XRT,2025-09-22,0.102,yahoo
XRT,2025-12-22,0.173,yahoo
XRT,2026-03-23,0.212,yahoo
XRT,2026-06-22,0.186,yahoo
XYL,2021-11-22,0.28,yahoo
XYL,2022-02-16,0.3,yahoo
XYL,2022-05-25,0.3,yahoo
XYL,2022-08-31,0.3,yahoo
XYL,2022-11-21,0.3,yahoo
XYL,2023-02-21,0.33,yahoo
XYL,2023-05-26,0.33,yahoo
XYL,2023-08-30,0.33,yahoo
XYL,2023-11-20,0.33,yahoo
XYL,2024-02-20,0.36,yahoo
XYL,2024-05-30,0.36,yahoo
XYL,2024-08-29,0.36,yahoo
XYL,2024-11-26,0.36,yahoo
XYL,2025-02-18,0.4,yahoo
XYL,2025-05-29,0.4,yahoo
XYL,2025-08-28,0.4,yahoo
XYL,2025-11-25,0.4,yahoo
XYL,2026-02-24,0.43,yahoo
XYL,2026-05-28,0.43,yahoo
XYL,2026-08-27,0.43,yahoo
YMM,2024-04-04,0.144,yahoo
YMM,2025-04-07,0.096,yahoo
YMM,2026-04-08,0.084,yahoo
YMM,2026-07-07,0.084,yahoo
YOU,2022-11-25,0.25,yahoo
YOU,2023-05-17,0.2,yahoo
YOU,2023-08-10,0.07,yahoo
YOU,2023-11-15,0.64,yahoo
YOU,2024-02-23,0.09,yahoo
YOU,2024-03-28,0.32,yahoo
YOU,2024-06-10,0.1,yahoo
YOU,2024-09-10,0.1,yahoo
YOU,2024-12-10,0.125,yahoo
YOU,2025-03-10,0.395,yahoo
YOU,2025-06-10,0.125,yahoo
YOU,2025-09-10,0.125,yahoo
YOU,2025-12-10,0.125,yahoo
YOU,2026-03-10,0.35,yahoo
YOU,2026-06-10,0.15,yahoo
YOU,2026-09-10,0.15,yahoo
YUM,2021-11-24,0.5,yahoo
YUM,2022-02-17,0.57,yahoo
YUM,2022-05-26,0.57,yahoo
YUM,2022-08-26,0.57,yahoo
YUM,2022-11-23,0.57,yahoo
YUM,2023-02-21,0.605,yahoo
YUM,2023-05-26,0.605,yahoo
YUM,2023-08-28,0.605,yahoo
YUM,2023-11-27,0.605,yahoo
YUM,2024-02-20,0.67,yahoo
YUM,2024-05-24,0.67,yahoo
YUM,2024-08-27,0.67,yahoo
YUM,2024-12-02,0.67,yahoo
YUM,2025-02-21,0.71,yahoo
YUM,2025-05-27,0.71,yahoo
YUM,2025-09-02,0.71,yahoo
YUM,2025-12-02,0.71,yahoo
YUM,2026-02-20,0.75,yahoo
YUM,2026-05-27,0.75,yahoo
YUM,2026-09-09,0.75,yahoo
YUMC,2021-11-23,0.12,yahoo
YUMC,2022-03-07,0.12,yahoo
YUMC,2022-05-27,0.12,yahoo
YUMC,2022-08-24,0.12,yahoo
YUMC,2022-11-28,0.12,yahoo
YUMC,2023-03-06,0.13,yahoo
YUMC,2023-05-26,0.13,yahoo
YUMC,2023-08-25,0.13,yahoo
YUMC,2023-11-27,0.13,yahoo
YUMC,2024-03-04,0.16,yahoo
YUMC,2024-05-24,0.16,yahoo
YUMC,2024-08-27,0.16,yahoo
YUMC,2024-11-26,0.16,yahoo
YUMC,2025-03-06,0.24,yahoo
YUMC,2025-05-28,0.24,yahoo
YUMC,2026-03-04,0.29,yahoo
YUMC,2026-05-27,0.29,yahoo
YUMC,2026-08-27,0.29,yahoo
ZBH,2021-09-29,0.23301,yahoo
ZBH,2021-12-27,0.23301,yahoo
ZBH,2022-03-28,0.24,yahoo
ZBH,2022-06-24,0.24,yahoo
ZBH,2022-09-29,0.24,yahoo
ZBH,2022-12-23,0.24,yahoo
ZBH,2023-03-28,0.24,yahoo
ZBH,2023-06-23,0.24,yahoo
ZBH,2023-09-28,0.24,yahoo
ZBH,2023-12-26,0.24,yahoo
ZBH,2024-03-27,0.24,yahoo
ZBH,2024-06-26,0.24,yahoo
ZBH,2024-09-30,0.24,yahoo
ZBH,2024-12-30,0.24,yahoo
ZBH,2025-03-31,0.24,yahoo
ZBH,2025-06-26,0.24,yahoo
ZBH,2025-09-30,0.24,yahoo
ZBH,2025-12-30,0.24,yahoo
ZBH,2026-03-31,0.24,yahoo
ZBH,2026-06-25,0.24,yahoo
ZION,2021-11-09,0.38,yahoo
ZION,2022-02-16,0.38,yahoo
ZION,2022-05-18,0.38,yahoo
ZION,2022-08-17,0.41,yahoo
ZION,2022-11-09,0.41,yahoo
ZION,2023-02-15,0.41,yahoo
ZION,2023-05-17,0.41,yahoo
ZION,2023-08-16,0.41,yahoo
ZION,2023-11-08,0.41,yahoo
ZION,2024-02-14,0.41,yahoo
ZION,2024-05-15,0.41,yahoo
ZION,2024-08-15,0.41,yahoo
ZION,2024-11-14,0.43,yahoo
ZION,2025-02-13,0.43,yahoo
ZION,2025-05-15,0.43,yahoo
ZION,2025-08-14,0.45,yahoo
ZION,2025-11-13,0.45,yahoo
ZION,2026-02-12,0.45,yahoo
ZION,2026-05-14,0.45,yahoo
ZION,2026-08-13,0.48,yahoo
ZTS,2021-10-28,0.25,yahoo
ZTS,2022-01-19,0.325,yahoo
ZTS,2022-04-20,0.325,yahoo
ZTS,2022-07-20,0.325,yahoo
ZTS,2022-10-31,0.325,yahoo
ZTS,2023-01-19,0.375,yahoo
ZTS,2023-04-20,0.375,yahoo
ZTS,2023-07-20,0.375,yahoo
ZTS,2023-10-31,0.375,yahoo
ZTS,2024-01-18,0.432,yahoo
ZTS,2024-04-18,0.432,yahoo
ZTS,2024-07-18,0.432,yahoo
ZTS,2024-10-31,0.432,yahoo
ZTS,2025-01-21,0.5,yahoo
ZTS,2025-04-21,0.5,yahoo
ZTS,2025-07-18,0.5,yahoo
ZTS,2025-10-31,0.5,yahoo
ZTS,2026-01-20,0.53,yahoo
ZTS,2026-04-20,0.53,yahoo
ZTS,2026-07-20,0.53,yahoo
